RowNumber,CustomerId,Surname,CreditScore,Geography,Gender,Age,Tenure,Balance,NumOfProducts,HasCrCard,IsActiveMember,EstimatedSalary,Exited,churn_probability,risk
1,15634602,Hargrave,619,France,Female,42,2,0.0,1,1,1,101348.88,1,0.3168139078841436,Low
2,15647311,Hill,608,Spain,Female,41,1,83807.86,1,0,1,112542.58,0,0.2123543946616564,Low
3,15619304,Onio,502,France,Female,42,8,159660.8,3,1,0,113931.57,1,0.9569580042614781,High
4,15701354,Boni,699,France,Female,39,1,0.0,2,0,0,93826.63,0,0.04978152822523709,Low
5,15737888,Mitchell,850,Spain,Female,43,2,125510.82,1,1,1,79084.1,0,0.15231150957213985,Low
6,15574012,Chu,645,Spain,Male,44,8,113755.78,2,1,0,149756.71,1,0.15202201698653045,Low
7,15592531,Bartlett,822,France,Male,50,7,0.0,2,1,1,10062.8,0,0.06492519417179615,Low
8,15656148,Obinna,376,Germany,Female,29,4,115046.74,4,1,0,119346.88,1,0.9747692434532258,High
9,15792365,He,501,France,Male,44,4,142051.07,2,0,1,74940.5,0,0.1224590409031167,Low
10,15592389,H?,684,France,Male,27,2,134603.88,1,1,1,71725.73,0,0.04923235877295464,Low
11,15767821,Bearce,528,France,Male,31,6,102016.72,2,0,0,80181.12,0,0.036389889662851324,Low
12,15737173,Andrews,497,Spain,Male,24,3,0.0,2,1,0,76390.01,0,0.018356073141463217,Low
13,15632264,Kay,476,France,Female,34,10,0.0,2,1,0,26260.98,0,0.024384276519736105,Low
14,15691483,Chin,549,France,Female,25,5,0.0,2,0,0,190857.79,0,0.048944940578819596,Low
15,15600882,Scott,635,Spain,Female,35,7,0.0,2,1,1,65951.65,0,0.02220701194852571,Low
16,15643966,Goforth,616,Germany,Male,45,3,143129.41,2,0,1,64327.26,0,0.22931614340896553,Low
17,15737452,Romeo,653,Germany,Male,58,1,132602.88,1,1,0,5097.67,1,0.9510588722439693,High
18,15788218,Henderson,549,Spain,Female,24,9,0.0,2,1,1,14406.41,0,0.016367615100770665,Low
19,15661507,Muldrow,587,Spain,Male,45,6,0.0,1,0,0,158684.81,0,0.5744348121958089,Medium
20,15568982,Hao,726,France,Female,24,6,0.0,2,1,1,54724.03,0,0.015775804627887247,Low
21,15577657,McDonald,732,France,Male,41,8,0.0,2,1,1,170886.17,0,0.02738937185219426,Low
22,15597945,Dellucci,636,Spain,Female,32,8,0.0,2,1,0,138555.46,0,0.03355565868552833,Low
23,15699309,Gerasimov,510,Spain,Female,38,4,0.0,1,1,0,118913.53,1,0.33538746631301347,Low
24,15725737,Mosman,669,France,Male,46,3,0.0,2,0,1,8487.75,0,0.05609704056009665,Low
25,15625047,Yen,846,France,Female,38,5,0.0,1,1,1,187616.16,0,0.21620879897670858,Low
26,15738191,Maclean,577,France,Male,25,3,0.0,2,0,1,124508.29,0,0.010868636006629252,Low
27,15736816,Young,756,Germany,Male,36,2,136815.64,1,1,1,170041.95,0,0.14251051230296383,Low
28,15700772,Nebechi,571,France,Male,44,9,0.0,2,0,0,38433.35,0,0.05549705098428233,Low
29,15728693,McWilliams,574,Germany,Female,43,3,141349.43,1,1,1,100187.43,0,0.36117811562157404,Low
30,15656300,Lucciano,411,France,Male,29,0,59697.17,2,1,1,53483.21,0,0.024845602407596777,Low
31,15589475,Azikiwe,591,Spain,Female,39,3,0.0,3,1,0,140469.38,1,0.7364159897115163,Medium
32,15706552,Odinakachukwu,533,France,Male,36,7,85311.7,1,0,1,156731.91,0,0.08540379788180259,Low
33,15750181,Sanderson,553,Germany,Male,41,9,110112.54,2,0,0,81898.81,0,0.14902012769950262,Low
34,15659428,Maggard,520,Spain,Female,42,6,0.0,2,1,1,34410.55,0,0.049637997874349,Low
35,15732963,Clements,722,Spain,Female,29,9,0.0,2,1,1,142033.07,0,0.021745688180237727,Low
36,15794171,Lombardo,475,France,Female,45,0,134264.04,1,1,0,27822.99,1,0.4985066965709526,Medium
37,15788448,Watson,490,Spain,Male,31,3,145260.23,1,0,1,114066.77,0,0.05305779060621493,Low
38,15729599,Lorenzo,804,Spain,Male,33,7,76548.6,1,0,1,98453.45,0,0.06012725825529554,Low
39,15717426,Armstrong,850,France,Male,36,7,0.0,1,1,1,40812.9,0,0.09236970617291473,Low
40,15585768,Cameron,582,Germany,Male,41,6,70349.48,2,0,1,178074.04,0,0.07299364104341778,Low
41,15619360,Hsiao,472,Spain,Male,40,4,0.0,1,1,0,70154.22,0,0.3098210628354297,Low
42,15738148,Clarke,465,France,Female,51,8,122522.32,1,0,0,181297.65,1,0.8142367616948536,High
43,15687946,Osborne,556,France,Female,61,2,117419.35,1,1,1,94153.83,0,0.23505025763634377,Low
44,15755196,Lavine,834,France,Female,49,2,131394.56,1,0,0,194365.76,1,0.6152225961033596,Medium
45,15684171,Bianchi,660,Spain,Female,61,5,155931.11,1,1,1,158338.39,0,0.26208833422795547,Low
46,15754849,Tyler,776,Germany,Female,32,4,109421.13,2,1,1,126517.46,0,0.07369959832699215,Low
47,15602280,Martin,829,Germany,Female,27,9,112045.67,1,1,1,119708.21,1,0.1651762773695991,Low
48,15771573,Okagbue,637,Germany,Female,39,9,137843.8,1,1,1,117622.8,1,0.2822376225850629,Low
49,15766205,Yin,550,Germany,Male,38,2,103391.38,1,0,1,90878.13,0,0.2268358654275149,Low
50,15771873,Buccho,776,Germany,Female,37,2,103769.22,2,1,0,194099.12,0,0.1401899286523636,Low
51,15616550,Chidiebele,698,Germany,Male,44,10,116363.37,2,1,0,198059.16,0,0.19061461601977744,Low
52,15768193,Trevisani,585,Germany,Male,36,5,146050.97,2,0,0,86424.57,0,0.07365891193010286,Low
53,15683553,O'Brien,788,France,Female,33,5,0.0,2,0,0,116978.19,0,0.029517892487987578,Low
54,15702298,Parkhill,655,Germany,Male,41,8,125561.97,1,0,0,164040.94,1,0.4317668359929479,Low
55,15569590,Yoo,601,Germany,Male,42,1,98495.72,1,1,0,40014.76,1,0.5090392579894992,Medium
56,15760861,Phillipps,619,France,Male,43,1,125211.92,1,1,1,113410.49,0,0.16222633786912583,Low
57,15630053,Tsao,656,France,Male,45,5,127864.4,1,1,0,87107.57,0,0.3334262943347524,Low
58,15647091,Endrizzi,725,Germany,Male,19,0,75888.2,1,0,0,45613.75,0,0.09012708500869315,Low
59,15623944,T'ien,511,Spain,Female,66,4,0.0,1,1,0,1643.11,1,0.835747771913374,High
60,15804771,Velazquez,614,France,Male,51,4,40685.92,1,1,1,46775.28,0,0.39581492282750735,Low
61,15651280,Hunter,742,Germany,Male,35,5,136857.0,1,0,0,84509.57,0,0.24047455034166337,Low
62,15773469,Clark,687,Germany,Female,27,9,152328.88,2,0,0,126494.82,0,0.08326499803146378,Low
63,15702014,Jeffrey,555,Spain,Male,33,1,56084.69,2,0,0,178798.13,0,0.029897783844617717,Low
64,15751208,Pirozzi,684,Spain,Male,56,8,78707.16,1,1,1,99398.36,0,0.2231849063972211,Low
65,15592461,Jackson,603,Germany,Male,26,4,109166.37,1,1,1,92840.67,0,0.12305151099170453,Low
66,15789484,Hammond,751,Germany,Female,36,6,169831.46,2,1,1,27758.36,0,0.04613428610857215,Low
67,15696061,Brownless,581,Germany,Female,34,1,101633.04,1,1,0,110431.51,0,0.28450796132757816,Low
68,15641582,Chibugo,735,Germany,Male,43,10,123180.01,2,1,1,196673.28,0,0.11923517165148095,Low
69,15638424,Glauert,661,Germany,Female,35,5,150725.53,2,0,1,113656.85,0,0.06402288098208929,Low
70,15755648,Pisano,675,France,Female,21,8,98373.26,1,1,0,18203.0,0,0.09700547161458427,Low
71,15703793,Konovalova,738,Germany,Male,58,2,133745.44,4,1,0,28373.86,1,0.9973370170610084,High
72,15620344,McKee,813,France,Male,29,6,0.0,1,1,0,33953.87,0,0.14217030255859098,Low
73,15812518,Palermo,657,Spain,Female,37,0,163607.18,1,0,1,44203.55,0,0.08391561990396842,Low
74,15779052,Ballard,604,Germany,Female,25,5,157780.84,2,1,1,58426.81,0,0.04697261581642874,Low
75,15770811,Wallace,519,France,Male,36,9,0.0,2,0,1,145562.4,0,0.01732619939808876,Low
76,15780961,Cavenagh,735,France,Female,21,1,178718.19,2,1,0,22388.0,0,0.10477716882840897,Low
77,15614049,Hu,664,France,Male,55,8,0.0,2,1,1,139161.64,0,0.053619603026998384,Low
78,15662085,Read,678,France,Female,32,9,0.0,1,1,1,148210.64,0,0.14491766907318557,Low
79,15575185,Bushell,757,Spain,Male,33,5,77253.22,1,0,1,194239.63,0,0.09082130635588762,Low
80,15803136,Postle,416,Germany,Female,41,10,122189.66,2,1,0,98301.61,0,0.383966900029331,Low
81,15706021,Buley,665,France,Female,34,1,96645.54,2,0,0,171413.66,0,0.08214579935941006,Low
82,15663706,Leonard,777,France,Female,32,2,0.0,1,1,0,136458.19,1,0.21880992577570216,Low
83,15641732,Mills,543,France,Female,36,3,0.0,2,0,0,26019.59,0,0.029864092607989192,Low
84,15701164,Onyeorulu,506,France,Female,34,4,90307.62,1,1,1,159235.29,0,0.1054277547285099,Low
85,15738751,Beit,493,France,Female,46,4,0.0,2,1,0,1907.66,0,0.14130455866279779,Low
86,15805254,Ndukaku,652,Spain,Female,75,10,0.0,2,1,1,114675.75,0,0.010278175317368358,Low
87,15762418,Gant,750,Spain,Male,22,3,121681.82,1,1,0,128643.35,1,0.09632049370430305,Low
88,15625759,Rowley,729,France,Male,30,9,0.0,2,1,0,151869.35,0,0.017890007970175013,Low
89,15622897,Sharpe,646,France,Female,46,4,0.0,3,1,0,93251.42,1,0.9056471599411416,High
90,15767954,Osborne,635,Germany,Female,28,3,81623.67,2,1,1,156791.36,0,0.04363811911541197,Low
91,15757535,Heap,647,Spain,Female,44,5,0.0,3,1,1,174205.22,1,0.873337062472755,High
92,15731511,Ritchie,808,France,Male,45,7,118626.55,2,1,0,147132.46,0,0.175547908396134,Low
93,15809248,Cole,524,France,Female,36,10,0.0,2,1,0,109614.57,0,0.036233773437224205,Low
94,15640635,Capon,769,France,Male,29,8,0.0,2,1,1,172290.61,0,0.011015616853599601,Low
95,15676966,Capon,730,Spain,Male,42,4,0.0,2,0,1,85982.47,0,0.033508778803652314,Low
96,15699461,Fiorentini,515,Spain,Male,35,10,176273.95,1,0,1,121277.78,0,0.09658776148638903,Low
97,15738721,Graham,773,Spain,Male,41,9,102827.44,1,0,1,64595.25,0,0.09306962640639874,Low
98,15693683,Yuille,814,Germany,Male,29,8,97086.4,2,1,1,197276.13,0,0.0347704321936289,Low
99,15604348,Allard,710,Spain,Male,22,8,0.0,2,0,0,99645.04,0,0.017109678004157063,Low
100,15633059,Fanucci,413,France,Male,34,9,0.0,2,0,0,6534.18,0,0.022710547929217,Low
101,15808582,Fu,665,France,Female,40,6,0.0,1,1,1,161848.03,0,0.29470222330680657,Low
102,15743192,Hung,623,France,Female,44,6,0.0,2,0,0,167162.43,0,0.151613478308279,Low
103,15580146,Hung,738,France,Male,31,9,82674.15,1,1,0,41970.72,0,0.08800980363247551,Low
104,15776605,Bradley,528,Spain,Male,36,7,0.0,2,1,0,60536.56,0,0.02115118751128485,Low
105,15804919,Dunbabin,670,Spain,Female,65,1,0.0,1,1,1,177655.68,1,0.253469612602759,Low
106,15613854,Mauldon,622,Spain,Female,46,4,107073.27,2,1,1,30984.59,1,0.19504202486772468,Low
107,15599195,Stiger,582,Germany,Male,32,1,88938.62,1,1,1,10054.53,0,0.11080012956220407,Low
108,15812878,Parsons,785,Germany,Female,36,2,99806.85,1,0,1,36976.52,0,0.22447872726057183,Low
109,15602312,Walkom,605,Spain,Male,33,5,150092.8,1,0,0,71862.79,0,0.07887861328698292,Low
110,15744689,T'ang,479,Germany,Male,35,9,92833.89,1,1,0,99449.86,1,0.22822369189662103,Low
111,15803526,Eremenko,685,Germany,Male,30,3,90536.81,1,0,1,63082.88,0,0.1118578241678954,Low
112,15665790,Rowntree,538,Germany,Male,39,7,108055.1,2,1,0,27231.26,0,0.1434772335808483,Low
113,15715951,Thorpe,562,France,Male,42,2,100238.35,1,0,0,86797.41,0,0.2100250221773518,Low
114,15591100,Chiemela,675,Spain,Male,36,9,106190.55,1,0,1,22994.32,0,0.052125860345748336,Low
115,15609618,Fanucci,721,Germany,Male,28,9,154475.54,2,0,1,101300.94,1,0.041803500755216626,Low
116,15675522,Ko,628,Germany,Female,30,9,132351.29,2,1,1,74169.13,0,0.07911789406242295,Low
117,15705512,Welch,668,Germany,Female,37,6,167864.4,1,1,0,115638.29,0,0.2336667047582068,Low
118,15698028,Duncan,506,France,Female,41,1,0.0,2,1,0,31766.3,0,0.060092746204670665,Low
119,15661670,Chidozie,524,Germany,Female,31,8,107818.63,1,1,0,199725.39,1,0.4424126782261276,Low
120,15600781,Wu,699,Germany,Male,34,4,185173.81,2,1,0,120834.48,0,0.023917538045025905,Low
121,15682472,Culbreth,828,France,Male,34,8,129433.34,2,0,0,38131.77,0,0.04174151366171309,Low
122,15580203,Kennedy,674,Spain,Male,39,6,120193.42,1,0,0,100130.95,0,0.13528519946933676,Low
123,15690673,Cameron,656,France,Female,39,6,0.0,2,1,0,141069.88,0,0.057835456654562675,Low
124,15760085,Calabresi,684,Germany,Female,48,10,126384.42,1,1,1,198129.36,0,0.5937731674722629,Medium
125,15779659,Zetticci,625,France,Female,28,3,0.0,1,0,0,183646.41,0,0.3033832884625492,Low
126,15627360,Fuller,432,France,Male,42,9,152603.45,1,1,0,110265.24,1,0.20976628271127679,Low
127,15671137,MacDonald,549,France,Female,52,1,0.0,1,0,1,8636.05,1,0.577193796208672,Medium
128,15782688,Piccio,625,Germany,Male,56,0,148507.24,1,1,0,46824.08,1,0.9311750737585629,High
129,15575492,Kennedy,828,France,Female,41,7,0.0,2,1,0,171378.77,0,0.07190253523762528,Low
130,15591607,Fernie,770,France,Male,24,9,101827.07,1,1,0,167256.35,0,0.08428069678107704,Low
131,15740404,He,758,France,Female,34,3,0.0,2,1,1,124226.16,0,0.019050671207043166,Low
132,15718369,Kaodilinakachukwu,795,Germany,Female,33,9,130862.43,1,1,1,114935.21,0,0.18258558907037437,Low
133,15677871,Cocci,687,France,Male,38,9,122570.87,1,1,1,35608.88,0,0.07021892755549693,Low
134,15642004,Alekseeva,686,France,Male,25,1,0.0,2,0,1,16459.37,0,0.009246654016792828,Low
135,15712543,Chinweike,789,Germany,Male,39,7,124828.46,2,1,1,124411.08,0,0.08412844527562773,Low
136,15584518,Arthur,589,Germany,Female,50,5,144895.05,2,1,1,34941.23,0,0.3088522966514038,Low
137,15802381,Li,461,Germany,Female,34,5,63663.93,1,0,1,167784.28,0,0.11238327709487891,Low
138,15610156,Ma,637,France,Male,40,2,133463.1,1,0,1,93165.34,0,0.11820702448264753,Low
139,15594408,Chia,584,Spain,Female,48,2,213146.2,1,1,0,75161.25,1,0.7895527648281773,High
140,15640905,Vasin,579,Spain,Female,35,1,129490.36,2,0,1,8590.83,1,0.062077204662411,Low
141,15698932,Groves,756,Germany,Male,44,10,137452.09,1,1,0,189543.9,0,0.5098341375075695,Medium
142,15724944,Tien,663,France,Male,34,7,0.0,2,1,1,180427.24,0,0.012649112311116636,Low
143,15628145,Forwood,682,France,Female,43,5,125851.93,1,1,1,193318.33,0,0.20477211355549924,Low
144,15713483,Greeves,793,Spain,Male,52,2,0.0,1,1,0,159123.82,1,0.8015660091237137,High
145,15612350,Taylor,691,France,Female,31,5,40915.55,1,1,0,126213.84,1,0.19099381245450195,Low
146,15800703,Madukwe,485,Spain,Female,21,5,113157.22,1,1,1,54141.5,0,0.06036030807215855,Low
147,15705707,Bennelong,635,Spain,Female,29,8,138296.94,2,1,0,141075.51,0,0.09320922361523623,Low
148,15754105,Olisanugo,650,France,Male,37,5,106967.18,1,0,0,24495.03,0,0.10914553499411868,Low
149,15703264,Chukwufumnanya,735,France,Male,44,9,120681.63,1,1,0,74836.34,0,0.2941586414831285,Low
150,15794413,Harris,416,France,Male,32,0,0.0,2,0,1,878.87,0,0.01697786636379561,Low
151,15650237,Morgan,754,Spain,Female,32,7,0.0,2,1,0,89520.75,0,0.031088787272996344,Low
152,15759618,Alexeeva,535,France,Female,48,9,0.0,1,1,0,149892.79,1,0.8198237385037169,High
153,15811589,Metcalfe,716,Spain,Male,42,8,0.0,2,1,0,180800.42,0,0.05793361179760039,Low
154,15689044,Humphries,539,France,Male,37,2,127609.59,1,1,0,98646.22,0,0.11629893625248973,Low
155,15709368,Milne,614,France,Female,43,6,0.0,2,1,1,109041.53,0,0.06489218275235245,Low
156,15679145,Chou,706,Spain,Male,57,7,0.0,1,1,0,17941.16,1,0.8943452261490306,High
157,15655007,Li,758,France,Female,33,7,0.0,2,0,0,82996.47,0,0.02822564705655519,Low
158,15623595,Clayton,586,Spain,Female,28,2,0.0,2,1,1,92067.35,0,0.019611683529067628,Low
159,15589975,Maclean,646,France,Female,73,6,97259.25,1,0,1,104719.66,0,0.03184058397345418,Low
160,15804017,Chigolum,631,Germany,Female,33,4,123246.7,1,0,0,112687.57,0,0.29885524857948953,Low
161,15692132,Wilkinson,717,Spain,Female,22,6,101060.25,1,0,1,84699.56,0,0.06771984908188315,Low
162,15641122,Wei,684,France,Male,30,2,0.0,2,1,0,83473.82,0,0.017286844924412275,Low
163,15630910,Treacy,800,France,Female,49,7,108007.36,1,0,0,47125.11,0,0.6368875130803012,Medium
164,15680772,Hu,721,Spain,Female,36,2,0.0,2,1,1,106977.8,0,0.023306732949002516,Low
165,15658929,Taverner,683,Spain,Male,29,0,133702.89,1,1,0,55582.54,1,0.0965545661708897,Low
166,15585388,Sherman,660,Germany,Male,31,9,125189.75,2,1,1,139874.43,0,0.047183656428675044,Low
167,15724623,Taubman,704,Germany,Female,24,7,113034.22,1,1,0,162503.48,1,0.31355368548790513,Low
168,15588537,Robinson,615,Spain,Female,41,9,109013.23,1,1,0,196499.96,0,0.299042594552118,Low
169,15574692,Pinto,667,Spain,Female,39,2,0.0,2,1,0,40721.24,1,0.04909907931930051,Low
170,15611325,Wood,682,Germany,Male,24,9,57929.81,2,0,0,53134.3,0,0.02390348627694449,Low
171,15587562,Hawkins,484,France,Female,29,4,130114.39,1,1,0,164017.89,0,0.145900071210855,Low
172,15613172,Sun,628,Germany,Male,27,5,95826.49,2,1,0,155996.96,0,0.06327248346065655,Low
173,15651022,Yost,480,Germany,Male,44,10,129608.57,1,1,0,5472.7,1,0.6424153250924506,Medium
174,15586310,Ting,578,France,Male,30,4,169462.09,1,1,0,112187.11,0,0.1268719892395716,Low
175,15625524,Rowe,512,France,Male,40,5,0.0,2,1,1,146457.83,0,0.03165101667352495,Low
176,15755209,Fu,484,Spain,Female,35,7,133868.21,1,1,1,27286.1,0,0.07655674701012119,Low
177,15645248,Ho,510,France,Female,30,0,0.0,2,1,1,130553.47,0,0.021434558291663325,Low
178,15790355,Okechukwu,606,Germany,Male,36,5,190479.48,2,0,0,179351.89,0,0.021932781213969434,Low
179,15762615,Campbell,597,Spain,Female,40,8,101993.12,1,0,1,94774.12,0,0.14254674889091115,Low
180,15625426,Ashbolt,754,Germany,Female,55,3,161608.81,1,1,0,8080.85,1,0.9020748620713811,High
181,15716334,Rozier,850,Spain,Female,45,2,122311.21,1,1,1,19482.5,0,0.2696359425695144,Low
182,15789669,Hsia,510,France,Male,65,2,0.0,2,1,1,48071.61,0,0.020993127624075267,Low
183,15621075,Ogbonnaya,778,Germany,Female,45,1,162150.42,2,1,0,174531.27,0,0.30492575523133686,Low
184,15810845,T'ang,636,France,Male,42,2,0.0,2,1,1,55470.78,0,0.03306354087346497,Low
185,15719377,Cocci,804,France,Female,50,4,0.0,1,1,1,8546.87,1,0.5715065001900849,Medium
186,15654506,Chang,514,France,Male,32,8,0.0,2,1,0,95857.18,0,0.0183284904021361,Low
187,15771977,T'ao,730,France,Female,39,1,99010.67,1,1,0,194945.8,0,0.2458401633964088,Low
188,15708710,Ford,525,Spain,Female,37,0,0.0,1,0,1,131521.72,0,0.2147232970726569,Low
189,15726676,Marshall,616,Spain,Male,30,5,0.0,2,0,1,196108.51,0,0.018561974261159023,Low
190,15587421,Tsai,687,Germany,Female,34,7,111388.18,2,1,0,148564.76,0,0.1264113766476864,Low
191,15726931,Onwumelu,715,France,Female,41,8,56214.85,2,0,0,92982.61,1,0.08190819049780108,Low
192,15771086,Graham,512,France,Female,36,3,84327.77,2,1,0,17675.36,0,0.06413248237649316,Low
193,15756850,Golovanov,479,France,Male,40,1,0.0,2,0,0,114996.43,0,0.04412531386613586,Low
194,15702741,Potts,601,France,Male,32,8,93012.89,1,1,0,86957.42,0,0.08236110193966303,Low
195,15679200,Crawford,580,Spain,Male,29,9,61710.44,2,1,0,128077.8,0,0.02644845592279681,Low
196,15594815,Aleshire,807,France,Male,35,3,174790.15,1,1,1,600.36,0,0.0757182955501002,Low
197,15635905,Moran,616,Spain,Female,32,6,0.0,2,1,1,43001.46,0,0.020286810623725848,Low
198,15777892,Samsonova,721,Germany,Male,37,3,107720.64,1,1,1,158591.12,0,0.17055838351947228,Low
199,15656176,Jenkins,501,France,Male,57,10,0.0,2,1,1,47847.19,0,0.041061176816582744,Low
200,15811127,Volkov,521,France,Male,35,6,96423.84,1,1,0,10488.44,0,0.09799215907083482,Low
201,15604482,Chiemezie,850,Spain,Male,30,2,141040.01,1,1,1,5978.2,0,0.05525226895284337,Low
202,15622911,Jude,759,France,Male,42,4,105420.18,1,0,1,121409.06,0,0.12369087849539115,Low
203,15600974,He,516,Spain,Male,50,5,0.0,1,0,1,146145.93,1,0.50001466444095,Medium
204,15727868,Onuora,711,France,Female,38,2,129022.06,2,1,1,14374.86,1,0.07676813120199023,Low
205,15627801,Ginikanwa,512,Spain,Male,33,3,176666.62,1,1,0,94670.77,0,0.17148815777096518,Low
206,15773039,Ku,550,France,Male,37,3,0.0,1,1,1,179670.31,0,0.16100034230312002,Low
207,15755262,McDonald,608,Spain,Female,41,3,89763.84,1,0,0,199304.74,1,0.3892177855968742,Low
208,15679531,Collins,618,France,Male,34,5,134954.53,1,1,1,151954.39,0,0.04866088934858089,Low
209,15684181,Hackett,643,France,Male,45,5,0.0,1,1,0,142513.5,1,0.5185839842533007,Medium
210,15612087,Dike,671,France,Male,45,2,106376.85,1,0,1,158264.62,0,0.2023137289413755,Low
211,15752047,Trevisano,689,Germany,Male,33,2,161814.64,2,1,0,169381.9,0,0.055021115443567824,Low
212,15624592,Tan,603,France,Male,31,8,0.0,2,1,1,169915.02,0,0.014375763227178371,Low
213,15573152,Glassman,620,France,Female,41,9,0.0,2,0,0,88852.47,0,0.058936420624464296,Low
214,15594917,Miller,676,France,Female,34,1,63095.01,1,1,1,40645.81,0,0.09308829450231922,Low
215,15785542,Kornilova,572,Germany,Male,26,4,118287.01,2,0,0,60427.3,0,0.07345266548663043,Low
216,15723488,Watson,668,Germany,Male,47,7,106854.21,1,0,1,157959.02,1,0.5014648846864274,Medium
217,15680920,Marchesi,695,France,Male,46,7,49512.55,1,1,0,133007.34,0,0.538593126697396,Medium
218,15786308,Millar,730,Spain,Female,33,9,0.0,2,0,0,176576.62,0,0.049579125434787194,Low
219,15659366,Shih,807,France,Male,43,1,105799.32,2,1,0,34888.04,1,0.1220615205240326,Low
220,15774854,Fuller,592,France,Male,54,8,0.0,1,1,1,28737.71,1,0.30314999382787794,Low
221,15725311,Hay,726,France,Female,31,9,114722.05,2,1,1,98178.57,0,0.04043231104978964,Low
222,15787155,Yang,514,Spain,Male,30,7,0.0,1,0,1,125010.24,0,0.09696330384137274,Low
223,15727829,McIntyre,567,France,Male,42,2,0.0,2,1,1,167984.61,0,0.04015270093884384,Low
224,15733247,Stevenson,850,France,Male,33,10,0.0,1,1,0,4861.72,1,0.14205113994970242,Low
225,15568748,Poole,671,Germany,Male,45,6,99564.22,1,1,1,108872.45,1,0.40546211193008685,Low
226,15699029,Bagley,670,France,Male,37,4,170557.91,2,1,0,198252.88,0,0.055745147861427126,Low
227,15774393,Ch'ien,694,France,Female,30,9,0.0,2,1,1,26960.31,0,0.015430880190143381,Low
228,15676895,Cattaneo,547,Germany,Female,39,6,74596.15,3,1,1,85746.52,1,0.805676339663777,High
229,15637753,O'Sullivan,751,Germany,Male,50,2,96888.39,1,1,0,77206.25,1,0.8140637017518494,High
230,15605461,Lucas,594,Germany,Female,29,3,130830.22,1,1,0,61048.53,0,0.3100274853108792,Low
231,15808473,Ringrose,673,France,Male,72,1,0.0,2,0,1,111981.19,0,0.007423503999201468,Low
232,15627000,Freeman,610,France,Male,40,0,0.0,2,1,0,62232.6,0,0.039814554938796355,Low
233,15787174,Sergeyev,512,France,Female,37,1,0.0,2,0,1,156105.03,0,0.043573531237395324,Low
234,15723886,Fiore,767,Germany,Male,20,3,119714.25,2,0,1,150135.38,0,0.04278948110473565,Low
235,15704769,Smith,585,France,Female,67,5,113978.97,2,0,1,93146.11,0,0.06533222966706985,Low
236,15772896,Dumetochukwu,763,Germany,Male,42,6,100160.75,1,1,0,33462.94,1,0.5065856377132186,Medium
237,15711540,Pacheco,712,France,Female,29,2,0.0,1,1,1,144375.0,0,0.13342442958079573,Low
238,15764866,Synnot,539,Germany,Female,43,3,116220.5,3,1,0,55803.96,1,0.9624884018158295,High
239,15794056,Johnston,668,France,Female,46,2,0.0,3,1,0,89048.46,1,0.9060546280704527,High
240,15795149,Stevens,703,France,Male,28,2,81173.83,2,0,1,162812.16,0,0.023268885907533725,Low
241,15812009,Grant,662,Spain,Male,38,4,0.0,2,1,0,136259.65,0,0.029229899834367613,Low
242,15651001,Tsao,725,Germany,Female,39,5,116803.8,1,1,0,124052.97,0,0.4329332799272178,Low
243,15813844,Barnes,703,France,Male,37,8,105961.68,2,0,1,74158.8,0,0.03482163719634249,Low
244,15596175,McIntosh,659,Germany,Male,67,6,117411.6,1,1,1,45071.09,1,0.1974220205170779,Low
245,15576269,Madison,523,Spain,Male,34,7,0.0,2,1,0,62030.06,0,0.01780131420710132,Low
246,15797219,Ifesinachi,635,France,Female,40,10,123497.58,1,1,0,131953.23,1,0.29725914938650017,Low
247,15685500,Glazkov,772,Germany,Male,26,7,152400.51,2,1,0,79414.0,0,0.0526775275269532,Low
248,15599792,Dimauro,545,France,Female,26,1,0.0,2,1,1,199638.56,0,0.022373045873750722,Low
249,15657566,Wieck,634,Germany,Male,24,8,103097.85,1,1,1,157577.29,0,0.11053462037012704,Low
250,15772423,Liao,739,Germany,Male,54,8,126418.14,1,1,0,134420.75,1,0.8974421002777503,High
251,15628112,Hughes,771,Germany,Female,36,5,77846.9,1,0,0,99805.99,0,0.1900997613477453,Low
252,15753754,Morrison,587,Spain,Female,34,1,0.0,2,1,1,97932.68,0,0.020114125663690086,Low
253,15793726,Matveyeva,681,France,Female,79,0,0.0,2,0,1,170968.99,0,0.013327032283872758,Low
254,15694717,Ku,544,Germany,Male,37,2,79731.91,1,1,1,57558.95,0,0.10668603004791115,Low
255,15665834,Cheatham,696,Spain,Male,28,8,0.0,1,0,0,176713.47,0,0.1972236438507178,Low
256,15765297,Yao,766,Spain,Male,41,0,0.0,2,0,1,34283.23,0,0.031230639530592984,Low
257,15636684,Kirkland,727,France,Male,34,10,0.0,2,1,1,198637.34,0,0.010621090135204693,Low
258,15592979,Rose,671,Germany,Female,34,6,37266.67,2,0,0,156917.12,0,0.04528489019136683,Low
259,15750803,Jess,693,France,Female,30,6,127992.25,1,1,1,50457.2,0,0.0725820863267245,Low
260,15607178,Welch,850,Germany,Male,38,3,54901.01,1,1,1,140075.55,0,0.07607762254103337,Low
261,15713853,Ifeajuna,732,Germany,Male,42,9,108748.08,2,1,1,65323.11,0,0.13928426891650583,Low
262,15673481,Morton,726,Spain,Female,48,6,99906.19,1,1,0,64323.24,0,0.5958584629636627,Medium
263,15686776,Rossi,557,France,Female,32,6,184686.41,2,1,0,14956.44,0,0.13937078202511294,Low
264,15673693,Reppert,682,France,Female,26,0,110654.02,1,0,1,111879.21,0,0.0616666525458301,Low
265,15700696,Kang,738,Spain,Male,31,9,79019.8,1,1,1,18606.23,0,0.05428461083423221,Low
266,15813163,Ch'iu,531,Spain,Female,36,9,99240.51,1,1,0,123137.01,0,0.15430352433150707,Low
267,15653857,Wallis,498,France,Male,34,2,0.0,2,1,1,148528.24,0,0.013515136059622533,Low
268,15777076,Clark,651,France,Male,36,7,0.0,2,1,0,13898.31,0,0.01814587457641224,Low
269,15717398,Fielding,549,Spain,Female,39,7,0.0,1,0,0,81259.25,1,0.3116912976004661,Low
270,15799217,Zetticci,791,Germany,Female,35,7,52436.2,1,1,0,161051.75,0,0.16504353214076647,Low
271,15787071,Dulhunty,650,Spain,Male,41,9,0.0,2,0,1,191599.67,0,0.040996752324314156,Low
272,15619955,Bevington,733,Germany,Male,34,3,100337.96,3,1,0,48559.19,1,0.8107920489129256,High
273,15796505,Boyle,811,Germany,Female,34,1,149297.19,2,1,1,186339.74,0,0.04369784401675047,Low
274,15725166,Newton,707,France,Male,30,8,0.0,2,1,0,33159.37,0,0.013870911932679414,Low
275,15800116,Bowman,712,Germany,Male,28,4,145605.44,1,0,1,93883.53,0,0.11827403834712477,Low
276,15758685,Dubinina,706,Spain,Female,37,7,0.0,2,1,1,110899.3,0,0.025067326460435448,Low
277,15694456,Toscani,756,France,Male,62,3,0.0,1,1,1,11199.04,1,0.3251224933760896,Low
278,15767339,Chiazagomekpere,777,France,Female,53,10,0.0,2,1,0,189992.97,0,0.4733979352525042,Medium
279,15683562,Allen,646,France,Male,35,6,84026.86,1,0,1,164255.69,0,0.07528571141967477,Low
280,15782210,K'ung,714,France,Male,46,1,0.0,1,1,0,152167.79,1,0.582926803018618,Medium
281,15668893,Wilsmore,782,France,Male,39,8,0.0,2,1,1,33949.67,0,0.016820413163255964,Low
282,15669169,Hargreaves,775,Spain,Male,29,10,0.0,2,1,1,68143.93,0,0.009423697419693094,Low
283,15643024,Huang,479,Germany,Male,35,4,138718.92,1,1,1,47251.79,1,0.16823842457380012,Low
284,15699389,Ch'ien,807,France,Male,42,7,118274.71,1,1,1,25885.72,0,0.16552553659105662,Low
285,15708608,Wallwork,799,France,Female,22,8,174185.98,2,0,1,192633.85,0,0.09523754199046759,Low
286,15626144,Chu,675,France,Male,40,7,113208.86,2,1,0,34577.36,0,0.08282536311848884,Low
287,15573112,Kang,602,Spain,Male,29,5,103907.28,1,1,0,161229.84,0,0.08608355896180556,Low
288,15790678,Davidson,475,France,Female,32,8,119023.28,1,1,0,100816.29,0,0.11745986436820029,Low
289,15727556,O'Donnell,744,Spain,Female,26,5,166297.89,1,1,1,181694.44,0,0.1032012665319576,Low
290,15697307,Nnachetam,588,Spain,Male,34,10,0.0,2,1,0,79078.91,0,0.017202227798252367,Low
291,15652266,Chidiebele,703,Germany,Male,42,9,63227.0,1,0,1,137316.32,0,0.1623768113449047,Low
292,15607098,Ahmed,747,Spain,Female,41,5,94521.17,2,1,0,194926.86,0,0.1517731064700926,Low
293,15655774,Booth,583,France,Male,27,7,0.0,2,1,0,51285.49,0,0.014696534126355838,Low
294,15590241,Chuang,750,Spain,Female,34,9,112822.26,1,0,0,150401.53,1,0.167979505926233,Low
295,15785819,Shao,681,France,Male,38,3,0.0,2,1,1,112491.96,0,0.01840561666206574,Low
296,15723654,Tsao,773,France,Male,25,2,135903.33,1,1,0,73656.38,0,0.08112370157847033,Low
297,15774510,Tien,714,France,Female,31,4,125169.26,1,1,1,106636.89,0,0.06463268629411754,Low
298,15684173,Chang,687,Spain,Female,44,7,0.0,3,1,0,155853.52,1,0.8924617484538548,High
299,15650068,Johnson,511,France,Male,58,0,149117.31,1,1,1,162599.51,0,0.2055309782326442,Low
300,15811490,French,627,France,Male,33,5,0.0,2,1,1,103737.82,0,0.011530202672185536,Low
301,15803976,Efremov,694,France,Female,31,10,0.0,2,1,0,160990.27,0,0.03648489173543379,Low
302,15682541,Hartley,616,Spain,Female,36,6,132311.71,1,0,0,15462.84,0,0.1492931929949102,Low
303,15695699,Calabrese,687,France,Male,35,8,0.0,2,1,0,10334.05,0,0.016556312783830216,Low
304,15624188,Chiu,712,France,Female,33,6,0.0,2,1,1,190686.16,0,0.024693598117296177,Low
305,15812191,Brennan,553,France,Male,33,4,118082.89,1,0,0,94440.45,0,0.07714616536229676,Low
306,15636673,Onwuatuegwu,667,France,Male,31,1,119266.69,1,1,1,28257.63,0,0.04581877315734923,Low
307,15594898,Hewitt,731,France,Male,43,2,0.0,1,1,1,170034.95,1,0.2555066261907494,Low
308,15660211,Shih,629,Germany,Male,35,7,156847.29,2,1,0,31824.29,0,0.07439408479436418,Low
309,15773972,Balashov,614,France,Male,50,4,137104.47,1,1,0,127166.49,1,0.5817625939838371,Medium
310,15746726,Doyle,438,Germany,Male,31,8,78398.69,1,1,0,44937.01,0,0.10472217826262932,Low
311,15712287,Pokrovskii,652,France,Female,80,4,0.0,2,1,1,188603.07,0,0.010481905294574934,Low
312,15702919,Collins,729,Germany,Male,30,6,63669.42,1,1,0,145111.37,0,0.09085877019959761,Low
313,15674398,Russo,642,France,Male,38,3,0.0,2,0,0,171463.83,0,0.035157927965775354,Low
314,15797960,Skinner,806,Germany,Female,59,0,135296.33,1,1,0,182822.5,0,0.9212885651488383,High
315,15631868,Robertson,744,Spain,Male,36,2,153804.44,1,1,1,87213.33,0,0.04677623091211635,Low
316,15581539,Atkinson,474,Spain,Male,37,3,0.0,2,0,0,57175.32,0,0.022955123739680675,Low
317,15662736,Doyle,559,France,Male,49,2,147069.78,1,1,0,120540.83,1,0.5454549961867866,Medium
318,15666252,Ritchie,706,Spain,Male,42,9,0.0,2,1,1,28714.34,0,0.027712535066038685,Low
319,15677512,McEncroe,628,Spain,Female,22,3,0.0,1,1,0,85426.28,0,0.23121769467987457,Low
320,15626114,Pearson,429,France,Male,24,4,95741.75,1,1,0,46170.75,0,0.07233301357720233,Low
321,15810834,Gordon,525,Spain,Female,57,2,145965.33,1,1,1,64448.36,0,0.24629465549354507,Low
322,15678910,Ts'ai,680,France,Female,30,8,141441.75,1,1,1,16278.97,0,0.07884683613739997,Low
323,15694408,Lung,749,France,Male,40,1,139290.41,1,1,0,182855.42,1,0.1861243435286791,Low
324,15585215,Yuan,763,France,Female,31,4,0.0,2,0,0,50404.72,0,0.0257694906660536,Low
325,15682757,Pardey,734,France,Male,30,3,0.0,2,1,0,107640.25,0,0.017732265916245854,Low
326,15736601,Tai,716,France,Male,35,4,144428.87,1,1,0,134132.65,0,0.09272774488134376,Low
327,15601848,Scott,594,France,Male,35,2,0.0,2,1,0,103480.69,0,0.02038848251889947,Low
328,15736008,Hunter,644,France,Female,46,9,95441.27,1,1,0,108761.05,1,0.5021720465817321,Medium
329,15669064,Mazzanti,671,Germany,Male,35,1,144848.74,1,1,1,179012.3,0,0.12726954505684548,Low
330,15624528,L?,664,Germany,Male,26,7,116244.14,2,1,1,95145.14,0,0.04415582217819711,Low
331,15598493,Beach,656,France,Male,50,7,0.0,2,0,1,72143.44,0,0.06768244445041162,Low
332,15601274,Hsieh,667,Spain,Female,40,1,146502.07,1,1,0,19162.89,0,0.26676303614034774,Low
333,15702669,Faulkner,663,Germany,Male,44,2,117028.6,2,0,1,144680.18,0,0.18670767270934102,Low
334,15728669,Knowles,584,Germany,Female,30,8,112013.81,1,1,0,177772.03,1,0.3272661965119026,Low
335,15742668,Day,626,Spain,Female,37,6,108269.37,1,1,0,5597.94,0,0.1594335824430853,Low
336,15697441,Hsueh,485,France,Male,29,7,182123.79,1,1,0,116828.51,1,0.17568344999467048,Low
337,15740476,Tsao,659,Germany,Female,32,3,150923.74,2,0,1,174652.51,0,0.05954369942720299,Low
338,15648064,Kennedy,649,France,Male,33,2,0.0,2,1,0,2010.98,0,0.015393598954293826,Low
339,15636624,Nwabugwu,805,Spain,Female,39,5,165272.13,1,1,0,14109.85,1,0.2809326149195357,Low
340,15807923,Young,716,Germany,Female,39,10,115301.31,1,1,0,43527.4,1,0.47290618019672703,Medium
341,15745844,Kerr,642,Germany,Female,40,6,129502.49,2,0,1,86099.23,1,0.16139976529326486,Low
342,15786170,Tien,659,France,Male,31,4,118342.26,1,0,0,161574.19,0,0.08387273108476472,Low
343,15681081,Marrero,545,Spain,Female,47,5,0.0,2,1,1,38970.14,0,0.09015097982470095,Low
344,15684484,White,543,France,Male,22,8,0.0,2,0,0,127587.22,0,0.016847741328226088,Low
345,15785869,Pisano,718,France,Female,25,7,0.0,2,1,0,30380.12,0,0.02441768981357758,Low
346,15763859,Brown,840,France,Female,43,7,0.0,2,1,0,90908.95,0,0.07314723270466615,Low
347,15658935,Freeman,630,Germany,Female,34,9,106937.05,2,1,0,138275.01,0,0.11841840075080712,Low
348,15747358,Russell,643,Germany,Male,59,3,170331.37,1,1,1,32171.79,0,0.18678203338649313,Low
349,15735203,Seleznyov,654,Germany,Female,32,1,114510.85,1,1,1,126143.23,0,0.18719255545217178,Low
350,15576256,Yusupova,582,France,Male,39,5,0.0,2,1,1,129892.93,0,0.021888304044211184,Low
351,15659420,Foley,659,Spain,Male,32,3,107594.11,2,1,1,102416.84,0,0.028010093202684834,Low
352,15593365,Shih,762,Spain,Male,39,2,81273.13,1,1,1,18719.67,0,0.1134407156789737,Low
353,15777352,Ikedinachukwu,568,Spain,Female,32,7,169399.6,1,1,0,61936.22,0,0.16017402419229199,Low
354,15812007,Power,670,Spain,Male,25,6,0.0,2,1,1,78358.94,0,0.009302664411345966,Low
355,15625461,Amos,613,France,Female,45,1,187841.99,2,1,1,147224.27,0,0.24622492832718493,Low
356,15739438,Reed,539,France,Male,30,0,0.0,2,1,0,160979.66,0,0.017423263929971424,Low
357,15611759,Simmons,850,Spain,Female,57,8,126776.3,2,1,1,132298.49,0,0.18287289313148036,Low
358,15661629,Ricci,522,Spain,Male,34,9,126436.29,1,1,0,174248.52,1,0.108446207367322,Low
359,15633950,Yen,737,France,Male,41,1,101960.74,1,1,1,123547.28,0,0.10067940821139035,Low
360,15592386,Campbell,520,France,Male,58,3,0.0,2,0,1,32790.02,0,0.05289651025582828,Low
361,15803716,West,706,Spain,Male,28,3,0.0,2,0,1,181543.67,0,0.016322639968855083,Low
362,15696674,Robinson,643,Germany,Female,45,2,150842.93,1,0,1,2319.96,1,0.5288577480400548,Medium
363,15706365,Bianchi,648,France,Female,50,9,102535.57,1,1,1,189543.19,0,0.38944555615447335,Low
364,15745088,Chen,443,Germany,Female,29,9,99027.61,2,1,0,10940.4,0,0.09438685362031674,Low
365,15676715,Madukaego,640,France,Male,68,9,0.0,2,1,1,199493.38,0,0.026095834414659066,Low
366,15613085,Ibrahimova,628,Spain,Female,33,3,0.0,1,1,1,188193.25,0,0.18694271072260085,Low
367,15633537,Nolan,540,Germany,Female,42,9,87271.41,2,1,0,172572.64,0,0.2474225898129412,Low
368,15594720,Scott,460,Germany,Female,35,8,102742.91,2,1,1,189339.6,0,0.08965463219541216,Low
369,15684042,Blair,636,Germany,Male,34,2,40105.51,2,0,1,53512.16,0,0.017416791357019845,Low
370,15583303,Monaldo,593,France,Female,29,2,152265.43,1,1,0,34004.44,0,0.11716787970495644,Low
371,15611579,Sutherland,801,Spain,Male,42,4,141947.67,1,1,1,10598.29,0,0.12897439317965514,Low
372,15774696,Cole,640,Germany,Female,75,1,106307.91,2,0,1,113428.77,0,0.06628918192984566,Low
373,15694506,Briggs,611,Germany,Male,31,0,107884.81,2,1,1,183487.98,0,0.051722324682779056,Low
374,15688074,Gregory,802,Germany,Male,31,1,125013.72,1,1,1,187658.09,0,0.11710937229872995,Low
375,15759537,Bianchi,717,Germany,Male,35,7,58469.37,2,1,1,172459.39,0,0.02058337389015248,Low
376,15758449,Angelo,769,France,Female,39,8,0.0,1,0,1,21016.0,0,0.21260516474607902,Low
377,15583456,Gardiner,745,Germany,Male,45,10,117231.63,3,1,1,122381.02,1,0.9530414258504118,High
378,15667871,Kerr,572,Spain,Male,35,4,152390.26,1,1,0,128123.66,0,0.0838452975097705,Low
379,15677371,Ko,629,Spain,Female,30,2,34013.63,1,1,0,19570.63,0,0.22893363821728882,Low
380,15629677,Distefano,687,Spain,Female,39,2,0.0,3,0,0,188150.6,1,0.7788659611982779,High
381,15713578,Farrell,483,France,Female,50,9,0.0,2,1,1,111020.24,0,0.12311212234997232,Low
382,15591509,Milano,690,France,Male,36,7,101583.11,2,1,0,123775.15,0,0.044954664463727166,Low
383,15568240,Ting,492,Germany,Female,30,10,77168.87,2,0,1,146700.22,0,0.04822430328002176,Low
384,15622993,Boyd,709,Germany,Male,28,8,124695.72,2,1,0,145251.35,0,0.06707702477696997,Low
385,15689294,Onyemaechi,705,Germany,Male,44,3,105934.96,1,1,0,82463.69,0,0.5561060148099786,Medium
386,15720910,Black,560,France,Female,66,9,0.0,1,1,1,15928.49,0,0.16613165876774325,Low
387,15721181,Oliver,611,Spain,Male,46,6,0.0,2,1,0,45886.33,0,0.10301066127117928,Low
388,15776433,Greco,730,Spain,Male,62,2,0.0,2,1,1,186489.95,0,0.06408584154931865,Low
389,15748936,Whitehead,709,Spain,Female,45,2,0.0,2,0,1,162922.65,0,0.1061385057127374,Low
390,15717225,Ikemefuna,544,France,Female,21,10,161525.96,2,1,0,9262.77,0,0.06051648870591118,Low
391,15685226,Morrison,712,Germany,Female,29,7,147199.07,1,1,1,84932.4,0,0.15072771221982312,Low
392,15785611,Onyeoruru,752,Germany,Male,38,3,183102.29,1,1,1,71557.12,0,0.058762869011985415,Low
393,15573456,Cunningham,648,Spain,Male,46,9,127209.0,2,1,0,77405.95,1,0.225574433080973,Low
394,15684548,Demidov,556,Spain,Male,38,8,0.0,2,0,0,417.41,1,0.02339768714196082,Low
395,15620505,Celis,594,Spain,Female,24,0,97378.54,1,1,1,71405.17,0,0.07204511236905373,Low
396,15807432,Cheng,645,Germany,Female,37,2,136925.09,2,0,1,153400.24,0,0.11556691234878144,Low
397,15584766,Knight,557,France,Male,33,3,54503.55,1,1,1,371.05,0,0.06824577964258759,Low
398,15612187,Morin,547,Germany,Male,32,8,155726.85,1,1,0,67789.99,0,0.18433654154878362,Low
399,15762218,Mills,701,France,Female,39,9,0.0,2,0,1,145894.9,0,0.04534056545486033,Low
400,15646372,Outhwaite,616,France,Female,66,1,135842.41,1,1,0,183840.51,1,0.7466434482520322,Medium
401,15690452,Tung,605,France,Male,52,1,63349.75,1,1,0,108887.44,0,0.7328626616461607,Medium
402,15747795,Pai,593,Germany,Female,38,4,129499.42,1,1,1,154071.27,0,0.27711756832778006,Low
403,15781589,Carpenter,751,Spain,Male,52,8,0.0,2,0,1,179291.85,0,0.1060754169177887,Low
404,15732674,Fennell,443,Spain,Male,36,6,70438.01,2,0,1,56937.43,0,0.022924009008865955,Low
405,15642291,Fontaine,685,France,Male,23,8,0.0,2,1,1,112239.03,0,0.010183899293271842,Low
406,15692761,Pratt,718,France,Male,36,9,0.0,1,1,0,45909.87,0,0.16513049567547658,Low
407,15578045,Mitchell,538,Spain,Female,49,9,141434.04,1,0,0,173779.25,1,0.6940742419205154,Medium
408,15745354,Franklin,611,Spain,Female,37,4,0.0,2,1,0,125696.26,0,0.04326727430216227,Low
409,15701376,K'ung,668,Germany,Male,37,10,152958.29,2,1,1,159585.61,0,0.04294450076549227,Low
410,15691625,Ko,537,Germany,Female,41,3,138306.34,1,1,0,106761.47,0,0.4531551431851791,Medium
411,15566594,McKenzie,709,Spain,Male,23,10,0.0,2,0,0,129590.18,0,0.01589052726086765,Low
412,15760431,Pino,850,France,Male,38,1,0.0,2,1,1,80006.65,0,0.014697693711998435,Low
413,15686302,Fisk,745,Spain,Female,31,3,124328.84,1,1,1,140451.52,0,0.07874536177471199,Low
414,15801559,Chiang,693,Germany,Female,41,9,181461.48,3,1,1,187929.43,1,0.7870552884565893,High
415,15810432,Moseley,795,Spain,Male,35,8,0.0,2,1,0,167155.36,0,0.021702751612135356,Low
416,15809616,Hsiung,626,Spain,Male,26,8,0.0,2,0,0,191420.71,0,0.02731442421390583,Low
417,15720559,Heath,487,Germany,Female,61,5,110368.03,1,0,0,11384.45,1,0.9542870687963032,High
418,15695632,Dellucci,556,France,Female,39,9,89588.35,1,1,1,94898.1,0,0.13298821140016218,Low
419,15659843,Li,643,France,Female,46,6,0.0,2,0,0,106781.59,0,0.1451560587006586,Low
420,15615624,De Salis,605,France,Female,28,6,0.0,2,0,0,159508.52,0,0.03824334053509919,Low
421,15810418,T'ang,756,Germany,Female,60,3,115924.89,1,1,0,93524.19,1,0.947852512185428,High
422,15716186,Richardson,586,France,Female,38,2,0.0,2,1,0,87168.46,0,0.04417370508276576,Low
423,15674551,Fitch,535,Germany,Male,40,7,111756.5,1,1,0,8128.32,1,0.47069808645827615,Medium
424,15622834,Stevenson,678,France,Female,35,4,0.0,1,1,0,125518.32,0,0.2378662714519111,Low
425,15566111,Estes,596,France,Male,39,9,0.0,1,1,0,48963.59,0,0.23242951385218458,Low
426,15784597,Lattimore,648,France,Male,26,9,162923.85,1,1,0,98368.24,0,0.10282894118233764,Low
427,15652883,Chung,492,Germany,Male,39,10,124576.65,2,1,0,148584.61,0,0.12507152847372985,Low
428,15806964,Utz,702,France,Male,45,0,80793.58,1,1,1,27474.81,0,0.2332537330794363,Low
429,15576313,Wei,486,Germany,Female,40,9,71340.09,1,1,0,76192.21,0,0.29489059986862304,Low
430,15806467,Boyle,568,Germany,Male,40,1,99282.63,1,0,0,134600.94,1,0.4590833988960465,Medium
431,15597602,Nwachinemelu,619,Germany,Male,57,3,137946.39,1,1,1,72467.99,1,0.4432946588896831,Low
432,15743040,Kuznetsova,724,Germany,Male,41,2,127892.57,2,0,1,199645.45,0,0.0761806512131334,Low
433,15705521,Pisani,548,Germany,Female,33,0,101084.36,1,1,0,42749.85,0,0.30911267243437585,Low
434,15595039,Manna,545,Germany,Female,37,8,114754.08,1,1,0,136050.44,1,0.3640976711880223,Low
435,15799384,Collier,683,France,Male,33,8,0.0,1,0,0,73564.44,0,0.1335436530806527,Low
436,15581197,Ricci,762,France,Female,51,3,99286.98,1,0,1,85578.63,0,0.38630873534525584,Low
437,15693737,Carr,627,Germany,Female,30,4,79871.02,2,1,0,129826.89,0,0.05588955928472748,Low
438,15624623,Hs?,516,France,Male,35,10,104088.59,2,0,0,119666.0,0,0.04225248156967069,Low
439,15783501,Findlay,800,France,Female,38,2,168190.33,2,1,0,68052.08,0,0.14962068857956845,Low
440,15690134,Hughes,464,Germany,Female,42,3,85679.25,1,1,1,164104.74,0,0.3137442757440186,Low
441,15782735,Chukwuemeka,626,France,Female,35,3,0.0,1,0,0,80190.36,0,0.22385121079841433,Low
442,15611088,Genovese,790,France,Female,31,9,0.0,2,1,0,84126.75,0,0.029615316071361954,Low
443,15672145,Swift,534,France,Female,34,7,121551.58,2,1,1,70179.0,0,0.05013930632917681,Low
444,15732628,Ugoji,745,France,Male,46,2,122220.19,1,1,1,118024.1,0,0.18871324609619566,Low
445,15787470,Parkinson,553,Spain,Male,47,3,116528.15,1,0,0,145704.19,1,0.48207516246532,Medium
446,15803406,Ross,748,France,Female,26,1,77780.29,1,0,1,183049.41,0,0.10999710938666848,Low
447,15730460,Oleary,722,France,Male,37,2,0.0,1,0,0,120906.83,0,0.19436394513011296,Low
448,15644572,Turnbull,501,France,Male,40,4,125832.2,1,1,1,100433.83,0,0.11041817727611973,Low
449,15694860,Uspensky,675,France,Female,38,6,68065.8,1,0,0,138777.0,1,0.2538148952904048,Low
450,15658169,Cook,778,Spain,Female,47,6,127299.34,2,1,0,124694.99,0,0.4019985491782127,Low
451,15794396,Newbold,494,Germany,Female,38,7,174937.64,1,1,0,40084.32,0,0.1320570112187437,Low
452,15785798,Uchechukwu,850,France,Male,40,9,0.0,2,0,1,119232.33,0,0.024305110080300996,Low
453,15710825,Ch'en,592,Spain,Male,31,7,110071.1,1,0,0,43921.36,0,0.08147630464234622,Low
454,15668444,He,590,Spain,Female,44,3,139432.37,1,1,0,62222.81,0,0.36129788513512834,Low
455,15726631,Hilton,758,France,Female,39,6,127357.76,1,0,1,56577.0,0,0.1361353059974181,Low
456,15733797,Sal,506,France,Male,36,5,0.0,2,1,0,164253.35,0,0.026150996422758033,Low
457,15747960,Eluemuno,733,France,Male,33,3,0.0,1,1,1,7666.73,0,0.08060424509330817,Low
458,15634632,Titus,711,France,Male,38,3,0.0,2,1,0,68487.51,0,0.02652367644248932,Low
459,15707362,Yin,514,Germany,Male,43,1,95556.31,1,0,1,199273.98,1,0.5729167845779716,Medium
460,15662976,Lettiere,637,Spain,Male,37,8,0.0,1,1,1,186062.36,0,0.14842719294668225,Low
461,15732778,Templeman,468,Germany,Male,29,1,111681.98,2,1,1,195711.16,0,0.04422573771483707,Low
462,15718443,Chibuzo,539,France,Male,39,3,0.0,2,1,0,36692.17,0,0.029948196755447794,Low
463,15670039,Sun,509,Spain,Female,25,3,108738.71,2,1,0,106920.57,0,0.06312677749005191,Low
464,15773792,Evans,662,France,Female,32,4,133950.37,1,1,1,48725.68,1,0.07888284593192725,Low
465,15613786,Ogbonnaya,818,Spain,Male,26,4,0.0,2,1,1,167036.94,0,0.010011225562251187,Low
466,15726032,Enyinnaya,608,France,Male,33,9,89968.69,1,1,0,68777.26,0,0.08234972107543817,Low
467,15663252,Olisanugo,850,Spain,Female,32,9,0.0,2,1,1,18924.92,0,0.01815494761838856,Low
468,15593782,Brookes,816,Germany,Female,38,5,130878.75,3,1,0,71905.77,1,0.9160983582973139,High
469,15633283,Padovano,536,France,Male,35,8,0.0,2,1,0,64833.28,0,0.019076508673236413,Low
470,15749167,Fisk,753,France,Male,35,3,0.0,2,1,1,184843.77,0,0.01558918067166864,Low
471,15759298,Shih,631,Spain,Male,27,10,134169.62,1,1,1,176730.02,0,0.047374589421476404,Low
472,15683625,Hare,703,France,Male,37,1,149762.08,1,1,0,20629.4,1,0.11658313933700136,Low
473,15635367,Muir,774,France,Male,26,2,93844.69,1,1,0,28415.36,0,0.08681674970094864,Low
474,15681705,Fanucci,785,France,Male,28,8,0.0,2,1,0,77231.27,0,0.01598746036092564,Low
475,15603156,Elewechi,571,France,Female,33,1,0.0,2,1,0,102750.7,0,0.027178927807503663,Low
476,15591986,Johnston,621,Germany,Male,46,6,141078.37,1,0,0,34580.8,1,0.7098259051567054,Medium
477,15798888,Pisano,605,Germany,Female,31,1,117992.59,1,1,1,183598.77,0,0.19018752681037776,Low
478,15809722,Ankudinov,611,France,Female,40,8,100812.33,2,1,0,147358.27,0,0.1545692360874338,Low
479,15677538,Nwokike,569,France,Male,38,7,0.0,1,1,1,108469.2,0,0.13176928678892105,Low
480,15797736,Smith,658,France,Male,29,4,80262.6,1,1,1,20612.82,0,0.053176075680818266,Low
481,15695585,Atkins,788,Spain,Male,34,6,156478.62,1,0,1,181196.76,0,0.055278071161957244,Low
482,15744398,Burns,525,France,Female,23,5,0.0,2,1,0,160249.1,0,0.039305278173721016,Low
483,15750658,Obiuto,798,France,Male,37,8,0.0,3,0,0,110783.28,0,0.5066066732498551,Medium
484,15578186,Pirozzi,486,Germany,Male,37,9,115217.99,2,1,0,144995.33,0,0.10353175446972729,Low
485,15676519,George,615,Spain,Male,61,9,0.0,2,1,0,150227.85,1,0.5424679719741853,Medium
486,15637954,Lewis,730,France,Female,35,0,155470.55,1,1,1,53718.28,0,0.07589612028479578,Low
487,15758639,Moran,641,France,Male,37,7,0.0,2,1,0,75248.3,0,0.02137016395816746,Low
488,15613772,Dalrymple,542,France,Male,39,3,135096.77,1,1,1,14353.43,1,0.10552868055623107,Low
489,15731744,Carslaw,692,France,Male,30,2,0.0,2,0,1,130486.57,0,0.011538049748441023,Low
490,15807709,Kirby,714,Germany,Female,55,9,180075.22,1,1,1,100127.71,0,0.21711875346688075,Low
491,15714689,Houghton,591,Spain,Male,29,1,97541.24,1,1,1,196356.17,0,0.05095734072131491,Low
492,15699005,Martin,710,France,Female,41,2,156067.05,1,1,1,9983.88,0,0.1513890522720218,Low
493,15624170,Tan,639,France,Female,38,4,81550.94,2,0,1,118974.77,0,0.06385939038442988,Low
494,15725679,Hsia,531,France,Female,47,6,0.0,1,0,0,194998.34,1,0.8739075824807034,High
495,15585865,Westerberg,673,France,Female,38,2,170061.92,2,0,0,134901.34,1,0.1493690619585394,Low
496,15804256,Hale,765,Germany,Male,36,8,92310.54,2,1,1,72924.56,0,0.04621902934772904,Low
497,15662403,Kryukova,622,France,Female,32,6,169089.38,2,1,0,101057.95,0,0.11673505516771378,Low
498,15733616,Sopuluchukwu,806,France,Male,40,5,80613.93,1,1,1,142838.64,0,0.11786947429897976,Low
499,15591995,Barry,757,Germany,Male,26,8,121581.56,2,1,1,127059.04,0,0.04277824237578015,Low
500,15677020,Selezneva,570,France,Female,58,8,0.0,1,0,1,116503.92,1,0.4099259320825035,Low
501,15727688,Chizuoke,555,Spain,Male,32,4,0.0,2,1,1,54405.79,0,0.011457500944705913,Low
502,15715941,Lueck,692,France,Male,54,5,0.0,2,1,1,88721.84,0,0.053580876372157936,Low
503,15714485,Udinese,774,France,Male,60,5,85891.55,1,1,0,74135.48,1,0.8470177554560122,High
504,15730059,Udobata,638,Spain,Male,44,9,77637.35,2,1,1,111346.22,0,0.0835030349612029,Low
505,15715527,Freeman,543,Spain,Female,41,4,0.0,1,0,0,194902.16,0,0.5886036121697885,Medium
506,15576623,Outlaw,584,France,Male,31,5,0.0,2,1,0,31474.27,0,0.014647760071245942,Low
507,15805565,Obiuto,691,Germany,Male,30,7,116927.89,1,1,0,21198.39,0,0.24217067104297235,Low
508,15677307,Lo,684,Germany,Female,40,6,137326.65,1,1,0,186976.6,0,0.46214050109882615,Medium
509,15773890,Okechukwu,733,France,Male,22,5,0.0,2,1,1,117202.19,0,0.010262008838738606,Low
510,15598883,King,599,Spain,Female,37,2,0.0,2,1,1,143739.29,0,0.03588571461245383,Low
511,15568506,Forbes,524,Germany,Female,31,10,67238.98,2,1,1,161811.23,0,0.040213910629837465,Low
512,15761043,Macleod,632,Germany,Female,38,6,86569.76,2,1,0,98090.91,0,0.10528586698238224,Low
513,15782236,Gibbs,735,Spain,Male,34,5,0.0,2,0,0,71095.41,0,0.018025325770585958,Low
514,15593601,Isayev,734,France,Male,34,6,133598.4,1,1,1,13107.24,0,0.04791449494106582,Low
515,15682048,Pisano,605,France,Female,51,3,136188.78,1,1,1,67110.59,1,0.34333050433270035,Low
516,15746902,Belstead,793,Spain,Male,38,9,0.0,2,1,0,88225.02,0,0.028197630978924876,Low
517,15752081,Vassiliev,468,France,Female,56,10,0.0,3,0,1,62256.87,1,0.8584862373093701,High
518,15781307,Schneider,779,Germany,Male,37,7,120092.52,2,1,0,135925.72,0,0.10033109834094622,Low
519,15775912,Mazzanti,698,France,Male,48,4,101238.24,2,0,1,177815.87,1,0.21755244876777127,Low
520,15745417,Knipe,707,France,Male,58,6,89685.92,1,0,1,126471.13,0,0.2206227988289772,Low
521,15671256,Macartney,850,France,Female,35,1,211774.31,1,1,0,188574.12,1,0.7699024257170614,High
522,15653547,Madukwe,850,France,Male,56,7,131317.48,1,1,1,119175.45,0,0.1864154477677943,Low
523,15595766,Watts,527,Spain,Male,37,5,93722.73,2,1,1,139093.73,0,0.044720358361100554,Low
524,15742358,Humphreys,696,Germany,Male,32,8,101160.99,1,1,1,115916.55,0,0.10916711250187183,Low
525,15763274,Wu,661,France,Male,48,3,120320.54,1,0,0,96463.25,0,0.4854586208755533,Medium
526,15786063,Chin,776,France,Female,31,2,0.0,2,1,1,112349.51,0,0.017539599615948767,Low
527,15600258,Chesnokova,701,France,Male,43,2,0.0,2,1,1,165303.79,0,0.03822550884019768,Low
528,15573318,Kung,610,France,Male,26,8,0.0,2,1,0,166031.08,0,0.01802964416358807,Low
529,15653849,Lu,572,Germany,Female,48,3,152827.99,1,1,0,38411.79,1,0.7582976507698974,High
530,15694272,Nkemakolam,673,France,Male,30,1,64097.75,1,1,1,77783.35,0,0.05314021957419997,Low
531,15736112,Walton,519,Spain,Female,57,2,119035.35,2,1,1,29871.79,0,0.19348940192978048,Low
532,15749851,Brookes,702,Spain,Female,26,4,135219.57,1,0,1,59747.63,0,0.08061329767966449,Low
533,15663478,Baldwin,729,France,Male,32,6,93694.42,1,1,1,79919.13,0,0.040414706471900846,Low
534,15592300,Mai,543,Spain,Male,35,10,59408.63,1,1,0,76773.53,0,0.1418559331224663,Low
535,15567832,Shih,550,France,Female,40,7,114354.95,1,1,0,54018.93,0,0.25160838547802106,Low
536,15776780,He,608,France,Male,59,1,0.0,1,1,0,70649.64,1,0.9094073925905674,High
537,15592846,Fiorentini,639,Germany,Male,35,10,128173.9,2,1,0,59093.39,0,0.09113094517504339,Low
538,15739803,Lucciano,686,Spain,Male,34,9,0.0,2,1,0,127569.8,0,0.01747054089884059,Low
539,15794142,Ferreira,564,Germany,Female,62,5,114931.35,3,0,1,18260.98,1,0.9635891065845827,High
540,15762729,Ukaegbunam,745,Germany,Female,28,1,111071.36,1,1,0,73275.96,1,0.3247596248943577,Low
541,15667896,De Luca,833,France,Male,37,8,151226.18,2,1,1,136129.49,0,0.029017954128166268,Low
542,15626578,Milne,622,France,Male,26,9,0.0,2,1,1,153237.59,0,0.01170646041307077,Low
543,15776223,Davide,597,France,Female,42,4,64740.12,1,1,1,106841.12,0,0.24592374781727727,Low
544,15705953,Kodilinyechukwu,721,Spain,Male,51,0,169312.13,1,1,0,109078.35,1,0.6090963837309504,Medium
545,15802593,Little,504,France,Female,49,7,0.0,3,0,1,87822.14,1,0.9138565281169934,High
546,15615457,Burns,842,Spain,Female,44,2,112652.08,2,1,0,126644.98,0,0.19050167979638122,Low
547,15708916,Paterson,587,France,Male,38,0,0.0,2,1,0,47414.15,0,0.028567449920225217,Low
548,15720187,Han,479,Germany,Female,30,7,143964.36,2,1,0,41879.99,0,0.09783293829719934,Low
549,15595440,Kryukova,508,France,Male,49,7,122451.46,2,1,1,75808.1,0,0.16958123491722105,Low
550,15600651,Ijendu,749,France,Male,24,1,0.0,3,1,1,47911.03,0,0.24895567113196415,Low
551,15750141,Reichard,721,Germany,Female,36,3,65253.07,2,1,0,28737.78,0,0.06280647454698503,Low
552,15657284,Day,674,Germany,Male,47,6,106901.94,1,1,1,2079.2,1,0.5366186230669825,Medium
553,15763063,Price,685,Spain,Female,25,10,128509.63,1,1,0,121562.33,0,0.12071241457915952,Low
554,15709324,Bruce,417,France,Male,34,7,0.0,2,1,0,55003.79,0,0.013080472182005195,Low
555,15711309,Sumrall,574,Germany,Male,33,3,129834.67,1,1,0,193131.42,0,0.2090528097438474,Low
556,15775318,Lu,590,Spain,Female,51,3,154962.99,3,0,1,191932.27,1,0.983951336760445,High
557,15705515,Lazarev,587,Germany,Male,40,5,138241.9,2,1,0,159418.1,0,0.1437969074259798,Low
558,15634844,Miller,598,Germany,Male,41,3,91536.93,1,1,0,191468.78,1,0.4492866732651253,Low
559,15717046,Wentworth-Shields,741,Spain,Male,53,3,0.0,2,1,1,38913.68,0,0.0625723153950189,Low
560,15571816,Ritchie,850,Spain,Female,70,5,0.0,1,1,1,705.18,0,0.1391933441435929,Low
561,15670080,Mackenzie,584,Germany,Female,29,7,105204.01,1,0,1,138490.03,0,0.1848524717845611,Low
562,15800440,Power,650,Spain,Male,61,1,152968.73,1,0,1,82970.69,0,0.1584577527221206,Low
563,15665678,Tan,607,Spain,Male,36,8,158261.68,1,1,1,76744.72,0,0.051862194009555794,Low
564,15665956,Pendergrass,509,France,Female,46,1,0.0,1,1,0,71244.59,1,0.6686129008472456,Medium
565,15788126,Evans,689,Spain,Female,38,6,121021.05,1,1,1,12182.15,0,0.10289828242391041,Low
566,15811773,Hsia,543,France,Male,36,4,0.0,2,1,1,141210.5,0,0.016287444648273117,Low
567,15651674,Billson,438,Spain,Female,54,2,0.0,1,0,0,191763.07,1,0.964178943462808,High
568,15689614,Teng,687,Spain,Female,63,1,137715.66,1,1,1,37938.74,0,0.20325836275506676,Low
569,15795564,Moretti,737,Germany,Male,31,5,121192.22,2,1,1,74890.58,0,0.04820253048098616,Low
570,15706647,Jordan,761,France,Male,31,7,0.0,3,1,1,166698.18,0,0.31822036604265036,Low
571,15728505,Ts'ao,601,France,Male,44,1,100486.18,2,1,1,62678.53,0,0.10829869556529201,Low
572,15730076,Osborne,651,France,Male,45,1,0.0,1,1,0,67740.08,1,0.5062081054136092,Medium
573,15622003,Carslaw,745,France,Male,35,9,92566.53,2,1,0,161519.77,0,0.045630347495088,Low
574,15607312,Ch'ang,648,Spain,Female,49,10,0.0,2,1,1,159835.78,1,0.13793540027445533,Low
575,15644753,Hung,848,Spain,Male,40,3,110929.96,1,1,1,30876.84,0,0.10007255944244345,Low
576,15653620,Gordon,546,France,Female,27,8,0.0,2,1,1,14858.1,0,0.01517455469046977,Low
577,15761986,Obialo,439,Spain,Female,32,3,138901.61,1,1,0,75685.97,0,0.14185560284255547,Low
578,15633922,Gray,755,France,Male,30,4,123217.66,2,0,1,144183.1,0,0.026672922275334767,Low
579,15734674,Lin,593,France,Female,41,6,0.0,1,1,0,65170.66,0,0.3688041385959368,Low
580,15658032,Hopkins,701,France,Male,39,2,0.0,2,1,1,82526.92,0,0.020118074256421398,Low
581,15692671,Dobson,701,Spain,Male,36,8,0.0,2,1,0,169161.46,0,0.022201979862451253,Low
582,15737741,McKay,607,Spain,Female,33,2,108431.87,2,0,1,109291.39,1,0.05417450085107763,Low
583,15576352,Revell,586,Spain,Female,57,3,0.0,2,0,1,6057.81,0,0.08634080861157169,Low
584,15753719,Rickards,547,Germany,Female,30,9,72392.41,1,1,0,77077.14,0,0.13998660753616393,Low
585,15803689,Begum,647,Germany,Female,51,1,119741.77,2,0,0,54954.51,1,0.7063005564808058,Medium
586,15718057,Onyinyechukwuka,760,France,Female,51,2,100946.71,1,0,0,179614.8,1,0.8045937831471759,High
587,15722010,Zuyev,621,Spain,Male,53,9,170491.84,1,1,0,35588.07,1,0.7152223337112819,Medium
588,15680998,Nwankwo,725,France,Male,44,5,0.0,1,1,1,117356.14,0,0.2529332654464116,Low
589,15614782,Hao,526,France,Male,36,1,0.0,1,1,0,160696.72,0,0.18481286477667416,Low
590,15591047,Ma,519,Spain,Female,47,6,157296.02,2,0,0,147278.43,1,0.5091611484782993,Medium
591,15788291,Okwuadigbo,713,Germany,Female,38,7,144606.22,1,1,1,56594.36,1,0.2460413683492918,Low
592,15604044,Mitchell,700,France,Male,38,8,134811.3,1,1,0,1299.75,0,0.13414763947733865,Low
593,15679587,Chan,666,France,Female,34,9,115897.12,1,1,1,25095.03,0,0.07329648389993945,Low
594,15775153,Buchi,630,Spain,Male,32,4,82034.0,1,0,0,146326.45,0,0.10979141441194071,Low
595,15603925,Greco,779,Spain,Female,26,4,174318.13,2,0,1,38296.21,0,0.08140555142242979,Low
596,15680970,Lombardi,611,Germany,Female,41,2,114206.84,1,1,0,164061.6,0,0.5242102887190588,Medium
597,15697183,Uchenna,685,Spain,Male,43,9,0.0,2,1,0,107811.28,0,0.057220690036772236,Low
598,15567446,Coffman,646,Germany,Male,39,9,111574.41,1,1,1,30838.51,0,0.25985646523543676,Low
599,15637476,Alexandrova,683,Germany,Female,57,5,162448.69,1,0,0,9221.78,1,0.9272439933389334,High
600,15714939,Fallaci,484,Germany,Female,34,4,148249.54,1,0,1,33738.27,0,0.2029094440719332,Low
601,15683503,Hudson,601,France,Female,43,8,0.0,3,0,1,110916.15,1,0.7970497043799292,High
602,15645569,Mai,762,Spain,Female,26,7,123709.46,2,1,1,169654.57,0,0.05675129127310172,Low
603,15782569,Stout,687,France,Female,72,9,0.0,1,0,1,69829.4,0,0.06414087096584033,Low
604,15592387,Burke,566,France,Male,30,5,0.0,1,1,0,54926.51,1,0.12322675781018763,Low
605,15609286,Chadwick,702,France,Male,37,10,150525.8,1,1,1,94728.49,0,0.048739426622176986,Low
606,15814035,Lawrence,601,France,Male,29,9,0.0,1,1,1,80393.27,0,0.0726924696336963,Low
607,15661249,Bellucci,699,France,Male,53,4,0.0,2,0,1,111307.98,0,0.07198160551360769,Low
608,15629117,Harper,584,France,Male,28,10,0.0,2,1,0,19834.32,0,0.013688502636904446,Low
609,15607170,Boyle,699,France,Male,35,5,0.0,2,1,1,78397.24,0,0.011601405330243031,Low
610,15586585,Duncan,698,Germany,Female,51,2,111018.98,1,1,0,86410.28,0,0.864498593937541,High
611,15686611,Moss,495,France,Male,30,10,129755.99,1,0,0,172749.65,0,0.07391546372198005,Low
612,15603203,Avdeyeva,650,France,Female,27,6,0.0,2,1,0,1002.39,0,0.023751519087723338,Low
613,15619857,Crawford,605,France,Female,64,2,129555.7,1,1,1,13601.79,0,0.18282064093687644,Low
614,15805062,Lynton,667,Spain,Male,38,1,87202.38,1,1,1,77866.91,0,0.08537268190327,Low
615,15660271,Duncan,688,Germany,Male,26,8,146133.39,1,1,1,175296.76,0,0.10110024027169613,Low
616,15745295,Gether,727,Spain,Female,31,0,0.0,1,1,0,121751.04,1,0.20662375156372625,Low
617,15719352,Davidson,754,Spain,Male,39,6,170184.99,2,1,0,89593.26,0,0.12064990885266931,Low
618,15766575,Larionova,612,Germany,Female,62,8,140745.33,1,1,0,193437.89,1,0.9280643988673664,High
619,15594594,Loggia,546,Spain,Male,42,7,139070.51,1,1,1,86945.0,0,0.10991702633611665,Low
620,15646161,Steinhoff,673,Spain,Female,37,8,0.0,2,1,1,183318.79,0,0.034307484412417995,Low
621,15682585,Guerra,593,France,Male,35,9,114193.24,1,1,0,71154.1,0,0.09968371319976783,Low
622,15603134,Pai,656,Spain,Female,40,10,167878.5,1,0,1,151887.16,0,0.2312661094524166,Low
623,15636444,Craig,535,Germany,Female,53,5,141616.55,2,1,1,75888.65,0,0.2778734890558291,Low
624,15773456,Lazareva,678,Germany,Male,36,3,145747.67,2,0,1,89566.74,0,0.055685634330473306,Low
625,15745307,Ch'iu,477,Spain,Female,48,2,129120.64,1,0,1,26475.79,0,0.3698539175606893,Low
626,15604119,Alderete,850,Spain,Male,35,7,110349.82,1,0,0,126355.8,0,0.09520091085720118,Low
627,15626900,Kung,427,France,Male,29,1,141325.56,1,1,1,93839.3,0,0.08840632391970353,Low
628,15605447,Palermo,752,France,Male,49,2,78653.84,1,1,0,7698.6,0,0.6261935037335428,Medium
629,15589030,Ts'ai,649,France,Male,47,1,0.0,2,1,1,145593.85,0,0.06634037993861996,Low
630,15692463,Rahman,799,Spain,Female,28,3,142253.65,1,1,0,45042.56,0,0.1460857162324687,Low
631,15712403,McMillan,589,France,Female,61,1,0.0,1,1,0,61108.56,1,0.9358503067336066,High
632,15811762,Pickering,583,Germany,Female,54,6,115988.86,1,1,0,57553.98,1,0.934588365365478,High
633,15718673,Mirams,839,Spain,Female,33,10,75592.43,1,1,0,62674.42,0,0.16637976875579533,Low
634,15724282,Tsao,540,Germany,Male,44,3,164113.04,2,1,1,12120.79,0,0.15631677547663836,Low
635,15738181,Douglas,850,France,Male,31,6,67996.23,2,0,0,50129.87,1,0.025061813246698206,Low
636,15633648,Jideofor,696,Spain,Female,51,5,0.0,2,1,0,55022.43,0,0.3039937615880638,Low
637,15603323,Bell,660,Spain,Female,33,1,0.0,2,0,0,117834.91,0,0.029337489704648324,Low
638,15583725,Mairinger,682,France,Male,48,1,138778.15,1,0,1,168840.23,0,0.27731714742259633,Low
639,15588350,McIntyre,744,France,Female,43,10,147832.15,1,0,1,24234.11,0,0.2208798040096158,Low
640,15798398,Pagnotto,785,France,Female,36,4,135438.4,1,0,0,190627.01,0,0.16532680759464588,Low
641,15784844,K'ung,752,Spain,Male,48,5,116060.08,1,1,0,156618.38,1,0.49988922412311615,Medium
642,15580684,Feng,706,France,Female,29,5,112564.62,1,1,0,42334.38,0,0.13401780487439632,Low
643,15809663,Donaldson,583,France,Female,27,1,125406.58,1,1,1,110784.42,0,0.06443122227017213,Low
644,15640078,Chambers,660,Germany,Female,39,5,135134.99,1,1,0,173683.0,1,0.41591796585810364,Low
645,15698786,Marcelo,819,France,Female,39,9,133102.92,1,1,0,27046.46,1,0.29859703672381827,Low
646,15569807,Ejimofor,673,France,Female,34,8,42157.08,1,1,0,20598.59,1,0.18993820612508625,Low
647,15730830,Dale,752,France,Female,30,3,0.0,2,1,1,104991.28,0,0.018031468338220752,Low
648,15805112,Pokrovsky,578,France,Male,38,7,82259.29,1,1,0,8996.97,0,0.14927384582379524,Low
649,15633064,Stonebraker,438,France,Female,36,4,0.0,2,1,0,64420.5,0,0.030094744393554054,Low
650,15703119,Liang,652,France,Male,38,6,0.0,2,1,1,145700.22,0,0.01744990193177017,Low
651,15730447,Anderson,629,France,Female,49,4,0.0,2,1,1,196335.48,0,0.15997186029966834,Low
652,15813850,Christian,720,France,Male,52,7,0.0,1,1,1,14781.12,0,0.37239487262354215,Low
653,15711889,Mao,668,France,Male,42,3,150461.07,1,1,0,108139.23,0,0.2035200136157523,Low
654,15664610,Campbell,459,Germany,Male,48,4,133994.52,1,1,1,19287.06,1,0.5677307849500244,Medium
655,15751710,Ginikanwa,729,Spain,Male,31,8,164870.81,2,1,1,9567.39,0,0.03151064120607583,Low
656,15692926,Toscani,498,Germany,Male,25,8,121702.73,1,1,1,132210.49,0,0.09818017003315183,Low
657,15813741,Nnachetam,549,Spain,Male,25,6,193858.2,1,0,1,21600.11,0,0.06489208956413932,Low
658,15698474,Sagese,601,Germany,Female,54,1,131039.97,2,1,1,199661.5,0,0.22498389140075115,Low
659,15568595,Fleming,544,France,Male,64,9,113829.45,1,1,1,124341.49,0,0.10576335151163889,Low
660,15603065,Grubb,751,France,Female,30,6,0.0,2,1,0,15766.1,0,0.026683703496133346,Low
661,15592937,Napolitani,632,Germany,Female,41,3,81877.38,1,1,1,33642.21,0,0.24623545658801402,Low
662,15699637,Anenechi,694,Spain,Male,57,8,116326.07,1,1,1,117704.65,0,0.1674223936709377,Low
663,15667215,Chandler,678,France,Male,31,2,0.0,2,1,1,58803.28,0,0.009997236842121476,Low
664,15788659,Howells,695,France,Male,46,4,0.0,2,1,1,137537.22,0,0.05386964375470157,Low
665,15763218,Akeroyd,661,France,Female,41,1,0.0,2,0,1,131300.68,0,0.053340479476632396,Low
666,15645772,Onwumelu,661,France,Male,33,9,0.0,2,1,1,84174.81,0,0.010570364609787896,Low
667,15725511,Wallace,559,France,Female,31,3,127070.73,1,0,1,160941.78,0,0.0917414631937412,Low
668,15575024,Uwaezuoke,503,France,Male,29,3,0.0,2,1,1,143954.99,0,0.012698168332102326,Low
669,15640825,Loyau,695,Spain,Male,46,3,122549.64,1,1,1,56297.85,0,0.1930173168155489,Low
670,15662397,Small,640,France,Female,42,5,176099.13,1,1,1,8404.73,0,0.27245345730247617,Low
671,15576368,Bledsoe,624,Germany,Female,48,3,122388.38,2,0,0,30020.09,0,0.5750205530707126,Medium
672,15674991,Kao,667,France,Male,42,9,0.0,2,0,1,58137.42,0,0.028975042199308302,Low
673,15721024,Wickens,642,France,Male,26,0,0.0,1,0,0,47472.68,0,0.11070549691830148,Low
674,15745621,Wertheim,640,Spain,Female,32,6,118879.35,2,1,1,19131.71,0,0.047873316159749504,Low
675,15642394,He,529,Spain,Male,35,5,0.0,2,1,1,187288.5,0,0.018847353411882838,Low
676,15754605,Jarvis,563,France,Female,39,5,0.0,2,1,1,17603.81,0,0.030949058493266977,Low
677,15607040,P'an,593,Spain,Female,38,4,88736.44,2,1,0,67020.03,0,0.08637040549130778,Low
678,15715142,Repina,739,Germany,Male,45,7,102703.62,1,0,1,147802.94,1,0.41877443655633545,Low
679,15810978,Pugliesi,788,Spain,Female,70,1,0.0,2,1,1,41610.62,0,0.025773059291064677,Low
680,15668886,Blakey,684,Spain,Female,38,3,0.0,2,1,0,44255.65,0,0.0437855831360212,Low
681,15780804,Nucci,482,France,Male,55,5,97318.25,1,0,1,78416.14,0,0.19510924223185858,Low
682,15613880,Higinbotham,591,Spain,Male,58,5,128468.69,1,0,1,137254.55,0,0.19039837582756342,Low
683,15775238,Achebe,651,Germany,Female,41,4,133432.59,1,0,1,151303.48,0,0.3858713806597143,Low
684,15786905,Russo,749,Germany,Female,40,8,141782.57,2,0,0,86333.63,0,0.1828970090332632,Low
685,15747867,Trevisani,583,France,Male,24,9,135125.28,1,0,0,89801.9,0,0.08245546664433043,Low
686,15600337,Dobie,661,Spain,Male,42,2,178820.91,1,0,0,29358.57,1,0.32761831230849525,Low
687,15801277,Maccallum,715,France,Female,31,2,112212.14,2,1,1,181600.72,0,0.05160239567437693,Low
688,15579334,Watkins,769,Germany,Female,45,5,126674.81,1,1,0,124118.71,1,0.7089867329829606,Medium
689,15802741,Mitchel,625,France,Female,51,7,136294.97,1,1,0,38867.46,1,0.70737840646343,Medium
690,15720649,Ferdinand,641,France,Female,36,5,66392.64,1,1,0,31106.67,0,0.1864352111155818,Low
691,15589493,Otitodilinna,716,Germany,Male,27,1,122552.34,2,1,0,67611.36,0,0.08457178786969859,Low
692,15688251,Mamelu,767,France,Male,43,1,76408.85,2,1,0,77837.63,0,0.0967248816871918,Low
693,15665238,Beneventi,745,Germany,Male,36,8,145071.24,1,0,0,6078.46,0,0.2556033586052016,Low
694,15740900,Perrodin,589,France,Male,34,6,0.0,2,1,1,177896.92,0,0.014231178974144462,Low
695,15681068,Chinagorom,796,France,Female,45,2,109730.22,1,1,1,123882.73,0,0.23546593234685587,Low
696,15748625,Napolitano,664,France,Male,57,6,0.0,2,1,1,15304.08,0,0.04231062374475659,Low
697,15727299,Edgar,445,Spain,Male,62,1,64119.38,1,1,1,76569.64,1,0.26439120609950634,Low
698,15620204,Walker,543,Germany,Female,57,1,106138.33,2,1,1,120657.32,1,0.32035304669856773,Low
699,15669516,Steele,746,Spain,Male,36,2,0.0,2,1,1,16436.56,0,0.013834516360399183,Low
700,15736534,Elkins,742,Germany,Male,33,0,181656.51,1,1,1,107667.91,0,0.0333960840162107,Low
701,15803457,Hao,750,France,Female,32,5,0.0,2,1,0,95611.47,0,0.03023892576716576,Low
702,15659098,Toscano,669,France,Male,30,7,95128.86,1,0,0,19799.26,0,0.06982140324381546,Low
703,15603436,Savage,594,Spain,Female,49,2,126615.94,2,0,1,123214.74,0,0.28297701327225583,Low
704,15566292,Okwuadigbo,574,Spain,Male,36,1,0.0,2,0,1,71709.12,0,0.017183817699587378,Low
705,15808621,Mordvinova,659,Germany,Male,36,2,76190.48,2,1,1,149066.14,0,0.027540054788434826,Low
706,15580148,Welch,750,Germany,Male,40,5,168286.81,3,1,0,20451.99,1,0.859366266055129,High
707,15776231,Kent,626,Germany,Male,35,4,88109.81,1,1,1,32825.5,0,0.12461149233211662,Low
708,15773809,Campbell,620,France,Male,42,4,0.0,2,1,0,6232.31,0,0.046112620041494204,Low
709,15649423,Cooper,580,France,Female,35,8,0.0,2,0,1,10357.03,0,0.019640204422193122,Low
710,15734886,Mazzi,686,France,Female,34,3,123971.51,2,1,0,147794.63,0,0.08245062188990308,Low
711,15722548,Fisher,540,France,Male,48,0,148116.48,1,0,0,116973.48,0,0.5105155026202141,Medium
712,15650288,Summers,634,Germany,Male,35,6,116269.01,1,1,0,129964.94,0,0.24859215168713816,Low
713,15629448,Brady,632,Spain,Male,38,1,120599.21,1,1,0,92816.86,0,0.1336810237034203,Low
714,15716164,Nicholls,501,France,Female,41,3,144260.5,1,1,0,172114.67,0,0.27856736865794735,Low
715,15807609,Yuan,650,Spain,Female,25,3,86605.5,3,1,0,16649.31,1,0.7850652386705973,High
716,15578977,Robinson,786,France,Male,34,9,0.0,2,1,0,144517.19,0,0.01742879446942847,Low
717,15677369,Golubov,554,Germany,Female,37,4,58629.97,1,0,0,182038.6,0,0.26879584179313476,Low
718,15804072,Chen,701,Spain,Female,42,5,0.0,2,0,0,24210.56,0,0.07351129700486762,Low
719,15696859,Oldham,474,France,Male,45,10,0.0,2,0,0,172175.9,0,0.13311737882202504,Low
720,15653780,Kambinachi,621,France,Female,43,5,0.0,1,1,1,47578.45,0,0.32057709628362246,Low
721,15721658,Fleming,672,Spain,Female,56,2,209767.31,2,1,1,150694.42,1,0.8571586268398836,High
722,15578761,Cunningham,459,Spain,Female,42,6,129634.25,2,1,1,177683.02,1,0.1258010484408561,Low
723,15736879,Obinna,669,France,Male,23,1,0.0,2,0,0,66088.83,0,0.014295360957241635,Low
724,15571973,Chinwemma,776,France,Female,38,2,169824.46,1,1,0,169291.7,0,0.2881707014292491,Low
725,15626742,Carpenter,694,France,Male,36,3,97530.25,1,1,1,117140.41,0,0.05285554951706826,Low
726,15672692,Yin,787,France,Female,42,10,145988.65,2,1,1,79510.37,0,0.10659206867863982,Low
727,15673570,Olsen,580,France,Male,37,9,0.0,2,0,1,77108.66,0,0.015985934809211844,Low
728,15767432,Ts'ai,711,France,Female,25,7,0.0,3,1,1,9679.28,0,0.3223910905597574,Low
729,15654238,Jen,673,France,Female,40,5,137494.28,1,1,0,81753.92,0,0.23710907993267913,Low
730,15612525,Preston,499,France,Female,57,1,0.0,1,0,0,131372.38,1,0.9454915459002899,High
731,15812750,Ozioma,591,France,Male,24,6,147360.0,1,1,1,25310.82,0,0.05049012676314449,Low
732,15790757,Cody,769,France,Female,25,10,0.0,2,0,0,187925.75,0,0.04345289300651259,Low
733,15723873,Ponomarev,657,Spain,Male,31,3,125167.02,1,0,0,98820.39,0,0.08515941704489259,Low
734,15744607,Martin,738,Germany,Male,43,9,121152.05,2,1,0,64166.7,1,0.24723105623254268,Low
735,15612966,Milani,545,Germany,Female,60,7,128981.07,1,0,1,176924.21,1,0.5506974938728382,Medium
736,15784209,Tang,497,France,Male,47,6,0.0,1,1,1,90055.08,0,0.37947898954213416,Low
737,15794278,Romani,816,Spain,Male,67,6,151858.98,1,1,1,72814.31,0,0.061261347152983564,Low
738,15766741,McIntyre,525,France,Male,36,2,114628.4,1,0,1,168290.06,0,0.08070883651399013,Low
739,15661036,Davis,725,France,Male,46,6,0.0,2,1,0,161767.38,0,0.11436867474130824,Low
740,15705639,Onyemauchechukwu,692,France,Female,28,8,95059.02,2,1,0,44420.18,0,0.056218224106259373,Low
741,15637414,Gell,618,France,Female,24,7,128736.39,1,0,1,37147.61,0,0.07786089313066749,Low
742,15716835,Rossi,546,France,Male,24,8,156325.38,1,1,1,125381.02,0,0.04664084188162369,Low
743,15696231,Chiwetelu,635,France,Male,29,7,105405.97,1,1,1,149853.89,0,0.04162779199779736,Low
744,15641675,Kirillova,611,France,Female,49,2,88915.37,3,0,0,161435.02,1,0.9900734469024277,High
745,15670755,Shaw,650,France,Male,60,8,0.0,2,1,1,102925.76,0,0.04476926444058289,Low
746,15640059,Smith,606,France,Male,40,5,0.0,2,1,1,70899.27,0,0.025060893997594324,Low
747,15787619,Hsieh,844,France,Male,18,2,160980.03,1,0,0,145936.28,0,0.07259540953337972,Low
748,15587535,Onyemauchechukwu,450,Spain,Female,46,5,177619.71,1,1,0,54227.06,0,0.5488995149640389,Medium
749,15813034,Martin,727,Spain,Male,38,2,62276.99,1,1,1,59280.79,0,0.11952007610135565,Low
750,15698839,Okwudilichukwu,460,Germany,Male,46,4,127559.97,2,1,1,126952.5,0,0.2231538283282306,Low
751,15790314,Onuoha,649,France,Male,41,0,0.0,2,0,1,130567.02,0,0.0328600987854579,Low
752,15634245,Muecke,758,Germany,Female,47,9,95523.16,1,1,0,73294.48,0,0.8003987347030653,High
753,15677305,Hsieh,490,France,Female,35,7,107749.03,1,1,1,3937.37,0,0.07898832570183123,Low
754,15661526,Anderson,815,Germany,Male,37,2,110777.26,2,1,0,2383.59,0,0.09621932443788277,Low
755,15685997,Azubuike,838,Spain,Female,39,5,166733.92,2,1,0,14279.44,0,0.15200580371564665,Low
756,15660101,Nnonso,803,France,Male,31,9,157120.86,2,1,0,141300.53,0,0.04400425790736441,Low
757,15637979,Fuller,664,Germany,Female,36,2,127160.78,2,1,0,78140.75,0,0.13401086950502253,Low
758,15815364,Ashley,736,Spain,Female,28,2,0.0,2,1,1,117431.1,0,0.019335104837330978,Low
759,15647099,Ts'ui,633,France,Female,37,9,156091.97,1,1,0,72008.61,0,0.17108172584989195,Low
760,15625944,Buccho,664,France,Male,58,5,98668.18,1,1,1,60887.58,0,0.1601062657466386,Low
761,15583212,Chidozie,600,France,Female,43,5,134022.06,1,1,0,194764.83,0,0.3297340856178472,Low
762,15582741,Maclean,693,France,Female,35,5,124151.09,1,1,0,88705.14,1,0.14373986191836152,Low
763,15637876,Burns,663,Germany,Female,36,6,77253.5,1,0,0,35817.97,1,0.18849120417277873,Low
764,15622750,Chu,742,Germany,Female,21,1,114292.48,1,1,0,31520.4,0,0.27799808303281903,Low
765,15672056,Kenenna,710,Germany,Male,43,2,140080.32,3,1,1,157908.19,1,0.9203277471786022,High
766,15812351,Beluchi,710,Spain,Female,27,2,135277.96,1,1,0,142200.15,0,0.1519545845133733,Low
767,15810864,Williamson,700,France,Female,82,2,0.0,2,0,1,182055.36,0,0.012794527925107579,Low
768,15677921,Bobrov,720,Germany,Male,60,9,115920.62,2,0,0,157552.08,1,0.8104214579464807,High
769,15724296,Kerr,684,Spain,Male,41,2,119782.72,2,0,0,120284.67,0,0.09453462327069906,Low
770,15685329,McKenzie,531,France,Female,63,1,114715.71,1,0,1,24506.95,1,0.3026393576052614,Low
771,15584091,Pitts,742,Germany,Female,36,2,129748.54,2,0,0,47271.61,1,0.14482939775706105,Low
772,15640442,Standish,717,France,Male,31,4,129722.57,1,0,0,41176.6,0,0.08871588361458657,Low
773,15639314,Cartwright,589,France,Male,32,2,0.0,2,0,1,9468.64,0,0.01115468840364078,Low
774,15685320,Johnstone,767,France,Male,36,3,139180.2,1,0,0,123880.19,0,0.09238943600858443,Low
775,15789158,Nikitina,636,Germany,Male,49,6,113599.74,2,1,0,158887.09,1,0.52847352598761,Medium
776,15752137,McElroy,648,France,Male,33,7,134944.0,1,1,1,117036.38,0,0.04591007081614048,Low
777,15712551,Shen,622,Germany,Female,58,7,116922.25,1,1,0,120415.61,1,0.9498332824246216,High
778,15628936,Archer,692,Spain,Male,28,9,118945.09,1,0,0,16064.25,1,0.08060959355779163,Low
779,15797227,Otutodilinna,754,France,Male,28,8,0.0,2,1,1,52615.62,0,0.008720499979105525,Low
780,15769974,Shih,679,Spain,Female,35,8,119182.73,1,0,0,121210.09,0,0.1410333405853005,Low
781,15737051,Denisov,639,France,Male,27,8,0.0,2,1,0,192247.35,0,0.021563015968169515,Low
782,15585595,Owens,774,France,Female,28,1,71264.02,2,0,1,68759.57,0,0.026714828633398024,Low
783,15654060,P'eng,517,France,Male,41,2,0.0,2,0,1,75937.47,0,0.033838498614068346,Low
784,15745196,Verco,571,France,Female,35,8,0.0,2,0,0,84569.13,0,0.029508213788238456,Low
785,15571221,Bergamaschi,747,Germany,Male,58,7,116313.57,1,1,1,190696.35,1,0.4897688470645842,Medium
786,15660155,Lorenzo,792,Spain,Male,36,5,92140.15,1,0,1,67468.67,0,0.059918423102216935,Low
787,15605284,Outtrim,688,France,Male,26,1,0.0,2,1,1,104435.94,0,0.009498766806809706,Low
788,15694366,Hou,714,Germany,Male,42,2,177640.09,1,0,1,47166.55,0,0.09744478150003283,Low
789,15600739,Galkin,562,Spain,Female,35,0,0.0,2,1,0,119899.52,0,0.03695438932440347,Low
790,15653253,Pagnotto,704,Spain,Male,48,8,167997.6,1,1,1,173498.45,0,0.24583708639615878,Low
791,15763431,Echezonachukwu,698,France,Male,36,2,82275.35,2,1,1,93249.26,0,0.026933766812068535,Low
792,15643696,Young,611,France,Male,49,3,0.0,2,1,1,142917.54,0,0.07958258313695206,Low
793,15707473,Summers,850,Germany,Female,48,6,111962.99,1,1,0,111755.8,0,0.8042387047856301,High
794,15769504,Munro,743,Germany,Female,34,1,131736.88,1,1,1,108543.21,0,0.1843471424745125,Low
795,15776807,Brennan,654,France,Male,29,1,0.0,1,1,0,180345.44,0,0.12587545862588115,Low
796,15686870,Ball,761,Germany,Male,36,8,108239.11,2,0,0,99444.02,0,0.08069263229421128,Low
797,15668747,Virgo,702,France,Female,46,9,98444.19,1,0,1,109563.28,0,0.27148383240217583,Low
798,15766908,Trevisani,488,Germany,Male,32,3,114540.38,1,1,0,92568.07,0,0.21872137178688666,Low
799,15570134,Padovano,683,France,Female,35,6,187530.66,2,1,1,37976.36,0,0.1352921275652649,Low
800,15567367,Tao,601,Germany,Female,42,9,133636.16,1,0,1,103315.74,0,0.36870572395695594,Low
801,15747542,Perez,605,France,Male,52,7,0.0,2,1,1,173952.5,0,0.0763119034379847,Low
802,15762238,Fraser,671,Germany,Female,44,0,84745.03,2,0,1,34673.98,0,0.169471838921236,Low
803,15681554,Alley,614,Germany,Female,31,7,120599.38,2,1,1,46163.44,0,0.07980675983917192,Low
804,15712825,Howells,511,Spain,Female,29,9,0.0,2,0,1,140676.98,0,0.02658100951380902,Low
805,15640280,Cameron,850,France,Male,39,4,127771.35,2,0,1,151738.54,0,0.04901414665792067,Low
806,15756026,Hooper,790,Spain,Female,46,9,0.0,1,0,0,14679.81,1,0.6883071509506626,Medium
807,15613319,Rice,793,France,Female,33,0,0.0,1,0,0,175544.02,0,0.23694683973783126,Low
808,15798906,Cox,628,France,Male,69,5,0.0,2,1,1,181964.6,0,0.016491685491680553,Low
809,15708917,Martin,598,Germany,Male,53,10,167772.96,1,1,1,136886.86,0,0.2785556577069216,Low
810,15778463,Ikenna,657,France,Female,37,6,95845.6,1,1,0,122218.23,0,0.16747606656479372,Low
811,15699430,Davide,618,France,Female,35,10,0.0,2,1,0,180439.75,0,0.052803558862922935,Low
812,15649992,Alexander,681,Spain,Male,65,7,134714.7,2,0,1,190419.81,0,0.06147959659901417,Low
813,15578980,Piazza,516,Spain,Female,33,3,0.0,2,1,1,58685.59,0,0.020566936767205078,Low
814,15775306,Ni,421,Germany,Male,28,8,122384.22,3,1,1,89017.38,1,0.849067201173437,High
815,15641655,Black,700,France,Female,26,2,0.0,2,0,0,50051.42,0,0.02515006217351019,Low
816,15619708,Harker,745,France,Male,25,5,157993.15,2,1,0,146041.45,0,0.03994570641576816,Low
817,15734565,Hughes,696,France,Male,29,8,0.0,2,1,0,191166.09,0,0.02182791912573403,Low
818,15806438,Chiabuotu,580,Germany,Female,42,2,123331.36,1,0,0,103516.08,1,0.5238011253369127,Medium
819,15591969,Kuo,497,Spain,Male,27,9,75263.16,1,1,1,164825.04,0,0.06739337037246719,Low
820,15747807,Gallagher,720,France,Female,43,6,137824.03,2,1,0,172557.77,0,0.22207778212015825,Low
821,15596939,Calabresi,659,Germany,Male,36,4,132578.92,2,1,0,84320.94,0,0.0909513379055403,Low
822,15716155,Shaw,841,France,Female,36,5,156021.31,1,0,0,122662.98,0,0.14966739025195813,Low
823,15765311,Zhirov,642,Spain,Male,34,8,0.0,1,1,0,72085.1,0,0.15648863093575519,Low
824,15757811,Lloyd,732,Spain,Female,69,9,137453.43,1,0,1,110932.24,1,0.10699882916679544,Low
825,15603830,Palmer,600,Spain,Male,36,4,0.0,2,1,0,143635.36,0,0.022706300087489976,Low
826,15660602,Ch'eng,464,Germany,Male,33,8,164284.72,2,1,1,3710.34,0,0.04152004005053975,Low
827,15660535,Avent,680,France,Female,47,5,0.0,2,1,1,179843.33,0,0.118089869318649,Low
828,15666633,Huang,758,Spain,Male,56,1,0.0,2,1,1,10643.38,0,0.07098041282921952,Low
829,15596914,Shaw,630,Germany,Female,31,2,112373.49,2,1,1,131167.98,0,0.0762445869960594,Low
830,15639788,Yuan,577,France,Female,39,10,0.0,2,1,0,10553.31,0,0.04479185932219669,Low
831,15695846,Hawkins,684,France,Female,34,6,0.0,2,1,1,130928.22,0,0.01944618950295889,Low
832,15726234,Trentini,708,Spain,Female,41,5,0.0,1,0,1,157003.99,0,0.3188410189550299,Low
833,15797964,Cameron,732,Germany,Female,29,1,154333.82,1,1,1,138527.56,0,0.14867505543353926,Low
834,15625881,Koehler,634,Germany,Male,37,3,111432.77,2,1,1,167032.49,0,0.07714091181841899,Low
835,15780628,Wu,633,France,Female,30,6,0.0,2,0,0,41642.29,0,0.023827355454114633,Low
836,15575883,Manna,559,France,Male,34,2,137390.11,2,1,0,9677.0,0,0.047821508232775804,Low
837,15585036,Okoli,694,Spain,Female,37,3,0.0,2,1,1,147012.22,0,0.0325449032065829,Low
838,15589488,Ch'eng,686,Germany,Female,56,5,111642.08,1,1,1,80553.87,0,0.48127421598881737,Medium
839,15585888,Nwokezuike,553,Spain,Female,48,3,0.0,1,0,1,30730.95,1,0.5241897158949735,Medium
840,15727915,Artemiev,507,France,Male,36,4,83543.37,1,0,0,140134.43,0,0.1355544629955958,Low
841,15707567,Esposito,732,Germany,Male,50,6,145338.76,1,0,0,91936.1,1,0.8144297787873851,High
842,15737792,Abbie,818,France,Female,31,1,186796.37,1,0,0,178252.63,0,0.279419644896816,Low
843,15599433,Fanucci,660,Germany,Male,35,8,58641.43,1,0,1,198674.08,0,0.10612526889700107,Low
844,15672012,Jen,773,Spain,Female,41,5,0.0,1,1,0,28266.9,1,0.4406748108606598,Low
845,15806983,Moss,640,France,Male,44,3,137148.68,1,1,0,92381.01,0,0.28669461112138456,Low
846,15592222,Lo,505,France,Male,49,7,80001.23,1,0,0,135180.11,0,0.6458529625561352,Medium
847,15608968,Averyanov,714,Germany,Male,21,6,86402.52,2,0,0,27330.59,0,0.032236418978891665,Low
848,15586959,Unaipon,468,France,Female,42,5,0.0,2,1,0,125305.34,0,0.08971119659594957,Low
849,15646558,Clamp,611,Spain,Male,51,1,122874.74,1,1,1,149648.45,0,0.26274387535253935,Low
850,15725811,Lim,705,France,Male,25,0,97544.29,1,0,1,59887.15,0,0.034587028695134595,Low
851,15572265,Wu,646,Germany,Male,46,1,170826.55,2,1,0,45041.32,0,0.20909515917646435,Low
852,15794048,Wan,667,Germany,Female,48,1,97133.92,2,0,0,113316.77,1,0.5728948192085791,Medium
853,15677610,Chambers,511,Germany,Female,41,8,153895.65,1,1,1,39087.42,0,0.27766159779415,Low
854,15745012,Pettit,653,France,Female,43,6,0.0,2,1,1,7330.59,0,0.052399246860248445,Low
855,15601589,Baresi,675,France,Female,57,8,0.0,2,0,1,95463.29,0,0.07904144995091708,Low
856,15686436,Newbery,523,Spain,Male,32,4,0.0,2,1,0,167848.02,0,0.02127317346756101,Low
857,15693864,Iheanacho,567,Germany,Female,49,5,134956.02,1,1,0,93953.84,1,0.8042825060743208,High
858,15760550,Duncan,741,Spain,Male,39,7,143637.58,2,0,1,174227.66,0,0.04907966634391955,Low
859,15686137,Barry,456,Spain,Male,32,9,147506.25,1,1,1,135399.21,0,0.04387495004211694,Low
860,15809087,Landry,598,France,Male,64,1,0.0,2,1,0,195635.3,1,0.5500663632844687,Medium
861,15807663,McGregor,667,France,Male,43,8,190227.46,1,1,0,97508.04,1,0.49436733117272924,Medium
862,15809100,Nucci,548,France,Female,32,2,172448.77,1,1,0,188083.77,1,0.2666623436208616,Low
863,15794916,Pirogov,725,France,Male,41,7,113980.21,1,1,1,116704.25,0,0.09078114282143468,Low
864,15614215,Oguejiofor,717,France,Male,53,6,0.0,2,0,1,97614.87,0,0.06584087580154308,Low
865,15805449,Ugochukwu,594,France,Male,38,4,0.0,2,0,0,186884.04,0,0.04432159768804958,Low
866,15686983,Rohu,678,Germany,Female,25,10,76968.12,2,0,1,131501.72,0,0.033420462512646,Low
867,15808017,Cary,545,France,Male,38,1,88293.13,2,1,1,24302.95,0,0.04156496553040476,Low
868,15756804,O'Loghlen,636,France,Female,48,1,170833.46,1,1,0,110510.28,1,0.673185167089487,Medium
869,15646810,Quinn,603,Germany,Male,44,6,108122.39,2,1,0,108488.33,1,0.2557203573564717,Low
870,15710424,Page,435,France,Male,36,4,0.0,1,1,1,197015.2,0,0.19307272799243663,Low
871,15799422,Evans,535,France,Female,40,8,0.0,1,1,1,27689.77,0,0.2578529391779727,Low
872,15692750,McGregor,629,Germany,Female,45,7,129818.39,3,1,0,9217.55,1,0.9781229495421663,High
873,15794549,Andrews,722,France,Female,35,2,163943.89,2,1,1,15068.18,0,0.05926788158789376,Low
874,15803764,Stanley,561,France,Male,28,7,0.0,2,1,0,7797.01,0,0.013798252928196765,Low
875,15674840,Chiazagomekpere,645,France,Female,38,5,101430.3,2,0,1,4400.32,0,0.06651298759911613,Low
876,15653762,Chidiebele,501,France,Female,39,9,117301.66,1,0,0,182025.95,0,0.3014156635118363,Low
877,15581229,Gregory,502,Germany,Female,32,1,173340.83,1,0,1,122763.95,0,0.07374132395082836,Low
878,15800228,Bednall,652,Spain,Female,42,4,0.0,2,1,1,38152.01,0,0.04942476485473403,Low
879,15656333,Jen,574,France,Female,33,3,134348.57,1,1,0,63163.99,0,0.13403353257333572,Low
880,15697497,She,518,France,Female,45,9,105525.65,2,1,1,73418.29,0,0.17401155099974494,Low
881,15585362,Simmons,749,France,Female,60,6,0.0,1,1,0,17978.68,1,0.9344122099251361,High
882,15571928,Fraser,679,France,Female,43,4,0.0,3,1,0,115136.51,1,0.8155956969529129,High
883,15785519,May,565,France,Male,36,6,106192.1,1,1,0,149575.59,0,0.09643549193869703,Low
884,15743007,Seabrook,643,France,Female,45,4,45144.43,1,1,0,60917.24,1,0.5605859146811886,Medium
885,15777211,Herrera,515,France,Male,65,7,92113.61,1,1,1,142548.33,0,0.08840776851104701,Low
886,15721935,Kincaid,521,France,Male,25,7,0.0,2,1,1,157878.67,0,0.011263688155149562,Low
887,15591711,Sleeman,739,Spain,Male,38,0,128366.44,1,1,0,12796.43,0,0.1471468547989131,Low
888,15625021,Hung,585,France,Male,42,2,0.0,2,1,1,18657.77,0,0.03391552330716977,Low
889,15702968,Artemieva,733,Germany,Male,74,3,106545.53,1,1,1,134589.58,0,0.06524421529726965,Low
890,15600462,Barwell,542,France,Female,43,8,145618.37,1,0,1,10350.74,0,0.21691167755813262,Low
891,15768104,Wright,788,Spain,Male,37,8,141541.25,1,0,0,66013.27,0,0.11547026721349578,Low
892,15780140,Bellucci,435,Germany,Male,32,2,57017.06,2,1,1,5907.11,0,0.018540467076924565,Low
893,15585255,Moore,577,France,Male,42,9,0.0,1,1,0,74077.91,0,0.34861899255973655,Low
894,15772781,Ball,703,France,Female,51,3,0.0,3,1,1,77294.56,1,0.8981778328428479,High
895,15669987,Sung,728,Germany,Female,35,8,125884.95,2,1,0,54359.02,1,0.15106438038679618,Low
896,15697000,Mello,728,Germany,Male,32,5,61825.5,1,1,1,156124.93,0,0.04500415127219655,Low
897,15733119,Mistry,718,France,Male,35,8,0.0,2,1,0,94820.85,0,0.019373909055391426,Low
898,15782390,T'ien,621,France,Female,40,6,0.0,1,1,0,155155.25,0,0.4414446643237491,Low
899,15654700,Fallaci,523,France,Female,40,2,102967.41,1,1,0,128702.1,1,0.2875837288400318,Low
900,15632210,Hill,657,Germany,Male,25,2,171770.55,1,1,0,22745.5,0,0.09266116508830238,Low
901,15642041,Burns,727,Germany,Male,40,1,93051.64,2,1,0,71865.31,1,0.15955163825936738,Low
902,15709737,Hunter,643,France,Male,36,7,161064.64,2,0,1,84294.82,0,0.04265393023395637,Low
903,15792388,Li,645,France,Female,48,7,90612.34,1,1,1,149139.13,0,0.3938382255498177,Low
904,15786014,Ku,568,France,Male,28,5,145105.64,2,1,0,185489.11,0,0.043232139140213746,Low
905,15794580,Ch'en,599,France,Male,58,4,0.0,1,0,0,176407.15,1,0.9365279550177426,High
906,15675964,Chukwukadibia,672,France,Female,45,9,0.0,1,1,1,92027.69,1,0.3807234564029276,Low
907,15814275,Zikoranachidimma,685,France,Male,33,6,174912.72,1,1,1,43932.54,0,0.08785930718193834,Low
908,15724848,Oluchukwu,516,France,Female,46,1,104947.72,1,1,0,115789.25,1,0.5352096276005455,Medium
909,15754713,Rivera,685,Spain,Male,31,10,135213.71,1,1,1,125777.28,0,0.03943879932312185,Low
910,15693814,Niu,806,Spain,Male,25,7,0.0,2,1,0,18461.9,0,0.01803517011215683,Low
911,15599660,Bennett,604,France,Male,36,6,116229.85,2,1,1,79633.38,0,0.0327946462566784,Low
912,15746490,Wollstonecraft,648,Spain,Female,53,6,111201.41,1,1,1,121542.29,0,0.27442124421232106,Low
913,15566091,Thomsen,545,Spain,Female,32,4,0.0,1,1,0,94739.2,0,0.22355153905612354,Low
914,15655961,Palermo,756,Germany,Male,27,1,131899.0,1,1,0,93302.29,0,0.21539224291010398,Low
915,15710404,Chinwendu,569,France,Male,35,10,124525.52,1,1,1,193793.78,0,0.05007751733045598,Low
916,15775625,McKenzie,596,France,Male,47,6,0.0,1,1,0,74835.65,0,0.6225001446436317,Medium
917,15792328,James,475,France,Male,39,6,0.0,1,1,1,56999.9,1,0.1483148531604082,Low
918,15719856,Lamb,646,France,Female,45,3,47134.75,1,1,1,57236.44,0,0.37014444969501364,Low
919,15593773,Olejuru,784,Spain,Male,35,3,0.0,2,0,0,81483.64,0,0.019676573052314905,Low
920,15733114,Hay,552,Spain,Male,45,9,0.0,2,1,0,26752.56,0,0.08289105743590071,Low
921,15797748,Lu,729,France,Male,44,5,0.0,2,0,1,9200.54,0,0.037170156620777405,Low
922,15743411,Chiawuotu,609,Spain,Male,61,1,0.0,1,1,0,22447.85,1,0.930970231069716,High
923,15753337,Yeates,555,France,Male,51,5,0.0,3,1,0,189122.89,1,0.9690577295892353,High
924,15601026,Gallagher,572,Germany,Female,19,1,138657.08,1,1,1,16161.82,0,0.15823198558890125,Low
925,15658485,Heath,785,France,Female,34,9,70302.48,1,1,1,68600.36,0,0.08781181000007288,Low
926,15636731,Ts'ai,714,Germany,Female,36,1,101609.01,2,1,1,447.73,0,0.10876062886773963,Low
927,15628303,Thurgood,738,Spain,Male,35,3,0.0,1,1,1,15650.73,0,0.10650766168439638,Low
928,15633461,Pai,639,Germany,Male,38,5,130170.82,1,1,1,149599.62,0,0.19298058752333297,Low
929,15677135,Lorenzo,520,Germany,Male,61,8,133802.29,2,1,1,90304.01,0,0.15977372723969768,Low
930,15590876,Knupp,764,France,Female,24,7,106234.02,1,0,0,115676.38,0,0.12260263122096564,Low
931,15790782,Baryshnikov,661,Spain,Male,39,6,132628.98,1,0,0,38812.67,0,0.13885827652721516,Low
932,15700476,Azubuike,564,Germany,Male,41,9,103522.75,2,1,1,34338.21,0,0.11288240727527878,Low
933,15634141,Shephard,708,Germany,Female,42,8,192390.52,2,1,0,823.36,0,0.16484079904581292,Low
934,15737795,Scott,512,Spain,Male,36,1,0.0,1,0,1,135482.26,1,0.14506925502616008,Low
935,15790299,Williamson,592,Spain,Male,37,9,0.0,3,1,1,10656.89,0,0.43804429390345917,Low
936,15675316,Avdeeva,619,France,Female,38,3,0.0,2,0,1,116467.35,0,0.03649688937821453,Low
937,15613630,Tang,775,France,Male,52,8,109922.61,1,1,1,96823.32,1,0.23236531721701642,Low
938,15662100,Hsu,850,Germany,Female,44,5,128605.32,1,0,1,171096.2,0,0.47496882781920585,Medium
939,15668032,Buchanan,577,France,Female,37,4,0.0,1,1,1,79881.39,0,0.16165974713208014,Low
940,15599289,Yeh,724,France,Female,37,10,68598.56,1,1,0,157862.82,0,0.27319160186428343,Low
941,15754084,Palazzi,710,Spain,Male,35,1,106518.52,1,1,1,127951.81,0,0.04857119994688372,Low
942,15676521,Y?an,696,France,Female,31,8,0.0,2,0,0,191074.11,0,0.05052878991759637,Low
943,15804586,Lin,376,France,Female,46,6,0.0,1,1,0,157333.69,1,0.928903797316254,High
944,15781465,Schofield,675,Germany,Female,29,8,121326.42,1,1,0,133457.52,0,0.28981905074709174,Low
945,15729362,Lombardi,745,France,Male,36,8,67226.37,1,1,0,130789.6,0,0.13301108283025384,Low
946,15709295,Wall,697,Spain,Female,25,5,82931.85,2,1,1,128373.88,0,0.03476940835717211,Low
947,15745324,Milani,599,Spain,Female,39,4,0.0,1,1,0,194273.2,1,0.4384313329325383,Low
948,15741336,Ejimofor,715,France,Female,38,5,118590.41,1,1,1,5684.17,1,0.11027399284176477,Low
949,15783659,Blackburn,659,France,Male,67,4,145981.87,1,1,1,131043.2,0,0.06825653244632258,Low
950,15620981,Wickham,684,France,Female,48,3,73309.38,1,0,0,21228.34,1,0.6866850985879108,Medium
951,15630328,Bird,635,France,Female,48,8,130796.33,2,1,1,43250.3,0,0.2309519077174588,Low
952,15785899,Ch'en,789,Germany,Male,33,8,151607.56,1,1,0,4389.4,0,0.19968599155322983,Low
953,15606149,Wood,571,Germany,Female,66,9,111577.01,1,0,1,189271.9,0,0.35075499098273316,Low
954,15671139,Brizendine,694,Spain,Male,39,0,107042.74,1,1,1,102284.2,0,0.0778495579317686,Low
955,15660429,Ch'in,665,Spain,Female,42,2,156371.61,2,0,1,156774.94,1,0.165322059494753,Low
956,15571002,Yusupov,706,France,Female,44,4,129605.99,1,0,0,69865.49,0,0.394099413311183,Low
957,15631681,Jibunoh,807,Spain,Female,43,0,0.0,2,0,1,85523.24,0,0.05611358023449951,Low
958,15731522,Ts'ui,771,Spain,Female,67,8,0.0,2,1,1,51219.8,0,0.02663512751041899,Low
959,15619529,Ndukaku,531,Spain,Male,27,8,132576.25,1,0,0,7222.92,0,0.08739372050272576,Low
960,15628034,Wilder,629,France,Female,37,6,129101.3,1,1,1,23971.33,0,0.10659002904633322,Low
961,15686164,Maclean,850,Germany,Female,31,1,108822.4,1,1,1,132173.31,0,0.14778744779811664,Low
962,15582797,Ch'iu,685,Spain,Male,35,4,137948.51,1,1,0,113639.64,0,0.09490463731927043,Low
963,15753831,Cox,642,Spain,Male,32,7,100433.8,1,1,1,39768.59,0,0.04114049846050141,Low
964,15731815,Nepean,529,Spain,Male,63,4,96134.11,3,1,0,108732.96,1,0.9945308364538125,High
965,15580956,McNess,683,Germany,Female,43,4,115888.04,1,1,1,117349.19,1,0.4228908833464866,Low
966,15602084,Coles,663,France,Female,42,5,124626.07,1,1,1,78004.5,0,0.1617750207054254,Low
967,15589805,Benson,563,France,Female,34,6,139810.34,1,1,1,152417.79,0,0.08673293028678367,Low
968,15720893,Gilbert,637,Spain,Female,34,9,0.0,2,0,0,26057.08,0,0.026951794753019846,Low
969,15641009,Wilhelm,544,France,Male,37,3,84496.71,1,0,0,79972.09,0,0.12731220719597253,Low
970,15605926,Sinclair,649,Germany,Male,70,9,116854.71,2,0,1,107125.79,0,0.07496101000928788,Low
971,15805955,L?,638,France,Female,48,10,138333.03,1,1,1,47679.14,0,0.3564115183539745,Low
972,15801488,Buckner,723,France,Male,25,3,0.0,2,1,1,134509.47,0,0.009481360632582926,Low
973,15605918,Padovesi,635,Germany,Male,43,5,78992.75,2,0,0,153265.31,0,0.12895094172680305,Low
974,15779711,Gray,750,Spain,Female,38,7,97257.41,2,0,1,179883.04,0,0.09709714452668725,Low
975,15705620,Lu,730,France,Male,34,5,122453.37,2,1,0,138882.98,0,0.04407630049953856,Low
976,15685357,Wright,750,Spain,Female,36,8,112940.07,1,0,1,9855.81,0,0.08533335256286383,Low
977,15570060,Palerma,586,France,Female,43,8,132558.26,1,1,0,67046.83,1,0.32903311736290264,Low
978,15582616,Y?an,520,France,Female,38,4,0.0,2,1,0,56388.63,0,0.04433300222128459,Low
979,15799515,Wei,652,France,Female,48,8,133297.24,1,1,0,77764.37,0,0.5775444303001077,Medium
980,15642937,Padovesi,550,France,Female,46,7,0.0,2,1,0,130590.35,0,0.17554693292827958,Low
981,15624729,Tsao,594,France,Male,27,0,197041.8,1,0,0,151912.49,0,0.09244616431845176,Low
982,15566156,Franklin,749,Germany,Female,44,0,71497.79,2,0,0,151083.8,0,0.19014937902795626,Low
983,15792360,Clark,668,France,Male,32,7,0.0,2,1,1,777.37,0,0.008301146936649958,Low
984,15807008,McGregor,614,Germany,Female,35,6,128100.28,1,0,0,69454.24,1,0.3587643679750673,Low
985,15704770,Pan,773,France,Male,25,1,124532.78,2,0,1,11723.57,0,0.024132416877823516,Low
986,15756475,Kenniff,551,Germany,Male,31,9,82293.82,2,1,1,91565.25,0,0.024512683216823667,Low
987,15655339,Spencer,566,France,Male,36,1,142120.91,1,1,0,79616.37,0,0.09842965964022994,Low
988,15613749,Lees,569,Spain,Male,34,0,151839.26,1,1,0,102299.81,1,0.07743217687687799,Low
989,15664521,David,659,Spain,Male,31,7,149620.88,2,1,1,104533.51,0,0.027549347168519905,Low
990,15681206,Hsing,722,France,Female,49,3,168197.66,1,1,0,140765.57,1,0.7522356861659182,High
991,15745527,Burke,655,France,Male,37,5,93147.0,2,1,0,66214.13,0,0.04959098865259105,Low
992,15806926,Watson,615,France,Female,35,2,97440.02,2,1,1,139816.1,0,0.06225225161520057,Low
993,15724563,Hawkins,752,Germany,Female,42,3,65046.08,2,0,1,140139.28,0,0.09896185787690129,Low
994,15782899,Ginn,661,Spain,Female,28,7,95357.49,1,0,0,102297.15,0,0.12406189344502234,Low
995,15623521,Sozonov,838,Spain,Male,43,9,123105.88,2,1,0,145765.83,0,0.12856625700517574,Low
996,15810218,Sun,610,Spain,Male,29,9,0.0,3,0,1,83912.24,0,0.36970771341965775,Low
997,15645621,Hunter,811,Spain,Male,44,3,0.0,2,0,1,78439.73,0,0.03744776149683765,Low
998,15608114,Manfrin,587,Spain,Male,62,7,121286.27,1,0,1,6776.92,0,0.1608352848611805,Low
999,15659557,Artamonova,811,Germany,Female,28,4,167738.82,2,1,1,9903.42,0,0.04149418580752883,Low
1000,15787772,Hansen,759,France,Female,38,1,104091.29,1,0,0,91561.91,0,0.16935761179411754,Low
1001,15691111,Pai,648,Germany,Female,42,8,121980.56,2,1,0,4027.02,0,0.26582727262936073,Low
1002,15592089,Larsen,788,France,Female,43,10,0.0,2,1,1,116111.51,0,0.05736885999100653,Low
1003,15633897,Owen,725,Germany,Male,39,1,50880.98,2,1,1,184023.54,0,0.032604902741838686,Low
1004,15701301,Murphy,646,France,Female,42,3,175159.9,2,0,0,67124.48,1,0.290453259899449,Low
1005,15723685,Ekechukwu,601,Germany,Female,26,7,105514.69,2,1,0,50070.59,0,0.09832046869910092,Low
1006,15701602,Ayers,521,Germany,Male,52,5,116497.31,3,0,0,53793.1,1,0.9898716383214887,High
1007,15739189,Johnson,561,Spain,Female,33,6,0.0,2,1,0,45261.47,0,0.027967592799099383,Low
1008,15573086,Millar,564,France,Male,42,7,99824.45,1,1,1,36721.4,0,0.11999732809138798,Low
1009,15569050,Farrell,444,France,Male,45,6,0.0,1,1,0,130009.85,1,0.5492036021358025,Medium
1010,15750765,Sanders,650,Spain,Male,71,0,0.0,1,1,1,175380.77,0,0.09080476250980266,Low
1011,15799811,Herrera,724,France,Male,40,10,0.0,1,1,0,127847.25,1,0.282217244904889,Low
1012,15698442,Eberechukwu,719,Spain,Male,35,3,122964.88,1,1,1,138231.7,0,0.04772302283132025,Low
1013,15655274,Bardin,548,France,Female,29,4,0.0,2,0,1,48673.18,0,0.01745858951681694,Low
1014,15603594,Nwankwo,635,Spain,Male,24,4,0.0,2,1,1,70668.77,0,0.012042221415954176,Low
1015,15585961,Talbot,496,Spain,Female,43,3,0.0,2,0,1,199505.53,0,0.12177437386205565,Low
1016,15686936,McGregor,676,France,Female,37,5,89634.69,1,1,1,169583.18,1,0.21092025035117745,Low
1017,15770424,Onyeorulu,541,Germany,Male,40,7,95710.11,2,1,0,49063.42,0,0.13673285499203733,Low
1018,15587451,Goold,778,Germany,Male,41,7,139706.31,1,1,0,63337.19,0,0.41784470709921834,Low
1019,15602010,Zikoranaudodimma,850,Germany,Female,45,5,103909.86,1,1,0,60083.11,1,0.7021000621761696,Medium
1020,15600583,Garner,633,France,Male,31,1,0.0,1,1,0,48606.71,0,0.12385981189072118,Low
1021,15654673,Onyinyechukwuka,625,France,Male,49,6,173434.9,1,1,0,165580.93,1,0.6851833368280824,Medium
1022,15717164,Genovese,485,Spain,Male,32,6,102238.01,2,1,1,194010.12,0,0.030472825880975715,Low
1023,15765014,Mai,547,France,Female,48,1,179380.74,2,0,1,69263.1,0,0.3081999172812724,Low
1024,15682639,Marshall,642,France,Male,32,3,0.0,2,1,1,88698.83,0,0.011653852322282016,Low
1025,15729279,Naylor,718,France,Female,25,4,108691.95,1,1,0,63030.97,0,0.12199051182835516,Low
1026,15759805,Pinto,582,France,Female,32,4,0.0,2,1,0,59668.81,0,0.024925233997120863,Low
1027,15767864,Fulton,628,France,Male,33,6,0.0,2,0,0,184230.23,0,0.027006703560418496,Low
1028,15769948,Palerma,737,Germany,Male,35,0,133377.8,1,0,1,64050.19,0,0.18663373838828018,Low
1029,15686345,McCaffrey,828,Spain,Male,34,9,0.0,2,1,1,81853.98,0,0.009729910649110602,Low
1030,15688071,Collins,609,Spain,Male,53,10,0.0,1,1,1,154642.91,0,0.3519410415562042,Low
1031,15681174,Zuev,730,France,Male,39,1,116537.6,1,0,0,145679.6,0,0.14768486704130224,Low
1032,15667521,Crawford,631,France,Female,22,3,0.0,2,0,0,30781.77,0,0.025968560837333204,Low
1033,15750243,Genovese,830,Spain,Male,40,4,0.0,2,0,1,81622.52,0,0.02443914050057565,Low
1034,15695475,Maclean,645,France,Male,29,1,130131.08,2,0,1,196474.35,0,0.017017389181034424,Low
1035,15689176,Fabro,663,France,Male,46,3,0.0,2,0,1,176276.1,0,0.08404526460151084,Low
1036,15652955,Price,678,Spain,Male,30,0,0.0,1,1,0,35113.08,0,0.1552351789461128,Low
1037,15668958,Chatfield,521,France,Male,30,2,107316.09,1,1,0,64299.82,0,0.0899870207089497,Low
1038,15631054,Volkova,625,France,Female,24,1,0.0,2,1,1,180969.55,0,0.022177965842924464,Low
1039,15581479,Archer,523,France,Male,30,1,83181.29,1,1,1,138176.78,0,0.054195556530408764,Low
1040,15577478,Ch'iu,714,France,Female,72,3,0.0,1,1,1,86733.61,0,0.06379052094425189,Low
1041,15780870,McKay,580,Spain,Male,67,3,153946.14,1,1,1,7418.92,0,0.059365038517655816,Low
1042,15692317,Craig,722,France,Male,30,5,0.0,2,1,0,166376.54,0,0.018853129861499226,Low
1043,15593969,Abramovich,630,Spain,Female,39,7,135483.17,1,1,0,140881.2,1,0.21638163761387155,Low
1044,15570417,Chien,579,France,Male,35,1,0.0,2,1,0,4460.2,0,0.018855702753204757,Low
1045,15779059,Timms,670,France,Female,38,4,119624.54,2,1,1,110472.12,0,0.06890925496330509,Low
1046,15785980,Williford,588,Spain,Male,34,6,121132.26,2,1,0,86460.28,0,0.04732394254216936,Low
1047,15644200,Hamilton,807,Spain,Female,42,1,0.0,1,1,0,16500.66,1,0.5792916866317203,Medium
1048,15793949,Cheng,726,France,Female,48,4,0.0,1,1,0,114020.06,1,0.7710964727367334,High
1049,15645103,Su,812,Germany,Male,25,5,54817.55,1,1,0,131660.31,0,0.0793197157467123,Low
1050,15705860,McKenzie,631,Germany,Male,40,3,107949.45,1,1,0,52449.62,1,0.45468962510326244,Medium
1051,15623828,Akobundu,682,France,Male,30,4,0.0,1,0,1,161465.31,0,0.09005807422767016,Low
1052,15715003,Ko,625,Spain,Female,49,2,80816.45,1,1,1,20018.79,0,0.41882344779546093,Low
1053,15623471,Marcelo,607,Germany,Male,38,3,98205.77,1,1,0,176318.27,0,0.33124298330430335,Low
1054,15798348,Chukwuebuka,600,Spain,Female,50,6,94684.27,1,1,1,50488.91,0,0.33178228379184044,Low
1055,15743016,MacDonald,602,Spain,Female,22,7,141604.76,1,1,0,30379.6,0,0.15334022122152305,Low
1056,15769499,Lampungmeiua,545,Spain,Female,74,3,0.0,2,1,1,161326.73,0,0.014058167766875353,Low
1057,15798521,Tai,675,Spain,Male,33,3,0.0,2,1,0,45348.08,0,0.018355455607017408,Low
1058,15706534,Enyinnaya,581,France,Female,47,1,122949.14,1,0,0,180251.68,1,0.6799915741556538,Medium
1059,15706186,McKenzie,640,Germany,Male,33,8,81677.22,2,0,0,34925.56,0,0.030820000359344225,Low
1060,15812197,Kline,850,France,Male,38,7,80293.98,1,0,0,126555.74,0,0.1627158617945572,Low
1061,15650933,Ma,490,Spain,Female,48,8,155413.06,1,1,0,187921.3,0,0.5780348390845522,Medium
1062,15692991,Wood,710,Spain,Female,38,4,0.0,2,1,1,136390.88,0,0.032081651877765745,Low
1063,15631189,Riggs,613,Germany,Male,38,9,67111.65,1,1,0,78566.64,1,0.1751070851302838,Low
1064,15762198,Capon,812,France,Male,34,5,103818.43,1,1,1,166038.27,0,0.04061955081127106,Low
1065,15699598,Smith,723,France,Female,20,4,0.0,2,1,1,140385.33,0,0.01719202663942304,Low
1066,15692744,Davison,512,France,Male,36,4,152169.12,2,0,0,38629.3,1,0.049752177581627074,Low
1067,15688963,Ingram,731,France,Female,52,10,0.0,1,1,1,24998.75,1,0.48741386554872856,Medium
1068,15599131,Dilke,650,Germany,Male,26,4,214346.96,2,1,0,128815.33,0,0.034348728513939566,Low
1069,15680303,Gibson,594,France,Male,57,6,0.0,1,1,0,19376.56,1,0.8996155774926247,High
1070,15628674,Iadanza,844,France,Male,40,7,113348.14,1,1,0,31904.31,1,0.2132629428831811,Low
1071,15648075,Hebert,686,Germany,Female,47,5,170935.94,1,1,0,173179.79,1,0.6326445000744045,Medium
1072,15586970,Pinto,695,Germany,Male,52,8,103023.26,1,1,1,22485.64,0,0.5121803460617625,Medium
1073,15625698,Dumetochukwu,624,Spain,Female,23,6,0.0,2,0,1,196668.51,0,0.03325666187146758,Low
1074,15790497,Ross,503,Spain,Male,37,6,0.0,2,0,0,136506.86,0,0.028516587102985085,Low
1075,15682618,Jamieson,535,France,Female,31,7,111855.04,2,1,1,36278.89,0,0.04348912302895632,Low
1076,15762937,Chiganu,743,Germany,Female,32,6,140348.56,2,1,1,163254.39,0,0.07096401621018854,Low
1077,15750929,Burgess,702,Spain,Male,39,8,0.0,2,1,0,99654.13,0,0.03285249357676512,Low
1078,15729832,Cheng,658,France,Male,29,3,145512.84,1,1,0,20207.02,0,0.10527418132786767,Low
1079,15633650,Woods,677,Germany,Female,41,8,146720.98,2,1,1,4195.84,0,0.15083776010515063,Low
1080,15748856,Liang,664,France,Male,32,10,107209.73,1,1,1,112340.2,0,0.0355746720946554,Low
1081,15589195,Bluett,766,Germany,Female,38,7,130933.74,1,0,1,2035.94,0,0.28572096477445497,Low
1082,15699911,Chapman,461,Spain,Female,35,8,0.0,1,1,0,132295.95,0,0.272351505060827,Low
1083,15663438,Andrejew,688,Spain,Male,36,0,89772.3,1,1,0,177383.68,1,0.10414038874803898,Low
1084,15692583,Udobata,678,France,Female,32,5,0.0,2,1,0,90284.47,0,0.02854614391235368,Low
1085,15591257,Ejimofor,796,France,Male,24,8,0.0,2,1,0,61349.37,0,0.015919735129908633,Low
1086,15646513,Spyer,803,France,Male,42,5,0.0,1,1,0,196466.83,1,0.4540389859798021,Medium
1087,15708063,Walker,712,France,Male,36,2,100749.5,3,0,0,70758.37,1,0.7874486389696937,High
1088,15696098,Palermo,498,France,Female,31,10,0.0,2,1,0,13892.57,0,0.022467338656058943,Low
1089,15645517,Philip,850,Spain,Male,22,2,0.0,2,1,1,9684.52,0,0.010755167220684756,Low
1090,15649744,Fallaci,628,France,Female,51,3,123981.31,2,1,1,40546.15,0,0.2613190317286155,Low
1091,15604304,Perry,539,Germany,Female,34,4,91622.42,1,1,1,136603.42,0,0.17178560644537205,Low
1092,15784092,Henderson,732,France,Male,36,7,126195.81,1,1,1,133172.48,0,0.049796190516507056,Low
1093,15585198,Bergamaschi,715,France,Male,41,4,94267.9,1,0,1,152821.12,1,0.12358770174808596,Low
1094,15624347,Fokine,651,France,Male,40,4,0.0,2,1,1,147715.83,0,0.027637360293537958,Low
1095,15621687,Mackay,813,France,Male,34,0,0.0,2,1,0,43169.15,0,0.014878494412589637,Low
1096,15689081,Wu,692,France,Male,29,4,0.0,1,1,0,76755.99,1,0.13642180874754944,Low
1097,15813168,Maslova,756,Germany,Female,39,3,100717.85,3,1,1,73406.04,1,0.8702671012339053,High
1098,15604295,Wei,543,France,Male,36,6,0.0,2,1,0,176728.28,0,0.02661158888419768,Low
1099,15724127,McLean,790,France,Female,26,4,141581.71,2,0,0,98309.27,0,0.06868372779020766,Low
1100,15673055,Sung,494,Spain,Male,38,7,0.0,2,1,1,6203.66,0,0.017402288565034507,Low
1101,15768201,Paterson,850,France,Female,39,2,148586.64,1,1,1,176791.27,0,0.11358415159715264,Low
1102,15782219,Fanucci,703,Spain,Male,29,9,0.0,2,1,0,50679.48,0,0.01675698017153093,Low
1103,15746410,Thompson,432,Spain,Male,38,7,0.0,2,1,0,150580.88,0,0.03171622861035067,Low
1104,15780144,Tisdall,512,Germany,Female,32,2,123403.85,2,1,0,80120.19,0,0.10954607765579802,Low
1105,15590476,Onochie,589,France,Male,28,7,0.0,2,1,0,151645.96,0,0.01804866486576276,Low
1106,15624293,Mironova,514,France,Female,46,3,106511.85,1,1,0,55072.32,0,0.5218485133500715,Medium
1107,15618182,Ndubueze,678,France,Female,38,2,0.0,2,0,0,115068.99,0,0.0429160107395759,Low
1108,15660316,Stephenson,420,Germany,Female,34,1,135549.9,1,0,0,149471.13,1,0.5542754792135017,Medium
1109,15678886,Golubev,679,Germany,Male,38,7,110555.37,2,1,0,46522.68,0,0.11879153573326709,Low
1110,15616330,Liao,595,France,Male,31,4,0.0,2,1,0,189995.86,0,0.023005859698127986,Low
1111,15592229,Mullan,713,France,Female,52,0,185891.54,1,1,1,46369.57,1,0.46008789239359804,Medium
1112,15798424,Glover,833,Germany,Male,59,1,130854.59,1,1,1,30722.52,1,0.5438440007253724,Medium
1113,15714750,Northey,690,France,Female,42,3,92578.14,2,0,0,70810.6,0,0.14320893865899756,Low
1114,15648800,Paterson,731,Germany,Female,21,8,132312.06,1,1,0,106663.46,1,0.24811915210828933,Low
1115,15626147,Maclean,608,France,Female,62,8,144976.5,1,0,0,175836.03,1,0.8979122420229921,High
1116,15626608,Howarde,479,Spain,Male,48,5,87070.23,1,0,1,85646.41,0,0.28378043907101214,Low
1117,15723250,Teng,519,France,Male,42,8,0.0,2,1,1,101485.72,0,0.037581689270479654,Low
1118,15592583,Colman,731,France,Female,47,1,115414.19,3,0,0,191734.67,1,0.9874271851932303,High
1119,15759381,Johnson,617,Spain,Male,61,7,91070.43,1,1,1,101839.77,0,0.18471865659644712,Low
1120,15585241,Butcher,756,Spain,Male,29,2,117412.19,2,1,0,4888.91,0,0.04275756670414148,Low
1121,15589358,Stanley,848,Germany,Male,31,4,90018.45,2,1,0,193132.98,0,0.054490461424288955,Low
1122,15672704,Jackson,809,France,Female,24,4,0.0,2,1,0,193518.76,0,0.04037498378056544,Low
1123,15789955,Hu,698,Germany,Male,56,1,112414.81,2,0,0,93982.02,1,0.7845923863008754,High
1124,15596800,Hill,779,Germany,Male,33,1,158456.76,1,1,1,197000.92,1,0.08713673644667519,Low
1125,15627305,Pan,606,Spain,Male,35,7,0.0,1,1,0,106837.06,1,0.17112400284595083,Low
1126,15645316,Han,612,Germany,Female,58,1,149641.53,1,1,1,115161.28,0,0.42998838619084445,Low
1127,15593973,Wilkie,663,Spain,Female,33,8,122528.18,1,1,0,196260.3,0,0.14579939384804932,Low
1128,15647301,Bray,549,Germany,Female,45,3,143734.01,2,1,1,96404.38,0,0.2290625533444595,Low
1129,15750258,Ann,675,France,Female,32,2,155663.31,1,1,0,97658.66,0,0.13847297691513188,Low
1130,15685309,Souter,669,France,Female,35,7,0.0,1,1,1,49108.23,1,0.13037852272178285,Low
1131,15628205,Greco,571,Germany,Female,34,1,101736.66,1,0,1,195651.66,0,0.25364592333404107,Low
1132,15733974,Mao,500,Spain,Male,37,9,125822.21,1,1,0,111698.0,0,0.10259956977603138,Low
1133,15762110,Anderson,628,France,Male,37,0,0.0,2,1,1,171707.93,0,0.02083449984499428,Low
1134,15706899,Ma,559,France,Male,34,4,0.0,2,1,1,66721.98,0,0.010749448620951368,Low
1135,15732660,Black,769,France,Female,27,2,0.0,1,1,1,57876.05,0,0.10631817454151117,Low
1136,15656121,Medvedeva,733,Germany,Male,31,6,157791.07,2,0,0,177994.81,0,0.058310403485860016,Low
1137,15614220,Benson,750,France,Male,22,5,0.0,2,0,1,105125.65,0,0.010642889937446698,Low
1138,15645269,Duncan,583,France,Female,42,4,0.0,2,1,0,17439.66,0,0.06715497742553754,Low
1139,15698510,Onwudiwe,468,Germany,Male,42,9,181627.14,2,1,0,172668.39,0,0.053342131061414826,Low
1140,15569247,Mitchell,727,Spain,Female,57,1,109679.72,1,0,1,753.37,0,0.2909610130083626,Low
1141,15566251,Ferrari,618,France,Female,37,5,96652.86,1,1,0,98686.4,1,0.17547697564837508,Low
1142,15716134,Russo,617,France,Male,40,5,190008.32,2,1,1,107047.92,0,0.12663438870786684,Low
1143,15763625,Hazon,793,Spain,Male,41,9,0.0,2,1,0,152153.74,0,0.04257015699280231,Low
1144,15605965,Henderson,630,France,Male,43,9,0.0,2,1,1,34338.04,0,0.03249636668449632,Low
1145,15694821,Hardy,765,Germany,Male,43,4,148962.76,1,0,1,173878.87,1,0.32530897033232664,Low
1146,15601688,Piccio,546,France,Male,28,8,0.0,1,1,0,159254.29,0,0.1382884450831322,Low
1147,15575581,Dickson,614,Germany,Female,30,3,131344.52,2,1,0,54776.64,0,0.12140645912111359,Low
1148,15671209,Holden,593,Germany,Female,29,5,101713.84,3,1,0,134594.99,0,0.84469237818059,High
1149,15616529,Hsieh,613,Spain,Male,34,3,0.0,1,1,1,41724.72,0,0.10232145611273376,Low
1150,15773906,Doherty,655,France,Male,38,4,0.0,2,0,0,110527.71,0,0.026264247100387814,Low
1151,15722993,Page,700,France,Female,27,6,137963.07,1,0,0,8996.79,0,0.13539647849792463,Low
1152,15752463,Samuel,826,Spain,Female,29,4,129938.07,1,0,1,190200.53,0,0.0836884057200036,Low
1153,15589754,Malloy,652,Germany,Male,45,2,151421.44,1,0,1,115333.43,0,0.3693893489645418,Low
1154,15669899,Fitts,755,Germany,Female,45,7,135643.0,1,0,0,143619.52,1,0.724643348719524,Medium
1155,15766887,Iadanza,538,Spain,Male,39,2,122773.5,2,1,1,58467.08,0,0.05888085696248533,Low
1156,15768006,Wu,729,France,Male,34,3,152303.8,1,1,0,12128.69,0,0.09086352916580145,Low
1157,15741295,Yefimova,615,France,Male,49,3,0.0,2,1,1,49872.33,0,0.07471353494258431,Low
1158,15811327,Pan,700,Spain,Male,54,1,79415.67,1,0,1,139735.54,0,0.3067374682720552,Low
1159,15690007,Ts'ui,434,Germany,Female,58,9,125801.03,2,1,0,60891.8,1,0.8493073312292984,High
1160,15690664,Liang,729,Spain,Male,37,10,0.0,2,1,0,100862.54,0,0.02477031817934029,Low
1161,15719348,Tsao,513,France,Male,35,8,0.0,1,1,0,76640.29,1,0.16717811768537397,Low
1162,15781802,Abramov,755,France,Male,41,6,104817.41,1,1,0,126013.58,1,0.179963025409749,Low
1163,15752731,Millar,615,France,Female,30,9,0.0,1,1,0,87347.82,0,0.20829267373549265,Low
1164,15600997,Demuth,747,Germany,Female,32,5,67495.04,2,0,1,77370.37,0,0.030472104729502323,Low
1165,15750776,Genovese,850,France,Female,36,0,164850.54,1,1,1,62722.44,0,0.06948265649076074,Low
1166,15723907,Lawless,712,Germany,Female,49,5,154776.42,2,0,0,196257.68,0,0.4762456466268327,Medium
1167,15633419,Brooks,622,Germany,Female,28,1,143124.63,2,1,0,81723.8,0,0.09605906962217797,Low
1168,15702430,Ignatyeva,548,France,Female,35,10,0.0,1,1,1,31299.71,0,0.1254932789486928,Low
1169,15710456,Balmain,607,France,Female,27,2,0.0,2,1,0,63495.86,0,0.02563804538728538,Low
1170,15650351,Millar,653,France,Female,38,8,102133.38,1,1,1,166520.96,0,0.1224301389984148,Low
1171,15590820,Ecuyer,699,Spain,Male,26,6,79932.41,1,0,0,150242.44,0,0.1150997190929612,Low
1172,15640454,Parkhill,693,Germany,Male,40,0,120711.73,1,0,0,27345.18,1,0.49276012724964485,Medium
1173,15697789,Li Fonti,647,Germany,Female,43,3,122717.53,2,1,1,87000.39,0,0.22833991162307885,Low
1174,15808182,Beneventi,478,Spain,Female,36,3,92363.3,2,1,0,44912.7,0,0.07081051807301769,Low
1175,15588670,Despeissis,705,Spain,Female,40,5,203715.15,1,1,0,179978.68,1,0.8562077559446748,High
1176,15721292,Atkins,719,Spain,Male,39,5,0.0,2,1,0,145759.7,0,0.033783968073682905,Low
1177,15604217,Williams,726,France,Male,34,9,0.0,2,0,0,14121.61,0,0.013332703357893263,Low
1178,15651369,Wright,626,France,Male,21,1,0.0,2,1,0,66232.23,0,0.012422556210911201,Low
1179,15782454,Hancock,552,France,Male,49,4,0.0,1,1,1,190296.76,1,0.5134147562136657,Medium
1180,15814032,Hsieh,807,Germany,Female,31,1,93460.47,2,0,0,172782.69,0,0.08689846458711738,Low
1181,15570326,Wilkins,621,France,Male,34,6,0.0,2,1,1,99128.13,0,0.0118917581103836,Low
1182,15624428,Longo,651,Germany,Female,24,7,40224.7,1,1,1,178341.33,0,0.08094712290208848,Low
1183,15755638,Mancini,673,France,Female,43,5,168069.73,1,1,1,146992.24,1,0.30193213450038536,Low
1184,15600992,Madukaego,652,France,Male,36,1,0.0,2,1,1,151314.98,0,0.013792996886902763,Low
1185,15755649,Winter-Irving,584,Germany,Male,47,7,130538.77,1,1,0,92915.84,0,0.7203501728419806,Medium
1186,15795228,Stewart,756,France,Male,37,3,132623.6,1,1,1,58974.0,0,0.06541991961750108,Low
1187,15589257,Grant,670,France,Female,35,3,103465.02,2,1,1,174627.06,0,0.06347927378857031,Low
1188,15719302,Brennan,765,France,Female,50,9,126547.8,1,1,1,79579.94,1,0.3371388418222174,Low
1189,15639882,She,528,France,Male,30,2,128262.72,2,1,0,50771.16,0,0.04628222493933809,Low
1190,15791279,Murray,701,France,Male,40,5,169742.64,1,1,1,153537.55,1,0.1329011265447366,Low
1191,15636935,Rischbieth,797,France,Female,29,1,0.0,2,1,1,132975.39,0,0.016259691367200752,Low
1192,15686909,Lung,639,Germany,Male,27,3,150795.81,1,0,1,85208.93,0,0.10616385873880169,Low
1193,15589572,Otutodilichukwu,785,Spain,Female,61,4,129855.72,2,1,0,170214.82,1,0.7995916741282132,High
1194,15779947,Thomas,363,Spain,Female,28,6,146098.43,3,1,0,100615.14,1,0.9673547336920559,High
1195,15573769,Fiorentini,764,France,Female,24,7,0.0,2,1,0,186105.99,0,0.03953310397172777,Low
1196,15578866,Hughes,676,France,Female,43,2,0.0,1,1,1,55119.53,0,0.3228931501954803,Low
1197,15739131,Whitworth,718,Germany,Male,28,4,65643.3,1,1,0,28760.99,0,0.10148778562043563,Low
1198,15813444,McIntosh,590,Spain,Female,34,6,0.0,2,1,0,171021.44,0,0.04252829786294295,Low
1199,15678058,Ayers,584,France,Male,38,9,104584.16,1,1,0,176678.72,0,0.136356331696306,Low
1200,15769169,Trentino,645,France,Male,41,7,0.0,1,0,1,28667.56,0,0.19240788173798165,Low
1201,15804602,Boyd,772,Germany,Male,30,6,99785.28,2,0,0,197238.03,0,0.0780715135400041,Low
1202,15651052,McMasters,399,Germany,Male,46,2,127655.22,1,1,0,139994.68,1,0.9421394003491588,High
1203,15724334,Alekseyeva,529,France,Male,22,5,0.0,1,1,0,151169.83,0,0.15988416457517857,Low
1204,15569451,Miller,463,France,Male,35,2,101257.16,1,1,1,118113.64,0,0.0505635200226403,Low
1205,15650098,Baranova,630,France,Female,40,7,0.0,2,1,1,34453.17,0,0.037080443174972666,Low
1206,15724307,Mitchell,780,France,Male,76,10,121313.88,1,0,1,64872.33,0,0.01831142151960154,Low
1207,15599268,Yobachi,584,Spain,Male,32,5,0.0,2,1,0,10956.82,0,0.01607275704650901,Low
1208,15594864,Huang,752,Germany,Male,30,4,81523.38,1,1,1,36885.85,0,0.06249920444740438,Low
1209,15616451,Genovese,697,France,Female,47,6,128252.66,1,1,1,168053.4,0,0.33182155258462176,Low
1210,15715667,Sorokina,850,France,Female,32,7,0.0,2,0,0,155227.0,0,0.03225637323121766,Low
1211,15658969,Gray,711,France,Male,51,7,0.0,3,1,0,38409.79,1,0.9263276176178067,High
1212,15738174,Ervin,452,France,Female,32,5,0.0,2,0,1,75279.39,0,0.018657949264950815,Low
1213,15813590,Vance,610,Spain,Male,42,6,0.0,2,1,0,158302.59,1,0.0545371715274262,Low
1214,15624229,Noble,694,France,Female,22,4,0.0,2,1,1,11525.72,0,0.016019460962413877,Low
1215,15674148,Milanesi,579,Spain,Male,33,6,0.0,1,1,0,94993.04,1,0.1562992200752293,Low
1216,15625080,Parkin,745,Spain,Female,54,8,0.0,1,1,0,173912.29,1,0.9253075083927502,High
1217,15682528,Cremonesi,572,France,Male,33,5,0.0,1,0,1,41139.05,0,0.08068054870192969,Low
1218,15696900,Burns,505,Germany,Male,29,3,145541.56,2,1,1,58019.95,0,0.05158966390247148,Low
1219,15730038,Docherty,706,France,Female,23,5,0.0,1,0,0,164128.41,1,0.26695330909686016,Low
1220,15812272,Ugonna,693,Germany,Male,44,5,124601.58,2,1,1,46998.13,1,0.18560460075179708,Low
1221,15654654,L?,725,Germany,Female,33,7,115182.84,2,1,1,177279.41,0,0.08401451765570563,Low
1222,15697625,Bevan,791,France,Male,37,2,163789.49,2,1,0,75832.53,0,0.0634786157655465,Low
1223,15616280,Hsia,536,France,Male,46,1,65733.41,1,1,0,61094.53,0,0.5271135346516936,Medium
1224,15654229,O'Neill,699,Spain,Male,47,1,0.0,2,0,1,30117.44,0,0.07228300591836172,Low
1225,15628298,Johnstone,500,Spain,Female,47,8,128486.11,1,1,0,179227.12,0,0.5556233887075607,Medium
1226,15733387,Pham,707,Spain,Female,53,6,109663.47,1,1,1,52110.45,0,0.27402395214268604,Low
1227,15775572,Bergamaschi,531,Germany,Female,42,6,88324.31,2,1,0,75248.75,0,0.1898871249358067,Low
1228,15613844,Murphy,557,France,Female,28,7,146445.24,2,1,0,184317.74,0,0.07732444494610609,Low
1229,15578515,Osinachi,659,France,Female,38,3,0.0,2,1,0,158553.1,0,0.05325425123922328,Low
1230,15607598,Muravyov,575,Spain,Female,31,6,0.0,2,1,1,95686.42,0,0.01830966593449612,Low
1231,15742480,Igwebuike,775,Germany,Male,36,2,109949.05,2,0,1,71682.54,0,0.06919212280546774,Low
1232,15749482,Zack,772,Spain,Male,30,4,78653.05,1,1,0,1790.48,0,0.10193809909563321,Low
1233,15607537,Crawford,587,Germany,Male,46,9,107850.82,1,1,0,139431.0,1,0.7015109154841787,Medium
1234,15575410,Chidiegwu,667,Germany,Female,39,4,83765.35,2,1,0,118358.54,0,0.10727591320476176,Low
1235,15684865,Lucchesi,771,France,Female,66,7,143773.07,1,1,1,130827.88,0,0.11977656436907537,Low
1236,15600700,Pan,523,Germany,Male,63,6,116227.27,1,1,1,119404.63,0,0.3579090083173652,Low
1237,15774155,Trevisani,662,Germany,Male,33,0,103471.52,1,1,1,162703.0,0,0.10890239303786095,Low
1238,15634267,Yudin,717,France,Male,42,5,0.0,2,1,0,172665.21,0,0.05805045244074246,Low
1239,15619626,Wade,746,France,Male,24,3,137492.35,2,0,1,170142.09,0,0.02936199991569377,Low
1240,15660422,Chung,569,France,Male,28,7,0.0,2,1,0,73977.23,0,0.01528795266725633,Low
1241,15617934,Septimus,579,France,Male,36,9,129829.59,1,1,1,60906.12,0,0.05716009795142883,Low
1242,15760774,Hargraves,519,France,Female,21,1,146329.57,2,1,1,194867.27,0,0.029223546643464268,Low
1243,15813132,Chukwukadibia,696,Germany,Male,30,4,114027.7,1,1,1,193716.56,0,0.14303586613891664,Low
1244,15593331,Sidorov,693,Germany,Male,25,6,146580.69,1,0,1,14633.35,0,0.12092066642472915,Low
1245,15616709,Bunton,587,Germany,Female,38,0,132122.42,2,0,0,31730.32,0,0.1834036959544866,Low
1246,15658052,Cameron,626,France,Female,44,10,81553.93,1,1,0,20063.63,1,0.4756637807351568,Medium
1247,15721189,Kung,666,France,Female,66,7,0.0,2,1,1,99792.82,0,0.026169655433647583,Low
1248,15711288,Hay,512,France,Male,24,6,0.0,2,1,0,37654.31,0,0.015472121466688773,Low
1249,15770030,Conti,689,Spain,Female,28,3,0.0,2,1,1,192449.02,0,0.025215960958164432,Low
1250,15803681,Sims,803,France,Female,26,4,0.0,2,1,1,181208.47,0,0.021127487168068945,Low
1251,15702789,Carter,548,Germany,Male,32,5,175214.71,1,1,1,155165.61,0,0.033394308089039336,Low
1252,15814930,McGregor,588,Germany,Female,40,10,125534.51,1,1,0,121504.18,1,0.5100573993920152,Medium
1253,15658306,Lo,693,France,Male,68,4,97705.99,1,1,1,61569.07,0,0.05889603290600725,Low
1254,15699523,Chu,499,Germany,Female,55,4,126817.65,2,1,0,123269.71,0,0.8140730684063645,High
1255,15610383,Dumetolisa,628,France,Female,46,1,46870.43,4,1,0,31272.14,1,0.9724418079963392,High
1256,15615032,Peng,624,Spain,Male,46,3,0.0,2,1,1,62825.03,0,0.05952044627624456,Low
1257,15781989,Drake-Brockman,733,France,Male,42,9,120094.93,1,1,0,184056.45,0,0.2479705196458719,Low
1258,15647402,Wan,628,France,Female,38,3,0.0,2,1,1,48924.73,0,0.02902318372092784,Low
1259,15740494,Cameron,633,France,Female,33,3,0.0,2,1,0,191111.02,0,0.04324508685714419,Low
1260,15701265,Tretiakov,559,Germany,Female,36,1,104356.94,2,0,1,54184.06,0,0.10484514928902894,Low
1261,15743532,Ball,704,Germany,Male,27,5,147004.34,1,1,0,64381.33,1,0.22666706336666265,Low
1262,15794870,Sal,744,Germany,Male,38,6,73023.17,2,1,0,78770.86,0,0.054086760785932074,Low
1263,15747591,Chung,665,Spain,Female,40,1,173432.55,1,0,1,116766.79,0,0.1973978966176778,Low
1264,15726557,Lai,638,France,Female,42,7,165679.92,1,0,0,32916.29,0,0.31533990144244284,Low
1265,15732199,Gether,837,Spain,Male,31,9,104678.62,1,0,1,50972.6,0,0.042776226753924576,Low
1266,15662291,Davidson,534,France,Female,55,8,116973.26,3,1,0,122066.5,1,0.9970275385059394,High
1267,15749050,Justice,548,France,Female,36,3,0.0,1,1,0,65996.9,0,0.2342896589295465,Low
1268,15781586,Osonduagwuike,837,Germany,Male,38,2,126732.85,1,1,1,79577.38,0,0.18448727619420702,Low
1269,15617078,Ewing,658,France,Female,44,6,148481.09,1,1,0,130529.13,0,0.3952328904016438,Low
1270,15723339,Chin,554,France,Female,38,4,137654.05,2,1,1,172629.67,0,0.09084603814316462,Low
1271,15671322,Chiang,724,Germany,Male,30,7,115315.04,1,1,0,15216.53,0,0.24323677875546298,Low
1272,15793854,Ahmed,723,France,Male,42,2,99095.73,1,1,1,17512.53,0,0.12594223985320183,Low
1273,15756539,Marshall,585,Germany,Female,39,7,165610.41,2,0,0,131852.01,0,0.12496590263610362,Low
1274,15612064,Tsou,474,France,Male,33,5,0.0,2,1,0,181945.52,1,0.02559488207690247,Low
1275,15625916,Chien,562,Spain,Male,32,6,161628.66,1,1,0,91482.5,0,0.10592822244617121,Low
1276,15683195,Ubanwa,719,France,Male,32,9,146605.27,1,1,1,77119.45,0,0.0419539787086715,Low
1277,15690182,Kapustin,635,Germany,Male,37,5,113488.68,1,1,0,95611.74,1,0.28920512601569315,Low
1278,15721719,Calabresi,743,France,Male,42,7,77002.2,2,1,1,80428.42,0,0.04969286917508812,Low
1279,15641690,Hsiao,681,Spain,Male,67,7,0.0,2,0,1,163714.92,0,0.018692353862114323,Low
1280,15634896,Grant,521,France,Female,39,6,0.0,2,0,1,27375.15,0,0.037096503629265976,Low
1281,15671590,H?,741,Spain,Male,25,4,0.0,2,1,1,73873.65,0,0.009572864232509196,Low
1282,15779182,Chia,790,Spain,Male,46,8,182364.53,1,0,0,139266.48,1,0.5993602568988103,Medium
1283,15778287,Ugoji,622,France,Male,35,8,0.0,2,1,1,131772.51,0,0.012972547502712003,Low
1284,15609510,Gregory,669,France,Male,45,7,149364.58,1,0,1,173454.07,0,0.1730302244552112,Low
1285,15742229,Mackay,583,France,Male,59,7,127450.14,1,0,1,67552.71,0,0.18794879145268478,Low
1286,15658532,Nnamutaezinwa,520,Spain,Female,63,5,162278.32,1,1,1,34765.33,0,0.1722604439773947,Low
1287,15590993,Findlay,579,Spain,Male,37,5,152212.88,2,0,0,120219.14,0,0.05148602812388247,Low
1288,15565701,Ferri,698,Spain,Female,39,9,161993.89,1,0,0,90212.38,0,0.2177679736191534,Low
1289,15597239,Ku,548,Spain,Male,39,7,131468.44,1,1,0,164975.82,0,0.1402932883554238,Low
1290,15688880,Amechi,672,Germany,Male,40,10,102980.44,1,1,0,1285.81,1,0.4426641680083646,Low
1291,15813917,Kirk,653,Germany,Male,31,9,143321.97,1,1,0,83679.46,0,0.2054779561928886,Low
1292,15679611,Andrews,734,Spain,Female,37,2,130404.92,1,0,0,34548.74,0,0.16995155326453343,Low
1293,15636589,Murray,794,France,Female,41,7,0.0,2,1,1,74275.08,0,0.036703774035636655,Low
1294,15687752,Griffin,641,France,Male,30,2,87505.47,2,0,1,7278.57,0,0.02330002876218101,Low
1295,15584363,Longstaff,824,France,Male,30,0,133634.02,1,1,1,162053.92,0,0.030055083615012242,Low
1296,15737748,McWilliam,534,Spain,Female,33,3,151233.62,1,0,0,199336.63,0,0.11592022434210043,Low
1297,15803365,Coffee,653,Spain,Male,55,2,70263.83,1,0,1,62347.71,0,0.28304949777543825,Low
1298,15793247,Hancock,498,France,Male,34,5,0.0,2,1,1,91711.66,0,0.012402102567494999,Low
1299,15572360,Clark,683,France,Male,30,10,57657.49,1,0,0,79240.9,0,0.09659244433319551,Low
1300,15795166,Creswell,618,Germany,Male,42,8,153572.31,2,1,1,76679.6,0,0.11422234796159014,Low
1301,15724620,Dodds,538,France,Male,37,1,134752.08,1,1,0,162511.55,0,0.12226623693121808,Low
1302,15800856,Ewen,643,Spain,Male,34,3,83132.09,1,1,1,21360.88,0,0.0652835492358692,Low
1303,15671097,Carter,428,France,Female,31,2,0.0,2,1,0,54487.43,0,0.02316892616769799,Low
1304,15683930,Ch'iu,593,Germany,Female,32,9,134096.53,2,1,0,53931.05,1,0.11181430849257883,Low
1305,15749004,Tsao,718,France,Female,31,0,118100.59,2,1,0,103165.15,0,0.0663117989084052,Low
1306,15800434,Burgess,811,Germany,Male,52,10,76915.4,1,0,0,146359.81,1,0.7313840792861463,Medium
1307,15709117,Fanucci,823,Spain,Female,46,3,81576.75,1,1,1,28370.95,1,0.38076902734633117,Low
1308,15638806,Blackburn,645,Spain,Male,49,2,0.0,2,0,0,10023.15,0,0.16761253712808677,Low
1309,15662294,Bennett,710,France,Male,33,10,118327.17,2,1,1,192928.82,0,0.020381538609099272,Low
1310,15690079,Boniwell,591,Spain,Male,30,8,124857.69,2,0,0,50485.7,0,0.04073951958564524,Low
1311,15759317,Vasilieva,748,Germany,Female,27,2,90971.85,1,1,1,131662.47,0,0.1496223847321397,Low
1312,15750497,Longo,850,France,Female,37,7,153147.75,1,1,1,152235.3,0,0.08057685341415675,Low
1313,15596181,Kwemto,542,France,Male,38,8,65942.26,1,1,1,68093.23,1,0.10053761951857511,Low
1314,15576602,Lawrence,809,France,Male,38,3,0.0,2,1,1,80061.31,0,0.014455878862927827,Low
1315,15644833,Duncan,675,France,Male,54,2,0.0,1,1,0,149583.67,1,0.8713086210143146,High
1316,15734634,Bocharova,607,Spain,Female,27,5,100912.19,1,0,0,7631.27,0,0.11652997428734393,Low
1317,15808689,Morres,850,France,Female,31,4,0.0,2,1,1,33082.81,0,0.01410755015235001,Low
1318,15720702,Shih,789,France,Male,37,3,0.0,1,1,0,121883.87,1,0.19744312554424173,Low
1319,15665077,Vogel,598,France,Female,43,5,0.0,3,1,1,100722.72,1,0.7720159817088491,High
1320,15763612,T'an,756,Germany,Male,41,2,124439.49,2,0,1,47093.11,0,0.13740324880303356,Low
1321,15596493,Wisdom,687,France,Female,47,7,0.0,2,1,1,177624.01,0,0.11105707644003023,Low
1322,15704483,Lorenzo,724,France,Male,40,6,0.0,2,0,0,106149.48,0,0.03813062378258763,Low
1323,15598846,Shahan,700,France,Female,44,2,58781.76,1,1,0,16874.92,0,0.515923836900468,Medium
1324,15629244,Bryant,635,Spain,Male,50,7,159453.64,2,0,0,54560.79,1,0.4388758835186305,Low
1325,15765537,Liang,687,Germany,Male,26,2,142721.52,1,1,1,153605.75,0,0.09974842058284564,Low
1326,15729975,Chidozie,613,France,Female,46,8,167795.6,1,0,1,44390.38,0,0.32770727678633704,Low
1327,15682773,Hayward,781,France,Female,38,3,128345.69,2,1,0,63218.85,0,0.10813572316211141,Low
1328,15688007,Liu,703,Spain,Male,20,3,165260.98,1,1,1,41626.78,0,0.04000400688943093,Low
1329,15574331,Alexeeva,593,Germany,Female,62,3,118233.81,1,0,1,24765.53,1,0.5447624592280444,Medium
1330,15645572,Calabresi,743,France,Female,40,6,0.0,1,1,0,28280.8,1,0.397118025048463,Low
1331,15742854,Lettiere,640,Spain,Female,46,8,0.0,2,1,0,89043.19,0,0.15238965013779307,Low
1332,15575417,Chou,849,Germany,Male,37,7,143452.74,2,1,1,17294.12,0,0.08257093208220902,Low
1333,15796721,Nnamutaezinwa,778,France,Male,38,3,145018.49,2,1,1,126702.41,0,0.04019618732558482,Low
1334,15734942,Nnamutaezinwa,539,Germany,Female,38,8,82407.51,1,1,0,13123.41,0,0.2616682397048595,Low
1335,15664772,Greece,489,Germany,Male,28,1,79460.98,2,1,1,167973.63,0,0.021298462614889685,Low
1336,15576683,Yin,568,Spain,Female,43,9,0.0,1,1,0,125870.79,1,0.5290628029859087,Medium
1337,15682563,Larionova,618,Spain,Male,38,5,126473.99,1,1,0,91972.49,0,0.13034670675848584,Low
1338,15650889,Golubev,710,Germany,Female,30,10,133537.1,2,1,0,155593.74,0,0.11628103449775169,Low
1339,15612108,Norman,625,France,Male,52,5,164978.01,1,1,1,67788.49,0,0.25815293462358213,Low
1340,15761132,Capon,682,Spain,Male,46,7,128029.72,1,1,1,62615.35,0,0.1806820324097718,Low
1341,15645511,Chukwudi,727,Spain,Male,43,2,97403.18,1,1,1,107415.02,1,0.15015706213578509,Low
1342,15609824,Fedorov,794,France,Female,41,7,176845.41,3,1,0,166526.26,1,0.9777202716613744,High
1343,15640268,Avdeeva,652,Spain,Male,71,4,0.0,1,1,1,120107.1,0,0.1053036571997845,Low
1344,15645778,Reid,670,Spain,Male,42,3,81589.04,1,1,0,188227.8,0,0.29611320039131195,Low
1345,15691104,Kennedy,460,Germany,Female,40,6,119507.58,2,1,0,91560.63,1,0.18680857511951904,Low
1346,15714567,Chan,568,Spain,Female,26,6,0.0,2,0,0,166495.2,0,0.04185890606666323,Low
1347,15777826,Wofford,643,France,Male,30,5,94443.77,1,1,1,165614.4,0,0.04737863228165164,Low
1348,15668445,Mai,521,France,Male,37,2,0.0,2,1,1,86372.24,0,0.018795830363247883,Low
1349,15576162,King,615,France,Male,32,7,92199.84,1,1,1,2755.53,0,0.046265000302732416,Low
1350,15778135,T'ao,575,Spain,Male,43,3,0.0,1,1,0,83594.51,0,0.42402140371614333,Low
1351,15613141,Hsu,717,France,Female,41,3,135756.96,1,1,1,103706.41,0,0.13498208590498378,Low
1352,15635435,White,648,France,Female,54,9,120633.42,1,0,0,5924.38,1,0.8249921368477438,High
1353,15596552,Stephens,535,Germany,Male,48,5,134542.73,1,1,1,58203.67,1,0.5384336941208542,Medium
1354,15623644,Frolov,626,Spain,Male,29,7,0.0,2,1,0,49361.84,0,0.017346937543690887,Low
1355,15683403,Lombardi,611,Spain,Male,52,7,0.0,1,0,1,73585.18,1,0.4209222460835644,Low
1356,15615029,Munro,734,Spain,Male,39,6,0.0,1,1,1,95135.27,0,0.14702695330298782,Low
1357,15769005,Hayward,709,France,Male,49,4,154344.49,2,1,1,38794.57,0,0.16193073887791232,Low
1358,15746326,Fields,591,France,Male,43,3,0.0,2,0,1,198926.36,0,0.06598854823628796,Low
1359,15722364,Onwumelu,664,France,Male,43,9,189026.53,2,1,1,56099.86,0,0.1940261716071116,Low
1360,15704954,Suffolk,431,France,Male,37,0,120764.08,1,1,1,117023.08,0,0.06007225402181137,Low
1361,15694409,Tsao,647,Germany,Female,22,3,97975.82,2,0,1,62083.0,0,0.0652423530797689,Low
1362,15754068,Judd,578,France,Male,32,4,0.0,2,1,1,141822.8,0,0.011914591535781305,Low
1363,15683841,Hamilton,555,Germany,Male,41,10,113270.2,2,1,1,185387.14,0,0.11807677409146221,Low
1364,15789095,T'ang,775,Spain,Male,30,4,0.0,2,0,1,57461.13,0,0.011294660200727788,Low
1365,15719958,Degtyarev,850,Germany,Male,39,3,124548.99,2,1,1,120380.12,0,0.08010547538247953,Low
1366,15689514,Kang,625,France,Male,43,8,201696.07,1,1,0,133020.9,1,0.7083074747188839,Medium
1367,15621353,Hudson,645,Spain,Female,37,7,0.0,2,1,0,13589.93,0,0.035556514182501345,Low
1368,15627232,Jibunoh,608,Germany,Male,44,7,114203.47,1,1,1,77830.36,1,0.38115060092438385,Low
1369,15745843,Kinlaw,689,Spain,Female,31,4,0.0,2,1,1,136610.02,0,0.020841797468351384,Low
1370,15722902,Chizuoke,652,Germany,Male,50,8,125437.64,1,1,1,17160.94,1,0.5590767569879708,Medium
1371,15791767,Lucciano,769,France,Female,26,7,0.0,2,1,0,176843.53,0,0.03749733767270306,Low
1372,15792722,Omeokachie,611,France,Female,43,8,64897.75,1,1,0,114996.33,0,0.4313947258433533,Low
1373,15723006,Gorbunova,489,France,Male,38,8,0.0,2,0,1,196990.79,0,0.037846187135594456,Low
1374,15771942,Tikhonov,528,Germany,Female,46,9,135555.66,1,1,0,133146.03,1,0.7599248041692838,High
1375,15774738,Campa,632,France,Male,44,3,107764.75,1,1,0,185667.72,0,0.32379146919976826,Low
1376,15574004,Mancini,429,France,Female,27,6,117307.44,2,1,1,24020.49,0,0.04011148838244818,Low
1377,15587233,Donoghue,457,France,Male,41,8,73700.12,3,1,1,185750.02,1,0.8464222710074387,High
1378,15808228,Tuan,768,Spain,Female,44,6,60603.4,1,1,1,178045.97,0,0.3251027713373293,Low
1379,15682834,Johnstone,715,Spain,Female,35,4,40169.88,2,1,1,199857.47,0,0.02680227980567853,Low
1380,15571752,Romani,668,Germany,Female,32,10,92041.87,1,1,1,43595.9,0,0.14276495866311573,Low
1381,15743067,Fuller,625,Germany,Male,26,3,130483.95,1,1,0,122810.53,0,0.2102932327834708,Low
1382,15714466,Baxter,846,France,Female,41,5,0.0,3,1,0,3440.47,1,0.6029757245249857,Medium
1383,15617982,Pirozzi,661,Spain,Female,42,3,0.0,2,1,0,35989.41,0,0.07331321203524996,Low
1384,15696637,Sung,571,France,Female,23,10,151097.28,1,0,1,17163.75,0,0.06458787348572938,Low
1385,15690647,Rogers,582,Spain,Female,46,8,67563.31,1,1,0,44506.09,1,0.584133058415534,Medium
1386,15672756,Mills,716,France,Female,35,8,112808.18,1,0,1,17848.3,0,0.08573811595848345,Low
1387,15704586,Osonduagwuike,758,France,Female,42,7,0.0,2,0,1,76209.56,0,0.046594500732490295,Low
1388,15674526,Byrne,725,France,Male,66,4,86459.8,1,1,1,141476.56,0,0.09661709970035216,Low
1389,15775295,McIntyre,630,France,Female,40,0,118633.08,1,0,1,60032.46,1,0.190232347569596,Low
1390,15684196,Aitken,627,France,Female,55,2,159441.27,1,1,0,100686.11,1,0.852543907563358,High
1391,15727281,Macintyre,653,France,Female,27,9,0.0,2,1,0,96429.29,0,0.027930325603684025,Low
1392,15787835,Simpson,775,Germany,Female,38,4,125212.65,2,1,1,15795.88,1,0.13964923437449908,Low
1393,15730540,Simpson,794,Spain,Male,45,8,88656.37,2,1,0,116547.31,0,0.180188638291085,Low
1394,15646276,Metcalfe,831,France,Female,32,2,146033.62,1,1,0,191260.74,0,0.1274942794080535,Low
1395,15582180,Lees,561,France,Male,29,9,120268.13,1,1,1,173870.39,0,0.04607414566871474,Low
1396,15697095,Zetticci,705,Spain,Male,46,7,0.0,2,1,0,117273.35,0,0.11091168698389725,Low
1397,15748797,Dale,636,Spain,Female,33,0,0.0,1,1,0,92277.47,1,0.20700368251561824,Low
1398,15754796,Byrne,487,Germany,Female,46,4,135070.58,2,1,1,44244.49,1,0.30618320042007724,Low
1399,15628947,Praed,693,France,Female,38,3,0.0,2,0,0,78133.48,1,0.04225369075360138,Low
1400,15775546,Laurens,517,Spain,Female,29,5,0.0,2,1,0,103402.88,0,0.03054461524335119,Low
1401,15670481,Woods,684,France,Female,27,9,122550.05,2,0,1,137835.82,0,0.04939313422050093,Low
1402,15619029,Bykov,620,Spain,Female,43,2,0.0,2,1,0,20670.1,0,0.09235079649159075,Low
1403,15613282,Vorobyova,757,France,Male,29,8,130306.49,1,1,0,77469.38,0,0.08213349829842029,Low
1404,15721487,Pirogova,739,France,Female,27,6,0.0,1,1,1,57572.38,0,0.10455370576495795,Low
1405,15797276,Sturt,662,Spain,Female,41,4,90350.77,1,1,0,75884.65,1,0.2717209465562607,Low
1406,15612494,Panicucci,359,France,Female,44,6,128747.69,1,1,0,146955.71,1,0.7775356792316587,High
1407,15629617,Cook,572,Spain,Male,23,2,126873.52,1,0,1,67040.12,0,0.05222230009256104,Low
1408,15600821,Hardy,721,France,Male,69,2,108424.19,1,1,1,178418.35,0,0.057375354210293265,Low
1409,15579062,Chu,707,France,Male,32,9,0.0,2,0,0,30807.02,0,0.013492594385366421,Low
1410,15814268,Franklin,444,France,Female,40,5,84350.07,1,1,0,143835.76,0,0.3678172495495275,Low
1411,15710164,P'eng,523,France,Female,73,7,0.0,2,0,0,130883.9,1,0.13551940504784624,Low
1412,15693904,Chiang,685,Germany,Female,30,4,84958.6,2,0,1,194343.72,0,0.04773299780941738,Low
1413,15588986,Grant,673,Germany,Female,29,4,99097.36,1,1,1,9796.69,0,0.1788657983269885,Low
1414,15797733,Udobata,503,Germany,Male,30,10,136622.55,2,0,0,47310.24,0,0.07561553902740081,Low
1415,15620507,Siciliani,485,Germany,Female,30,5,156771.68,1,1,1,141148.21,0,0.1375836487349924,Low
1416,15685150,Evans,799,Germany,Male,28,7,167658.33,2,1,1,111138.25,0,0.030895691599428562,Low
1417,15667651,Young,585,Spain,Female,33,8,0.0,2,1,0,114182.07,0,0.0304984143722925,Low
1418,15774166,Mitchell,607,Germany,Female,24,2,109483.54,2,0,1,127560.77,0,0.07407189185939647,Low
1419,15649280,Lucchese,521,Germany,Female,40,9,134504.78,1,1,0,18082.06,0,0.5124252074980453,Medium
1420,15705657,Hewitt,535,France,Female,44,2,114427.86,1,1,1,136330.26,0,0.2656170383495483,Low
1421,15753969,K'ung,724,Spain,Male,45,5,83888.54,1,0,1,34121.81,0,0.21127010035672722,Low
1422,15742378,Swaim,520,Germany,Male,32,5,110029.77,1,1,0,56246.69,0,0.26231290706299687,Low
1423,15794874,Quinones,696,Spain,Male,41,9,127523.75,1,0,1,191417.42,0,0.11776809476175655,Low
1424,15589221,Kennedy,657,Germany,Male,30,1,139762.13,2,1,1,23317.88,0,0.051796356915920404,Low
1425,15596671,Endrizzi,603,Spain,Female,42,8,91611.12,1,0,0,144675.3,1,0.38135882327283066,Low
1426,15583668,Ludowici,726,France,Female,42,2,109471.79,1,0,1,175161.05,0,0.2519856546071194,Low
1427,15710206,Larson,591,France,Female,39,4,150500.64,1,1,0,14928.8,0,0.20378634111485963,Low
1428,15799966,Chigolum,792,Germany,Female,59,9,101609.77,1,0,0,161479.19,1,0.9610887513120172,High
1429,15794560,Maclean,550,France,Male,57,5,0.0,1,1,1,133501.94,0,0.3100283665653351,Low
1430,15626485,Lu,601,France,Female,26,8,78892.23,1,1,1,23703.52,0,0.07657483025766382,Low
1431,15703143,Tuan,820,France,Female,29,3,82344.84,1,0,1,115985.38,0,0.07591740158465932,Low
1432,15809772,Glover,667,France,Male,48,2,0.0,1,1,0,43229.2,0,0.6625750680570157,Medium
1433,15687959,Landman,573,Spain,Female,44,4,0.0,1,1,1,94862.93,0,0.3673327671785637,Low
1434,15585282,Trevisano,755,France,Male,62,1,127706.33,2,0,1,142377.69,0,0.1535315688594222,Low
1435,15714993,Longo,552,France,Female,41,9,124349.34,1,1,0,135635.25,0,0.2694108063052055,Low
1436,15596021,K?,598,Spain,Male,44,8,0.0,2,1,0,148487.9,0,0.07483532738318747,Low
1437,15646615,Muir,576,Germany,Male,28,1,119336.29,2,0,1,58976.85,0,0.058904632572662645,Low
1438,15742632,Alexeyeva,670,France,Female,31,9,0.0,1,0,1,76254.83,0,0.11755869012174577,Low
1439,15574068,Norman,504,Germany,Male,56,9,104217.3,1,0,0,55857.48,1,0.9368857833594144,High
1440,15806967,Simmons,778,France,Female,65,7,0.0,1,1,1,77867.23,0,0.22488460362738924,Low
1441,15796334,Chukwualuka,558,Germany,Male,39,10,144757.02,1,1,0,22878.16,1,0.36383493201650896,Low
1442,15688713,McCall,627,Spain,Male,44,6,0.0,1,1,1,114469.55,0,0.2848753848811105,Low
1443,15796179,Moore,683,France,Male,43,8,0.0,1,1,0,96754.8,0,0.38454547222741003,Low
1444,15598751,Ingram,556,France,Female,43,6,0.0,3,0,0,125154.57,1,0.8317417377067589,High
1445,15703019,Okeke,583,France,Female,38,10,0.0,2,0,1,113597.64,0,0.03416074279902367,Low
1446,15646302,Shao,705,France,Female,24,7,100169.51,1,1,0,121408.55,0,0.12686307727763116,Low
1447,15680855,Iloabuchi,637,France,Male,33,2,145731.83,1,0,1,109219.43,0,0.055138383528421424,Low
1448,15697311,Nebechukwu,697,Spain,Male,56,5,110802.03,1,1,1,50230.31,1,0.17600927878244074,Low
1449,15585367,Diribe,555,Germany,Female,46,4,120392.99,1,1,0,177719.88,1,0.7895416880324202,High
1450,15726556,Macgroarty,594,Germany,Female,26,6,135067.52,2,0,0,131211.86,0,0.09706123266919495,Low
1451,15676242,Artemova,632,Spain,Male,31,3,136556.44,1,1,0,82152.83,1,0.09753614399027176,Low
1452,15684198,McDonald,551,France,Female,38,10,0.0,2,1,1,216.27,0,0.02496583937861386,Low
1453,15774882,Mazzanti,687,France,Female,35,3,99587.43,1,1,1,1713.1,1,0.08482476427202656,Low
1454,15714227,Kelly,672,France,Female,53,7,0.0,1,1,1,136910.18,0,0.4561566110232027,Medium
1455,15608653,Davison,521,Spain,Female,34,7,70731.07,1,1,1,20243.97,1,0.11288645068795612,Low
1456,15784280,Reilly,686,Germany,Male,35,2,109342.82,2,0,1,86043.27,0,0.05996514758321859,Low
1457,15789546,Ojiofor,639,Spain,Male,28,8,0.0,2,1,0,126561.07,0,0.01645733682321828,Low
1458,15590320,Shelton,850,France,Male,66,4,0.0,2,0,1,64350.8,0,0.01951087774658784,Low
1459,15678385,Lange,465,France,Male,25,2,78247.31,2,1,1,10472.31,0,0.016388638635809118,Low
1460,15571778,Trentini,817,France,Female,55,10,117561.49,1,1,0,95941.55,1,0.8257320460037528,High
1461,15657085,Gardiner,578,France,Male,23,10,88980.32,1,1,1,125222.36,0,0.04370952287826285,Low
1462,15640627,Wan,611,Spain,Male,34,4,0.0,2,1,0,170950.58,0,0.020797749996364346,Low
1463,15566211,Hsu,616,Germany,Female,41,1,103560.57,1,1,0,236.45,1,0.5883100857886935,Medium
1464,15669293,Hovell,517,France,Male,37,5,113308.84,1,0,1,31517.16,0,0.07940998347309101,Low
1465,15595067,Zhirov,637,Spain,Female,40,6,0.0,2,1,1,181610.6,0,0.05635188601858821,Low
1466,15753566,Espinosa,806,France,Female,32,3,63763.49,1,1,0,156593.09,0,0.18638177753520493,Low
1467,15650391,Wallace,633,France,Female,29,7,169988.35,1,1,0,4272.0,0,0.17732508990180082,Low
1468,15681843,Barbour,624,Germany,Female,35,0,180303.24,2,1,0,163587.9,0,0.03749847927129884,Low
1469,15814846,Ozerova,691,France,Male,52,3,0.0,1,1,0,175843.68,1,0.809544617402131,High
1470,15670374,Wright,819,Germany,Female,49,1,120656.86,4,0,0,166164.3,1,0.993864999871794,High
1471,15762332,Ulyanova,568,Germany,Female,31,1,61592.14,2,1,1,61796.64,0,0.026301898135118233,Low
1472,15700223,Steiner,806,France,Male,48,4,164701.68,1,1,1,21439.49,0,0.27163975485558567,Low
1473,15729956,Akabueze,726,Spain,Female,26,1,80780.16,1,1,1,19225.85,0,0.09473950506189203,Low
1474,15594862,Aleksandrova,552,France,Male,36,8,0.0,2,0,0,132547.02,0,0.020556033655703448,Low
1475,15598782,Pinto,755,Germany,Female,30,6,154221.37,2,0,1,62688.55,0,0.07144751794361799,Low
1476,15745080,Griffiths,634,France,Male,26,8,0.0,1,1,0,21760.96,0,0.1287326125994085,Low
1477,15703399,McNeil,756,France,Female,26,5,101641.14,2,0,1,154460.68,0,0.05286410641984193,Low
1478,15732175,Bruno,776,France,Male,37,2,0.0,1,0,1,8065.0,0,0.12666384109123655,Low
1479,15630725,Johnson,649,France,Female,45,5,92786.66,1,1,0,173365.9,1,0.5358922647730388,Medium
1480,15640260,Okorie,595,Germany,Male,32,8,131081.66,2,1,1,69428.79,0,0.05357698431421375,Low
1481,15716822,Moen,646,France,Male,30,5,98014.74,1,1,1,12757.14,0,0.04039448657978375,Low
1482,15583748,McGuigan,592,Spain,Male,38,8,0.0,2,1,0,180426.2,0,0.032435587489397996,Low
1483,15605968,Fancher,574,France,Male,26,8,97460.1,1,1,1,43093.67,0,0.036858751630105824,Low
1484,15790683,Matthews,850,France,Male,36,1,104077.19,2,0,1,68594.0,0,0.029541878095531836,Low
1485,15607713,Kaeppel,850,Spain,Female,29,1,0.0,2,1,1,197996.65,0,0.013211433608914882,Low
1486,15700212,Shih,475,France,Female,46,10,0.0,2,0,0,122953.0,1,0.20006514707463197,Low
1487,15626710,Yudina,642,France,Female,39,4,0.0,1,1,1,76821.24,0,0.20925548829088336,Low
1488,15716491,Akabueze,710,Spain,Female,51,4,93656.95,1,0,1,141400.51,1,0.42991192495305147,Low
1489,15625824,Kornilova,596,Spain,Male,30,6,121345.88,4,1,0,41921.75,1,0.9209500639434645,High
1490,15617705,Ozioma,609,France,Female,39,8,141675.23,1,0,1,175664.25,0,0.1532339524088056,Low
1491,15761976,Su,797,Spain,Female,31,8,0.0,2,1,0,117916.63,0,0.031159750822614674,Low
1492,15634891,Jamison,504,Germany,Female,43,7,102365.49,1,1,0,194690.77,1,0.6514873165670172,Medium
1493,15744517,Esposito,735,Spain,Male,50,9,0.0,1,0,0,166677.35,1,0.7970810398269885,High
1494,15686963,Hardiman,680,Spain,Female,30,3,0.0,1,1,0,160131.58,0,0.25164773477064795,Low
1495,15808189,Woodard,449,France,Male,52,6,0.0,2,0,1,123622.0,0,0.08702588836050304,Low
1496,15580845,Chienezie,685,Germany,Male,57,7,101868.51,1,0,1,113483.96,0,0.4237412691464455,Low
1497,15799156,Okwuadigbo,569,Spain,Male,38,8,0.0,2,0,0,79618.79,0,0.025673826186390802,Low
1498,15694296,Chineze,631,France,Male,35,9,112392.45,2,1,0,24472.23,0,0.04655957112732069,Low
1499,15677049,O'Brien,595,Germany,Female,25,7,106570.34,2,0,1,177025.79,0,0.0907263610392768,Low
1500,15583595,Tao,461,France,Female,28,8,0.0,1,1,1,103349.74,0,0.11540699989814714,Low
1501,15590146,Mao,630,France,Male,50,1,81947.76,1,0,1,63606.22,1,0.3494234334831845,Low
1502,15801548,Buckland,661,France,Female,31,7,144162.3,2,1,1,14490.79,0,0.04643746979177784,Low
1503,15660833,Flannery,796,Germany,Male,39,5,86350.87,2,0,0,105080.53,0,0.08089596986464402,Low
1504,15762277,Jamieson,710,France,Male,47,5,158623.14,1,0,0,83499.89,1,0.48092897601966555,Medium
1505,15791302,Swift,741,France,Male,32,8,0.0,2,1,0,143598.7,0,0.017035393126513167,Low
1506,15798975,Doherty,606,Germany,Male,48,4,132403.56,1,0,0,36091.91,1,0.7890333622845314,High
1507,15599956,Payne,747,France,Male,27,10,0.0,2,0,0,13007.89,0,0.012439101533712447,Low
1508,15577274,Genovese,549,Germany,Female,43,3,134985.66,1,1,0,6101.41,0,0.6096203958540238,Medium
1509,15701200,Lucciano,576,France,Male,36,6,0.0,2,1,1,48314.0,0,0.01256515253268509,Low
1510,15638149,Rowley,528,France,Male,37,6,103772.45,1,1,0,197111.99,0,0.16983158193751108,Low
1511,15786199,Hsing,535,France,Male,33,2,133040.32,1,1,1,110299.78,0,0.04978247597900551,Low
1512,15701765,Vincent,575,Spain,Female,37,0,0.0,2,0,0,30114.32,0,0.04162656664871826,Low
1513,15586974,Pearce,656,France,Male,39,10,0.0,2,1,1,98894.64,0,0.019123606133606957,Low
1514,15729040,Lamb,440,France,Male,42,2,0.0,2,1,0,49826.68,0,0.04526732110882389,Low
1515,15788676,Riley,539,Spain,Male,38,8,71460.67,2,1,1,10074.05,0,0.030781999888001028,Low
1516,15602497,Honore,850,Spain,Male,39,6,133214.13,1,0,1,20769.88,0,0.1213284625616158,Low
1517,15701333,Blackburn,646,France,Female,37,7,96558.66,1,0,0,163427.18,0,0.19597710789144485,Low
1518,15812071,Endrizzi,744,France,Male,54,6,93806.31,2,0,1,140068.77,0,0.14958583024995872,Low
1519,15634375,Duncan,710,Spain,Female,36,8,0.0,2,0,0,83206.19,0,0.03378262013279897,Low
1520,15738267,Macarthur,544,France,Female,64,3,124043.8,1,1,1,111402.97,1,0.17806301018566406,Low
1521,15786800,Gould,723,Germany,Male,52,5,131694.97,1,0,1,92873.5,1,0.5626922820008591,Medium
1522,15591130,Medvedev,507,Spain,Female,29,6,0.0,2,0,1,94780.9,0,0.021153357922345992,Low
1523,15720662,Sholes,787,France,Female,35,1,106266.8,1,1,1,16607.15,0,0.08918317808661148,Low
1524,15751531,Shaw,598,Spain,Male,41,8,0.0,2,1,1,161954.43,0,0.029764448980987346,Low
1525,15653595,Ts'ai,796,France,Male,51,6,0.0,2,0,1,194733.28,0,0.11715803416858227,Low
1526,15568360,Rolon,569,Spain,Female,41,4,139840.36,1,1,1,163524.7,0,0.1784731663315642,Low
1527,15781210,Reid,711,France,Male,34,8,0.0,2,0,0,48260.19,0,0.01454423420602333,Low
1528,15668058,Chinwendu,661,Germany,Male,35,8,124098.54,1,1,0,86678.48,0,0.24720675862345218,Low
1529,15597131,Fu,415,France,Male,32,5,145807.59,1,1,1,3064.65,0,0.0586178916926369,Low
1530,15697283,Mackenzie,578,Spain,Male,23,8,0.0,2,1,0,112124.98,0,0.017588101505183362,Low
1531,15640953,Bligh,611,France,Female,26,2,107508.93,2,1,1,120801.65,0,0.04245836966937981,Low
1532,15715031,Davidson,600,France,Female,28,6,0.0,2,0,1,52193.23,0,0.01692008534363738,Low
1533,15589660,Lamble,661,Germany,Female,32,1,145980.23,1,0,1,56636.28,0,0.20645685855065302,Low
1534,15769818,Moore,850,France,Female,37,3,212778.2,1,0,1,69372.88,0,0.5905021581784186,Medium
1535,15782736,Jose,573,Germany,Female,47,4,152522.47,1,0,1,164038.07,1,0.5677429796762721,Medium
1536,15614818,Trevisani,764,Spain,Female,33,9,168964.77,1,0,1,118982.51,0,0.11643957422970062,Low
1537,15794014,Schofield,838,France,Female,34,8,0.0,2,1,0,27472.07,0,0.02823062821773908,Low
1538,15732448,Stewart,821,France,Female,28,8,0.0,1,1,1,36754.13,0,0.10008886209738801,Low
1539,15723411,Jamieson,607,Spain,Female,36,4,98266.3,1,1,1,46416.36,0,0.08524070865873772,Low
1540,15797686,Howard,558,France,Male,38,8,113000.92,1,1,1,152872.39,0,0.07292521444246258,Low
1541,15605950,Onwuamaeze,530,Germany,Male,23,1,137060.88,2,1,1,165227.23,0,0.049828240111386715,Low
1542,15812497,D'Albertis,654,Germany,Male,37,5,112146.12,1,1,0,75927.35,0,0.30183760708885954,Low
1543,15690678,Brooks,530,France,Female,33,4,129307.32,1,1,1,172930.28,0,0.09336928573497394,Low
1544,15747677,Gordon,656,Spain,Male,69,6,163975.09,1,1,1,36108.5,0,0.04873406191743323,Low
1545,15618926,Nwachukwu,520,Spain,Male,43,7,0.0,2,1,1,36202.74,0,0.038556113783198766,Low
1546,15673908,Chinweike,602,Germany,Female,42,6,158414.85,1,1,1,131886.46,0,0.3192622420082579,Low
1547,15727944,Simpkinson,701,Germany,Female,48,1,92072.68,1,1,1,133992.36,0,0.5930980280018551,Medium
1548,15807294,Walker,653,Spain,Female,30,2,88243.29,2,1,1,96658.26,0,0.04167064401474891,Low
1549,15618581,Diribe,668,Spain,Male,25,8,0.0,2,1,1,135112.09,0,0.009317669380030886,Low
1550,15584364,Trentini,652,France,Male,48,4,59486.31,1,1,0,163944.18,1,0.645950249778696,Medium
1551,15599552,Conway,639,Spain,Female,54,2,0.0,2,1,1,53843.71,0,0.08477454001161769,Low
1552,15749177,Maslow,730,Spain,Female,52,7,0.0,2,0,1,122398.84,0,0.1237566665453375,Low
1553,15718779,Clark,780,France,Male,34,1,0.0,1,1,1,64804.04,0,0.07052513613202253,Low
1554,15568106,L?,592,France,Female,38,8,119278.01,2,0,1,19370.73,0,0.07223874151057608,Low
1555,15779481,Swadling,628,France,Male,34,4,158741.43,2,1,1,126192.54,0,0.035421565698656815,Low
1556,15709994,Gallo,658,France,Female,40,7,140596.95,1,0,1,135459.02,1,0.16518624851894514,Low
1557,15772777,Onyemachukwu,850,Spain,Female,29,10,0.0,2,1,1,94815.04,0,0.014402613292006762,Low
1558,15706815,Samoylova,515,Germany,Male,37,2,90432.92,1,1,1,188366.04,1,0.2367542827565819,Low
1559,15618018,Dickson,571,France,Female,35,1,104783.81,2,0,1,178512.52,0,0.08143954794728334,Low
1560,15671032,He,760,Germany,Male,42,0,77992.97,2,1,1,97906.38,0,0.07263110173881661,Low
1561,15634281,P'an,720,Germany,Female,43,10,110822.9,1,0,0,72861.94,0,0.6295580920297431,Medium
1562,15766374,Leak,632,Germany,Male,42,4,119624.6,2,1,1,195978.86,0,0.13316048656016843,Low
1563,15600991,Artemieva,694,Germany,Male,31,6,109052.59,2,1,1,19448.93,1,0.04800660083627263,Low
1564,15777576,Frost,559,Spain,Female,40,5,139129.44,1,0,1,32635.54,0,0.14913454335437754,Low
1565,15742613,Warner,773,Germany,Female,42,8,152324.66,2,1,0,171733.22,0,0.20890761093411306,Low
1566,15649523,Kennedy,581,France,Male,38,1,0.0,2,1,0,46176.22,0,0.02610123221908043,Low
1567,15651063,Ifeatu,524,Germany,Female,37,9,127480.58,2,1,0,179634.69,0,0.18653576565279925,Low
1568,15683124,Evans,713,France,Male,53,6,115029.4,1,0,0,191521.32,1,0.7691696899999103,High
1569,15618314,Chu,676,France,Male,40,8,114005.78,1,1,1,67998.45,0,0.10125019215715118,Low
1570,15670823,Hsueh,651,Germany,Female,42,1,116646.76,1,1,0,44731.8,1,0.6011166793360391,Medium
1571,15607133,Shih,717,Spain,Female,49,1,110864.38,2,1,1,124532.9,1,0.2742355200913153,Low
1572,15615012,Fan,594,France,Male,23,5,156267.59,1,1,0,160968.44,0,0.09827174143163113,Low
1573,15725141,Whiddon,716,France,Female,44,3,109528.28,1,1,0,27341.63,1,0.4264179613906493,Low
1574,15623560,Onyekachukwu,668,France,Female,35,6,102482.76,1,1,1,53994.64,0,0.07549893150510327,Low
1575,15693018,Ermakova,678,Germany,Male,23,10,115563.71,1,1,1,91633.53,0,0.11011905549432972,Low
1576,15636756,Marino,545,France,Male,23,2,0.0,2,1,0,189613.12,0,0.025331334700265783,Low
1577,15647474,Niu,613,France,Female,40,9,95624.36,2,1,1,60706.33,0,0.08892468375029842,Low
1578,15576714,Manna,687,Spain,Female,21,8,0.0,2,1,1,154767.34,0,0.019542269995975248,Low
1579,15585047,Onyemere,715,France,Male,28,7,160376.61,1,0,0,196853.11,0,0.07970608893026568,Low
1580,15743976,Archer,618,Germany,Male,41,8,37702.79,1,1,1,195775.48,0,0.17140721258417646,Low
1581,15793881,Mitchell,721,France,Female,35,6,118273.83,1,0,1,3086.89,0,0.08758687310531169,Low
1582,15576517,Everingham,445,Germany,Female,34,7,131082.17,2,1,1,70618.0,0,0.08135306204067763,Low
1583,15631072,Huie,690,France,Male,38,1,94456.0,2,0,1,55034.02,0,0.04312692438085651,Low
1584,15730394,Crowther,709,France,Female,43,8,0.0,2,0,0,168035.62,1,0.1256121959838404,Low
1585,15631460,Swift,671,Spain,Female,42,3,0.0,2,1,1,128449.33,0,0.05621360748872381,Low
1586,15692002,Skelton,538,France,Male,33,6,93791.38,1,1,1,199249.29,0,0.07276993125985963,Low
1587,15595282,White,735,France,Female,33,4,0.0,2,1,0,149474.69,0,0.0381872071617688,Low
1588,15789548,Giordano,592,France,Female,37,7,0.0,2,1,1,126726.33,0,0.02662149643929384,Low
1589,15758035,Bateson,747,France,Male,61,7,155973.13,1,0,1,147554.26,0,0.21400961603001395,Low
1590,15617518,Hu,675,Germany,Male,36,7,89409.95,1,1,1,149399.7,0,0.11489913657001496,Low
1591,15651802,Day,632,Spain,Female,39,5,97854.37,2,1,0,93536.38,0,0.1152335382822261,Low
1592,15631813,Beneventi,621,France,Male,39,6,0.0,2,1,1,58883.91,0,0.020307434721688934,Low
1593,15729668,Elizabeth,521,Spain,Male,29,3,60280.62,1,1,0,154271.41,0,0.14052921276985064,Low
1594,15741728,Atkins,591,Spain,Male,36,7,135216.8,1,1,1,122022.89,0,0.05011998781793506,Low
1595,15576676,Serrano,706,Germany,Female,28,6,124923.35,2,1,1,50299.14,0,0.0753408250179579,Low
1596,15711378,Willis,677,France,Male,38,4,0.0,2,1,0,187800.63,0,0.03317355764498016,Low
1597,15765520,Stevenson,769,Germany,Male,27,7,188614.07,1,1,0,171344.09,0,0.07265369268172411,Low
1598,15656726,Ch'ien,771,France,Male,32,5,62321.62,1,1,1,40920.59,0,0.056233563915260014,Low
1599,15647842,Cunningham,601,Germany,Female,48,8,120782.7,1,1,0,63940.68,1,0.8256436637795834,High
1600,15719309,Stephens,670,France,Female,42,1,115961.58,2,0,1,29483.87,0,0.14256027363568546,Low
1601,15748718,Gordon,517,France,Male,28,2,115062.61,1,1,0,179056.23,0,0.10493737928354006,Low
1602,15594404,Bevan,834,France,Female,49,8,160602.25,2,1,0,129273.94,0,0.4373546675495764,Low
1603,15751158,Mashman,571,France,Female,42,4,108825.34,3,1,0,55558.51,1,0.935052392175826,High
1604,15593470,Tu,576,Germany,Female,36,8,166287.85,1,1,1,23305.85,0,0.12961781473901368,Low
1605,15695129,Milanesi,718,France,Female,31,1,152663.77,1,0,1,17128.64,0,0.07164108878937336,Low
1606,15640865,Romano,636,Germany,Female,31,9,80844.69,2,1,1,74641.9,0,0.0372800529720484,Low
1607,15714080,Goliwe,566,Germany,Female,40,2,97001.36,2,1,0,154486.01,0,0.22925305489845915,Low
1608,15648721,Hsueh,711,France,Male,64,4,0.0,2,1,1,3185.67,0,0.027083327302160745,Low
1609,15801466,Gray,574,France,Female,39,2,122524.61,2,1,0,88463.63,0,0.1133331572039819,Low
1610,15750248,Wright,619,France,Female,35,8,132292.63,1,1,0,65682.93,0,0.15558174425705296,Low
1611,15758726,Chiemeka,588,France,Female,24,0,0.0,2,1,1,140586.08,0,0.02063808050777667,Low
1612,15781553,Chung,760,Germany,Female,49,9,91502.99,1,1,0,117232.9,1,0.839485963887652,High
1613,15649121,Pinto,665,France,Male,52,3,0.0,1,1,0,116137.01,1,0.7817866705751737,High
1614,15674811,Kellway,739,Germany,Male,29,3,59385.98,2,1,1,105533.96,0,0.01681656470893264,Low
1615,15646037,Sopuluchi,641,France,Male,77,9,0.0,3,1,1,81514.06,0,0.152002652482353,Low
1616,15722578,Spitzer,685,Germany,Female,21,6,97956.5,1,1,1,164966.27,0,0.14953885595784702,Low
1617,15665695,Potter,594,France,Female,49,4,0.0,2,1,1,23631.55,0,0.1053111420695562,Low
1618,15801062,Matthews,557,Spain,Female,40,4,0.0,2,0,1,105433.53,0,0.047274031174610855,Low
1619,15662955,Nicholls,697,France,Male,27,8,141223.68,2,1,0,90591.15,0,0.04249235679288005,Low
1620,15770309,McDonald,656,France,Male,18,10,151762.74,1,0,1,127014.32,0,0.034396956436721506,Low
1621,15657386,Fiorentini,712,Germany,Male,43,1,141749.74,2,0,1,90905.26,0,0.15602712605544108,Low
1622,15777797,Kovalyova,689,Spain,Male,38,5,75075.14,1,1,1,8651.92,1,0.09735569873803893,Low
1623,15783955,Miah,697,France,Female,25,4,165686.11,2,1,0,15467.98,0,0.07639854593066682,Low
1624,15804516,Builder,589,France,Male,38,2,0.0,1,1,0,79915.28,0,0.22104636235301992,Low
1625,15681758,Baddeley,525,Spain,Female,25,10,0.0,2,1,0,69361.95,0,0.025975387287926165,Low
1626,15630321,Hu,680,France,Male,44,3,0.0,2,1,0,86935.08,0,0.0679601822464566,Low
1627,15588248,Hs?,617,France,Female,28,0,0.0,2,1,1,7597.83,1,0.027603659159553536,Low
1628,15591932,Ford,680,France,Male,32,5,92961.61,1,1,0,116957.6,0,0.0831332598270672,Low
1629,15810347,Todd,662,Spain,Female,30,9,0.0,2,0,1,157884.83,0,0.02582143807376549,Low
1630,15595303,Johnston,736,Germany,Male,46,5,130812.91,1,1,1,77981.54,1,0.4341682878200766,Low
1631,15634950,Obiajulu,657,Germany,Male,57,8,107174.58,1,1,1,126369.55,1,0.4036317039490755,Low
1632,15685372,Azubuike,350,Spain,Male,54,1,152677.48,1,1,1,191973.49,1,0.39386013075182086,Low
1633,15745827,Padovesi,617,France,Male,30,3,132005.77,1,1,0,142940.39,0,0.08079891975889354,Low
1634,15755868,Farmer,562,France,Male,35,7,0.0,1,0,0,48869.67,0,0.14358677675127896,Low
1635,15735222,Ignatieff,705,Spain,Female,23,5,0.0,2,1,1,73131.73,0,0.017681131452121874,Low
1636,15604804,Lu,516,France,Female,33,7,127305.5,1,1,1,120037.36,0,0.07068104601595683,Low
1637,15718944,Artemiev,573,France,Female,37,6,0.0,2,1,0,193995.37,0,0.06242593330645263,Low
1638,15678626,Okonkwo,538,Spain,Female,31,0,0.0,2,0,0,179453.66,0,0.05124938335209208,Low
1639,15571550,Dore,699,France,Male,39,9,0.0,1,1,0,80963.92,0,0.23431962930206182,Low
1640,15723053,T'ang,504,Germany,Male,32,8,170291.22,2,0,1,15658.99,0,0.02416255905099236,Low
1641,15661528,Ashbolt,583,Spain,Male,47,5,102562.23,1,1,0,92708.1,0,0.4412423132923978,Low
1642,15754177,Bazarova,712,Spain,Male,53,2,111061.01,2,0,0,26542.17,0,0.5068931974165732,Medium
1643,15683544,Buccho,626,Spain,Male,62,3,0.0,1,1,1,65010.74,0,0.3030145795764712,Low
1644,15708048,Burn,631,France,Female,34,4,124379.14,1,1,0,106892.91,0,0.1290926541345135,Low
1645,15701109,Andreyev,663,France,Female,37,7,0.0,1,1,1,185210.63,0,0.216301658618031,Low
1646,15600110,Endrizzi,506,Germany,Female,41,3,57745.76,1,1,0,4035.46,0,0.29382712422121343,Low
1647,15651533,Brown,570,Germany,Female,50,5,129293.74,1,1,0,177805.44,1,0.8700821443277621,High
1648,15777904,Nock,703,France,Female,45,7,0.0,2,1,1,68831.72,0,0.06472104247780598,Low
1649,15655574,Okeke,698,Germany,Female,40,8,150777.1,1,1,0,114732.62,0,0.3973028552958335,Low
1650,15569423,Cunningham,731,Spain,Male,41,4,0.0,2,1,0,22299.27,0,0.04055212322109904,Low
1651,15718106,Kelley,625,France,Male,34,6,0.0,2,0,0,197283.2,0,0.02864946328934561,Low
1652,15585067,Wilson,634,Spain,Male,31,9,108632.48,1,1,1,179485.96,1,0.05077648063824383,Low
1653,15675501,Woods,616,France,Male,59,5,153861.1,1,1,1,17699.48,0,0.15399485119015974,Low
1654,15633233,McFarland,500,France,Male,56,1,100374.58,1,1,0,118490.8,1,0.8045305790009517,High
1655,15667134,Cisneros,446,France,Male,32,8,0.0,2,0,0,133292.94,0,0.018221671277389634,Low
1656,15659105,Borchgrevink,669,France,Female,47,9,61196.54,1,1,0,58170.24,0,0.6491471724967164,Medium
1657,15575409,Rozhkova,581,Germany,Male,31,6,116891.72,1,1,0,107137.3,0,0.21434627672249254,Low
1658,15752342,Bradley,704,Germany,Female,54,6,133656.91,3,1,0,145071.33,1,0.9952639784103469,High
1659,15654851,Obialo,748,France,Male,44,2,92911.52,1,0,1,85495.24,0,0.17408179479928554,Low
1660,15741429,Hudson,680,Spain,Female,31,9,119825.75,2,1,1,101139.3,0,0.04741744665290603,Low
1661,15682356,Veltri,655,France,Female,37,7,111852.84,2,1,0,10511.13,0,0.0896026328984881,Low
1662,15806447,Mazzanti,690,Germany,Male,32,0,106683.52,2,1,1,137916.49,0,0.04870752930054459,Low
1663,15800229,Thorpe,695,Germany,Male,40,7,139022.24,1,0,1,193383.13,0,0.22252081563048642,Low
1664,15663441,Golibe,700,Germany,Female,40,4,148571.07,1,1,0,189826.96,1,0.4450763598510945,Low
1665,15791991,Udinesi,773,France,Male,52,4,0.0,1,0,1,144113.42,0,0.44829348209107056,Low
1666,15775082,Stewart,749,France,Male,42,1,129776.72,2,0,1,143538.51,0,0.07930220937189608,Low
1667,15579706,Curtis,611,France,Female,46,5,0.0,1,1,0,77677.14,1,0.6500777605110832,Medium
1668,15718247,Hayden,606,Spain,Female,46,8,0.0,2,1,1,183717.94,0,0.11349381824904385,Low
1669,15755722,H?,554,France,Male,24,10,0.0,1,0,0,92180.62,0,0.1268367015722112,Low
1670,15582259,Campbell,567,France,Female,37,7,0.0,2,1,1,28690.9,0,0.022695176443619486,Low
1671,15716994,Green,559,Spain,Male,24,3,114739.92,1,1,0,85891.02,1,0.0958193621647738,Low
1672,15586880,P'eng,594,Germany,Male,41,2,122545.65,2,1,1,42050.24,0,0.13940764056800084,Low
1673,15713854,Cremonesi,513,France,Female,37,6,0.0,2,1,0,110142.34,0,0.04221026093411186,Low
1674,15780835,Liang,652,Germany,Female,26,1,131908.35,1,1,1,179269.79,0,0.15700533132821928,Low
1675,15675896,Gough,680,Germany,Female,42,7,105722.69,1,1,1,90558.24,1,0.366082753369295,Low
1676,15658459,Bates,784,Spain,Male,33,10,0.0,2,1,0,162022.47,0,0.01704191449239379,Low
1677,15658057,Padovesi,812,Spain,Female,44,8,0.0,3,1,0,66926.83,1,0.8432577137863996,High
1678,15801767,Yin,784,Spain,Female,40,8,0.0,2,1,0,108891.3,0,0.06402596011470742,Low
1679,15569178,Kharlamov,570,France,Female,18,4,82767.42,1,1,0,71811.9,0,0.10479637990906504,Low
1680,15731478,Nicholls,712,France,Female,42,1,87842.98,1,0,0,92223.59,0,0.32663981069815007,Low
1681,15811236,Burns,705,Spain,Male,39,6,133261.13,1,1,1,78065.9,0,0.07116531289134012,Low
1682,15746749,Fleming,681,Spain,Female,32,3,0.0,2,1,1,59679.9,0,0.019282134374362037,Low
1683,15662758,Watson,620,France,Male,41,0,97925.11,1,1,0,85000.32,0,0.18026786400146058,Low
1684,15709387,Obiajulu,711,France,Male,52,5,0.0,1,1,1,159808.95,0,0.3936896157890545,Low
1685,15572093,Han,613,France,Female,24,7,140453.91,1,1,0,129001.3,0,0.13614087110237486,Low
1686,15713826,Ferguson,613,Germany,Female,20,0,117356.19,1,0,0,113557.7,1,0.24041717213531663,Low
1687,15570205,Tao,682,Spain,Male,36,5,0.0,2,1,1,147758.51,0,0.013411116511506114,Low
1688,15589348,Le Grand,850,Spain,Male,37,4,137204.77,1,1,1,28865.59,0,0.06515762904545734,Low
1689,15804610,Valdez,601,France,Female,41,1,0.0,2,0,1,160607.06,0,0.06712420169956726,Low
1690,15700854,Cunningham,595,Spain,Male,35,8,0.0,1,1,0,100015.79,1,0.17036021758543052,Low
1691,15758836,Godfrey,675,Spain,Male,36,3,54098.18,2,0,1,54478.52,0,0.020464903151798743,Low
1692,15772933,Mai,591,Spain,Male,31,8,0.0,1,1,1,141677.33,0,0.09102765145899729,Low
1693,15809006,Walker,602,France,Male,23,7,113758.48,2,0,0,84077.6,0,0.03918299236125912,Low
1694,15689612,Pirozzi,554,Spain,Female,34,8,0.0,1,0,1,106981.03,0,0.1357401619752904,Low
1695,15744614,Feng,541,France,Male,37,9,118636.92,1,1,1,73551.44,0,0.06735972596145608,Low
1696,15704250,Akabueze,506,France,Male,34,7,0.0,2,0,0,115842.1,0,0.01833061882820403,Low
1697,15700255,Robson,814,Germany,Male,44,8,95488.82,2,0,0,107013.59,0,0.21844606532659647,Low
1698,15669410,Yevdokimova,683,France,Male,30,8,110829.52,2,0,0,24938.84,0,0.035956745670627156,Low
1699,15807595,Ijendu,485,Germany,Male,51,7,144244.59,2,1,0,51113.14,0,0.5489089306511024,Medium
1700,15664523,Colombo,696,Germany,Female,31,8,122021.92,2,1,0,33828.64,0,0.11780795720395737,Low
1701,15642833,Akubundu,608,France,Female,30,8,0.0,2,1,0,128875.86,0,0.029581322757138675,Low
1702,15605279,Francis,792,France,Male,50,9,0.0,4,1,1,194700.81,1,0.9532565452098765,High
1703,15713644,Marshall,686,Spain,Male,22,5,0.0,2,1,0,158974.45,0,0.018485362997415974,Low
1704,15750466,Rhodes,790,Germany,Male,42,1,85839.62,1,1,0,198182.73,0,0.37052001160672693,Low
1705,15739054,Y?,654,France,Female,29,4,96974.97,1,0,1,141404.07,0,0.08428861312745245,Low
1706,15612771,Bell,452,France,Male,35,4,148172.44,1,1,1,4175.68,0,0.059154501108200044,Low
1707,15788483,Kerr,719,Spain,Male,38,0,0.0,1,1,0,126876.47,0,0.22521935655225364,Low
1708,15732832,Jideofor,707,France,Female,40,5,0.0,2,1,0,41052.82,0,0.056946784393045055,Low
1709,15772892,Robertson,699,France,Female,49,2,0.0,1,0,0,105760.01,0,0.7744706268667767,High
1710,15713843,Kao,850,Spain,Male,30,2,0.0,2,0,1,27937.12,0,0.013211473810261288,Low
1711,15567993,Palmer,828,Spain,Male,28,8,134766.85,1,1,0,79355.87,0,0.08964147875060673,Low
1712,15617603,Mackay,850,Germany,Male,30,5,123210.56,2,1,1,102180.27,0,0.04268505511252419,Low
1713,15744983,Burgmann,712,Spain,Male,47,1,139887.01,1,1,1,95719.73,0,0.20911430959903005,Low
1714,15630419,Davis,634,France,Male,44,9,149961.11,1,1,0,57121.51,0,0.2929382038603112,Low
1715,15738828,Milano,730,Germany,Male,45,6,152880.97,1,0,0,162478.11,0,0.5542895871063347,Medium
1716,15778025,Dellucci,685,Germany,Male,43,9,108589.47,2,0,1,194808.51,0,0.1715830328274035,Low
1717,15799479,Coles,809,Spain,Male,33,9,0.0,1,1,1,124045.65,0,0.08010129463332383,Low
1718,15684269,Gray,707,Spain,Female,35,3,56674.48,1,1,0,17987.4,1,0.24784258837072934,Low
1719,15762745,Macvitie,648,Spain,Male,32,8,0.0,1,1,0,133653.38,0,0.14327262115972067,Low
1720,15746970,Townsend,760,Spain,Female,57,1,0.0,2,1,1,25101.17,0,0.10893658477761729,Low
1721,15725024,Pope,805,Germany,Female,33,3,105663.56,2,0,1,33330.89,0,0.07620582308751012,Low
1722,15592116,Jensen,585,France,Female,39,7,0.0,2,1,0,2401.26,0,0.04098869325231167,Low
1723,15624391,Thomson,595,Spain,Female,30,5,100683.54,1,1,1,178361.04,0,0.09136217126385808,Low
1724,15567422,Chiazagomekpele,630,France,Male,42,6,0.0,2,1,0,162697.93,0,0.05391436738521517,Low
1725,15612627,Ozuluonye,627,Germany,Male,29,5,139541.58,2,1,0,80607.33,0,0.06988408591729019,Low
1726,15574879,Wright,631,Germany,Female,37,2,121801.72,2,0,1,23146.62,0,0.1320018042900037,Low
1727,15745107,Lung,776,Germany,Male,38,5,112281.7,1,0,1,89893.6,0,0.20526312361439833,Low
1728,15734491,Lombardo,676,Spain,Female,36,4,0.0,2,1,1,3173.31,0,0.022869975983546963,Low
1729,15675320,Leonard,758,Spain,Female,40,5,93499.82,2,0,0,123218.81,0,0.1483961385397454,Low
1730,15643824,Johnston,637,France,Male,33,0,132255.99,2,0,1,74588.41,0,0.03413572358818786,Low
1731,15643438,P'eng,850,France,Male,20,7,0.0,2,1,0,31288.77,0,0.013622926733113772,Low
1732,15721730,Amechi,601,Spain,Female,44,4,0.0,2,1,0,58561.31,0,0.10114295548215653,Low
1733,15680727,Fang,735,France,Male,49,5,121973.28,1,1,0,148804.36,0,0.5494176116202045,Medium
1734,15752508,Docherty,614,Germany,Male,32,7,99462.8,2,1,1,51117.06,0,0.048175459385852236,Low
1735,15808846,Horton,672,Germany,Female,21,3,165878.76,2,1,1,164537.17,0,0.04505814094837167,Low
1736,15727251,Vincent,642,France,Male,30,8,117494.27,1,0,0,61977.82,0,0.07907505416469454,Low
1737,15663489,Onio,633,Germany,Female,29,0,138577.34,1,1,0,193362.99,0,0.22116327480590234,Low
1738,15683677,Schiavone,769,Spain,Male,39,9,0.0,1,1,1,47722.79,0,0.14393571953331324,Low
1739,15596414,Chandler,796,Spain,Male,41,8,107525.07,1,1,0,18510.41,0,0.19236380294626715,Low
1740,15730639,Fiorentino,715,France,Male,23,7,139224.92,2,1,0,65057.71,0,0.0490456319131727,Low
1741,15672132,Butusov,695,France,Female,42,7,121453.63,1,0,0,46374.64,0,0.3004285100370304,Low
1742,15742638,Wang,747,France,Female,25,4,0.0,2,0,1,42039.67,0,0.015376495673973985,Low
1743,15578603,Alexeieva,584,Germany,Female,54,1,77354.37,1,0,0,138192.98,1,0.8932238783057176,High
1744,15726088,Vinogradova,476,France,Male,40,6,0.0,1,1,1,22735.45,0,0.1860271518026746,Low
1745,15682533,Hughes,850,France,Female,39,7,79259.99,1,0,1,186910.74,0,0.20583470122042496,Low
1746,15772995,Ts'ao,529,France,Male,30,2,116295.29,1,1,0,75285.47,0,0.09377316278866037,Low
1747,15765694,Bage,584,Spain,Female,59,1,0.0,1,0,1,130260.11,1,0.47750150400098257,Medium
1748,15659486,Yudina,586,Germany,Male,34,9,74309.81,1,1,0,15034.93,0,0.11970499882432738,Low
1749,15568963,Naquin,674,Germany,Male,34,2,152797.9,1,1,0,175709.4,1,0.1600020315766591,Low
1750,15703820,Endrizzi,552,France,Male,42,9,133701.07,2,1,0,101069.71,1,0.11631468567480664,Low
1751,15569410,Tang,601,Germany,Female,33,7,114430.18,2,1,1,153012.13,0,0.08719737230244523,Low
1752,15632256,Schroeder,541,France,Male,29,7,127504.57,1,0,0,86173.92,0,0.07278715989067996,Low
1753,15724466,Swearingen,744,Germany,Female,41,2,84113.41,1,1,0,197548.63,0,0.39576849003208886,Low
1754,15777639,McGregor,595,Spain,Female,23,10,101126.66,2,0,0,37042.8,0,0.05872743350968277,Low
1755,15802501,Onyeorulu,724,Germany,Male,33,5,103564.83,2,1,0,121085.72,0,0.07137849377794353,Low
1756,15778410,Clarke,533,Spain,Female,52,7,0.0,1,0,1,194113.99,1,0.7111955274728345,Medium
1757,15670702,Smith,618,France,Male,37,2,168178.21,2,0,1,101273.23,0,0.06800121597270185,Low
1758,15704763,Kozlova,523,Germany,Female,39,1,143903.11,1,1,1,118711.75,1,0.3122545107568097,Low
1759,15645544,Nekrasov,642,Germany,Female,30,5,129753.69,1,1,0,582.53,0,0.3493170555022987,Low
1760,15757646,Olague,584,France,Male,35,9,0.0,2,1,0,192381.21,0,0.027008736457596293,Low
1761,15701121,Holt,521,France,Male,38,5,110641.18,1,0,1,136507.69,1,0.09124863203603842,Low
1762,15796313,Olsen,662,France,Female,36,4,166909.2,2,1,0,138871.12,1,0.11360290109688663,Low
1763,15815660,Mazzi,758,France,Female,34,1,154139.45,1,1,1,60728.89,0,0.06638986796806712,Low
1764,15602844,Niu,717,France,Male,38,7,97459.06,1,0,0,189175.71,0,0.17582381767145666,Low
1765,15636238,Graham,611,France,Male,40,1,0.0,2,1,1,102547.56,0,0.03172845861232673,Low
1766,15770101,Millar,766,Germany,Male,43,6,112088.04,2,1,1,36706.56,0,0.1623892157260509,Low
1767,15645543,Bell,636,France,Female,34,3,0.0,2,1,1,44756.25,0,0.018283653272596876,Low
1768,15596397,Kelly,814,France,Female,48,7,0.0,2,1,1,132870.15,0,0.09714718628288332,Low
1769,15770525,T'an,760,Spain,Male,28,1,141038.57,2,0,0,16287.38,0,0.05180869974005096,Low
1770,15684267,Davila,607,Germany,Male,39,2,84468.67,2,1,1,121945.42,0,0.05858210395177457,Low
1771,15689980,Willis,725,Spain,Female,36,4,118520.26,1,0,0,131173.9,1,0.1561213074320605,Low
1772,15633260,Dumetochukwu,600,France,Male,37,1,142663.46,1,0,1,88669.89,0,0.07283418629750302,Low
1773,15756471,Giles,656,Germany,Male,27,4,118627.16,2,1,1,160835.3,0,0.04703019188436389,Low
1774,15721303,O'Meara,640,Spain,Male,34,1,137523.02,1,0,0,24761.36,0,0.09891109001159584,Low
1775,15802256,Yao,439,France,Male,28,7,110976.23,2,1,0,138526.96,0,0.04137625135198629,Low
1776,15725664,Wallace,549,France,Female,38,8,107283.4,1,0,0,157442.75,0,0.2194918012824448,Low
1777,15674851,T'ien,622,France,Male,38,5,0.0,2,0,0,105295.77,0,0.027947853492023573,Low
1778,15701946,Ndubueze,715,France,Male,34,4,124314.45,1,0,0,97782.92,0,0.08014575138473146,Low
1779,15748947,Chukwuraenye,657,France,Female,41,5,95858.37,1,1,1,68255.88,0,0.14734789730287606,Low
1780,15673342,K'ung,703,France,Male,36,2,0.0,2,1,0,108790.95,0,0.021265101961295132,Low
1781,15601008,Stevenson,802,France,Male,33,8,0.0,2,1,0,143706.18,0,0.01729163786373044,Low
1782,15771636,Marshall,793,Spain,Female,36,0,0.0,1,0,0,148993.47,0,0.2610695951974148,Low
1783,15642002,Hayward,554,France,Female,35,6,117707.18,2,0,0,95277.15,1,0.06969642619110923,Low
1784,15693381,Tipton,533,Spain,Male,38,1,135289.33,2,0,1,152956.33,0,0.05907019026703435,Low
1785,15607691,Gibson,658,France,Male,36,8,174060.46,1,1,1,94925.62,0,0.10173732310959803,Low
1786,15589380,Fraser,713,Germany,Male,40,3,114446.84,2,1,1,87308.18,0,0.114008624826281,Low
1787,15603846,Fang,711,Spain,Male,37,2,0.0,2,1,0,83978.86,1,0.026254077364464435,Low
1788,15753549,Dubinina,669,France,Male,25,1,157848.53,1,0,0,37543.93,1,0.06753432177638927,Low
1789,15725355,Morey,439,France,Female,43,8,0.0,1,0,1,104889.3,0,0.3499075013768613,Low
1790,15773017,Todd,763,Spain,Female,37,6,0.0,2,1,1,149705.25,0,0.031550003788481065,Low
1791,15625641,Forbes,697,Germany,Female,74,3,108071.36,2,1,1,16445.79,0,0.06995239904081296,Low
1792,15776467,De Salis,702,Spain,Female,35,8,14262.8,2,1,0,54689.16,0,0.038289908613353824,Low
1793,15746451,Barry,686,Spain,Male,41,7,102749.72,1,0,1,194913.86,0,0.13755236748079147,Low
1794,15777922,Afamefuna,629,Spain,Male,36,1,161757.87,2,1,1,146371.72,0,0.038611795304785965,Low
1795,15606841,Ibbott,823,France,Male,38,1,0.0,2,1,0,156603.7,0,0.023254847211060952,Low
1796,15757648,Marshall,683,Germany,Female,35,5,95698.79,1,0,1,182566.76,0,0.2608751380177556,Low
1797,15677173,Law,555,France,Male,37,9,124969.13,1,1,0,60194.05,0,0.11522346277765648,Low
1798,15764170,Pinto,647,Germany,Male,44,4,93960.35,1,1,0,36579.53,1,0.5236893321498951,Medium
1799,15610446,Chinedum,714,France,Female,51,4,88308.87,3,0,0,5862.53,1,0.9851461691553514,High
1800,15612776,McKay,850,Spain,Female,39,10,0.0,2,1,1,143030.09,0,0.035377110931026384,Low
1801,15794122,Otutodilinna,713,France,Female,59,3,0.0,2,1,1,62700.08,0,0.07347620068335446,Low
1802,15774931,She,452,France,Male,30,7,112935.87,1,1,1,99017.34,0,0.04008828103413409,Low
1803,15779247,Pai,683,Spain,Female,24,8,98567.1,1,1,0,187987.01,0,0.15896499289214822,Low
1804,15707078,Kruglov,577,France,Female,26,1,180530.51,1,0,0,123454.62,0,0.19591756019538706,Low
1805,15605263,Chin,552,France,Male,33,5,140931.57,1,0,1,10921.5,0,0.054442974453194334,Low
1806,15607381,King,769,Germany,Female,31,7,148913.72,2,1,0,53817.23,0,0.10964371486447436,Low
1807,15683471,Hansen,691,France,Male,38,7,0.0,2,0,0,81617.4,0,0.024144992814056937,Low
1808,15605037,Ting,818,France,Female,49,2,0.0,1,0,1,192298.84,1,0.6786279768002614,Medium
1809,15576085,Stone,739,France,Male,41,5,0.0,2,0,0,143882.25,0,0.042300807849797534,Low
1810,15770435,McLean,639,France,Female,50,6,115335.32,2,1,1,53130.41,0,0.24598658918669578,Low
1811,15592994,Zikoranachidimma,651,France,Female,65,0,0.0,2,1,1,190454.04,0,0.04824817113950391,Low
1812,15624068,Fu,779,France,Female,26,0,0.0,2,0,1,111906.0,0,0.017656399049651512,Low
1813,15595221,Trevisano,850,Germany,Female,33,7,134678.13,1,1,0,113177.95,0,0.2785991598256705,Low
1814,15637131,Fallaci,829,France,Male,38,9,0.0,2,1,0,30529.88,0,0.025925152430273556,Low
1815,15613471,Wiley,579,Germany,Male,31,2,90547.48,2,1,1,18800.13,0,0.03927226751459862,Low
1816,15583499,Chiagoziem,510,France,Male,32,9,103324.78,1,1,1,46127.7,0,0.04414968836446888,Low
1817,15752816,Murray,531,France,Male,29,3,114590.58,1,0,0,75585.48,0,0.08858469739358836,Low
1818,15804075,Chuang,628,Germany,Female,36,3,91286.51,1,1,0,63085.94,0,0.3077327313762155,Low
1819,15800517,Huang,633,Spain,Male,32,5,163340.12,2,1,1,74415.2,0,0.03842645953231578,Low
1820,15712319,Chukwukere,714,Spain,Male,45,8,150900.29,2,0,1,139889.15,0,0.10909110157843258,Low
1821,15797389,Hsia,604,Spain,Male,23,9,124577.33,1,1,1,7267.25,0,0.041183409386797036,Low
1822,15621432,Lee,630,Spain,Male,35,1,0.0,2,0,0,186826.22,0,0.027582507617634627,Low
1823,15779390,Theus,850,Spain,Female,31,4,91292.7,1,1,1,162149.07,0,0.08043310720724567,Low
1824,15711219,Jennings,788,Germany,Female,57,8,93716.72,1,1,1,180150.49,1,0.5374109928540002,Medium
1825,15770498,Parker,798,France,Female,37,4,111723.08,1,1,1,83478.12,0,0.08407280517929243,Low
1826,15678727,Tan,770,Germany,Male,45,4,110765.68,1,1,0,26163.74,1,0.6867220808452135,Medium
1827,15573893,Barry,569,Germany,Male,25,9,173459.45,2,1,1,44381.06,0,0.016303478473199445,Low
1828,15740104,Tuan,425,Spain,Female,22,7,169649.73,2,0,1,136365.0,1,0.18208411713928677,Low
1829,15792649,Patterson,547,Spain,Female,31,9,0.0,2,0,0,99294.22,0,0.027791428292426812,Low
1830,15605275,Ofodile,725,Germany,Male,45,8,116917.07,1,0,0,173464.43,1,0.6872447798300825,Medium
1831,15572467,Chandler,506,France,Male,37,5,0.0,2,1,1,127543.81,0,0.017688667530338258,Low
1832,15738219,Nash,632,France,Female,36,7,0.0,2,1,1,52526.65,0,0.02161153898373637,Low
1833,15600710,Atkinson,620,France,Male,22,0,0.0,1,1,0,32589.45,0,0.13050954469625703,Low
1834,15804394,Brenan,663,Germany,Male,32,8,130627.66,1,1,0,47161.25,1,0.2514026858724932,Low
1835,15694188,Obidimkpa,700,Spain,Female,46,5,56580.95,2,0,1,45424.13,0,0.11401807252762743,Low
1836,15583718,Terry,696,Germany,Male,38,6,142316.14,1,1,1,8018.49,0,0.20205949125248118,Low
1837,15802478,Spring,767,Spain,Male,31,6,0.0,2,1,1,195668.0,0,0.011909076825317954,Low
1838,15619343,Mahmood,561,France,Male,56,7,152759.0,2,1,0,133167.11,1,0.6514605468643012,Medium
1839,15758813,Campbell,350,Germany,Male,39,0,109733.2,2,0,0,123602.11,1,0.48767759091207435,Medium
1840,15761374,Bellucci,706,France,Male,54,9,117444.51,1,1,1,186238.85,0,0.21931292602971775,Low
1841,15569209,Amaechi,464,Spain,Female,34,5,76001.57,1,1,1,158668.87,0,0.12750303318888587,Low
1842,15788539,Foxall,501,France,Female,34,3,107747.57,1,1,0,9249.36,0,0.14169287372398243,Low
1843,15747222,Bentley,745,Spain,Female,35,8,0.0,2,1,1,116581.1,0,0.021924820570948248,Low
1844,15769346,Baird,587,France,Female,36,1,134997.49,2,1,0,44688.08,0,0.07976914688961115,Low
1845,15699634,Howard,667,France,Female,48,2,0.0,2,1,1,148608.39,0,0.1369762009697481,Low
1846,15589076,Henry,737,France,Male,36,9,0.0,1,0,1,188670.9,1,0.1501938547692458,Low
1847,15812338,Sopuluchukwu,485,Spain,Female,30,7,0.0,1,1,0,107067.37,0,0.22218021060358747,Low
1848,15758845,Rocher,590,Spain,Female,37,0,64345.21,1,0,1,61759.33,1,0.15809794735503013,Low
1849,15685844,White,518,Germany,Female,35,8,141665.63,1,0,1,192776.64,0,0.21093071986787726,Low
1850,15583090,Komar,581,Spain,Female,29,8,0.0,2,1,0,46735.19,0,0.02689130820705456,Low
1851,15587581,Russo,785,Germany,Female,33,5,136624.6,2,1,1,169117.74,0,0.07643982138893891,Low
1852,15633640,Loewenthal,799,France,Female,52,4,161209.66,1,1,1,89081.41,0,0.34375192199437843,Low
1853,15573741,Aliyeva,698,Spain,Male,38,10,95010.92,1,1,1,105227.86,0,0.06532921511079755,Low
1854,15633574,Montes,730,France,Female,41,4,167545.32,1,1,0,128246.81,0,0.30694520919148516,Low
1855,15711455,Kuo,740,Germany,Female,36,4,109044.6,1,0,0,94554.74,1,0.32939100553810946,Low
1856,15570601,Cheng,785,France,Female,47,9,122031.55,1,1,1,33823.5,1,0.3078378713953748,Low
1857,15690925,McIntosh,527,Spain,Female,29,2,27755.97,1,1,0,97468.44,1,0.219300796511074,Low
1858,15709338,T'ao,544,France,Female,29,1,118560.55,1,1,1,164137.36,0,0.07625544861617128,Low
1859,15780746,Tyndall,705,France,Male,61,4,0.0,2,1,1,191313.7,0,0.06451499858713519,Low
1860,15681956,Bailey,684,France,Male,34,9,0.0,2,1,1,65257.57,0,0.0094834600428099,Low
1861,15778190,Onyekaozulu,639,Spain,Female,28,8,97840.72,1,1,1,178222.77,0,0.08969778633076515,Low
1862,15786852,Nwachukwu,565,Germany,Female,38,2,158651.29,2,1,1,179445.28,0,0.09429556329395741,Low
1863,15726494,Romani,481,France,Male,44,9,175303.06,1,1,0,65500.53,1,0.4409659892970438,Low
1864,15641183,Chin,731,Spain,Male,25,8,96950.21,1,1,0,97877.92,0,0.0818788142293777,Low
1865,15805312,Bellucci,607,France,Male,45,7,123859.6,1,0,1,113051.57,0,0.18822086132392696,Low
1866,15636572,Christmas,760,France,Female,32,7,0.0,2,1,1,105969.05,0,0.017093837358888715,Low
1867,15632575,Moore,559,France,Female,70,9,0.0,1,1,1,122996.76,0,0.13023785742896382,Low
1868,15740164,Genovesi,715,France,Female,33,3,85227.84,1,1,1,68087.15,0,0.07971784441763226,Low
1869,15574947,Cartwright,656,France,Male,36,8,97786.08,2,0,1,21478.36,0,0.030106573091056743,Low
1870,15597909,Johnstone,652,Germany,Male,33,7,128135.99,1,1,0,158437.73,0,0.21640369996997477,Low
1871,15782574,Warner,624,Spain,Male,33,6,0.0,2,0,0,76551.7,0,0.017291009645037006,Low
1872,15734999,Stephenson,634,Spain,Male,36,2,85996.19,1,1,0,15887.68,0,0.12907505832039362,Low
1873,15706593,Ellis,850,Spain,Female,50,10,0.0,2,1,1,33741.84,0,0.09590794140909692,Low
1874,15766686,Nebechi,659,Germany,Female,39,1,104502.11,1,1,0,20652.69,0,0.48163338772771475,Medium
1875,15590268,Chu,529,Spain,Male,35,5,95772.97,1,1,1,112781.5,0,0.0572836543952036,Low
1876,15763055,Onuchukwu,572,Spain,Male,31,5,98108.79,1,0,1,119996.95,0,0.04642178282270268,Low
1877,15664754,Steele,640,Germany,Male,39,9,131607.28,4,0,1,6981.43,1,0.9545977124147259,High
1878,15643630,Quaife,770,Spain,Male,55,9,63127.41,2,1,0,185211.28,1,0.5581046496314768,Medium
1879,15641043,Scott,648,Spain,Male,35,7,0.0,2,1,1,78436.36,0,0.012639576893429746,Low
1880,15768095,Yeh,579,France,Male,31,9,0.0,1,0,1,139048.0,0,0.08595877904449091,Low
1881,15811314,Y?,589,Germany,Female,36,9,140355.56,2,1,0,136329.96,0,0.11951311421415098,Low
1882,15669922,Conti,530,Spain,Female,36,2,0.0,2,1,1,14721.8,0,0.02603663979675595,Low
1883,15707114,Holder,831,France,Male,30,2,0.0,2,0,1,3430.38,0,0.009061079757925547,Low
1884,15670602,Burgess,790,Germany,Male,24,7,107418.27,1,0,1,160450.21,0,0.11666897457511137,Low
1885,15713479,Ozuluonye,656,France,Male,35,6,0.0,2,1,0,1485.27,0,0.01647150883525768,Low
1886,15663830,De Luca,563,Spain,Male,32,6,0.0,2,1,1,19720.08,0,0.010591560592173295,Low
1887,15566958,Li Fonti,667,Spain,Male,39,7,167557.12,1,1,1,41183.02,0,0.08256740447676311,Low
1888,15680918,Freeman,613,Spain,Male,34,8,117300.02,1,1,0,139410.08,0,0.09172815505093083,Low
1889,15663921,Pisani,429,France,Male,60,7,0.0,2,1,1,163691.48,0,0.050265099749002735,Low
1890,15716324,Ignatieff,665,France,Female,23,9,143672.9,1,1,1,115147.33,0,0.06898459940322665,Low
1891,15796969,Lahti,731,France,Male,33,4,0.0,2,1,1,74945.11,0,0.01017023078057022,Low
1892,15574783,Perkins,584,France,Female,37,1,0.0,2,1,1,180363.56,0,0.039289220776888116,Low
1893,15773487,Conway,634,Germany,Female,31,8,76798.92,1,0,0,196021.73,0,0.22429538823528047,Low
1894,15802486,Hayes,488,France,Male,34,3,0.0,2,1,1,125979.36,0,0.012929053595126522,Low
1895,15783398,Rizzo,535,Spain,Female,49,7,115309.75,1,1,0,111421.77,0,0.6354907545958332,Medium
1896,15649418,Krylov,776,France,Female,29,7,178171.04,2,1,1,115818.51,0,0.10423036208886437,Low
1897,15604588,Li Fonti,850,Spain,Female,38,3,0.0,2,0,1,179360.76,0,0.034894729370152304,Low
1898,15735428,Talbot,673,Spain,Female,37,0,0.0,2,0,0,82351.06,0,0.03918319629349301,Low
1899,15629078,Matthias,850,Germany,Female,45,5,127258.79,1,1,1,192744.23,1,0.5158332110823328,Medium
1900,15806880,Boyle,627,Spain,Female,30,6,0.0,1,1,1,113408.47,0,0.13059652831691526,Low
1901,15754999,Ch'eng,570,France,Female,33,8,0.0,1,1,1,124641.42,0,0.12460173389537378,Low
1902,15781034,Mason,796,Spain,Male,67,5,0.0,2,0,1,54871.02,0,0.018912270381114937,Low
1903,15622017,Bruno,773,Spain,Female,33,10,0.0,1,1,1,98820.09,0,0.1205201166297706,Low
1904,15705885,Smeaton,752,Spain,Male,36,2,0.0,2,1,1,45570.84,0,0.0136956915633305,Low
1905,15677382,Miller,625,Spain,Female,69,1,107569.96,1,1,1,182336.45,0,0.08559601048918694,Low
1906,15566843,Gotch,535,Germany,Male,20,9,134874.4,1,1,1,118825.56,0,0.10667334063993296,Low
1907,15608387,Fu,786,France,Female,29,4,0.0,2,1,0,103372.79,0,0.029619739475178264,Low
1908,15810786,O'Toole,620,France,Female,67,3,0.0,2,1,1,43486.73,0,0.023024922916831673,Low
1909,15626983,Ledford,605,Spain,Female,48,6,0.0,2,1,1,40062.99,0,0.0995794980027653,Low
1910,15773605,Iadanza,670,Spain,Female,32,3,0.0,2,1,0,46175.7,0,0.0295985045530654,Low
1911,15811261,Alaniz,617,Spain,Male,42,0,70105.87,1,1,1,120830.73,0,0.1970856097178415,Low
1912,15590606,Saunders,595,France,Male,41,9,0.0,2,1,0,5967.09,0,0.03392311306829063,Low
1913,15576644,Lin,687,Germany,Female,29,4,78939.15,1,1,0,122134.56,1,0.16603830089194735,Low
1914,15750264,Pinto,757,Germany,Male,30,6,105128.85,2,1,1,62972.13,0,0.04574068301128684,Low
1915,15741554,Streeter,746,Spain,Male,31,2,113836.27,1,1,1,174815.54,0,0.04914463301887552,Low
1916,15769051,Shaw,503,Spain,Male,25,7,0.0,1,0,1,192841.13,0,0.1543866252142451,Low
1917,15812198,Chen,543,Germany,Male,48,1,100900.5,1,0,0,33310.72,1,0.8182135719565821,High
1918,15699772,Barclay,428,Germany,Female,40,3,129248.11,2,1,0,72876.43,1,0.24270189222832034,Low
1919,15744105,Kodilinyechukwu,768,France,Female,28,3,109118.05,2,0,1,50911.41,0,0.04440769850135303,Low
1920,15739858,Otitodilichukwu,618,France,Male,56,7,0.0,1,1,1,142400.27,1,0.35027515727741376,Low
1921,15723720,McKenzie,591,France,Female,31,7,0.0,2,0,1,48778.46,0,0.016919804829205305,Low
1922,15638355,Woods,658,France,Female,35,5,126397.66,1,0,0,156361.58,1,0.17141529850617715,Low
1923,15805637,Hsing,625,France,Male,36,9,108546.16,3,1,0,133807.77,1,0.8409056555783644,High
1924,15629575,Wheare,717,France,Male,36,2,148061.89,1,1,0,179128.69,1,0.10606749003670524,Low
1925,15586243,Yobachi,667,France,Male,44,8,122277.87,1,1,1,91810.71,0,0.14685978487362986,Low
1926,15757931,Fang,804,France,Male,24,3,0.0,2,1,0,173195.33,0,0.017711851023904955,Low
1927,15716023,Pearson,693,France,Male,31,1,0.0,2,0,1,182270.88,0,0.01380984667299397,Low
1928,15647782,Brown,729,Germany,Male,36,8,152899.24,2,1,0,177130.33,0,0.0671946831618329,Low
1929,15716609,L?,484,Germany,Male,54,3,134388.11,1,0,0,49954.79,1,0.9249727173438622,High
1930,15623791,Padovesi,632,Spain,Female,40,3,109740.62,1,1,0,141896.74,0,0.2722789833697512,Low
1931,15627262,Soto,536,Germany,Male,23,6,92366.72,2,1,0,120661.71,0,0.06156520665294752,Low
1932,15652693,Greco,573,France,Female,26,4,129109.02,1,0,0,149814.68,1,0.1487689511382205,Low
1933,15586993,Giordano,655,Spain,Female,56,5,0.0,2,1,1,41782.7,0,0.07070116389506871,Low
1934,15815560,Bogle,666,Germany,Male,74,7,105102.5,1,1,1,46172.47,0,0.06193588460744729,Low
1935,15584930,Grimmett,726,Germany,Male,30,5,111375.32,2,1,0,2704.09,0,0.07106604943094255,Low
1936,15799031,Ayers,523,France,Male,39,3,0.0,2,1,0,6726.53,0,0.03240080908091311,Low
1937,15810457,Miller,728,Germany,Female,33,9,150412.14,2,1,0,170764.08,0,0.09156302716144267,Low
1938,15697879,Webb,701,France,Male,30,3,156660.72,2,1,0,45742.42,0,0.049162891600758374,Low
1939,15594902,Lombardi,518,France,Male,38,3,90957.81,1,0,1,162304.59,0,0.11156081758195067,Low
1940,15799710,Wei,739,France,Male,37,7,104960.46,1,0,1,80883.82,0,0.05507428310672955,Low
1941,15659651,Ross,531,Germany,Female,31,7,117052.82,1,1,0,118508.09,1,0.2983079953183154,Low
1942,15645956,Jideofor,452,Spain,Male,44,3,88915.85,1,1,0,69697.74,0,0.3149094059357566,Low
1943,15651713,King,684,France,Male,45,6,148071.39,1,1,0,183575.01,0,0.3644584149708215,Low
1944,15737265,Nwokeocha,728,Germany,Male,39,6,152182.83,1,0,0,161203.6,0,0.27729705195586546,Low
1945,15687310,Humphries,783,Spain,Male,39,9,0.0,2,1,0,143752.77,0,0.03238931208263134,Low
1946,15607347,Olisaemeka,734,France,Male,22,5,130056.23,1,0,0,121894.31,1,0.08611423839767075,Low
1947,15698321,Yobanna,648,Germany,Male,34,3,95039.73,2,1,1,147055.87,0,0.042726421978620685,Low
1948,15657812,Ch'iu,688,France,Male,52,1,0.0,2,1,1,172033.57,0,0.08084186326278149,Low
1949,15569187,Fleming,680,Spain,Male,35,9,0.0,2,0,0,143774.06,0,0.02056762745876447,Low
1950,15681562,Trevisan,516,France,Female,43,2,112773.73,2,1,1,139366.58,0,0.16751259266144441,Low
1951,15615456,Aleksandrova,680,France,Female,37,10,123806.28,1,1,0,81776.84,1,0.16078967173844383,Low
1952,15589793,Onwuamaeze,604,France,Male,53,8,144453.75,1,1,0,190998.96,1,0.7004980402250013,Medium
1953,15781884,Knox,624,Germany,Male,27,9,94667.29,2,0,1,4470.52,0,0.040362045250800144,Low
1954,15675190,Chia,623,France,Male,21,10,0.0,2,0,1,135851.3,0,0.011455637868721724,Low
1955,15600734,Townsend,624,Spain,Male,51,5,174397.21,2,1,1,172372.63,0,0.2510278385640605,Low
1956,15779176,Dike,565,Germany,Female,58,3,108888.24,3,0,1,135875.51,1,0.9704730187391926,High
1957,15605286,Moyes,565,France,Male,55,4,118803.35,2,1,1,128124.7,1,0.14053658427537943,Low
1958,15674922,Beavers,710,France,Male,54,6,171137.62,1,1,1,167023.95,1,0.297150142843653,Low
1959,15737506,Tretiakova,645,France,Male,42,6,0.0,1,0,0,149807.01,0,0.3760490268899335,Low
1960,15780514,Fuller,707,France,Male,33,8,136678.52,1,1,0,54290.62,0,0.0944452553574451,Low
1961,15623647,Dellucci,655,Spain,Female,36,1,135515.76,1,1,0,86013.96,0,0.14463049788791915,Low
1962,15668472,Ritchie,705,Spain,Female,24,5,177799.83,2,0,0,79886.06,0,0.1791399487612678,Low
1963,15692416,Aikenhead,358,Spain,Female,52,8,143542.36,3,1,0,141959.11,1,0.9976738715246689,High
1964,15771139,Douglas,578,Germany,Male,34,8,147487.23,2,1,0,66680.77,0,0.07227921304074279,Low
1965,15738318,Kung,800,France,Female,40,5,97764.41,1,1,0,98640.15,1,0.2546507181478152,Low
1966,15772243,MacDonald,612,France,Female,33,9,0.0,1,0,0,142797.5,1,0.2595076875395728,Low
1967,15638463,Okwudilichukwu,681,Germany,Female,48,8,139480.18,1,1,1,163581.67,0,0.5638876466068684,Medium
1968,15598088,Ni,559,Spain,Male,25,5,0.0,2,1,1,163221.22,0,0.010745770965535442,Low
1969,15693468,Simmons,488,Spain,Female,39,9,140553.46,1,0,0,12440.44,0,0.185539783631624,Low
1970,15671930,H?,717,France,Female,36,5,0.0,2,1,1,145551.6,0,0.027046337858420446,Low
1971,15762268,Hancock,666,France,Female,41,10,141162.08,1,1,0,50908.48,0,0.2749951457076944,Low
1972,15780954,Cran,582,Spain,Male,26,4,65848.36,2,1,0,30149.21,0,0.026980525852874585,Low
1973,15700174,McKay,733,Spain,Female,30,0,83319.28,1,0,0,57769.2,0,0.15497023336841229,Low
1974,15635728,P'an,693,France,Male,41,4,0.0,2,0,0,156381.47,0,0.04469701960332534,Low
1975,15679283,Parkhill,694,France,Female,33,4,129731.64,2,1,0,178123.86,0,0.08241690058560316,Low
1976,15591386,Golubova,622,France,Female,35,5,0.0,2,1,0,51112.8,0,0.03054165125496834,Low
1977,15694192,Nwankwo,598,Spain,Female,38,6,0.0,2,0,0,173783.38,0,0.07205255504216951,Low
1978,15585901,Johnson,717,Spain,Male,35,1,0.0,3,0,0,174770.14,1,0.6123860049125932,Medium
1979,15792329,Mao,494,Germany,Male,37,5,107106.33,2,1,0,172063.09,0,0.1187410146381158,Low
1980,15635597,Echezonachukwu,644,France,Male,33,8,0.0,2,1,1,155294.17,0,0.011320222774520543,Low
1981,15775880,McElyea,554,France,Female,30,9,0.0,2,1,1,40320.3,0,0.014865921012910477,Low
1982,15630913,Rosas,476,Spain,Female,69,1,105303.73,1,0,1,134260.34,0,0.09834608316938388,Low
1983,15756680,Phillips,667,France,Male,28,6,165798.1,1,1,0,147090.9,0,0.09597954019680947,Low
1984,15587913,Palerma,748,Spain,Female,40,4,0.0,2,1,0,132368.47,0,0.0731459329120758,Low
1985,15737605,Morris,531,Spain,Female,45,1,126495.57,2,1,1,164741.5,0,0.26571958487300157,Low
1986,15627876,Pavlova,719,Spain,Female,47,9,116393.59,1,1,0,63051.32,1,0.5510951237136447,Medium
1987,15772601,Lu,845,Germany,Female,41,2,81733.74,2,0,0,199761.29,0,0.08750757425359157,Low
1988,15758606,Yamamoto,738,France,Male,54,4,0.0,1,0,1,55725.04,1,0.36317166843298404,Low
1989,15657107,Angelo,563,Spain,Female,46,8,106171.68,1,1,0,163145.5,1,0.54753709277234,Medium
1990,15622454,Zaitsev,695,Spain,Male,28,0,96020.86,1,1,1,57992.49,0,0.04655395226033075,Low
1991,15775803,Cawker,841,Spain,Male,41,1,0.0,2,0,1,193093.77,0,0.03352052432724148,Low
1992,15570859,Froggatt,626,Germany,Male,36,2,181671.16,2,1,1,57531.14,0,0.020050907063775637,Low
1993,15748381,Gorbunov,613,France,Female,29,6,185709.28,2,1,1,77242.19,0,0.08928753790659881,Low
1994,15787189,Tai,824,Germany,Male,60,8,134250.17,3,0,0,153046.16,1,0.9950794319930725,High
1995,15666055,Rowe,705,France,Female,49,7,0.0,1,1,0,63405.2,1,0.7655586348989873,High
1996,15617648,Mikkelsen,584,France,Female,44,5,95671.75,2,1,1,106564.88,0,0.14042951081796567,Low
1997,15755678,Kovalyov,534,France,Male,62,2,0.0,2,0,0,42763.12,1,0.4879157410767342,Medium
1998,15624781,Mbanefo,672,France,Female,34,1,142151.75,2,1,1,168753.34,0,0.054313741255674806,Low
1999,15779497,Ts'ai,603,France,Male,43,5,127823.93,1,1,1,19483.35,0,0.1534257505682103,Low
2000,15567399,Enderby,633,Germany,Male,43,3,144164.29,1,1,1,158646.46,0,0.3260784431150805,Low
2001,15613656,Lombardi,842,France,Male,58,1,63492.94,1,1,1,83172.19,0,0.27479472927445525,Low
2002,15734311,Hamilton,661,France,Female,27,3,0.0,2,1,1,76889.79,0,0.01740309739243657,Low
2003,15657214,Hsia,601,France,Male,74,2,0.0,2,0,1,51554.58,0,0.005752052326240246,Low
2004,15799350,Mao,632,France,Male,41,0,106134.46,1,0,1,105570.39,0,0.12105453444569984,Low
2005,15729970,Ugochukwu,684,Germany,Male,29,8,127269.75,1,0,1,79495.01,0,0.12512219170655034,Low
2006,15725835,West,785,Germany,Female,32,3,124493.03,2,0,1,52583.79,1,0.08843900435846921,Low
2007,15745543,Hughes,687,France,Male,39,7,0.0,2,1,0,26848.25,0,0.027911620800163794,Low
2008,15727384,Chukwuemeka,705,Germany,Female,43,10,146547.78,1,0,1,10072.55,1,0.4550174063212508,Medium
2009,15666916,Lira,639,France,Male,43,6,99610.92,2,1,0,187296.78,0,0.13392084291526543,Low
2010,15732917,Li,729,Germany,Male,46,5,117837.43,1,1,0,104016.61,1,0.6936188358304943,Medium
2011,15612050,Castiglione,556,Spain,Female,48,8,168522.37,1,1,1,151310.16,0,0.41105645951186076,Low
2012,15726267,Paterson,570,France,Male,32,9,117337.54,2,0,1,62810.91,0,0.02738413963550404,Low
2013,15780124,Blair,841,France,Male,74,9,108131.53,1,0,1,60830.38,0,0.021163048205362373,Low
2014,15742238,Dellucci,705,Germany,Male,35,4,136496.12,2,1,0,116672.02,0,0.08206228999554877,Low
2015,15679024,Udinesi,553,France,Male,32,3,116324.53,1,1,0,77304.49,0,0.08128623593634726,Low
2016,15715297,Yuan,779,Germany,Female,40,2,75470.23,1,1,1,52894.01,0,0.19750142567456247,Low
2017,15633612,Yuryeva,696,France,Male,28,4,172646.82,1,1,1,116471.43,0,0.07528832675235711,Low
2018,15602929,Wilson,728,Spain,Female,37,4,0.0,1,0,0,4539.38,0,0.2591823357231645,Low
2019,15696703,Dean,691,Germany,Male,27,3,160358.68,2,1,0,142367.72,0,0.05106106691510779,Low
2020,15756668,Ross,706,France,Male,30,3,98415.37,1,1,1,110520.48,0,0.039286225550659415,Low
2021,15565779,Kent,627,Germany,Female,30,6,57809.32,1,1,0,188258.49,0,0.15434094752752917,Low
2022,15795519,Vasiliev,716,Germany,Female,18,3,128743.8,1,0,0,197322.13,0,0.23253216711939909,Low
2023,15761477,Golibe,501,Germany,Male,24,4,130806.42,2,1,0,80241.14,0,0.07920707042942945,Low
2024,15731890,Chukwukere,601,France,Male,41,1,123971.16,1,0,1,172814.99,0,0.15220279773194728,Low
2025,15633043,Fedorova,545,Spain,Female,39,6,0.0,1,0,0,38410.74,1,0.31519622226786054,Low
2026,15752953,Chien,634,France,Male,45,9,0.0,2,0,0,17622.82,0,0.07150121128042396,Low
2027,15603088,Rossi,451,Spain,Female,23,9,0.0,2,0,1,48021.71,0,0.01803770139364713,Low
2028,15606613,Samson,655,France,Female,59,7,0.0,1,1,0,88958.49,1,0.9305705545685723,High
2029,15635939,Fenton,458,France,Female,39,9,0.0,2,1,0,116343.09,0,0.05807635456252886,Low
2030,15666043,Mackey,520,France,Male,33,4,156297.58,2,1,1,166102.61,0,0.039023082264945046,Low
2031,15746190,Payton,624,Spain,Female,28,2,0.0,2,0,1,104353.26,0,0.021699557427926786,Low
2032,15591357,Cowger,765,France,Male,51,3,123372.3,1,1,1,115429.32,0,0.2568460174760538,Low
2033,15658716,Banks,667,Germany,Female,37,5,92171.35,3,1,0,178106.34,1,0.8856868000963346,High
2034,15679909,Pugliesi,665,Spain,Male,41,8,0.0,2,1,0,132152.32,0,0.04069103299797934,Low
2035,15634262,Fantin,709,Germany,Male,34,4,148375.19,2,1,1,21521.38,0,0.0500825409317614,Low
2036,15799825,Bentley,583,France,Female,44,8,0.0,2,1,1,27431.62,0,0.05905735094394232,Low
2037,15756875,Freeman,782,Spain,Male,34,6,147422.44,1,0,1,42143.61,0,0.05257717695812621,Low
2038,15678146,Wong,668,Spain,Female,24,7,173962.32,1,0,0,106457.11,1,0.24782554018391031,Low
2039,15710743,Onwuamaeze,621,France,Male,47,0,0.0,1,1,1,133831.37,1,0.3887238287110245,Low
2040,15595831,Shen,579,Germany,Female,64,6,145215.43,1,1,1,164083.72,0,0.3081720920953119,Low
2041,15626684,Huang,547,France,Female,38,5,167539.97,1,0,1,159207.34,0,0.16509430982771628,Low
2042,15709846,Yeh,840,France,Female,39,1,94968.97,1,1,0,84487.62,0,0.19040284804407473,Low
2043,15635459,Shih,667,Germany,Female,27,3,106116.5,2,1,0,3674.71,0,0.1210229857708872,Low
2044,15642544,Henderson,723,France,Male,34,5,0.0,2,0,1,12092.03,0,0.009513655764921736,Low
2045,15566494,Fang,487,France,Male,45,2,0.0,2,1,0,77475.73,0,0.08958587722281627,Low
2046,15655238,Dellucci,668,France,Female,31,9,0.0,2,0,0,41291.73,0,0.022465514023826776,Low
2047,15733429,Chou,520,Germany,Male,34,8,120018.86,2,1,1,343.38,0,0.062140363304357106,Low
2048,15814536,Conti,549,France,Male,37,2,112541.54,2,0,0,47432.43,0,0.05671646215754655,Low
2049,15771702,Roberts,567,France,Female,35,5,166118.45,2,1,0,127827.18,0,0.0961854370596811,Low
2050,15723008,Lo Duca,720,France,Female,45,1,102882.4,2,1,1,35633.15,1,0.17382596122952423,Low
2051,15797160,Glover,492,France,Female,49,8,0.0,1,1,1,182865.09,1,0.606333624767901,Medium
2052,15792222,Johnstone,712,France,Female,37,1,106881.5,2,0,0,169386.81,0,0.1230126260717149,Low
2053,15644765,Ashton,689,Germany,Male,26,4,120727.97,1,0,1,149073.88,0,0.12393767306334502,Low
2054,15610686,Melton,850,France,Male,63,8,169832.57,1,0,0,184107.26,1,0.8637551529781131,High
2055,15730868,Marshall,747,France,Male,41,5,0.0,2,1,1,22750.17,0,0.022709939162898346,Low
2056,15705991,Kenenna,469,Germany,Male,38,9,113599.42,1,0,0,11950.29,0,0.3661426960046052,Low
2057,15577078,Zakharov,539,Spain,Male,38,6,0.0,1,1,1,152880.07,1,0.15081065074289043,Low
2058,15679550,Chukwualuka,743,France,Male,32,9,0.0,2,1,0,175252.78,0,0.020265678945230046,Low
2059,15787655,Chu,707,France,Male,47,3,0.0,2,1,0,174303.29,0,0.14963815131318228,Low
2060,15668081,Capon,581,Spain,Female,50,4,0.0,2,1,1,80701.72,0,0.11321449177233506,Low
2061,15747980,Cattaneo,737,Spain,Male,38,6,146282.79,2,1,0,198516.2,0,0.04286188518138017,Low
2062,15710295,Patrick,445,Germany,Female,38,6,119413.62,2,1,0,175756.36,0,0.19102152517756182,Low
2063,15724443,Taylor,703,Germany,Female,29,3,122084.63,1,0,1,82824.08,0,0.18334808748260548,Low
2064,15571305,Stephenson,588,Germany,Female,35,1,103060.63,1,1,0,179866.01,1,0.34760870447979764,Low
2065,15569503,Yeh,765,France,Male,44,6,0.0,2,1,1,159899.97,0,0.04013084665498275,Low
2066,15581840,DeRose,626,France,Male,33,8,0.0,2,1,0,138504.28,0,0.01817226762585219,Low
2067,15772262,Vavilov,545,Germany,Male,37,9,110483.86,1,1,1,127394.67,0,0.18185984256276766,Low
2068,15767794,Browne,744,France,Male,31,9,120718.28,1,1,1,58961.49,0,0.043093125834612854,Low
2069,15629338,Collingridge de Tourcey,658,Spain,Female,31,2,36566.96,1,1,0,103644.98,1,0.20137787769732554,Low
2070,15790379,Rowe,629,Germany,Male,28,8,108601.0,1,1,1,119647.7,0,0.12021205979952944,Low
2071,15750684,Jibunoh,719,France,Female,42,4,0.0,1,1,0,28465.86,1,0.46381198498212545,Medium
2072,15697214,Korovin,686,Spain,Female,36,5,0.0,2,1,1,152979.14,0,0.02871522488927011,Low
2073,15711015,Hammonds,743,France,Male,36,4,0.0,2,1,1,190911.02,0,0.01683291390087012,Low
2074,15573309,Ward,626,Spain,Female,48,2,0.0,2,1,1,95794.98,0,0.11939409632105377,Low
2075,15805303,Olisanugo,661,Germany,Male,44,1,141136.62,1,1,0,189742.78,1,0.5241924911319701,Medium
2076,15741385,Gallop,710,Germany,Male,45,9,108231.37,1,1,1,188574.08,0,0.4317465758003342,Low
2077,15780254,Gartrell,654,France,Male,40,6,0.0,1,0,0,183872.88,1,0.40116095892350817,Low
2078,15744843,K'ung,569,Spain,Female,34,6,144855.34,1,0,0,196555.32,0,0.12755490688692311,Low
2079,15815626,Oluchi,640,France,Male,63,2,68432.45,2,1,1,112503.24,1,0.07772812520671131,Low
2080,15784736,Jamieson,562,France,Male,45,6,136855.24,1,1,0,46864.0,0,0.35740480906544836,Low
2081,15813412,Barlow,721,France,Female,55,3,44020.89,1,1,0,65864.4,1,0.8991389719550308,High
2082,15809143,White,456,Germany,Male,32,9,133060.63,1,1,1,125167.92,0,0.11158085093832326,Low
2083,15617617,Stewart,811,Spain,Male,39,7,0.0,2,1,1,177519.39,0,0.020827880081723142,Low
2084,15779738,Buccho,534,France,Male,24,1,0.0,1,1,1,169653.32,0,0.09969632584269718,Low
2085,15668669,Benson,423,France,Female,36,5,97665.61,1,1,0,118372.55,1,0.31100975346576143,Low
2086,15687477,Thompson,594,Germany,Male,28,5,185013.02,1,1,0,16481.12,0,0.06086649186143305,Low
2087,15578908,Todd,725,Spain,Female,32,0,0.0,2,1,1,138525.19,0,0.019387656771117725,Low
2088,15687658,Burgin,716,France,Female,52,7,65971.61,2,1,0,14608.0,1,0.42755653076548544,Low
2089,15615020,Nnaife,595,Germany,Female,41,9,150463.11,2,0,1,81548.38,0,0.11064315308414514,Low
2090,15608886,Okwudiliolisa,679,France,Female,33,1,0.0,2,0,0,69608.48,0,0.025243572820543677,Low
2091,15602551,Johnson,667,Spain,Male,39,9,0.0,2,1,0,68873.8,0,0.02969343505893126,Low
2092,15672945,Parkes,661,France,Female,37,5,136425.18,1,1,0,81102.81,0,0.15548384934770262,Low
2093,15757408,Lo,655,Spain,Male,38,3,250898.09,3,0,1,81054.0,1,0.9509333285881301,High
2094,15806132,Martin,555,France,Male,55,4,146798.81,1,1,1,74149.77,0,0.20738146828194842,Low
2095,15813022,Kapustina,531,Spain,Male,70,1,0.0,2,0,0,99503.19,0,0.25214430427519247,Low
2096,15673578,Page,611,Germany,Female,40,7,128486.91,2,1,0,10109.47,0,0.20987390290150224,Low
2097,15757916,Amaechi,600,France,Female,38,9,0.0,2,1,1,58855.85,0,0.025782512935394183,Low
2098,15689168,Munro,531,Spain,Male,37,1,143407.29,2,0,1,84402.46,0,0.05284874314347225,Low
2099,15769216,Panicucci,601,France,Female,43,2,0.0,1,1,0,49713.87,1,0.48233141516349853,Medium
2100,15593295,Greathouse,548,France,Male,57,6,76165.65,1,1,1,133537.53,0,0.2341934267580145,Low
2101,15804814,Ts'ui,759,France,Male,40,4,0.0,2,1,0,124615.59,0,0.04153709845367625,Low
2102,15778934,Napolitani,678,Spain,Female,49,8,0.0,2,0,1,98090.69,0,0.10960868114999836,Low
2103,15802351,Beers,755,Germany,Female,33,6,90560.3,2,1,1,42607.69,0,0.05862602510350777,Low
2104,15630241,Tretyakova,594,France,Male,61,3,62391.22,1,1,1,192434.11,0,0.34277139759429137,Low
2105,15719561,Lin,768,France,Male,42,5,0.0,3,0,0,60686.4,0,0.6053029688427088,Medium
2106,15615096,Costa,492,France,Female,31,7,0.0,2,1,1,49463.44,0,0.015643029519957954,Low
2107,15659931,Ibezimako,637,Germany,Female,55,1,123378.2,1,1,0,81431.99,1,0.9437445126743088,High
2108,15714586,Marcelo,646,Spain,Female,42,3,99836.47,1,0,1,22909.56,0,0.1931242085276671,Low
2109,15634949,Hay,593,Germany,Male,74,5,161434.36,2,1,1,65532.17,0,0.03043182365337871,Low
2110,15589224,Moore,596,Spain,Male,41,5,0.0,2,0,1,141053.85,0,0.034261863476269465,Low
2111,15795990,Lumholtz,722,Germany,Female,48,10,138311.76,1,1,1,3472.63,1,0.5874651936117282,Medium
2112,15603216,Simpson,642,France,Male,25,7,0.0,2,1,0,102083.78,0,0.014618495500332666,Low
2113,15631201,Hill,472,Spain,Female,28,4,0.0,2,1,0,1801.77,0,0.025770186147255514,Low
2114,15686255,Mouzon,738,Germany,Male,35,6,101744.84,1,0,0,85185.44,0,0.23181623006123556,Low
2115,15746594,Wu,732,Spain,Male,33,8,0.0,1,1,0,119882.7,0,0.15594874312573942,Low
2116,15718893,Pirozzi,404,Germany,Female,54,4,125456.07,1,1,0,83715.66,1,0.9691642271962321,High
2117,15671609,Ibeabuchi,701,France,Male,44,7,0.0,2,1,0,23425.78,0,0.06076003847888657,Low
2118,15652540,Garnsey,683,France,Male,31,2,0.0,2,0,1,77326.78,0,0.011242340079398422,Low
2119,15774857,Synnot,460,France,Female,27,7,0.0,2,1,0,156150.08,1,0.03873475793437181,Low
2120,15791836,Wildman,690,France,Male,29,5,0.0,2,1,0,108577.97,0,0.01695693807607694,Low
2121,15651554,Anenechukwu,618,Germany,Female,54,4,118449.21,1,1,1,133573.29,1,0.5598750290376845,Medium
2122,15583576,Tai,671,France,Male,30,2,0.0,1,0,1,102057.86,0,0.08002777485758286,Low
2123,15732740,Plant,765,Spain,Female,32,9,178095.55,1,0,0,47247.56,0,0.26628116796344986,Low
2124,15723320,Azubuike,651,Germany,Female,25,2,109175.14,2,1,0,114566.47,0,0.09296045699755665,Low
2125,15603851,Galkin,704,France,Male,32,7,127785.17,4,0,0,184464.7,1,0.9160168800983902,High
2126,15777923,Johnston,544,France,Female,45,6,0.0,2,0,1,151401.33,0,0.1143734754039804,Low
2127,15735719,Babbage,790,France,Female,40,9,0.0,2,1,1,70607.1,0,0.03648253495205416,Low
2128,15703482,Walker,710,Germany,Male,34,9,134260.36,2,1,0,147074.67,0,0.07046552197821342,Low
2129,15605835,Rice,743,France,Male,37,8,69143.91,2,0,1,105780.18,0,0.025861981756241045,Low
2130,15664881,Norton,702,France,Male,34,4,100054.77,1,1,0,109496.45,0,0.078460031375356,Low
2131,15757568,Bogolyubov,704,France,Female,45,6,0.0,1,1,1,137739.45,0,0.39970423999598137,Low
2132,15792660,Gibbons,614,France,Male,38,2,116248.88,1,1,0,105140.92,0,0.14066092757352186,Low
2133,15599722,Chia,609,Spain,Female,43,6,86053.52,2,1,1,113276.46,1,0.12134430979094435,Low
2134,15726354,Smith,688,France,Female,32,6,123157.95,1,1,0,172531.23,0,0.15283349741830918,Low
2135,15610355,Hunter,713,France,Male,44,1,63438.91,1,1,0,64375.4,0,0.3814451782288576,Low
2136,15704284,Ekechukwu,736,Germany,Male,57,9,95295.39,1,1,0,28434.44,1,0.9207806345267784,High
2137,15621893,Bellucci,727,France,Male,18,4,133550.67,1,1,1,46941.41,0,0.0387203628650941,Low
2138,15588219,Ford,850,France,Female,38,1,106871.81,2,1,0,29333.01,0,0.0867037445174853,Low
2139,15688619,Scott,718,Spain,Male,45,3,105266.32,2,1,1,193724.51,0,0.10736478911833387,Low
2140,15765518,Gregson,643,France,Female,51,2,105229.53,1,1,0,34967.75,1,0.7076725037204179,Medium
2141,15616931,Moore,653,France,Male,41,8,102768.42,1,1,0,55663.85,0,0.17318098519885053,Low
2142,15758372,Wallace,674,France,Male,18,7,0.0,2,1,1,55753.12,1,0.008380208342886785,Low
2143,15782591,Cook,690,France,Male,35,6,112689.95,1,1,0,176962.31,0,0.10260665273344453,Low
2144,15612109,Speth,819,France,Male,38,9,122334.26,2,1,1,181507.44,0,0.04276156146242669,Low
2145,15613712,Boag,634,Spain,Male,34,1,0.0,2,1,0,61995.57,0,0.018742754621852157,Low
2146,15639322,Grave,633,Spain,Male,33,4,137847.41,2,1,0,98349.13,0,0.055112773630918876,Low
2147,15594349,Streeten,850,France,Male,49,5,122486.47,1,0,1,59748.19,0,0.27187960782746917,Low
2148,15574167,Fox,665,France,Male,33,2,101286.11,1,1,1,159840.51,0,0.04219505432604383,Low
2149,15811842,Artemyeva,630,Spain,Male,26,7,0.0,2,1,1,6656.64,0,0.010591776788431777,Low
2150,15648794,Giordano,836,Spain,Male,57,4,101247.06,1,1,0,37141.62,1,0.8012577104547732,High
2151,15771211,Perkins,668,France,Male,38,10,86977.96,1,0,1,37094.75,0,0.07285584353917811,Low
2152,15588614,Walton,753,France,Male,57,7,0.0,1,1,0,159475.08,1,0.8949149226789439,High
2153,15630698,Hay,745,France,Female,55,9,110123.59,1,0,1,51548.14,1,0.30918276882062007,Low
2154,15694200,Gardner,693,France,Male,36,8,178111.82,1,0,0,58719.63,1,0.20023684764947094,Low
2155,15721426,Milne,606,Germany,Male,65,10,126306.64,3,0,0,7861.68,1,0.9928909647130837,High
2156,15725997,She,660,France,Female,35,6,100768.77,1,1,0,19199.61,0,0.13846962743430716,Low
2157,15762138,Hu,608,France,Male,42,5,0.0,2,1,0,178504.29,0,0.061308961307285074,Low
2158,15750649,Uwakwe,744,France,Female,44,3,0.0,2,1,1,189016.14,0,0.08562335849111961,Low
2159,15685706,Bird,731,France,Female,40,7,118991.79,1,1,1,156048.64,0,0.161791123659783,Low
2160,15641835,Anderson,683,France,Male,72,3,140997.26,1,0,1,52876.41,0,0.03160849665433388,Low
2161,15586821,Bellew,727,France,Male,28,5,0.0,2,0,1,19653.08,0,0.009145647029751748,Low
2162,15569678,Cocci,561,Germany,Male,32,6,166824.59,1,1,0,139451.98,0,0.15257623182588612,Low
2163,15793842,Krichauff,700,France,Female,34,2,76322.69,1,1,0,128136.29,0,0.17114569633895768,Low
2164,15667554,Cameron,605,France,Male,35,6,0.0,2,1,1,45206.57,0,0.01186909181605172,Low
2165,15794479,Becker,767,Spain,Male,77,8,149083.7,1,1,1,190146.83,0,0.01673733130261615,Low
2166,15585041,Ainsworth,511,France,Male,33,7,0.0,2,0,1,158313.87,0,0.014770056142420739,Low
2167,15780650,Biryukov,667,France,Male,40,9,0.0,1,1,1,96670.2,0,0.17427699830527774,Low
2168,15780846,Redding,787,France,Male,33,1,126588.81,2,0,1,62163.53,0,0.02947880036264555,Low
2169,15805260,Wood,705,Germany,Female,56,2,143249.67,1,1,0,88428.41,1,0.9230898094224087,High
2170,15621629,Scott,773,Germany,Male,43,8,81844.91,2,1,1,35908.46,0,0.07453208484931689,Low
2171,15662151,Gould,554,France,Male,40,4,0.0,1,0,1,168780.04,0,0.2521184463612028,Low
2172,15747174,Hao,526,Germany,Male,58,9,190298.89,2,1,1,191263.76,0,0.04578886260668762,Low
2173,15651585,Power,661,Germany,Male,35,2,117212.18,1,1,1,83052.03,0,0.15155102459180836,Low
2174,15649738,White,698,France,Female,46,0,0.0,2,1,1,125962.02,0,0.0962707294476101,Low
2175,15633108,Thorpe,646,France,Male,26,4,139848.17,1,1,0,164696.27,0,0.08174155505379531,Low
2176,15769254,Tuan,757,Germany,Female,34,9,101861.36,2,0,0,187011.96,0,0.14827299955054726,Low
2177,15704746,Inman,699,Spain,Male,35,2,167455.66,2,1,1,55324.49,0,0.037963591895378346,Low
2178,15637644,Hanson,667,France,Female,24,4,0.0,2,0,1,34335.55,0,0.016650703964965558,Low
2179,15609562,MacDonald,774,Spain,Female,43,1,116360.07,1,1,0,17004.14,0,0.3763394464036046,Low
2180,15787459,Parkes,745,Spain,Male,40,3,88466.82,1,0,0,116331.42,0,0.2060669386665051,Low
2181,15762902,Stanley,649,France,Female,42,7,0.0,2,0,1,22974.01,0,0.04769745831971109,Low
2182,15738605,Fischer,634,Germany,Female,46,5,123642.36,1,1,1,49725.16,1,0.5679281505392135,Medium
2183,15724889,Chinweuba,665,Spain,Male,38,9,0.0,1,0,1,87412.74,0,0.13565096628295323,Low
2184,15730735,Henning,713,France,Male,38,9,72286.84,2,1,1,26136.89,0,0.0254577653933531,Low
2185,15689147,Ogochukwu,652,France,Female,40,1,0.0,2,1,0,126554.96,0,0.06585033440389722,Low
2186,15730397,Narelle,739,Spain,Male,40,1,109681.61,1,1,1,193321.3,0,0.1058965089682419,Low
2187,15762169,Bergman,556,Germany,Male,37,9,145018.64,2,1,0,90928.02,1,0.09051302592676311,Low
2188,15589320,Sagese,699,Spain,Male,34,8,0.0,1,1,1,76510.46,0,0.0818061186711026,Low
2189,15799211,Anenechi,708,Spain,Female,32,8,187487.63,1,1,1,120115.5,0,0.17533572140766857,Low
2190,15798310,Palerma,480,France,Male,35,2,165692.91,1,1,1,197984.58,0,0.06132519876637699,Low
2191,15609998,Okwudilichukwu,700,Germany,Female,59,5,137648.41,1,1,0,142977.05,1,0.9442163606641211,High
2192,15583548,Harrison,525,Spain,Female,47,6,118560.0,1,1,0,82522.61,1,0.5523908182964969,Medium
2193,15761763,Jamieson,845,France,Male,33,8,164385.53,1,1,0,150664.97,0,0.09588045909536444,Low
2194,15764409,Goodman,613,France,Male,37,9,108286.5,1,1,1,114153.44,0,0.06561079315241669,Low
2195,15710161,Ko,850,France,Female,34,2,0.0,2,1,1,171706.66,0,0.018715771411251317,Low
2196,15735246,Norman,798,Spain,Female,58,9,0.0,2,0,0,119071.56,1,0.5956129042166254,Medium
2197,15791700,Ugochukwutubelum,773,Germany,Male,47,2,118079.47,4,1,1,143007.49,1,0.9825870898339999,High
2198,15670753,Uvarova,614,Spain,Male,35,2,127283.78,1,1,1,31302.35,0,0.05838548348367436,Low
2199,15573876,Chia,473,Spain,Male,48,8,0.0,2,1,0,71139.8,0,0.14708324132762285,Low
2200,15770174,Piazza,762,France,Male,29,6,141389.06,1,1,0,54122.89,0,0.09867665660987827,Low
2201,15641114,Power,701,France,Male,37,8,130091.5,1,1,1,120031.29,0,0.05566899540259406,Low
2202,15682435,P'eng,600,France,Male,35,4,143744.77,2,1,0,104076.51,0,0.04966559906431403,Low
2203,15751788,Johnson,850,Spain,Male,28,9,97408.03,1,1,1,175853.64,0,0.047598250583738996,Low
2204,15672598,Walker,613,Spain,Male,30,9,111927.45,1,1,1,175795.87,0,0.05256469923652638,Low
2205,15762803,Innes,509,France,Male,31,3,0.0,2,1,0,15360.91,0,0.015421260866393229,Low
2206,15812982,Francis,509,Spain,Male,38,2,0.0,1,0,0,168460.12,0,0.29335788535337765,Low
2207,15597901,Chidozie,609,France,Male,34,1,0.0,1,1,1,181177.9,0,0.09530818074271043,Low
2208,15731507,Mackenzie,456,France,Female,33,1,188285.68,1,0,0,58363.94,0,0.1747518789462254,Low
2209,15809826,Craigie,728,France,Female,46,2,109705.52,1,1,0,20276.87,1,0.5708113124218873,Medium
2210,15764237,Manfrin,663,Spain,Male,33,9,0.0,2,0,0,91514.62,0,0.01658305534890373,Low
2211,15769917,Onyekachi,673,Germany,Female,34,1,127122.79,3,0,1,76703.1,0,0.7852260475415456,High
2212,15641850,Pethard,717,France,Male,40,0,98241.04,1,1,0,110887.14,0,0.17121474024135322,Low
2213,15770974,Nwabugwu,741,Germany,Female,37,8,170840.08,2,0,0,109843.16,0,0.07518844535063145,Low
2214,15803749,DeRose,498,Germany,Female,41,4,87541.06,2,1,1,12577.21,1,0.11984513870173011,Low
2215,15684999,Ch'eng,850,France,Female,26,4,62610.96,2,0,1,179365.1,0,0.03671781299693677,Low
2216,15770225,Padovesi,493,France,Male,36,9,0.0,2,1,1,65816.53,0,0.012897695397294164,Low
2217,15627484,Obielumani,686,France,Female,47,5,113328.93,1,1,0,124170.9,0,0.5620775068677683,Medium
2218,15610337,Stephens,666,Spain,Male,35,2,104832.49,1,1,0,175015.12,0,0.0952428535401826,Low
2219,15752488,Emery,733,Spain,Female,31,9,102289.85,1,1,1,115441.66,0,0.06658741581177317,Low
2220,15610056,Dufresne,631,Germany,Female,34,6,125227.82,2,0,1,128247.03,0,0.08340909265282359,Low
2221,15806049,Lee,714,Germany,Female,49,5,140510.89,1,1,0,141914.94,0,0.8299502844795456,High
2222,15736069,Hsing,767,Germany,Female,35,6,132253.22,1,1,0,115566.57,1,0.3277173707389462,Low
2223,15763662,Longo,711,Germany,Male,43,2,39043.29,2,1,1,175423.69,0,0.05435051054639897,Low
2224,15615575,Vial,722,France,Male,34,8,0.0,2,1,1,133447.49,0,0.010068050128070287,Low
2225,15691723,Chukwudi,631,Spain,Male,55,9,99685.06,1,1,0,114474.98,0,0.777834004760136,High
2226,15774098,Grant,701,Germany,Male,38,3,125385.49,2,0,1,52044.66,0,0.09369351128105456,Low
2227,15750808,Ma,790,Spain,Male,46,2,131365.37,2,1,1,180290.68,0,0.12827019826821548,Low
2228,15744368,Sun,633,Spain,Male,58,6,98308.51,1,1,1,132034.13,0,0.18236390200652572,Low
2229,15610594,Moss,644,France,Female,37,8,0.0,2,1,0,20968.88,0,0.033401421287784464,Low
2230,15756125,Booth,757,Spain,Male,44,5,140856.16,2,1,0,158735.1,0,0.16487314857158125,Low
2231,15623277,Ross,696,France,Female,30,8,0.0,2,1,1,196134.44,0,0.0237488483934632,Low
2232,15795954,Ndukaku,746,France,Male,35,2,172274.01,1,1,0,22374.97,0,0.1585594750982995,Low
2233,15671969,Pruneda,649,Spain,Male,36,8,0.0,2,1,0,161668.15,0,0.021153392853100764,Low
2234,15791268,Neumann,565,Spain,Male,38,0,122447.76,1,0,0,67339.34,0,0.1308723772506232,Low
2235,15713655,Calabrese,720,France,Female,38,10,0.0,2,1,1,56229.72,1,0.0252465439369464,Low
2236,15633930,Yobachukwu,648,Spain,Female,56,6,157559.59,2,1,0,140991.23,1,0.8113736043141443,High
2237,15712849,Tung,632,Germany,Male,41,3,126550.7,1,0,0,177644.52,1,0.5037016395165893,Medium
2238,15639077,Marchesi,622,France,Female,30,2,158584.82,3,1,0,142342.55,1,0.9152412558258487,High
2239,15808784,Hess,835,France,Male,28,2,163569.61,2,1,1,154559.28,0,0.024091981890930467,Low
2240,15648577,Pickering,493,France,Female,31,3,0.0,1,1,1,176570.28,1,0.1923889993089928,Low
2241,15670345,Mazzi,785,Germany,Female,33,6,127211.45,1,0,0,191961.83,0,0.38642430737566924,Low
2242,15633112,Madukaego,681,Germany,Male,42,3,118199.97,2,1,0,9452.88,1,0.22294107149732884,Low
2243,15714397,Trentino,621,Germany,Female,30,2,101014.08,2,1,1,165257.31,0,0.08047550355098758,Low
2244,15780038,Paterson,756,Spain,Male,38,6,119208.85,1,1,0,169763.89,1,0.15271646792661756,Low
2245,15756305,Marchesi,515,France,Female,66,6,0.0,2,1,1,160663.11,0,0.03604918966632023,Low
2246,15578799,Anayolisa,625,France,Female,58,10,53772.73,1,1,1,192072.1,1,0.5286096578471616,Medium
2247,15800326,Poole,717,Spain,Female,39,6,0.0,2,1,0,93275.61,0,0.05282890518049045,Low
2248,15785485,Zhou,595,Germany,Female,41,2,138878.81,1,0,1,112269.67,0,0.3366395676427809,Low
2249,15783958,Bates,539,Spain,Female,37,1,130922.81,2,0,0,2186.83,0,0.09302274728278942,Low
2250,15727546,Olejuru,762,France,Male,35,9,0.0,2,1,1,43075.7,0,0.010251820748421707,Low
2251,15739576,Bustard,706,Spain,Male,20,8,0.0,2,1,1,12368.11,0,0.008233853335880031,Low
2252,15631333,Wade,677,Spain,Female,25,8,130866.19,1,1,0,42410.21,0,0.12628543288846442,Low
2253,15604782,Tan,733,Germany,Female,33,7,187257.94,1,0,1,190430.81,0,0.0771986997452872,Low
2254,15589643,Ngozichukwuka,684,Spain,Female,41,7,0.0,1,1,1,138394.37,0,0.2737508339019294,Low
2255,15585533,Calabrese,679,France,Male,36,6,147733.64,1,0,1,172501.38,0,0.061521075549910396,Low
2256,15681506,Lane,478,Spain,Male,43,1,0.0,2,1,1,197916.43,0,0.0641834572315759,Low
2257,15630551,Forbes,696,France,Male,33,2,163139.27,1,1,1,7035.36,0,0.050506060841530996,Low
2258,15698349,Davy,686,Spain,Female,35,4,0.0,2,1,1,159676.55,0,0.028661563024021914,Low
2259,15776631,Ma,466,France,Female,36,5,119540.15,1,0,1,80603.99,0,0.08255201815187604,Low
2260,15762216,Barrera,686,France,Female,41,4,129553.76,2,1,0,187599.8,0,0.1512492040791853,Low
2261,15623927,Alexander,576,France,Male,55,9,0.0,2,1,1,94450.97,0,0.0517231486782511,Low
2262,15681402,Ngozichukwuka,763,Germany,Female,61,1,66101.89,1,1,1,143981.27,0,0.34615221096383236,Low
2263,15586264,Murray,572,France,Male,43,2,140431.98,1,1,0,26450.57,1,0.29754098285915603,Low
2264,15594685,Hall,757,France,Female,49,2,0.0,2,0,0,164482.92,0,0.3458466544351139,Low
2265,15812945,Padovesi,582,France,Female,29,0,0.0,1,1,1,84012.81,0,0.10251859072926486,Low
2266,15734628,Lysaght,623,France,Female,35,5,0.0,2,1,0,101192.08,0,0.03319873677142381,Low
2267,15629323,Kelechi,617,Germany,Female,37,4,116471.43,2,1,0,175324.74,1,0.18957103169617115,Low
2268,15666823,Nebechi,425,France,Male,39,4,0.0,2,1,0,197226.32,0,0.08019804221215394,Low
2269,15777553,Hanson,659,France,Female,56,9,123785.24,1,1,0,99504.03,1,0.8429523299065581,High
2270,15613097,Kao,605,France,Female,33,4,0.0,2,0,1,83700.66,0,0.02083231742013998,Low
2271,15622217,Tu,538,France,Female,38,8,88758.95,2,0,0,28226.15,1,0.07785987229911283,Low
2272,15703588,Palerma,665,Germany,Male,25,5,153611.83,2,1,0,35321.65,0,0.05303458445731779,Low
2273,15570835,Fallaci,491,Germany,Female,57,4,112044.72,1,1,1,41229.73,1,0.5090133331032644,Medium
2274,15679299,Shen,726,Spain,Female,27,7,123826.07,1,0,1,78970.58,0,0.07095873993940037,Low
2275,15808044,Ts'ui,580,France,Female,65,9,106804.26,3,1,0,107890.69,1,0.9943094936037845,High
2276,15579208,Chikezie,550,France,Female,48,6,0.0,2,1,1,191870.28,0,0.15269136686246262,Low
2277,15684951,He,542,France,Female,59,2,68892.77,2,1,0,7905.06,1,0.7166559644302528,Medium
2278,15667620,Dreyer,732,France,Female,43,6,0.0,2,1,0,65731.53,0,0.08380558574823962,Low
2279,15582960,Short,473,France,Female,33,5,125827.43,1,0,1,145698.73,0,0.09152249219237674,Low
2280,15590730,Hunt,745,Spain,Male,34,9,0.0,2,1,0,50046.25,0,0.01805567660235648,Low
2281,15763747,Ricci,732,France,Male,36,7,0.0,2,1,1,60830.24,0,0.011527910257017528,Low
2282,15778320,Teng,848,Germany,Female,40,5,148495.64,1,0,0,158853.98,0,0.4612140589256347,Medium
2283,15642787,Ijendu,572,France,Male,37,1,133043.66,1,0,0,111243.09,0,0.10603568015177998,Low
2284,15624633,Kibby,702,France,Male,45,9,74989.58,1,1,1,171014.69,0,0.23623234242823557,Low
2285,15766765,Obiuto,664,Germany,Male,39,7,60263.23,1,1,0,170835.32,0,0.16161136288277786,Low
2286,15783615,Ramos,630,Germany,Male,50,3,129370.91,4,1,1,47775.34,1,0.9905404569298463,High
2287,15640161,Calabrese,618,Germany,Male,44,5,157955.83,2,0,0,139297.71,0,0.22309564551110006,Low
2288,15619889,Vasin,556,France,Male,26,4,0.0,1,1,0,195167.38,0,0.1858364493829354,Low
2289,15579166,Munro,619,France,Female,30,7,70729.17,1,1,1,160948.87,0,0.12021139369031006,Low
2290,15789097,Keeley,644,France,Male,48,8,0.0,2,0,1,44965.54,1,0.06182285633977273,Low
2291,15674880,Archer,658,Spain,Male,50,2,0.0,2,1,0,52137.73,0,0.19588460846144926,Low
2292,15778157,Murray,598,Spain,Male,27,8,90721.52,2,1,0,109296.18,0,0.03843466751451094,Low
2293,15779064,Chidiegwu,677,France,Male,27,2,0.0,2,1,1,20092.89,0,0.010041260079983171,Low
2294,15801265,Tang,689,Spain,Female,45,0,57784.22,1,1,0,197804.0,1,0.5927866544559565,Medium
2295,15589204,Farrar,591,France,Male,33,9,131765.72,1,1,0,118782.06,0,0.07832378011146243,Low
2296,15664543,Shaw,699,France,Male,40,7,0.0,1,0,1,152876.13,1,0.19383908319899998,Low
2297,15582714,Napolitani,749,Germany,Male,47,9,110022.74,1,0,1,135655.29,1,0.4939859039080213,Medium
2298,15797595,Greenhalgh,709,France,Female,40,9,131569.63,1,1,1,103970.58,0,0.13220532788415823,Low
2299,15614034,Martin,607,Germany,Male,61,2,164523.5,2,1,1,35786.76,0,0.1401919821872658,Low
2300,15763171,Hu,650,Germany,Female,25,2,114330.95,1,1,1,25325.07,0,0.18832842722541623,Low
2301,15647266,Y?an,651,Spain,Female,45,10,135923.16,1,1,0,18732.84,0,0.42945039610088914,Low
2302,15757577,Odili,676,France,Female,61,8,0.0,2,1,1,118522.73,0,0.06976668331870439,Low
2303,15736656,H?,723,France,Female,49,4,0.0,2,0,1,89972.25,0,0.11970651893223924,Low
2304,15635078,Chiemela,714,Spain,Male,45,0,124693.48,1,0,1,187194.15,0,0.20913600125839873,Low
2305,15680141,Yuan,759,Spain,Female,35,7,147936.42,1,1,1,106785.7,0,0.07425480090375815,Low
2306,15576945,Clements,582,France,Male,29,0,0.0,1,1,0,142516.35,0,0.11895387272833871,Low
2307,15602034,Kolesnikov,697,France,Female,34,2,126558.92,1,1,0,73334.43,0,0.1505652174516255,Low
2308,15732020,Rutherford,610,Germany,Male,57,6,106938.11,2,0,1,186612.47,0,0.2879682611353201,Low
2309,15611029,Hsiung,488,Germany,Female,33,4,140002.35,1,1,0,123613.81,0,0.2545734772874176,Low
2310,15621210,Angelo,599,Germany,Male,46,9,123444.72,1,1,1,31368.08,1,0.4952783084655067,Medium
2311,15569222,Mendes,781,France,Male,32,6,147107.91,1,1,1,40066.95,0,0.048568509428733295,Low
2312,15664639,McGregor,645,France,Male,19,9,128514.84,1,0,0,175969.19,0,0.07258280710494477,Low
2313,15724223,Bronner,545,France,Female,55,5,0.0,1,0,0,10034.77,1,0.916626712031972,High
2314,15644621,Mironova,597,Germany,Female,40,9,106756.01,2,1,0,151167.94,0,0.23922202656625358,Low
2315,15756056,Ku,561,Spain,Female,28,3,0.0,2,1,0,191387.76,0,0.0436853641550613,Low
2316,15700353,Evans,662,France,Female,37,6,0.0,2,1,0,51229.17,0,0.03506370252184628,Low
2317,15624388,Henderson,649,Germany,Female,50,5,155393.32,1,1,1,87351.42,1,0.5486395000869299,Medium
2318,15627212,Smith,630,France,Female,36,2,110414.48,1,1,1,48984.95,0,0.09691916925831273,Low
2319,15648005,Russell,672,Spain,Male,33,2,0.0,2,1,1,182738.0,0,0.013490153251890891,Low
2320,15681446,Sun,636,Germany,Female,37,9,157098.52,1,1,1,153535.27,0,0.2132750508411583,Low
2321,15775888,McDonald,593,Germany,Female,38,5,85626.6,1,1,1,125079.65,0,0.16716966566760974,Low
2322,15749019,Wong,545,Germany,Male,45,6,93796.42,2,1,1,162321.26,0,0.19174252672953593,Low
2323,15709928,Niu,567,Spain,Female,41,1,0.0,2,1,0,3414.72,0,0.06850946220191712,Low
2324,15784676,Fanucci,583,France,Male,51,6,125268.03,2,1,0,165082.25,0,0.4478307113528559,Low
2325,15748116,Zetticci,681,France,Female,29,2,148143.84,1,1,1,52021.39,0,0.07927568585082852,Low
2326,15612193,Hsia,762,Spain,Male,29,10,115545.33,2,1,0,148256.43,0,0.04072214414149465,Low
2327,15762984,McIntosh,648,Spain,Male,35,7,0.0,2,0,0,122899.01,0,0.01935560685571241,Low
2328,15613713,Kozlova,644,France,Male,30,5,44928.88,1,1,1,10771.46,0,0.06481658955482232,Low
2329,15664204,Meany,706,Spain,Male,29,2,0.0,2,1,1,18255.51,0,0.010915267459898174,Low
2330,15639415,Thompson,850,France,Male,35,3,162442.35,1,1,0,183566.78,0,0.10555190486673781,Low
2331,15806332,Le Gallienne,484,Spain,Female,39,5,0.0,2,1,1,175224.12,0,0.0572106736225852,Low
2332,15614929,Cheng,508,Germany,Male,28,0,96213.82,2,1,0,147913.56,0,0.06916791955583138,Low
2333,15695492,P'eng,439,France,Female,29,6,156569.43,1,1,0,180598.66,0,0.1436462928857511,Low
2334,15635972,Lloyd,484,Spain,Male,36,8,0.0,2,1,0,186136.48,0,0.028231690100854134,Low
2335,15616380,Wheeler,803,Spain,Female,37,1,0.0,2,0,0,7455.2,0,0.04117775744492323,Low
2336,15581440,Christie,724,Germany,Female,48,6,110463.25,2,1,1,80552.11,1,0.33945986788047683,Low
2337,15654390,He,640,France,Male,33,7,154575.76,1,1,0,25722.28,1,0.0917999913269314,Low
2338,15660688,King,701,Spain,Female,35,9,0.0,2,0,0,170996.86,0,0.054474568331293195,Low
2339,15806307,Favors,537,France,Male,37,3,0.0,2,1,1,20603.32,0,0.01708360568662553,Low
2340,15647975,Vida,651,Germany,Male,26,5,147037.32,1,0,0,141763.26,0,0.17936385381954803,Low
2341,15595728,Thomas,523,Germany,Male,41,0,119276.31,1,0,0,122284.38,1,0.49145248888092985,Medium
2342,15735388,Wayn,717,France,Female,25,7,108664.85,2,1,0,190011.85,0,0.06457346665095709,Low
2343,15788535,Tan,593,Spain,Male,44,5,0.0,1,1,0,128046.98,0,0.4715613597817365,Medium
2344,15765902,Gibson,706,Germany,Male,38,5,163034.82,2,1,1,135662.17,0,0.05383293421254227,Low
2345,15642345,Y?,714,Germany,Female,49,4,93059.34,1,1,0,7571.51,1,0.8323413904764321,High
2346,15641250,Calabresi,794,Spain,Male,38,9,179581.31,1,1,0,23596.24,0,0.24011769131140187,Low
2347,15706163,Enyinnaya,518,Germany,Male,46,4,113625.93,1,0,0,92727.42,1,0.7020800775335424,Medium
2348,15746708,Ritchie,589,Germany,Male,55,7,119961.48,1,1,0,65156.83,1,0.9289600988829627,High
2349,15775203,Chia,824,France,Male,45,3,129209.48,1,0,0,60151.77,0,0.3395825240803837,Low
2350,15787907,Wang,719,Germany,Female,42,5,137227.04,3,1,0,149097.38,1,0.949318556757501,High
2351,15646764,Lorenzo,617,Germany,Female,58,3,119024.75,2,1,0,35199.24,1,0.8634158665744088,High
2352,15678284,Pai,651,France,Male,35,7,74623.5,3,1,0,129451.29,1,0.6949900243548317,Medium
2353,15726791,Nuttall,637,Spain,Female,45,2,157929.45,1,1,1,145134.49,1,0.319541454404115,Low
2354,15813144,Osborne,554,France,Female,26,7,92606.86,2,1,0,192709.69,0,0.06792929230341244,Low
2355,15669342,Ferri,731,Germany,Male,35,2,127862.93,2,1,0,139083.7,0,0.08500916236093987,Low
2356,15710366,Hamilton,569,Spain,Female,42,1,0.0,1,1,1,83629.6,1,0.3191457663127248,Low
2357,15614934,McEwan,625,Germany,Female,37,4,142711.81,1,1,0,35625.41,0,0.35519186684282344,Low
2358,15588701,Lai,592,France,Female,38,4,0.0,2,1,0,35338.96,0,0.037935424715877665,Low
2359,15665438,Hs?,669,France,Male,43,1,163159.85,1,0,1,15602.8,0,0.1575614289232297,Low
2360,15644896,Thompson,663,Germany,Male,32,3,108586.86,1,1,1,182355.21,0,0.14246323400803435,Low
2361,15670205,Boyd,518,Germany,Female,41,5,110624.99,1,1,0,89327.67,0,0.4827063117757373,Medium
2362,15635776,Trevisani,686,Germany,Female,43,5,154846.24,2,1,1,151903.6,0,0.19959767699078032,Low
2363,15791053,Lucciano,709,Germany,Male,45,4,122917.71,1,1,1,11.58,1,0.4871164150003083,Medium
2364,15644005,Holman,571,France,Female,33,9,0.0,2,0,1,77519.62,0,0.018323709661325144,Low
2365,15796343,Bazhenov,707,France,Female,31,2,82787.93,2,0,0,91423.69,0,0.053336761621632485,Low
2366,15751057,Douglas,701,Germany,Male,32,5,102500.34,1,0,0,106287.77,0,0.2020679813900896,Low
2367,15623430,Hill,672,France,Male,34,9,0.0,2,1,0,161800.77,0,0.01792048926108075,Low
2368,15682600,Lo,620,Germany,Male,39,9,159492.79,1,1,0,80582.34,1,0.31083212378855596,Low
2369,15769312,Forbes,557,Spain,Male,48,10,0.0,2,1,1,185094.48,0,0.07037191065060562,Low
2370,15708212,Lin,648,Spain,Female,54,7,118241.02,1,1,0,172586.89,1,0.8336166183382004,High
2371,15650258,Sinclair,479,France,Female,35,2,113090.4,1,1,0,195649.79,0,0.19664924118693733,Low
2372,15604345,Kemp,730,France,Female,22,9,65763.57,1,1,1,145792.01,0,0.11024120959998647,Low
2373,15578297,Ebelegbulam,737,Germany,Female,43,1,125537.38,1,1,0,138510.01,1,0.6103258214877891,Medium
2374,15671789,Woods,616,France,Male,31,3,94263.91,2,1,0,168895.06,0,0.043669531020797514,Low
2375,15726186,Genovese,639,Spain,Male,29,4,133434.57,2,1,0,97983.44,0,0.050042116911573384,Low
2376,15764618,Tseng,815,Spain,Female,39,6,0.0,1,1,1,85167.88,0,0.20166420488238332,Low
2377,15730738,Chiang,786,Spain,Male,31,9,0.0,2,1,1,18210.36,0,0.009614982962445905,Low
2378,15637650,Williams,549,France,Male,50,9,94748.76,2,0,1,13608.18,0,0.16556120016194928,Low
2379,15606267,Wilson,622,France,Female,38,4,98640.74,1,1,1,110457.99,0,0.1094510099516574,Low
2380,15625904,Wang,624,France,Male,26,9,74681.9,2,0,0,31231.35,0,0.023806631444766246,Low
2381,15654463,Moore,841,France,Male,34,4,0.0,2,1,0,141582.66,0,0.018063784268832206,Low
2382,15774151,Iadanza,614,Spain,Female,41,7,179915.85,1,0,0,14666.35,1,0.3585877388647858,Low
2383,15693259,Wallace,676,France,Male,30,1,128207.23,1,1,1,55400.17,0,0.045112405397107265,Low
2384,15642468,Clark,697,France,Male,42,9,132739.26,2,0,0,174667.65,0,0.12085127740959385,Low
2385,15758531,Y?,732,France,Female,40,10,0.0,2,1,0,154189.08,0,0.08275457067611505,Low
2386,15728352,Yermakov,623,France,Male,27,4,120509.81,1,0,0,142170.44,0,0.07969047025054826,Low
2387,15637240,Wei,541,France,Male,46,4,124547.13,2,1,0,94499.06,0,0.24147299065266203,Low
2388,15595588,Chukwunonso,773,Spain,Female,39,4,0.0,2,0,1,182081.45,0,0.05242875921925414,Low
2389,15778395,McIntyre,762,Germany,Male,34,4,88815.56,2,1,0,68562.26,1,0.0574658288942023,Low
2390,15711825,Ts'ai,655,Spain,Female,35,1,82231.51,2,1,0,88798.02,0,0.06713499921306498,Low
2391,15599251,Chung,602,Germany,Male,32,7,184715.86,2,1,0,113781.99,0,0.02308681963472286,Low
2392,15570004,Tsou,850,France,Male,31,3,0.0,2,1,0,121866.87,0,0.015966117079102726,Low
2393,15656912,Aitken,649,Spain,Male,51,4,0.0,1,1,1,150390.57,0,0.4292538893185936,Low
2394,15657342,Dawson,850,Germany,Male,28,4,147972.19,1,1,0,60708.72,1,0.23784835422378045,Low
2395,15716284,Ward,543,France,Male,43,9,0.0,2,1,1,78858.07,0,0.038201361415152124,Low
2396,15672374,Pai,672,France,Male,52,8,170008.84,1,0,0,56407.42,1,0.7039780488851705,Medium
2397,15732476,Ifeanyichukwu,600,France,Female,27,3,0.0,2,0,1,125698.97,0,0.021518679627967094,Low
2398,15747724,Briggs,671,Spain,Female,34,10,0.0,1,1,0,23235.38,0,0.22339128363088237,Low
2399,15633877,Morrison,706,Spain,Female,42,8,95386.82,1,1,1,75732.25,0,0.16354180580729957,Low
2400,15672516,Wall,541,Germany,Male,51,7,90373.28,2,1,0,179861.79,0,0.5838691618194054,Medium
2401,15607827,Nebechukwu,711,Germany,Male,34,4,133467.77,2,1,1,42976.64,0,0.05475020828233377,Low
2402,15751336,Yao,630,Spain,Male,30,3,0.0,2,0,1,10486.69,0,0.01281000770175823,Low
2403,15646539,Liao,531,France,Male,31,3,96288.26,1,1,0,56794.73,0,0.08384479554359381,Low
2404,15756901,Ch'ang,641,France,Female,26,4,91547.84,2,0,1,28157.34,0,0.03764119983526644,Low
2405,15809286,Burke,631,Germany,Male,37,8,138292.64,2,0,0,152422.91,1,0.09758912463565347,Low
2406,15759021,Kay,685,France,Male,35,9,0.0,1,1,0,167033.83,0,0.16731698626764888,Low
2407,15725039,McIntyre,702,Spain,Male,32,8,71667.74,1,1,1,126082.18,0,0.05832943106465621,Low
2408,15579130,Chidiegwu,708,Germany,Female,43,0,118994.84,1,1,0,181499.77,1,0.5924965030595902,Medium
2409,15754112,Musgrove,653,Spain,Male,55,7,0.0,2,1,1,41967.03,0,0.046076327671554694,Low
2410,15735522,Boulger,654,Germany,Male,37,2,145610.07,2,0,0,186300.59,0,0.08257857898672748,Low
2411,15613326,Gow,596,France,Female,33,1,138162.81,1,1,0,85412.54,0,0.12353899020984323,Low
2412,15739502,Amaechi,549,Germany,Female,31,9,135020.21,2,1,1,23343.18,0,0.07049278173190751,Low
2413,15670914,Robe,754,France,Male,38,2,0.0,2,1,0,180698.32,0,0.03360960209317834,Low
2414,15604073,Bibi,815,Germany,Female,25,8,135161.67,1,1,1,136071.05,0,0.14360310850608868,Low
2415,15806027,Niu,556,France,Female,52,9,0.0,1,1,0,175149.2,1,0.8856113136028423,High
2416,15574886,Palerma,706,France,Male,32,6,94486.47,1,1,1,146949.74,0,0.04140163087448456,Low
2417,15707120,Cocci,850,France,Male,46,9,117640.39,1,1,0,88920.68,0,0.40506521527834377,Low
2418,15800845,Artemieva,732,Spain,Female,33,8,111379.55,1,1,1,45098.62,0,0.06844125833344084,Low
2419,15603914,Arcuri,614,France,Male,40,6,0.0,1,1,1,20339.79,1,0.19786886860309202,Low
2420,15722765,Owen,580,Spain,Female,57,0,136820.99,1,0,1,108528.74,0,0.26065782971734314,Low
2421,15783305,Franklin,593,France,Female,46,7,98752.51,1,1,0,145560.38,0,0.5547192743493926,Medium
2422,15574842,Lorenzo,653,Germany,Female,25,2,158266.42,3,1,1,199357.24,0,0.5021022191027471,Medium
2423,15607837,Muriel,746,France,Female,29,4,105599.67,1,1,1,43106.17,0,0.06606820450118572,Low
2424,15714877,MacDevitt,662,France,Female,29,10,0.0,2,1,0,137508.31,0,0.029688369510119977,Low
2425,15782941,Chijindum,573,France,Male,31,2,0.0,2,1,1,91957.39,0,0.011348081576415666,Low
2426,15630167,Gibson,684,Spain,Female,39,4,139723.9,1,1,1,120612.11,0,0.11486182402327466,Low
2427,15759038,Whitehead,793,France,Female,41,3,141806.46,1,1,0,102921.17,0,0.23576138054404194,Low
2428,15661821,Johnstone,798,Germany,Female,49,5,132571.67,1,1,1,31686.33,1,0.6314183580360906,Medium
2429,15728006,Endrizzi,524,France,Male,40,2,180516.9,1,1,0,180002.42,0,0.3528089026709354,Low
2430,15712176,Burke,816,France,Male,31,8,0.0,2,1,1,28407.4,0,0.010006104770932956,Low
2431,15689351,Johnson,742,Germany,Female,41,4,92805.72,1,0,1,73743.95,1,0.347072972713571,Low
2432,15782247,Yeh,540,France,Male,22,4,0.0,3,1,1,186233.26,1,0.5064962455691074,Medium
2433,15769064,Marshall,537,Germany,Male,39,3,135309.36,1,1,0,31728.86,1,0.3989209912007534,Low
2434,15718153,Kao,759,Spain,Female,74,6,128917.84,1,1,1,48244.64,0,0.0345105829106636,Low
2435,15613189,Browne,774,France,Female,52,2,56580.93,1,1,0,113266.28,1,0.8223142544126398,High
2436,15661734,Taylor,608,Germany,Male,42,8,131390.75,2,1,0,71178.09,0,0.20201653726503388,Low
2437,15592645,Gibbons,704,Spain,Male,37,4,0.0,2,0,0,25684.93,0,0.023600819490831638,Low
2438,15768387,Nott,581,France,Male,41,8,0.0,2,0,0,29737.14,0,0.032765439841266675,Low
2439,15792525,Lei,628,Germany,Female,61,1,97361.66,1,1,1,149922.38,1,0.5495097728858546,Medium
2440,15586976,Alexeeva,566,France,Female,42,6,0.0,1,1,0,180702.12,1,0.5443772011434647,Medium
2441,15790659,Sheets,701,Spain,Male,59,7,0.0,2,0,1,27597.59,0,0.04743329435414286,Low
2442,15691446,Tokaryev,735,Spain,Male,29,10,0.0,2,1,1,95025.27,0,0.009684714777688598,Low
2443,15772632,Ts'ui,680,France,Female,34,1,0.0,2,1,0,167035.07,0,0.031432572884146776,Low
2444,15706587,Johnston,560,France,Male,57,0,0.0,2,0,1,116781.71,0,0.06764433356431572,Low
2445,15572461,Kung,663,Germany,Female,29,4,102714.65,2,0,0,21170.81,0,0.10400676925415192,Low
2446,15654409,Unwin,665,France,Female,34,5,67816.72,1,1,1,29641.58,0,0.09276845702592151,Low
2447,15568025,Hsueh,758,France,Male,51,8,81710.46,1,1,1,116520.07,0,0.28090853393086124,Low
2448,15715769,Hao,621,France,Male,26,2,75237.54,1,0,1,44220.4,0,0.06205927053354829,Low
2449,15667458,L?,764,Germany,Male,28,10,124023.18,1,1,0,166188.28,0,0.19599168589911298,Low
2450,15567980,Frater,537,Germany,Female,46,5,100727.5,1,0,1,140857.76,1,0.5927114299741133,Medium
2451,15679294,Brennan,589,France,Female,46,10,107238.85,2,1,0,37024.28,0,0.29962642561979075,Low
2452,15606507,Pisani,555,France,Male,24,5,0.0,2,1,0,27513.47,0,0.015017423487709814,Low
2453,15578825,Golubev,734,France,Female,29,0,139994.66,1,1,0,17744.72,0,0.14812282957328174,Low
2454,15619935,Vanmeter,783,Spain,Female,59,9,126224.87,1,1,1,4423.63,0,0.2277773935944272,Low
2455,15636089,Hs?,678,Germany,Female,51,1,145751.03,1,0,0,109718.44,1,0.8764836255262353,High
2456,15727490,Scott,661,France,Male,47,5,0.0,1,0,1,107243.31,1,0.3823867854896841,Low
2457,15591766,Crawford,607,Spain,Female,25,4,121166.89,1,0,1,115288.24,0,0.06886890327162082,Low
2458,15641629,P'eng,537,Spain,Female,38,1,0.0,2,0,1,41233.97,0,0.037844554847976435,Low
2459,15813303,Rearick,513,Spain,Male,88,10,0.0,2,1,1,52952.24,0,0.00536060700631789,Low
2460,15756920,Genovesi,576,France,Male,63,9,70655.48,1,0,0,78955.8,1,0.8648262327059744,High
2461,15726403,Glenny,660,Germany,Male,41,1,129901.21,1,1,0,26025.6,1,0.5000806939982427,Medium
2462,15592765,Marks,637,France,Male,40,8,125470.81,1,1,1,174536.17,0,0.11088840670480528,Low
2463,15704442,Fleming,672,France,Female,53,9,169406.33,4,1,1,147311.47,1,0.9935770386831064,High
2464,15641136,Davison,629,France,Male,32,2,0.0,2,0,1,77965.44,0,0.012379848132670684,Low
2465,15725818,Chibuzo,583,Germany,Male,40,4,107041.3,1,1,1,5635.63,0,0.3289718372837711,Low
2466,15612071,Wilson,763,Spain,Female,32,10,95153.77,1,0,1,81310.1,0,0.06478243681442997,Low
2467,15719809,Endrizzi,516,Germany,Male,32,3,145166.09,2,0,0,111421.45,0,0.06788486755822094,Low
2468,15716518,Yuryeva,617,France,Female,27,4,0.0,2,0,0,190269.21,0,0.05522998964965326,Low
2469,15742210,Ugochukwu,700,France,Male,38,9,65962.63,1,1,1,100950.48,0,0.09672446820983079,Low
2470,15630617,Lo Duca,727,Germany,Male,36,6,140418.81,1,1,1,113033.73,1,0.1431213730552965,Low
2471,15720838,Gallo,689,Spain,Female,31,3,139799.63,1,0,1,120663.57,0,0.08350340260630514,Low
2472,15595537,Trout,626,Germany,Male,49,9,171787.84,2,1,0,187192.23,0,0.29846347054894307,Low
2473,15623196,Morley,686,France,Male,38,6,149238.97,1,1,1,97825.23,0,0.061731561273413026,Low
2474,15679249,Chou,351,Germany,Female,57,4,163146.46,1,1,0,169621.69,1,0.9736745450990063,High
2475,15693199,Shao,739,France,Female,37,8,0.0,2,1,0,191557.1,1,0.06347226820382322,Low
2476,15661219,Trentino,627,France,Male,32,10,0.0,2,1,0,103287.62,0,0.018654022285581894,Low
2477,15617136,Mazzanti,451,Germany,Female,38,9,61482.47,1,1,1,167538.66,0,0.13846062834531944,Low
2478,15760294,Endrizzi,512,France,Female,41,8,145150.28,1,1,0,64869.32,1,0.27427546093189886,Low
2479,15652808,Monaldo,774,France,Female,41,5,126670.37,1,1,0,102426.06,0,0.2462358984372574,Low
2480,15657139,Otutodilinna,652,France,Female,40,8,84390.8,2,0,1,107876.2,0,0.08619409969908809,Low
2481,15803790,Allen,638,Germany,Male,37,2,89728.86,2,1,1,37294.88,0,0.0572443145783416,Low
2482,15764105,Milne,475,France,Female,57,1,0.0,2,1,0,89248.99,0,0.5914824725400498,Medium
2483,15672610,Somadina,567,Spain,Male,40,4,118628.8,1,0,0,91973.63,0,0.1666432097617498,Low
2484,15766896,Chieloka,750,France,Male,37,3,0.0,2,1,0,16870.2,0,0.023750859702878636,Low
2485,15587735,Chukwuebuka,850,France,Male,39,6,96863.13,1,1,1,121681.19,0,0.07794250674640084,Low
2486,15659501,Chioke,753,France,Female,38,6,142263.45,1,0,1,33730.43,0,0.1213898931233269,Low
2487,15745001,Kovalev,683,Spain,Female,36,7,0.0,2,1,0,104786.59,0,0.03412190652815257,Low
2488,15651140,Doherty,710,France,Female,32,3,0.0,1,1,0,94790.34,0,0.2141170673753683,Low
2489,15571148,Baranov,645,Spain,Female,21,1,0.0,2,0,0,28726.07,0,0.02222959952974362,Low
2490,15776824,Rossi,714,France,Male,28,6,122724.37,1,1,1,67057.27,0,0.044457796262682626,Low
2491,15633141,Robinson,696,Germany,Female,35,4,174902.26,1,1,0,69079.85,0,0.12123736850509564,Low
2492,15764174,Bidencope,612,Spain,Female,26,4,0.0,2,1,1,179780.74,0,0.02701472685175407,Low
2493,15778155,T'ien,520,Germany,Female,31,3,108914.17,1,1,1,183572.39,1,0.2475301087795735,Low
2494,15715920,De Bernales,782,Spain,Male,23,10,98052.66,1,1,1,142587.32,0,0.03565905662491316,Low
2495,15671917,Wade,666,France,Male,46,5,123873.19,1,1,1,177844.06,0,0.21795871112081336,Low
2496,15666548,Chung,466,Germany,Female,56,2,111920.13,3,1,0,197634.11,1,0.9959918753038391,High
2497,15625623,Stevenson,567,France,Female,45,4,0.0,2,0,1,121053.19,0,0.09118919269036999,Low
2498,15748123,Chienezie,613,France,Male,20,3,0.0,2,1,1,149613.77,0,0.01067651320207931,Low
2499,15648735,Cashin,718,France,Male,37,8,0.0,2,1,1,142.81,0,0.011790206006603273,Low
2500,15634974,Seppelt,614,France,Female,37,8,75150.34,4,0,1,131766.67,1,0.9193189225041268,High
2501,15713378,Brownless,711,France,Male,38,10,0.0,2,0,0,53311.78,0,0.021372786253440176,Low
2502,15753370,McDonald,691,Germany,Female,38,5,114753.76,1,1,0,107665.02,0,0.37857914247827157,Low
2503,15782659,Mamelu,527,France,Male,32,0,0.0,1,1,0,109523.88,0,0.12460513937050308,Low
2504,15583364,McGregor,476,France,Female,32,6,111871.93,1,0,0,112132.86,0,0.11453480067162995,Low
2505,15625942,McDonald,619,Spain,Female,45,0,0.0,2,0,0,113645.4,0,0.15669733902172808,Low
2506,15720284,Crawford,607,Germany,Female,37,4,135927.06,1,0,0,180890.4,0,0.3567107802247651,Low
2507,15679642,Feng,695,Spain,Male,44,8,0.0,2,1,1,70974.13,0,0.03746774844079573,Low
2508,15628007,Genovese,653,France,Male,33,1,0.0,2,0,0,53379.52,0,0.014124270237113446,Low
2509,15661974,Pirozzi,677,France,Male,46,2,57037.74,1,1,1,158531.01,0,0.3014749216786958,Low
2510,15689341,Gibbs,655,France,Female,50,10,0.0,4,1,0,179267.94,1,0.9878351593770471,High
2511,15607993,Milne,625,France,Female,52,2,79468.96,1,1,1,84606.03,0,0.404563541123477,Low
2512,15693267,Dickson,679,Germany,Female,34,7,121063.85,1,1,0,56984.58,0,0.3406737834923361,Low
2513,15769522,O'Connor,734,France,Male,51,1,118537.47,1,1,1,116912.45,0,0.2716517511843882,Low
2514,15755825,McGuirk,666,France,Male,39,10,0.0,2,1,0,102999.33,0,0.029256263465561393,Low
2515,15598175,Toscani,592,Germany,Female,26,4,105082.07,2,1,0,132801.57,0,0.09999703442577393,Low
2516,15744327,Ruth,564,France,Male,40,4,0.0,1,1,0,85455.62,1,0.3087930838357512,Low
2517,15798666,Hughes,814,France,Female,36,6,0.0,2,1,1,98657.01,0,0.020720302818023777,Low
2518,15577064,Onyekaozulu,592,Germany,Male,36,2,104702.65,2,1,0,107948.72,0,0.08913057236009203,Low
2519,15759436,Aksenov,758,France,Female,50,2,95813.76,3,1,1,67944.09,1,0.975674041905671,High
2520,15690231,K'ung,612,Spain,Female,62,0,167026.61,2,1,1,192892.05,0,0.14347652200239353,Low
2521,15751561,Meng,498,Germany,Male,61,7,102453.26,1,1,0,187247.56,1,0.9299906587053538,High
2522,15739068,Nwoye,638,Germany,Male,25,4,148045.45,2,1,1,114722.42,0,0.04026896534783621,Low
2523,15758056,Calabresi,558,France,Male,35,1,0.0,2,0,0,111687.57,0,0.01877586412141542,Low
2524,15742269,Milano,756,France,Female,24,1,0.0,2,1,0,184182.25,0,0.031696146106895175,Low
2525,15726490,Kirby,782,Spain,Male,52,4,0.0,1,1,1,52759.82,1,0.4105954133259151,Low
2526,15738411,Ho,505,France,Male,34,10,104498.79,1,0,1,126451.14,0,0.04202673281482308,Low
2527,15727919,Chukwuemeka,671,Spain,Female,29,6,0.0,2,0,0,12048.67,0,0.026835090784132265,Low
2528,15709396,Hale,801,France,Male,42,6,0.0,2,1,1,95804.33,0,0.02954451295227769,Low
2529,15654106,K?,604,France,Male,26,8,149542.52,2,0,1,197911.52,0,0.015982648534332906,Low
2530,15621653,Rice,716,France,Female,29,10,87946.39,1,1,1,182531.74,0,0.08591618078279536,Low
2531,15598086,Brown,624,France,Female,45,3,68639.57,1,1,0,168002.31,1,0.6082744937048231,Medium
2532,15752300,Sagese,607,Germany,Male,47,4,148826.32,1,1,1,79450.61,0,0.4482426603129986,Low
2533,15658693,Aksyonova,827,France,Female,60,2,0.0,2,0,1,60615.83,0,0.07230097970758878,Low
2534,15631838,Findlay,606,France,Male,61,5,108166.09,2,0,1,8643.21,0,0.11240641298901251,Low
2535,15803804,Walker,717,Germany,Female,35,5,103214.71,1,1,0,172172.7,0,0.34884117606189563,Low
2536,15578809,Hao,651,Germany,Male,40,1,134760.21,2,0,0,174434.06,1,0.13797707153269717,Low
2537,15752026,Hammer,691,France,Male,58,3,0.0,1,0,1,194930.3,1,0.5405983174932943,Medium
2538,15723706,Abbott,573,France,Female,33,0,90124.64,1,1,0,137476.71,0,0.13213982025288623,Low
2539,15752838,Lucas,723,Spain,Male,38,6,0.0,2,1,1,94415.6,0,0.017538630811264895,Low
2540,15569571,Davydova,584,Germany,Female,46,6,87361.02,2,1,0,120376.87,1,0.3652024062337086,Low
2541,15769703,West,550,Germany,Female,45,8,111257.59,1,0,0,97623.42,1,0.6723919219479115,Medium
2542,15679770,Smith,611,France,Female,61,3,131583.59,4,0,1,66238.23,1,0.9866812015656942,High
2543,15791102,Mai,549,Germany,Male,41,9,95020.8,3,1,1,131710.59,1,0.8839060730866966,High
2544,15655192,Fiorentino,850,Spain,Female,24,1,0.0,2,0,1,69052.87,0,0.015143585997084673,Low
2545,15709487,Freeman,668,Germany,Male,34,5,80242.37,2,0,0,56780.97,0,0.0324352306854512,Low
2546,15687130,Nkemjika,686,France,Female,43,0,0.0,1,1,1,170072.9,0,0.33507120930533185,Low
2547,15755178,Ramos,660,France,Male,50,1,0.0,3,1,1,191849.15,1,0.9025062816083804,High
2548,15634772,Mario,682,Spain,Female,59,0,122661.39,1,0,1,84803.76,0,0.25193321411750375,Low
2549,15617197,Chien,524,France,Male,50,4,0.0,2,1,1,31840.59,1,0.087394780386296,Low
2550,15631240,Dubinina,645,France,Female,36,8,0.0,2,1,1,12096.61,1,0.02075582993824902,Low
2551,15784301,Wang,850,France,Male,42,0,0.0,2,1,0,44165.84,0,0.046786358146366086,Low
2552,15631310,Hsieh,537,France,Female,53,3,0.0,1,1,1,91406.62,0,0.4695447512868161,Medium
2553,15756560,Moran,599,Spain,Female,46,7,81742.84,2,1,0,83282.21,0,0.2722071688992942,Low
2554,15732270,Hung,727,Spain,Male,71,8,0.0,1,1,1,198446.91,1,0.20447170515816085,Low
2555,15739357,Moss,756,Spain,Male,30,2,145127.85,1,0,0,7554.68,0,0.09855662650734127,Low
2556,15771540,Fedorova,755,France,Male,38,9,148912.44,1,1,0,80416.16,0,0.12809588225725838,Low
2557,15567486,Li,634,Spain,Female,41,4,0.0,2,1,1,164549.74,0,0.06034740820075179,Low
2558,15714634,Nebechi,837,France,Male,26,4,89900.24,2,1,0,175477.03,0,0.03885627840308331,Low
2559,15727021,Obialo,727,Germany,Female,30,8,119027.28,2,1,1,137903.54,0,0.0724941332172515,Low
2560,15650670,Bateson,567,Germany,Female,40,2,105222.86,2,1,0,93795.86,0,0.20303010947484906,Low
2561,15711834,Long,650,Spain,Female,30,6,0.0,1,0,0,67997.13,1,0.21443704760459753,Low
2562,15729763,Nelson,655,Spain,Male,34,1,116114.93,1,1,1,49492.15,0,0.048833748748383976,Low
2563,15646566,Bell,763,France,Female,58,9,187911.55,1,0,1,35825.18,0,0.5045398674936231,Medium
2564,15645463,Udinese,843,France,Female,27,5,0.0,2,1,1,67494.23,0,0.01384425312342077,Low
2565,15672144,Mao,667,France,Female,38,6,144432.04,1,1,1,73963.17,1,0.11352203927524557,Low
2566,15596088,Fanucci,705,France,Female,50,4,77065.9,2,0,1,145159.26,0,0.2676195393495454,Low
2567,15614878,Yeh,660,Germany,Female,29,6,180520.29,1,1,1,123850.58,0,0.06207491899235976,Low
2568,15635240,Onuoha,553,France,Male,42,1,0.0,2,0,0,23822.04,0,0.047106755659518024,Low
2569,15775905,Moore,612,Germany,Female,47,6,130024.87,1,1,1,45750.21,1,0.5702693290287648,Medium
2570,15700657,Thornton,641,Germany,Female,40,2,110086.69,1,1,0,159773.14,0,0.49810197931871647,Medium
2571,15611905,Warlow-Davies,513,Spain,Female,31,5,174853.46,1,1,0,84238.63,0,0.24531483867982817,Low
2572,15652527,Champion,680,France,Male,44,7,108724.98,1,0,1,72330.46,0,0.16573229861666383,Low
2573,15785865,Mazzanti,711,France,Male,58,9,91285.13,2,1,1,26767.85,0,0.09579416764425608,Low
2574,15645942,Macleod,689,Spain,Male,40,2,0.0,2,1,1,164768.82,0,0.02843231259488601,Low
2575,15688691,Lei,665,Germany,Female,51,9,110610.41,2,0,1,1112.76,1,0.42959395246613286,Low
2576,15592736,Lucchese,551,Germany,Male,54,5,102994.04,1,1,0,176680.16,1,0.9205236544333872,High
2577,15673529,Lombardo,645,Spain,Male,36,4,59893.85,2,1,0,43999.64,0,0.03168203647422915,Low
2578,15724145,William,616,Germany,Male,29,8,149318.55,1,1,0,140746.13,0,0.16368658189295152,Low
2579,15704629,Wright,582,France,Female,32,1,116409.55,1,0,1,152790.92,0,0.08292859100099438,Low
2580,15597896,Ozoemena,365,Germany,Male,30,0,127760.07,1,1,0,81537.85,1,0.671042024411814,Medium
2581,15731790,Boyle,697,Germany,Female,38,6,132591.36,1,1,1,7387.8,1,0.2850517459966315,Low
2582,15634719,Chinwendu,704,France,Male,31,0,0.0,2,1,0,183038.33,0,0.017448017250208968,Low
2583,15703205,Uwaezuoke,656,France,Female,46,5,113402.14,2,1,1,138849.06,0,0.20555712945183893,Low
2584,15567333,Archambault,712,France,Female,31,7,0.0,2,1,0,170333.38,0,0.03683638593281823,Low
2585,15754537,Ko,748,France,Male,40,0,0.0,1,0,0,60416.76,0,0.2801196423428105,Low
2586,15612030,Udegbulam,724,France,Male,28,9,0.0,2,1,1,100240.2,0,0.009741221664151627,Low
2587,15573242,Greene,691,France,Male,50,6,136953.47,1,1,1,2704.98,0,0.24115226927595323,Low
2588,15601892,Hunter,563,France,Male,33,8,0.0,2,0,1,68815.05,0,0.010310045324120864,Low
2589,15663885,Blinova,741,France,Male,32,5,0.0,1,1,1,64839.23,0,0.07069235804873283,Low
2590,15701096,De Garis,778,France,Male,44,8,123863.64,1,1,0,144494.94,0,0.2760029878089535,Low
2591,15710450,Okwudiliolisa,848,Spain,Male,22,7,120811.89,1,1,1,185510.34,0,0.04506584891837972,Low
2592,15790846,Ts'ai,634,Germany,Male,38,2,148430.55,1,1,1,56055.72,0,0.2210958113745719,Low
2593,15658956,Tuan,505,Germany,Male,40,6,47869.69,2,1,1,155061.97,0,0.044430387526215614,Low
2594,15755223,Tseng,692,Germany,Male,53,7,150926.99,2,0,0,119817.19,0,0.5596059402291095,Medium
2595,15787318,Holmwood,537,Germany,Female,47,6,103163.35,1,1,0,16259.64,1,0.795681396596736,High
2596,15737310,Thompson,633,France,Male,29,10,130206.28,1,1,0,184654.87,0,0.0829325467449796,Low
2597,15763665,Y?,833,France,Female,28,4,136674.51,2,0,0,5278.78,0,0.052144217524969644,Low
2598,15668818,Chidubem,592,Spain,Female,40,2,200322.45,1,1,1,113244.73,0,0.3089016837839887,Low
2599,15765812,Trevisani,587,Spain,Male,48,1,0.0,2,1,1,8908.0,0,0.08923513944451474,Low
2600,15704844,Hsiung,550,Spain,Male,62,7,80927.56,1,0,1,64490.67,0,0.19659562897400476,Low
2601,15744582,Randall,680,France,Female,24,10,0.0,3,1,0,154971.63,1,0.6399365575093958,Medium
2602,15616700,Leach,622,Spain,Female,41,9,0.0,2,1,1,155786.39,0,0.05767728498773448,Low
2603,15683521,Godfrey,594,Germany,Male,28,0,142574.71,2,1,0,129084.82,0,0.06608947347557766,Low
2604,15583049,Wallace,643,Germany,Female,34,7,160426.07,1,0,1,188533.11,0,0.17119369163159062,Low
2605,15643752,Wei,540,France,Male,25,5,116160.23,1,1,0,13411.67,0,0.07617003908449477,Low
2606,15620398,Mitchell,635,Spain,Female,34,5,98683.47,2,1,0,15733.19,0,0.06885071901638705,Low
2607,15715707,Light,657,France,Male,32,3,118829.03,2,1,1,73127.61,0,0.028473398165150196,Low
2608,15814209,Capon,814,France,Male,31,1,118870.92,1,1,0,101704.19,0,0.06465371071189689,Low
2609,15733768,Hou,600,France,Male,32,1,0.0,1,1,1,101986.16,0,0.07599827436358031,Low
2610,15755242,Rowe,682,France,Female,46,2,0.0,1,1,1,114442.66,0,0.4314699106348297,Low
2611,15729412,Holloway,682,France,Male,38,4,107192.38,1,1,1,15669.17,0,0.07688992706720646,Low
2612,15746564,O'Sullivan,566,France,Male,42,3,108010.78,1,1,1,157486.1,0,0.13843929742230726,Low
2613,15588446,Udinesi,550,Spain,Male,34,3,0.0,2,0,0,131281.28,0,0.018824782192374316,Low
2614,15665221,Nwebube,630,France,Male,26,7,129837.72,2,0,1,197001.15,0,0.021414623302202954,Low
2615,15640846,Chibueze,546,Germany,Female,58,3,106458.31,4,1,0,128881.87,1,0.9979252034009706,High
2616,15700209,Walker,486,France,Male,63,9,97009.15,1,1,1,85101.0,0,0.13838103780746455,Low
2617,15658360,Gregory,762,Spain,Male,35,9,122929.42,2,0,0,149822.04,0,0.052478226206338276,Low
2618,15602735,Kuo,692,Germany,Male,45,6,152296.83,4,0,1,108040.86,1,0.9747693705702845,High
2619,15724834,Wilson,498,France,Female,30,1,0.0,2,0,0,135795.53,0,0.03110703620022904,Low
2620,15800062,Lanford,850,Spain,Male,49,8,0.0,1,0,0,25867.67,1,0.7753314307561322,High
2621,15685300,Meng,603,France,Male,35,6,128993.76,2,1,0,130483.56,0,0.04735666634029217,Low
2622,15760102,Yeh,551,France,Female,36,5,0.0,1,1,0,183479.12,0,0.30742954050282145,Low
2623,15787026,Onwuatuegwu,627,Germany,Male,27,0,185267.45,2,1,1,77027.34,0,0.014750002279197165,Low
2624,15653696,Goliwe,515,France,Female,28,9,0.0,2,0,0,94141.75,0,0.028631554317263334,Low
2625,15788946,Anthony,605,Spain,Female,29,3,116805.82,1,0,0,4092.75,0,0.1380653546452151,Low
2626,15600724,Scott,567,Germany,Male,29,5,129750.68,1,1,0,109257.59,0,0.21311346982240334,Low
2627,15574324,Genovese,568,Germany,Female,29,2,129177.01,2,0,1,104617.99,0,0.07080239493321352,Low
2628,15707144,Onyeorulu,571,Germany,Male,25,6,82506.72,2,1,0,167705.07,0,0.032984064094393244,Low
2629,15775891,Myers,634,Germany,Male,48,2,107247.69,1,1,1,103712.05,1,0.5486426694997769,Medium
2630,15711789,Davey,768,Spain,Female,42,3,0.0,1,0,0,161242.99,1,0.5379996592000529,Medium
2631,15600879,Parsons,554,Germany,Female,36,3,157780.93,2,1,0,6089.13,0,0.09734205257635696,Low
2632,15681196,Chikere,629,France,Male,35,1,172170.36,1,1,1,159777.37,0,0.07578834142084032,Low
2633,15716000,Hs?eh,638,Spain,Male,48,2,0.0,2,1,1,7919.08,0,0.0753632279054898,Low
2634,15766776,Sal,576,France,Male,41,1,0.0,1,1,1,188274.6,0,0.26138149917415465,Low
2635,15680278,Ts'ai,661,Spain,Female,42,9,75361.44,1,1,0,27608.12,1,0.3702567617001841,Low
2636,15688637,Witt,592,France,Female,27,4,0.0,2,1,1,183569.25,0,0.02815749608730683,Low
2637,15591179,Skelton,702,Spain,Male,30,2,0.0,2,1,1,145537.32,0,0.010585874610401065,Low
2638,15677435,Kazantseva,647,France,Female,29,0,98263.46,2,1,0,164717.95,0,0.06349920466953586,Low
2639,15698619,Bowhay,593,France,Male,43,9,0.0,2,1,1,76357.43,0,0.03503850613974624,Low
2640,15581036,Beyer,712,Germany,Female,40,3,109308.79,2,1,0,120158.72,1,0.2177293659070199,Low
2641,15622117,Fries,625,Spain,Female,31,8,0.0,2,1,0,151843.54,0,0.03649884311264574,Low
2642,15599301,Tao,538,Germany,Female,28,6,164365.44,1,0,1,5698.97,0,0.13649696568810765,Low
2643,15581548,Kaodilinakachukwu,637,Spain,Female,22,5,98800.0,1,1,0,122865.55,0,0.13998778582313395,Low
2644,15586870,Ni,632,France,Male,27,4,193125.85,1,1,1,152665.85,0,0.08043437140516893,Low
2645,15735263,Hsueh,736,France,Male,27,5,51522.75,1,0,1,192131.77,0,0.11654612174260841,Low
2646,15765322,Connely,755,France,Male,23,5,84284.48,2,1,1,62851.6,0,0.017795902867696025,Low
2647,15582944,Becker,425,Spain,Female,39,5,0.0,2,1,0,140941.47,0,0.09832631670844834,Low
2648,15687162,Clayton,461,France,Male,51,9,119889.84,1,0,0,56767.67,1,0.6147526409845943,Medium
2649,15644962,Connolly,745,France,Male,21,4,137910.45,1,1,1,177235.23,0,0.039675995176665285,Low
2650,15612615,Graham,616,France,Female,37,6,0.0,2,1,0,86242.18,0,0.04099016489768226,Low
2651,15813439,Ch'ien,587,France,Male,33,5,100116.82,1,1,0,34215.58,0,0.08101295934575894,Low
2652,15604544,Manfrin,850,Germany,Male,40,4,166082.15,2,0,1,44406.17,0,0.08030403278571845,Low
2653,15761348,Kuo,601,France,Female,38,0,0.0,2,1,0,165196.65,0,0.055959942855250584,Low
2654,15785078,Fomin,730,Spain,Male,26,3,0.0,1,1,0,34542.41,0,0.1654676151215853,Low
2655,15759874,Chamberlain,532,France,Male,44,3,148595.55,1,1,0,74838.64,1,0.3495017930947298,Low
2656,15643658,Barber,850,Germany,Male,53,2,94078.97,2,1,0,36980.54,0,0.6048166027763406,Medium
2657,15713267,Zimmer,779,Spain,Female,34,5,0.0,2,0,1,111676.63,0,0.020048568382614117,Low
2658,15737782,Brazenor,562,France,Male,29,9,0.0,1,1,1,25858.68,0,0.06724251443171365,Low
2659,15815490,Cocci,670,Germany,Male,40,2,164948.98,3,0,0,177028.0,1,0.8587233177834287,High
2660,15679410,Caldwell,729,France,Female,62,4,140549.4,1,1,0,30990.16,1,0.8709997328590814,High
2661,15756241,Yirawala,767,France,Female,44,2,152509.25,1,1,1,136915.15,0,0.19484755773063533,Low
2662,15688409,Donaldson,742,France,Female,28,2,191864.51,1,1,0,108457.99,1,0.48332916653516017,Medium
2663,15742272,Ozerova,669,France,Female,44,8,96418.09,1,0,0,131609.48,1,0.39650327030331584,Low
2664,15717898,Bruce,542,Spain,Male,32,2,131945.94,1,0,1,159737.56,0,0.053998465052071884,Low
2665,15769582,Kang,586,France,Male,29,3,0.0,2,1,1,142238.54,0,0.01198879891065747,Low
2666,15635660,Rossi,612,Germany,Male,30,9,142910.15,1,1,0,105890.55,1,0.2021531564723641,Low
2667,15576723,Ts'ai,740,France,Female,37,7,0.0,2,1,1,194270.91,0,0.034722728838561034,Low
2668,15591577,Moran,584,France,Male,35,3,146311.58,1,1,1,105443.47,0,0.05312163821772218,Low
2669,15582325,Jennings,524,France,Male,52,2,87894.26,1,1,0,173899.42,1,0.7706223010159845,High
2670,15693947,Tokareva,614,France,Female,19,5,97445.49,2,1,0,122823.34,0,0.05502111881314514,Low
2671,15760446,Pagnotto,598,France,Female,64,9,0.0,1,0,1,13181.37,1,0.2626954890155047,Low
2672,15611105,Castella,799,Spain,Male,35,7,0.0,2,0,1,140780.8,0,0.013636393568714546,Low
2673,15630920,Du Cane,724,France,Male,34,2,154485.74,2,0,0,78560.64,0,0.04390355052789889,Low
2674,15574910,Ferguson,601,France,Male,50,2,115625.07,1,1,0,185855.21,0,0.6321703374859582,Medium
2675,15756472,Odinakachukwu,804,France,Male,25,7,108396.67,1,1,0,128276.95,0,0.06636602256216259,Low
2676,15682890,Woronoff,745,Germany,Male,38,5,65095.41,2,1,1,140197.42,0,0.03246205027161526,Low
2677,15641994,Meng,667,Germany,Male,43,1,103018.45,1,1,0,32462.39,1,0.5765566190763423,Medium
2678,15733297,Sinclair,518,France,Female,38,10,84764.79,1,1,1,162253.9,0,0.1865224155715183,Low
2679,15767793,Hsu,819,France,Female,38,10,0.0,2,1,0,30498.7,0,0.04271305500233947,Low
2680,15725698,Panicucci,520,Spain,Female,35,4,115680.81,1,1,1,90280.7,0,0.0837105423146321,Low
2681,15813532,Burns,625,France,Female,39,5,0.0,2,1,0,32615.21,0,0.04343601849781315,Low
2682,15576760,Onodugoadiegbemma,673,Germany,Male,36,5,73088.06,2,0,0,196142.26,0,0.04511064119108357,Low
2683,15732102,Darling,656,Germany,Female,27,3,150905.03,2,1,0,16998.72,0,0.09599401925549025,Low
2684,15739046,Maggard,850,Spain,Female,23,9,143054.85,1,0,1,62980.96,0,0.07688589014256735,Low
2685,15631927,Thomas,574,Spain,Female,28,7,0.0,2,0,0,185660.3,0,0.04673072001790749,Low
2686,15672115,Lettiere,679,France,Male,60,6,0.0,2,1,1,77331.77,0,0.04121036793979935,Low
2687,15618765,Ponomaryov,530,Germany,Female,42,0,99948.45,1,0,1,97338.62,0,0.45276926205910223,Medium
2688,15679148,Oliver,508,France,Male,44,3,115451.05,2,0,0,67234.33,0,0.166966523575387,Low
2689,15728474,Chienezie,558,Germany,Male,32,4,108235.91,1,1,1,143783.28,0,0.12797672574208288,Low
2690,15636999,Mao,414,France,Male,38,8,0.0,1,0,1,77661.12,1,0.5124308043815848,Medium
2691,15754261,Ho,648,Spain,Male,42,2,98795.61,2,1,0,89123.99,0,0.11131600454666367,Low
2692,15629150,Lucchese,721,France,Female,37,1,0.0,2,1,0,70810.8,0,0.04043598234841934,Low
2693,15736274,Prokhorova,751,France,Male,31,8,0.0,2,0,0,17550.49,0,0.013521431810893993,Low
2694,15627697,Alekseyeva,662,France,Male,34,2,0.0,2,0,1,21497.27,0,0.01120541682216891,Low
2695,15721585,Blacklock,628,Germany,Male,29,3,113146.98,2,0,1,124749.08,0,0.052847494375003606,Low
2696,15639946,Sazonova,597,Germany,Female,39,8,162532.14,3,1,0,36051.46,1,0.910072419174099,High
2697,15792176,Henty,698,Spain,Female,40,0,92053.44,1,1,1,143681.83,0,0.16842375702594667,Low
2698,15699450,Li,723,France,Male,48,7,0.0,2,1,1,150694.58,0,0.06325565062642584,Low
2699,15729954,Azuka,586,France,Female,28,5,0.0,3,1,0,170487.4,1,0.7151718690213745,Medium
2700,15600103,Alexander,633,Germany,Female,29,8,104944.1,1,1,1,97684.46,0,0.1605020089139803,Low
2701,15786200,Brock,564,France,Male,31,4,0.0,2,1,0,53520.03,0,0.014988034437621721,Low
2702,15797010,Shen,649,France,Female,31,2,0.0,2,1,0,15200.61,0,0.025801216214158987,Low
2703,15670172,Padovesi,622,France,Female,30,4,107879.04,1,0,1,196894.62,0,0.12588106881210637,Low
2704,15627352,Bulgakov,459,Germany,Male,46,7,110356.42,1,1,0,4969.13,1,0.7404537267540141,Medium
2705,15622494,Mazzanti,718,France,Male,27,2,0.0,2,0,0,26229.24,0,0.014936577988040933,Low
2706,15585835,Lord,655,Spain,Female,34,4,109783.69,2,1,0,134034.32,0,0.08039530920065553,Low
2707,15595071,Ramos,696,France,Male,22,9,149777.0,1,1,1,198032.93,0,0.033622808041696886,Low
2708,15628203,Pai,637,France,Female,38,3,104339.56,1,0,0,119882.86,0,0.1733305866248323,Low
2709,15667190,Yuan,630,Spain,Female,21,1,85818.18,1,1,1,133102.3,0,0.07711526042978803,Low
2710,15780212,Mao,592,France,Male,37,4,212692.97,1,0,0,176395.02,0,0.14496831781914835,Low
2711,15766869,Uspenskaya,634,Germany,Male,37,1,89696.84,2,1,1,193179.88,0,0.05743637826893197,Low
2712,15775741,Powell,608,France,Female,28,9,0.0,2,1,1,125062.02,0,0.01940414631468305,Low
2713,15628170,Brown,565,Germany,Female,32,9,68067.24,1,1,0,143287.58,0,0.17191160341738257,Low
2714,15701318,Poole,763,Spain,Male,67,9,148564.66,1,0,1,87236.4,0,0.07965318402883623,Low
2715,15710928,McChesney,665,France,Female,55,8,136354.16,1,1,1,93769.89,0,0.2419151582105465,Low
2716,15682547,Lucchese,649,France,Male,38,1,122214.0,1,0,1,88965.46,0,0.07948631743605303,Low
2717,15631170,Clements,695,France,Male,45,3,0.0,2,1,1,30793.61,0,0.04495185248907634,Low
2718,15648702,Yuriev,775,Germany,Male,70,6,119684.88,2,1,1,74532.02,0,0.09256079843539246,Low
2719,15783444,Endrizzi,788,France,Female,39,3,135139.33,1,0,1,113086.08,0,0.11899420264732607,Low
2720,15809178,Pan,569,Germany,Female,42,9,146100.75,1,1,0,32574.01,1,0.5259899221431217,Medium
2721,15806688,Manfrin,726,Spain,Female,56,8,123110.9,3,0,1,130113.78,1,0.9750629693872198,High
2722,15576824,Kennedy,564,Germany,Female,44,3,111760.4,3,1,1,104722.47,1,0.9542360591483255,High
2723,15675422,Conway,544,France,Female,32,9,110728.39,1,1,1,14559.62,0,0.06844385395480795,Low
2724,15681550,Lablanc,614,France,Female,41,8,121558.46,1,1,1,598.8,0,0.15368134607558673,Low
2725,15812628,Dodd,453,Germany,Female,38,8,120623.21,1,1,0,129697.99,0,0.36639391136211724,Low
2726,15597951,Muir,471,France,Female,58,4,114713.57,1,1,1,36315.03,0,0.23951706904474815,Low
2727,15807045,Milanesi,829,Germany,Female,37,3,103457.76,1,0,0,1114.12,0,0.33564313296164894,Low
2728,15581748,Shen,754,Germany,Male,57,2,101134.87,2,1,1,70954.41,0,0.25140669001286753,Low
2729,15770420,Dillon,749,Germany,Male,46,10,78136.36,2,1,1,73470.98,0,0.10647441066304267,Low
2730,15608230,Hoelscher,667,France,Male,23,1,0.0,2,1,0,91573.19,0,0.015870044659909457,Low
2731,15730339,Bell,670,Spain,Male,30,3,133446.34,1,0,0,3154.95,0,0.09950048643909404,Low
2732,15712584,Liao,670,France,Female,33,7,0.0,2,1,1,88187.81,0,0.018063664712180554,Low
2733,15592816,Udokamma,623,Germany,Female,48,1,108076.33,1,1,0,118855.26,1,0.8434644805641727,High
2734,15641480,Sinnett,571,France,Male,32,5,131354.25,1,1,0,125256.53,0,0.07574612931688973,Low
2735,15708505,Palerma,641,Germany,Female,37,7,62974.64,2,0,1,39016.43,0,0.04416991921790963,Low
2736,15791131,Chimaijem,551,Germany,Female,30,2,143340.44,1,1,0,145796.49,0,0.27487995768382983,Low
2737,15618225,Porter,741,Germany,Male,36,8,116993.43,2,1,0,168816.22,0,0.09207038657925953,Low
2738,15644724,Fan,472,France,Male,31,4,58662.92,2,0,1,73322.0,0,0.016442997917998983,Low
2739,15662098,Palmer,650,Spain,Male,41,3,128808.65,3,0,0,113677.53,1,0.8852398067253696,High
2740,15723894,Younger,625,France,Male,45,7,137555.44,1,0,0,124607.7,0,0.34454303870330233,Low
2741,15787699,Burke,650,Germany,Male,34,4,142393.11,1,1,1,11276.48,0,0.1510188998714701,Low
2742,15687738,Nwagugheuzo,535,France,Female,38,8,0.0,2,1,0,136620.64,0,0.053474580524867386,Low
2743,15576126,Young,649,France,Female,41,2,125785.23,1,1,1,70523.92,0,0.1694428058348027,Low
2744,15658889,Watson,689,France,Male,22,4,136444.25,1,1,0,51980.25,1,0.10269904036779014,Low
2745,15667046,Tseng,694,Spain,Male,38,7,121527.4,1,1,0,113481.02,0,0.1196878015991128,Low
2746,15669957,Drake,655,Germany,Male,52,9,144696.75,1,1,1,49025.79,0,0.4834866800551518,Medium
2747,15655794,Hanna,620,France,Male,36,8,0.0,2,1,1,145937.99,0,0.014118737411069728,Low
2748,15599829,Padovesi,577,France,Female,35,10,0.0,2,1,1,25161.61,0,0.017803806068678603,Low
2749,15753332,Loftus,401,Germany,Male,48,8,128140.17,1,1,0,175753.55,1,0.9405856245965232,High
2750,15671124,Buccho,599,France,Male,25,6,120383.41,1,1,1,24903.09,0,0.040528321384979964,Low
2751,15767474,Lorenzo,481,France,Female,57,9,0.0,3,1,1,169719.35,1,0.9513824240815663,High
2752,15720671,Ibezimako,704,France,Male,42,8,129735.3,2,1,1,179565.57,0,0.07415276889077405,Low
2753,15626787,Wei,698,Spain,Female,31,8,185078.26,1,0,0,115337.74,1,0.3056718379419991,Low
2754,15774491,Ross,480,France,Female,28,6,0.0,2,0,0,48131.92,0,0.022552652687242835,Low
2755,15579647,Oluchukwu,682,France,Male,42,0,0.0,1,1,1,160828.98,0,0.20969645322982305,Low
2756,15625522,Walker,700,Spain,Male,31,7,0.0,2,0,1,145151.96,0,0.011230310369108194,Low
2757,15765806,Wu,492,France,Male,29,1,144591.96,1,1,1,196293.76,0,0.040238970563752474,Low
2758,15566708,Chidalu,444,France,Female,45,4,0.0,2,1,0,161653.5,1,0.19384657023119448,Low
2759,15668347,Ingram,624,France,Male,36,6,0.0,2,0,0,84635.64,0,0.01990219392255604,Low
2760,15575214,Ch'en,709,France,Male,37,7,0.0,1,1,0,159486.76,0,0.1986539497485642,Low
2761,15591123,Iredale,557,Germany,Male,68,2,100194.44,1,1,1,38596.34,0,0.2025601248653069,Low
2762,15573280,Gallagher,646,Germany,Male,50,6,145295.31,2,1,1,27814.74,0,0.2644033392142312,Low
2763,15589018,Padilla,719,Germany,Male,28,3,106070.29,2,1,1,183893.31,0,0.049699713562292316,Low
2764,15654495,Potter,706,Germany,Female,47,6,120621.89,1,1,1,140803.7,0,0.5656441641271867,Medium
2765,15597265,Mao,660,France,Male,38,7,0.0,2,0,1,146585.53,0,0.018810547623227758,Low
2766,15733876,Schneider,667,France,Male,36,9,0.0,2,1,1,40062.29,0,0.011768059435955906,Low
2767,15677217,Ibragimova,705,France,Male,30,1,0.0,1,1,1,181300.32,0,0.07386881350119207,Low
2768,15747265,Huang,598,Germany,Female,27,10,171283.91,1,1,1,84136.12,0,0.08855810326913754,Low
2769,15713379,Anderson,669,France,Male,26,4,0.0,2,1,1,197594.34,0,0.013495945044200677,Low
2770,15730433,Nakayama,580,Germany,Female,38,1,128218.47,1,1,0,125953.83,1,0.40020117349374834,Low
2771,15693347,Gardener,676,France,Female,32,5,0.0,2,1,1,75465.41,0,0.016732685283878657,Low
2772,15715465,Aksenova,714,Germany,Male,28,7,77776.39,1,1,0,177737.07,0,0.11283444477327191,Low
2773,15680736,Milne,597,Germany,Female,72,6,124978.19,2,1,1,7144.46,0,0.07626495277115318,Low
2774,15610765,Onwumelu,559,France,Male,29,1,0.0,2,0,0,155639.76,0,0.01661759541801463,Low
2775,15650034,Kudryashova,564,France,Female,28,1,0.0,1,1,1,162428.05,0,0.1281469065428021,Low
2776,15782468,Hart,850,Spain,Male,51,3,109799.55,2,1,1,12457.76,1,0.19995605495274435,Low
2777,15685109,Teng,689,France,Male,39,7,0.0,2,0,0,14917.09,0,0.02559366558955047,Low
2778,15776233,Kruglova,758,Germany,Female,61,8,125397.21,1,1,0,182184.09,1,0.946329397195274,High
2779,15761141,Palerma,604,Spain,Female,71,10,0.0,2,1,1,129984.2,0,0.024710334300560997,Low
2780,15781702,Brookes,733,Germany,Male,38,9,111347.37,2,0,1,194872.97,0,0.08707690814641614,Low
2781,15790235,Hsing,778,Spain,Male,40,8,104291.41,2,1,1,117507.11,0,0.05419518324933192,Low
2782,15641416,Shaffer,732,Germany,Female,61,9,94867.18,2,1,1,157527.6,1,0.302234630273177,Low
2783,15775234,Laurie,646,France,Male,24,8,0.0,2,0,0,92612.88,0,0.015800476402205575,Low
2784,15659475,Chung,597,France,Female,33,6,135703.59,2,0,0,74850.84,0,0.0647185633509937,Low
2785,15642202,Whitfield,821,Germany,Female,37,5,106453.53,2,0,1,127413.0,0,0.10016525012629189,Low
2786,15771417,Thomas,640,France,Male,43,7,132412.38,1,0,0,69584.3,1,0.2524482369179053,Low
2787,15585100,Rioux,511,Germany,Female,40,9,124401.6,1,1,0,198814.24,1,0.5980595459833439,Medium
2788,15700487,Osonduagwuike,805,France,Male,46,6,118022.06,3,1,0,162643.15,1,0.9738911729460457,High
2789,15726589,Matveyev,540,Germany,Male,39,1,82531.11,1,1,0,114092.52,0,0.2516553012053368,Low
2790,15747503,Hayward,705,Spain,Male,44,0,184552.12,1,1,0,68860.3,1,0.3654738349306203,Low
2791,15595883,Nkemdirim,540,Germany,Male,39,4,127278.31,1,1,1,16150.34,0,0.2820446149621238,Low
2792,15663826,Brim,532,Spain,Female,66,3,0.0,1,1,1,115227.02,0,0.19566147884946702,Low
2793,15742820,Trevisano,535,France,Female,45,2,0.0,2,0,1,170621.55,0,0.1646071113727818,Low
2794,15624793,Soubeiran,627,Germany,Male,23,5,184244.86,1,1,0,103099.22,0,0.07137911363102077,Low
2795,15597930,Wilson,646,France,Male,52,8,59669.43,1,0,0,172495.81,1,0.8020488565839062,High
2796,15665110,Helena,515,France,Female,25,7,79543.59,1,0,1,38772.82,0,0.07451337044977176,Low
2797,15770719,Duncan,697,France,Female,39,6,151553.19,1,1,1,44946.29,0,0.11008133753858867,Low
2798,15731327,Hale,652,Germany,Male,27,2,166527.88,2,0,1,146007.7,0,0.03142693059869499,Low
2799,15576044,Macdonald,579,Germany,Male,28,6,150329.15,1,1,0,145558.42,0,0.15000768480893373,Low
2800,15775662,McKay,760,France,Male,43,8,121911.59,1,1,0,193312.33,0,0.26885097746814857,Low
2801,15646817,Chiekwugo,769,France,Male,51,9,156773.78,2,1,0,40257.79,0,0.4288236977675995,Low
2802,15596060,Skinner,498,Spain,Male,29,8,127864.26,1,1,1,46677.9,0,0.045850378944720285,Low
2803,15723299,Sorokina,774,France,Male,53,4,113709.28,1,1,1,153887.93,1,0.2291757447464017,Low
2804,15636982,Weller,705,Germany,Female,43,7,79974.55,1,1,1,103108.33,0,0.24413331443065162,Low
2805,15751175,Bess,648,France,Female,44,2,0.0,2,1,1,58652.23,0,0.06583174855511462,Low
2806,15618936,MacDonald,688,France,Female,51,5,0.0,1,1,0,91624.11,1,0.8212255301793772,High
2807,15787529,Gray,592,Spain,Male,38,0,0.0,1,1,0,65986.48,1,0.23322123671097042,Low
2808,15780128,Ogbonnaya,705,France,Male,33,3,144427.96,2,1,0,113845.19,0,0.045614559056325,Low
2809,15615991,Udegbulam,654,France,Male,42,7,99263.09,1,1,1,67607.9,0,0.11613072106613805,Low
2810,15757001,Mai,624,France,Female,32,2,79368.87,2,1,1,145471.94,0,0.042832387598644425,Low
2811,15595388,Yeh,594,France,Female,30,10,0.0,2,1,1,124071.71,0,0.01946621754336251,Low
2812,15699550,Babbage,695,Spain,Female,34,9,0.0,2,1,1,67502.12,0,0.018267621732002783,Low
2813,15581620,Franklin,597,France,Male,28,2,0.0,3,1,1,78707.97,0,0.34281203246128067,Low
2814,15600934,Randell,758,France,Female,52,7,125095.94,1,1,0,171189.83,1,0.753959601184869,High
2815,15738672,Paterson,737,Germany,Female,40,2,162485.8,2,1,0,149381.32,0,0.16770533906076482,Low
2816,15721307,Pickering,694,Germany,Male,37,1,95668.82,2,1,0,100335.55,0,0.10455052435923161,Low
2817,15619280,Uspensky,683,France,Male,25,4,0.0,2,1,0,152698.24,0,0.01577101980917428,Low
2818,15768244,Macleod,538,Spain,Female,30,8,0.0,2,1,1,41192.95,0,0.01817312245393734,Low
2819,15806837,Nnaife,669,France,Male,37,4,0.0,1,1,0,132540.33,0,0.19412744545579308,Low
2820,15643496,Randolph,730,France,Female,34,5,74197.38,2,1,0,96875.52,0,0.05411114137980418,Low
2821,15813916,Kudryashova,622,France,Female,31,1,89688.94,1,1,1,152305.47,0,0.07797121843604722,Low
2822,15626385,George,714,Spain,Female,33,10,103121.33,2,1,1,49672.01,0,0.0384671309289471,Low
2823,15603582,Robertson,569,Spain,Female,34,3,0.0,1,1,0,133997.53,0,0.242267507382665,Low
2824,15764351,Yuryeva,668,Germany,Female,59,5,120170.07,1,0,1,50454.8,0,0.5202229835335656,Medium
2825,15667938,Hurst,628,France,Male,32,9,149136.31,2,1,1,16402.11,0,0.026453086052640407,Low
2826,15576360,Ch'iu,600,France,Male,40,1,141136.79,1,1,1,67803.83,0,0.12363992236182933,Low
2827,15628813,King,693,France,Female,43,4,152341.55,1,1,0,9241.78,0,0.3331308342078965,Low
2828,15584190,Esposito,704,France,Male,36,7,120026.98,2,0,1,100601.73,0,0.0321821836342412,Low
2829,15716449,Fraser,527,Spain,Male,33,9,132168.28,1,0,0,98734.15,0,0.08638775427053826,Low
2830,15759913,Trentini,553,Germany,Male,43,6,85200.82,2,1,1,160574.09,0,0.09635184337569706,Low
2831,15701555,Nicholls,575,Spain,Male,53,1,84903.33,2,0,1,26015.8,0,0.17083227583741498,Low
2832,15758482,Montalvo,626,France,Female,32,0,0.0,2,0,0,187172.54,0,0.0422971782701979,Low
2833,15758171,Tien,582,France,Male,20,4,0.0,1,1,1,55763.66,0,0.06726662559941211,Low
2834,15680346,Chuang,683,Spain,Male,40,8,0.0,1,1,0,75848.22,0,0.30278237844220035,Low
2835,15649124,Fang,850,France,Male,30,9,121535.18,1,0,0,40313.47,0,0.08691323702541405,Low
2836,15812917,Kosisochukwu,653,Spain,Male,35,6,116662.96,2,1,1,23864.21,0,0.032047095374589475,Low
2837,15768455,Young,679,France,Male,60,8,0.0,2,1,1,51380.9,0,0.03627972979599178,Low
2838,15703059,Scott,549,Germany,Female,49,6,124829.16,1,0,1,93551.36,0,0.5856653411543407,Medium
2839,15646196,Yeh,850,Spain,Female,36,2,155180.56,2,0,0,169415.54,0,0.07956330926908824,Low
2840,15585451,Vigano,558,Germany,Female,32,1,108262.87,1,1,1,6935.31,0,0.21985918831235737,Low
2841,15714057,Windradyne,528,Spain,Male,40,4,0.0,2,1,0,25399.7,0,0.04227413655251308,Low
2842,15748473,Curnow,801,France,Male,38,5,0.0,2,1,0,66256.27,0,0.026093272285977555,Low
2843,15785782,Ugonna,513,Spain,Male,48,2,0.0,1,1,1,114709.13,1,0.44606513022248323,Low
2844,15693233,De Neeve,666,Germany,Male,38,6,99812.88,2,1,1,158357.97,0,0.0698621742456709,Low
2845,15757521,Ricci,606,France,Male,35,2,132164.26,1,0,1,164815.59,0,0.063756345816938,Low
2846,15812513,Nnaife,599,Germany,Male,45,10,103583.05,1,1,0,132127.69,1,0.6223316763397411,Medium
2847,15674950,Ebelechukwu,544,Germany,Male,39,4,142406.43,2,1,0,146637.45,0,0.11286135468769824,Low
2848,15678572,Keating,529,Spain,Male,38,7,99842.5,2,1,0,90256.06,1,0.06820058745758188,Low
2849,15713608,Tuan,850,France,Female,41,5,0.0,2,1,1,34827.43,0,0.03482235579797132,Low
2850,15579262,Shearston,497,France,Male,41,9,0.0,1,0,0,22074.48,0,0.28380981621121537,Low
2851,15610426,Tien,764,France,Female,39,5,81042.42,1,0,1,109805.17,0,0.14960204977116587,Low
2852,15776454,Hamilton,603,France,Female,48,5,0.0,1,1,0,100478.6,1,0.7375408229528772,Medium
2853,15771483,Arnold,609,France,Male,40,6,0.0,2,1,1,97416.34,0,0.027476518492924946,Low
2854,15648489,Ting,487,France,Male,53,4,199689.49,1,1,1,24207.86,1,0.34992134325472346,Low
2855,15646609,Chao,748,France,Male,33,1,142645.43,1,0,0,69132.66,0,0.09374860314389685,Low
2856,15693203,Powell,710,Spain,Female,75,5,0.0,2,1,1,9376.89,0,0.008900566511203776,Low
2857,15813067,Williams,432,Germany,Female,45,3,110219.14,1,1,0,43046.7,1,0.729517152449848,Medium
2858,15769829,Cheng,534,Spain,Male,51,3,0.0,2,0,1,20856.31,0,0.09708823586160424,Low
2859,15662434,Zhdanova,607,France,Male,25,3,0.0,2,0,0,187048.72,0,0.025031955378502422,Low
2860,15773503,Tsai,551,Spain,Male,32,4,0.0,2,1,0,53420.53,0,0.017178408198162944,Low
2861,15705890,Nebechukwu,674,France,Male,45,7,142072.02,1,1,0,37013.29,0,0.36677541535844976,Low
2862,15711398,Fetherstonhaugh,525,France,Female,25,6,0.0,2,1,0,89566.64,0,0.02600764833235302,Low
2863,15752375,Ojiofor,645,Germany,Male,33,8,149564.61,1,0,0,149913.84,0,0.1653453219800667,Low
2864,15659175,Severson,755,France,Female,43,9,0.0,2,1,0,18066.69,0,0.08246522866780266,Low
2865,15597033,Speight,708,Germany,Male,37,8,153366.13,1,1,1,26912.34,0,0.13585601305855197,Low
2866,15590228,Greenwalt,715,France,Male,21,6,76467.16,1,1,1,173511.72,0,0.05172346575393042,Low
2867,15631848,Grover,727,France,Female,26,9,121508.28,1,1,1,146785.44,0,0.07491314139793556,Low
2868,15654211,Milani,559,Spain,Female,27,1,0.0,1,0,1,1050.33,0,0.15789625976710542,Low
2869,15707968,Akobundu,545,Spain,Male,36,8,73211.12,2,1,0,89587.34,1,0.03785183499095429,Low
2870,15594084,Anderson,524,France,Male,22,9,0.0,2,1,0,74405.34,0,0.017006769072874135,Low
2871,15651093,Chien,707,France,Female,55,1,0.0,2,0,1,54409.48,0,0.09812306381766388,Low
2872,15798824,Kennedy,671,Spain,Male,38,0,92674.94,2,1,0,3647.57,0,0.0944502183878129,Low
2873,15671591,Castiglione,439,Spain,Male,52,3,96196.24,4,1,0,198874.52,1,0.9932185705744627,High
2874,15707189,Marshall,667,Germany,Female,36,1,114391.62,1,1,1,53412.54,0,0.2617289805539137,Low
2875,15733581,Duncan,831,Germany,Male,32,9,80262.66,1,1,0,194867.78,0,0.13321244827619366,Low
2876,15641640,Uspenskaya,545,Spain,Female,33,7,173331.52,1,1,0,150452.88,0,0.25066283003531326,Low
2877,15585284,Thomson,604,Spain,Female,35,7,147285.52,1,1,1,57807.05,0,0.08047928612867937,Low
2878,15617866,Calabrese,657,Spain,Male,67,5,119785.47,2,1,1,107534.32,0,0.05422572342175867,Low
2879,15667751,Herrera,487,Spain,Female,36,1,140137.15,1,1,0,194073.33,0,0.12101507954686413,Low
2880,15669411,Muse,750,Germany,Female,52,6,107467.56,1,1,0,126233.18,1,0.8875215106566546,High
2881,15789425,Marsden,694,Germany,Female,37,8,98218.04,2,1,0,182354.46,1,0.1664930728306915,Low
2882,15570943,Artemyeva,711,Germany,Female,35,2,133607.75,1,1,1,120586.32,0,0.1921833955021937,Low
2883,15685829,McKay,551,France,Male,37,3,0.0,2,1,1,50578.4,0,0.015759618723259365,Low
2884,15721917,Chuang,559,France,Female,38,8,95139.41,1,1,1,86575.46,0,0.10344492825720043,Low
2885,15776047,Nicholls,620,France,Female,29,3,0.0,2,0,1,153392.28,0,0.028032999455720645,Low
2886,15716024,Dennis,660,Spain,Male,42,5,0.0,2,1,0,115509.59,0,0.050852796804587465,Low
2887,15675328,Knight,449,France,Female,37,6,0.0,2,1,0,82176.48,0,0.03857495986077257,Low
2888,15604314,Webb,703,Germany,Female,26,1,97331.19,1,1,0,63717.49,0,0.27067013733508094,Low
2889,15658339,Pugliesi,795,Germany,Male,37,2,139265.63,2,1,1,198745.94,0,0.03471521550120495,Low
2890,15630402,Nebechukwu,594,France,Female,31,9,0.0,1,0,1,5719.11,0,0.11210697420777493,Low
2891,15689616,Ward,586,Spain,Male,34,5,168094.01,1,0,0,20058.61,0,0.10652531372377967,Low
2892,15774224,Nixon,613,Germany,Female,30,5,131563.88,2,1,0,170638.98,0,0.11517978743278436,Low
2893,15701291,Chidubem,601,France,Male,44,3,0.0,2,1,0,30607.11,0,0.06496061948666365,Low
2894,15719606,Rivers,657,France,Male,50,9,0.0,2,0,0,37171.46,0,0.15954850510994503,Low
2895,15644119,Sochima,531,France,Male,31,3,0.0,1,1,1,42589.33,0,0.08357812962065876,Low
2896,15646859,Heydon,621,Germany,Male,47,7,107363.29,1,1,1,66799.28,0,0.5223926682504273,Medium
2897,15606836,Lombardo,782,France,Female,33,2,94493.03,1,0,1,101866.39,0,0.07153617347031961,Low
2898,15664150,Holland,528,Germany,Female,29,9,170214.23,2,1,0,49284.0,0,0.06007905536629788,Low
2899,15624510,Tien,696,France,Male,52,6,139781.06,1,1,0,27445.4,1,0.6267493238992284,Medium
2900,15810944,Bryant,586,France,Female,35,7,0.0,2,1,0,70760.69,0,0.028807222255856905,Low
2901,15668575,Hao,626,Spain,Female,26,8,148610.41,3,0,1,104502.02,1,0.8421438253769036,High
2902,15603246,Genovesi,498,France,Male,73,2,170241.7,2,1,1,165407.96,0,0.03333104383984806,Low
2903,15804002,Kovalev,691,France,Female,33,1,128306.83,1,1,1,113580.79,0,0.06724246908294623,Low
2904,15728773,Hsieh,568,France,Female,47,7,0.0,2,1,1,45978.39,0,0.08446835489007296,Low
2905,15598044,Debellis,715,France,Female,35,3,0.0,1,1,1,152012.36,0,0.16170905360719964,Low
2906,15694829,Chibueze,680,Germany,Male,32,7,175454.0,1,0,1,77349.92,0,0.03868365322466101,Low
2907,15600575,Padovano,802,Spain,Male,41,6,0.0,2,1,0,47322.05,0,0.03981413902770411,Low
2908,15727311,Yen,539,France,Female,22,0,100885.93,2,1,1,38772.65,0,0.04252749339758243,Low
2909,15570769,Kibble,494,France,Male,69,9,93320.8,1,1,1,24489.44,0,0.04716312464860905,Low
2910,15606274,Lori,594,Germany,Male,38,6,63176.44,2,1,1,14466.08,0,0.03359515497475841,Low
2911,15746139,Enemuo,596,France,Male,33,2,139451.67,1,0,0,63142.12,0,0.09200581218547997,Low
2912,15704987,Lu,649,France,Female,52,8,49113.75,1,1,0,41858.43,0,0.7997328314192367,High
2913,15628972,Nebeolisa,699,Germany,Male,32,1,123906.22,3,1,1,127443.82,1,0.7276152517347502,Medium
2914,15697686,Stewart,787,France,Female,40,6,0.0,2,1,1,84151.98,0,0.039234972197881815,Low
2915,15733883,Ward,604,France,Male,28,7,0.0,2,0,0,58595.64,0,0.013966367975286258,Low
2916,15617482,Milanesi,489,Germany,Female,52,1,131441.51,1,1,0,37240.11,1,0.8948841389223992,High
2917,15704583,Chikwado,651,France,Male,56,2,0.0,1,1,0,114522.68,1,0.894277913432327,High
2918,15621083,Douglas,698,France,Male,57,6,136325.48,2,1,1,72549.27,1,0.11777126459711093,Low
2919,15649487,Sal,578,Germany,Female,38,4,113150.44,2,1,0,176712.59,1,0.19385180691683104,Low
2920,15736760,Douglas,538,Spain,Female,42,9,0.0,1,0,0,152855.96,0,0.5576950446281359,Medium
2921,15714658,Yates,696,France,Female,33,4,0.0,2,1,1,73371.65,0,0.01787444622473495,Low
2922,15599081,Watt,507,Germany,Female,46,8,102785.16,1,1,1,70323.68,0,0.5334546135072686,Medium
2923,15705113,P'an,685,Spain,Male,34,6,83264.28,1,0,0,9663.28,0,0.09970501159153977,Low
2924,15631159,H?,705,Germany,Male,41,4,72252.64,2,1,1,142514.66,0,0.0505086965152594,Low
2925,15792818,Perry,499,Germany,Female,29,6,148051.52,1,1,0,118623.94,0,0.23074257341991994,Low
2926,15633531,Lavrov,717,France,Female,76,9,138489.66,1,1,1,68400.14,0,0.02925017182911415,Low
2927,15744529,Chiekwugo,510,France,Male,63,8,0.0,2,1,1,115291.86,0,0.04007379716194485,Low
2928,15669656,Macdonald,632,France,Male,32,6,111589.33,1,1,1,170382.99,0,0.04899812760803924,Low
2929,15581198,Jenkins,668,Germany,Female,39,0,122104.79,1,1,0,112946.67,1,0.4342663241267012,Low
2930,15729054,Korovina,744,Germany,Male,32,4,96106.83,1,1,1,79812.77,0,0.10979284188148478,Low
2931,15573452,Manning,663,Germany,Male,42,7,115930.87,1,1,0,19862.78,0,0.500989023150338,Medium
2932,15776733,Wilson,638,Germany,Female,37,7,124513.66,2,1,0,158610.89,0,0.1571636231792515,Low
2933,15724858,Begum,688,France,Female,54,9,0.0,1,1,0,191212.63,1,0.9275650117627385,High
2934,15713144,Ingrassia,588,Spain,Male,46,8,0.0,1,1,0,61931.21,0,0.568847206319365,Medium
2935,15690188,Maclean,631,France,Male,33,7,0.0,1,1,1,58043.02,1,0.07961666086972842,Low
2936,15689425,Olejuru,687,Spain,Male,35,8,100988.39,2,1,0,22247.27,0,0.0421389734709739,Low
2937,15671766,Enyinnaya,599,France,Male,44,10,118577.24,1,1,1,31448.52,0,0.16053382346115766,Low
2938,15782806,Watson,718,Spain,Male,28,6,0.0,2,1,0,146875.86,0,0.01771915749307972,Low
2939,15764419,Langdon,730,France,Male,27,5,0.0,2,1,1,116081.93,0,0.010177245742789214,Low
2940,15591915,Frolov,533,France,Female,39,2,0.0,1,0,1,73669.94,1,0.2503247908069795,Low
2941,15772798,Chikezie,711,Spain,Female,28,5,0.0,2,1,1,93959.96,0,0.01800010155717897,Low
2942,15792008,Zetticci,555,Spain,Female,26,9,0.0,2,0,1,158918.03,0,0.027408957747955584,Low
2943,15715541,Yang,850,France,Female,42,9,113311.11,1,1,1,198193.75,0,0.1892876016642316,Low
2944,15639277,Lin,678,France,Female,41,9,0.0,1,0,0,13160.03,0,0.37743629695518366,Low
2945,15798850,Goddard,576,France,Male,32,7,0.0,2,1,0,4660.91,0,0.01355778943543389,Low
2946,15776348,Rogers,835,Germany,Male,20,4,124365.42,1,0,0,180197.74,1,0.25293081458780053,Low
2947,15727696,Zubareva,592,France,Male,42,1,147249.29,2,1,1,63023.02,0,0.08729980147167526,Low
2948,15793813,Onochie,774,France,Male,36,7,103688.19,1,0,1,118971.74,0,0.049072613397242205,Low
2949,15694395,Ts'ui,620,France,Female,29,1,138740.24,2,0,0,154700.61,0,0.07783261439659814,Low
2950,15764195,Newsom,519,Spain,Male,39,4,111900.14,1,1,1,97577.17,0,0.08794591952178417,Low
2951,15744919,Genovese,734,Spain,Female,37,0,152760.24,1,1,1,48990.5,0,0.07112189062493991,Low
2952,15671655,Thorpe,763,Germany,Male,31,7,143966.3,2,1,1,140262.96,1,0.04002881052255835,Low
2953,15654901,Horton,733,France,Male,51,10,141556.96,1,1,0,130189.53,0,0.56650014066022,Medium
2954,15649136,Williamson,650,France,Female,43,6,0.0,2,1,1,16301.91,0,0.05291848683802314,Low
2955,15775562,Shoobridge,538,France,Female,33,5,0.0,2,1,0,126962.41,0,0.031156418187160945,Low
2956,15807481,Peng,577,France,Female,46,1,0.0,1,1,1,158750.53,0,0.5136304517057909,Medium
2957,15642885,Gray,792,France,Male,30,8,0.0,2,1,0,199644.2,0,0.022991789527636013,Low
2958,15789109,Watson,686,France,Female,41,10,0.0,1,1,1,144272.71,1,0.3035694338724725,Low
2959,15814004,Fyodorova,589,France,Male,29,2,0.0,2,0,1,98320.27,0,0.012401219864278936,Low
2960,15673619,Bazhenov,530,France,Male,25,9,162560.32,1,1,0,64129.03,0,0.08925505984645031,Low
2961,15595135,Solomon,778,Germany,Female,29,7,123229.46,1,1,0,181221.09,0,0.31322122463980423,Low
2962,15583681,Layh,616,Spain,Male,31,7,76665.71,2,1,1,163809.08,0,0.022951148794103277,Low
2963,15605000,John,550,France,Male,38,9,140278.99,3,1,1,171457.06,1,0.8598596176208632,High
2964,15718071,Tuan,655,France,Female,51,3,0.0,2,0,1,15801.02,0,0.12013818383013647,Low
2965,15679760,Slattery,721,France,Male,46,1,115764.32,2,0,0,102950.79,0,0.24495626887577626,Low
2966,15654574,Onyekachi,499,Germany,Male,36,5,131142.53,2,1,0,174918.46,0,0.07931316446778791,Low
2967,15577178,Genovese,511,France,Male,45,5,68375.27,1,1,0,193160.25,1,0.5632436460554091,Medium
2968,15595324,Daniels,579,Germany,Female,39,5,117833.3,3,0,0,5831.0,1,0.9197290823958484,High
2969,15756932,Caldwell,696,Spain,Female,36,7,0.0,2,1,1,82298.59,0,0.021056835025381974,Low
2970,15726358,Chiemenam,681,France,Male,34,7,0.0,2,0,0,130686.59,0,0.016710670068759988,Low
2971,15595228,Wanliss,815,France,Male,45,7,0.0,1,0,1,52885.23,1,0.2890330407497537,Low
2972,15782530,Bruce,681,Spain,Male,30,2,111093.01,1,1,0,68985.99,0,0.09331227757909981,Low
2973,15592877,Wright,641,Spain,Male,42,9,132657.55,1,1,0,35367.19,0,0.2048256823437758,Low
2974,15651983,Fang,591,France,Female,56,9,128882.49,1,1,1,196241.94,1,0.2735903710199738,Low
2975,15746737,Eames,565,Germany,Male,59,9,69129.59,1,1,1,170705.53,0,0.227271205841918,Low
2976,15774179,Sutherland,487,France,Male,37,6,0.0,2,1,1,126477.41,0,0.017512698091639554,Low
2977,15667265,Cavenagh,729,France,Male,39,4,121404.64,1,1,1,159618.17,0,0.07782723165071576,Low
2978,15655123,Dumetolisa,505,Spain,Female,45,9,131355.3,3,1,0,195395.33,1,0.9725334072418305,High
2979,15595917,Mackay,580,France,Female,35,1,102097.33,1,0,1,168285.85,0,0.10993888554295812,Low
2980,15668385,Dellucci,642,France,Male,40,1,154863.15,1,1,1,138052.51,0,0.10861143774318674,Low
2981,15709476,Kenyon,850,Spain,Female,41,3,99945.93,2,1,0,71179.31,0,0.10737835019617088,Low
2982,15711218,Parry,616,Germany,Male,39,2,121704.32,2,1,0,55556.3,0,0.16030940360890358,Low
2983,15798659,Kennedy,526,Spain,Female,43,3,0.0,2,1,0,31705.19,0,0.09022486501838753,Low
2984,15663939,Arnott,523,Germany,Male,35,8,138782.76,1,1,1,186118.93,0,0.1446118074019748,Low
2985,15694946,Hanson,663,France,Male,35,9,0.0,2,1,1,195580.28,0,0.014394031610917868,Low
2986,15631912,T'ao,840,France,Male,30,8,136291.71,1,1,0,54113.38,0,0.09866624782164134,Low
2987,15768816,Shen,570,Germany,Male,42,0,107856.57,2,1,0,127528.84,0,0.23267734406918622,Low
2988,15682268,Steere,676,Germany,Female,26,1,108348.66,1,0,0,60231.74,1,0.30444875475190525,Low
2989,15684801,Abbott,689,France,Male,47,1,93871.95,3,1,0,156878.42,1,0.9759512995152976,High
2990,15636428,Sutherland,703,Spain,Female,45,1,0.0,1,1,0,182784.11,1,0.646102644551939,Medium
2991,15809823,Thurgood,491,Germany,Male,19,2,125860.2,1,0,0,129690.5,0,0.17713799086768772,Low
2992,15699284,Johnson,584,France,Male,49,8,172713.44,1,1,0,113860.81,0,0.647575744680453,Medium
2993,15786993,Lung,810,France,Female,51,5,0.0,2,0,1,184524.74,0,0.17792692660312437,Low
2994,15709441,Cocci,745,Spain,Female,59,8,0.0,1,1,1,36124.98,0,0.38202720206043894,Low
2995,15710257,Matveyeva,625,France,Female,39,3,130786.92,1,0,1,121316.07,0,0.1397365576324129,Low
2996,15582492,Moore,535,France,Female,29,2,112367.34,1,1,0,185630.76,0,0.18236266091163747,Low
2997,15575694,Yobachukwu,729,Spain,Female,45,7,91091.06,2,1,0,71133.12,0,0.2659631830764367,Low
2998,15756820,Fleming,655,France,Female,26,7,106198.5,1,0,1,32020.42,0,0.07202647644037109,Low
2999,15766289,Dickinson,751,France,Male,47,5,142669.93,2,1,0,162760.96,0,0.28434370676218107,Low
3000,15593014,Evseyev,525,France,Male,33,1,112833.35,1,0,1,175178.56,0,0.07302815046404129,Low
3001,15584545,Aksenov,532,France,Female,40,5,0.0,2,0,1,177099.71,0,0.09373194910073847,Low
3002,15675949,Fleming,696,Spain,Female,43,4,0.0,2,1,1,66406.37,0,0.056545191085772904,Low
3003,15672091,Ulyanov,786,Germany,Female,32,2,104336.43,2,0,0,59559.81,0,0.108615054660491,Low
3004,15801658,Summers,580,France,Male,55,6,104305.74,1,0,1,175750.21,0,0.2762709107826125,Low
3005,15706185,Clements,596,Germany,Male,47,5,140187.1,2,1,1,174311.3,0,0.21111711173708633,Low
3006,15789863,Kazakova,683,France,Male,39,4,0.0,2,1,0,171716.81,0,0.035344252129077415,Low
3007,15720943,Pirozzi,747,France,Female,45,1,114959.12,1,1,0,189362.39,1,0.4910496478836303,Medium
3008,15697997,Jamieson,602,France,Male,33,5,164704.38,1,0,1,180716.1,1,0.06701116741811194,Low
3009,15665416,Ferri,779,France,Male,62,10,119096.55,1,0,1,116977.89,0,0.1668491682118184,Low
3010,15660200,Mai,551,France,Male,31,1,0.0,2,1,1,185105.44,0,0.012204332607273589,Low
3011,15619653,Hannaford,666,France,Male,47,2,0.0,1,1,0,35046.97,1,0.6364759785239248,Medium
3012,15773447,Fomin,526,Spain,Male,30,8,0.0,1,1,0,36251.0,0,0.14854240112900285,Low
3013,15739160,Mahon,849,France,Female,41,9,115465.28,1,1,0,103174.5,0,0.22321834706470572,Low
3014,15689237,Shaw,471,France,Female,27,4,0.0,2,1,0,122642.09,0,0.03205902313156846,Low
3015,15679297,Volkova,628,Spain,Male,43,3,184926.61,1,1,0,122937.57,0,0.370603107334886,Low
3016,15591433,Miles,674,Germany,Male,43,8,85957.88,2,1,0,8757.39,0,0.14290778630558337,Low
3017,15642725,Madison,797,France,Male,32,10,114084.6,1,0,1,125782.29,0,0.037819440141928264,Low
3018,15701962,Scott,590,Spain,Female,29,2,166930.76,2,1,0,122487.73,0,0.09301994959574615,Low
3019,15811613,Voss,588,France,Female,27,8,0.0,1,1,0,20066.38,0,0.18249715021464322,Low
3020,15741049,Colebatch,577,France,Male,29,7,0.0,2,1,1,55473.15,0,0.009348030285868725,Low
3021,15724423,Wilson,571,France,Female,38,6,107193.82,2,0,0,38962.94,0,0.08460588272244805,Low
3022,15574305,T'ang,680,France,Male,36,3,116275.12,1,1,1,63795.8,0,0.06051420232536326,Low
3023,15678168,Gibson,648,Spain,Female,27,7,0.0,2,1,1,163060.43,0,0.023100117452401307,Low
3024,15697020,Hs?eh,618,France,Male,39,2,91068.56,1,1,0,26578.69,0,0.17583610415292933,Low
3025,15610801,Pan,648,Germany,Male,41,5,123049.21,1,0,1,5066.76,0,0.33965474318393113,Low
3026,15745232,Chikelu,759,France,Female,39,6,0.0,2,1,1,140497.67,0,0.037150679002759326,Low
3027,15722758,Allan,585,France,Male,40,7,0.0,2,0,0,146156.98,0,0.04342993629649225,Low
3028,15792102,Yefremova,774,France,Female,42,3,137781.65,1,0,0,199316.19,0,0.27031852199009604,Low
3029,15675185,Chuang,697,Germany,Female,48,2,108128.96,2,1,1,103944.37,0,0.33741999628371766,Low
3030,15801247,Fan,605,Spain,Male,39,10,105317.73,2,1,0,138021.36,0,0.07054816280842031,Low
3031,15725660,Dellucci,676,France,Male,20,1,80569.73,1,0,0,68621.98,0,0.07032958111761835,Low
3032,15638963,Garran,678,France,Female,22,4,174852.89,1,1,1,28149.06,0,0.13068080490634051,Low
3033,15800061,Moretti,495,Spain,Female,45,3,89158.94,3,1,0,135169.76,1,0.9754739028052074,High
3034,15578006,Yao,787,France,Female,85,10,0.0,2,1,1,116537.96,0,0.010328629760822513,Low
3035,15668504,Lucchesi,770,France,Male,36,2,89800.14,1,1,1,105922.69,0,0.05498738544166699,Low
3036,15687491,Nkemdilim,817,Germany,Male,45,9,101207.75,1,0,0,88211.12,1,0.6177454166413318,Medium
3037,15610403,Anderson,659,France,Male,43,1,106086.42,2,1,0,26900.63,0,0.13543526504919343,Low
3038,15741094,Sagese,693,France,Male,21,1,0.0,2,1,1,3494.02,0,0.007936829349883932,Low
3039,15807909,Rubensohn,744,France,Male,47,9,0.0,2,1,0,113163.17,0,0.13251311318733203,Low
3040,15666141,Baldwin,829,Spain,Female,26,8,101440.36,2,1,1,19324.5,0,0.04864904173842233,Low
3041,15617134,Iqbal,716,France,Male,38,4,0.0,2,1,0,189678.7,0,0.03611095379417735,Low
3042,15783029,Monaldo,671,France,Male,34,7,106603.74,2,1,1,26387.71,0,0.02454969617618392,Low
3043,15622833,Mahon,835,Germany,Female,29,10,130420.2,2,0,0,106276.55,0,0.0896037374933045,Low
3044,15746422,Muir,636,France,Female,38,1,0.0,1,1,0,45015.38,0,0.29575176480827653,Low
3045,15750839,Burns,649,Spain,Male,29,2,45022.23,1,1,1,173495.77,0,0.0850195218227617,Low
3046,15749130,Dyer,621,Germany,Male,27,1,74298.43,1,1,1,52581.96,0,0.062389698137866385,Low
3047,15779862,Lyons,658,Germany,Female,31,3,133003.03,1,0,1,146339.27,1,0.210958041674377,Low
3048,15767871,H?,784,Spain,Male,48,7,0.0,2,1,1,182609.97,0,0.06784706188339709,Low
3049,15679651,Gardiner,783,Spain,Female,37,1,136689.66,1,1,0,197890.65,0,0.1209766294729596,Low
3050,15576219,Cameron,615,France,Male,32,4,0.0,2,1,1,6225.63,0,0.011083236873237185,Low
3051,15699247,Chapman,791,France,Female,44,5,0.0,2,1,1,123977.86,1,0.06460427646062537,Low
3052,15619087,Taylor,762,France,Male,53,1,102520.37,1,1,1,170195.4,0,0.24166521912597932,Low
3053,15605327,Namatjira,607,France,Male,35,2,0.0,2,1,1,114190.3,0,0.01418004187832934,Low
3054,15610140,He,601,France,Female,34,5,0.0,2,1,0,27022.57,0,0.02532563305305842,Low
3055,15791174,Leibius,540,Spain,Male,67,1,88382.01,1,0,1,59457.0,0,0.0923372425150935,Low
3056,15602373,White,812,France,Male,44,4,115049.15,2,1,0,165038.41,0,0.14348115995943228,Low
3057,15762605,Wall,685,France,Male,58,1,104796.54,1,1,1,154181.41,0,0.20330229275184042,Low
3058,15598840,Moretti,680,France,Male,33,1,123082.08,1,1,0,134960.98,0,0.07635170778505437,Low
3059,15744279,Patterson,680,Spain,Female,58,8,0.0,2,1,1,65708.5,0,0.06668527074795053,Low
3060,15670619,Coppin,631,France,Female,33,8,0.0,2,0,0,117374.22,0,0.02893374791374789,Low
3061,15599533,Tsao,569,France,Female,43,7,0.0,2,1,1,77703.19,0,0.05616824392687896,Low
3062,15757837,Kao,584,Germany,Male,33,3,88311.48,2,1,1,177651.38,0,0.04430766353099259,Low
3063,15697574,Stewart,582,France,Female,40,9,0.0,3,1,1,60954.45,0,0.6339365876971198,Medium
3064,15578738,Tuan,609,France,Male,32,7,71872.19,1,1,1,151924.9,0,0.06255135643400747,Low
3065,15762228,Barnes,506,Spain,Male,35,6,110046.93,2,1,0,26318.73,0,0.048750685252565,Low
3066,15614827,Sun,503,France,Male,42,8,104430.08,1,1,1,147557.71,0,0.12670287656207063,Low
3067,15789815,Fallaci,503,France,Female,28,5,0.0,2,1,0,125918.17,0,0.031092707035356586,Low
3068,15579781,Buccho,806,Germany,Male,31,10,138653.51,1,1,0,190803.37,0,0.18546201288619707,Low
3069,15587013,Tien,653,France,Female,31,7,102575.04,1,1,1,11043.54,0,0.06476376278748203,Low
3070,15570932,Pirozzi,666,France,Male,43,7,137780.74,2,1,1,119100.05,1,0.08719528587400442,Low
3071,15794661,Liu,674,Spain,Male,32,2,0.0,2,1,0,140579.17,0,0.01838900421444712,Low
3072,15581654,Long,798,France,Male,32,7,0.0,2,0,1,37731.95,0,0.009146163240275288,Low
3073,15644296,Scott,740,France,Female,30,8,105209.54,1,1,0,1852.58,0,0.10690529196251625,Low
3074,15614420,Gerasimova,531,Germany,Female,32,0,109570.21,2,1,1,172049.84,0,0.11251596506315964,Low
3075,15609653,Ifeatu,614,Germany,Female,44,6,118715.86,1,1,0,133591.11,1,0.6511468671653924,Medium
3076,15594577,De Luca,556,France,Male,35,10,0.0,2,1,1,192751.18,0,0.015506008464855295,Low
3077,15584114,Ogbonnaya,678,Germany,Female,43,2,153393.18,2,1,1,193828.27,0,0.11209217774639395,Low
3078,15673367,Humffray,587,Germany,Male,33,6,132603.36,1,1,0,55775.72,0,0.25070828082839663,Low
3079,15685576,Degtyaryov,527,Spain,Female,36,6,0.0,2,1,1,102280.29,0,0.02422225800615968,Low
3080,15774727,Monaldo,757,Germany,Female,34,1,129398.01,2,0,0,44965.44,0,0.13122569863947364,Low
3081,15694288,Cawthorne,468,Spain,Male,28,3,0.0,2,1,0,170661.02,0,0.023914395838283687,Low
3082,15603319,Graham,693,France,Male,29,2,151352.74,1,0,0,197145.89,0,0.06079207122358119,Low
3083,15759066,Carpenter,483,France,Female,44,5,136836.49,1,1,0,192359.9,1,0.42361325553871354,Low
3084,15814816,Kambinachi,466,France,Male,40,4,91592.06,1,1,0,141210.18,1,0.23421473923509684,Low
3085,15724402,Tyler,770,France,Female,30,8,0.0,2,1,0,100557.03,0,0.02902736703759692,Low
3086,15571059,Martin,734,France,Female,54,3,0.0,1,1,0,130805.54,1,0.9098148598385346,High
3087,15674206,Walker,716,France,Female,22,8,0.0,2,1,1,92606.98,0,0.017038161193107096,Low
3088,15715160,Khan,439,France,Male,36,2,165536.28,2,1,1,123956.83,0,0.04212752544585811,Low
3089,15730448,Iroawuchi,538,Germany,Male,25,5,62482.95,1,1,1,102758.43,0,0.04344567253144757,Low
3090,15662067,Summers,743,France,Male,40,8,68155.59,1,1,0,94876.65,0,0.24416735247250873,Low
3091,15779581,Bottrill,734,Spain,Female,43,3,55853.33,2,0,1,94811.85,1,0.08621962371519407,Low
3092,15662901,Hu,656,France,Male,37,2,0.0,2,0,1,67840.81,0,0.016724687579081802,Low
3093,15689751,Jones,666,France,Female,31,2,79589.43,1,0,0,4050.57,0,0.1391779291016645,Low
3094,15667742,Vincent,627,Spain,Male,41,5,100880.76,1,0,1,134665.25,0,0.11483936033101683,Low
3095,15738448,Sanford,480,Germany,Female,25,3,174330.35,2,0,0,181647.13,0,0.03820570806008411,Low
3096,15680243,Brown,792,France,Male,19,7,143390.51,1,1,0,33282.84,0,0.08536704024135415,Low
3097,15745083,Lei,613,Germany,Male,59,8,91415.76,1,0,0,27965.0,1,0.9395207920139224,High
3098,15708228,Toscani,476,Germany,Male,30,3,134366.42,1,1,0,68343.53,0,0.25571138893390166,Low
3099,15628523,Chien,539,France,Female,24,3,0.0,2,1,1,198161.07,0,0.031018309593006194,Low
3100,15708196,Uchenna,696,Spain,Male,60,8,88786.81,1,1,1,196858.4,0,0.2087080334037439,Low
3101,15735549,Lori,810,Germany,Male,35,3,96814.46,2,1,1,120511.03,0,0.041974601129969404,Low
3102,15809347,Fanucci,763,Germany,Male,32,9,160680.41,1,1,0,30886.35,0,0.19298100708131397,Low
3103,15660866,Chimaobim,640,France,Female,29,3,0.0,2,1,0,2743.69,0,0.024868243291613898,Low
3104,15766609,Jowers,655,France,Female,47,10,0.0,2,1,0,167778.62,0,0.2469122283755847,Low
3105,15654230,Miller,526,Germany,Male,31,5,145537.21,1,1,0,132404.64,0,0.20745682843460858,Low
3106,15794566,Kirsova,678,France,Female,28,4,0.0,2,1,1,144423.17,1,0.02260015167818203,Low
3107,15800890,T'ien,554,France,Female,45,6,0.0,2,1,1,181204.5,0,0.10815945397765157,Low
3108,15697424,Ku,597,Spain,Female,30,2,119370.11,1,1,1,182726.22,1,0.09444256495169297,Low
3109,15724536,Chin,560,Spain,Female,28,1,0.0,2,1,1,120880.72,0,0.019312077386428622,Low
3110,15735878,Law,850,Germany,Female,47,10,134381.52,1,0,0,26812.89,1,0.8521605751800618,High
3111,15707596,Chung,546,Germany,Female,74,8,114888.74,2,1,1,66732.63,1,0.07687398839398943,Low
3112,15657163,Cockrum,623,Germany,Male,42,1,149332.48,2,1,0,100834.22,0,0.16525800448387187,Low
3113,15622478,Greaves,698,France,Female,40,7,105061.74,3,1,0,107815.31,1,0.9013680050203322,High
3114,15779529,Grant,620,France,Male,32,7,0.0,2,1,1,34665.79,0,0.009393721134929124,Low
3115,15636023,O'Donnell,619,France,Female,40,10,0.0,1,1,1,147093.84,1,0.3589402169215562,Low
3116,15582066,Maclean,561,France,Male,21,4,0.0,1,1,1,36942.35,0,0.06343841668215139,Low
3117,15666675,Hsieh,753,France,Female,39,7,155062.8,1,1,1,16460.77,0,0.11158495842886058,Low
3118,15732987,Hs?,721,Spain,Male,43,3,88798.34,1,0,0,45610.63,0,0.2827802951102924,Low
3119,15789432,Mazzanti,451,France,Male,33,6,0.0,2,1,0,184954.11,0,0.025917926561709496,Low
3120,15663161,Chiu,680,Germany,Female,51,5,143139.87,1,0,0,47795.43,1,0.8778688665454208,High
3121,15694879,Reeves,590,Spain,Female,23,7,0.0,2,1,0,196789.9,0,0.04167457012291524,Low
3122,15593715,Castiglione,634,Germany,Male,27,3,107027.52,1,1,0,173425.68,0,0.2194591659333164,Low
3123,15575002,Ferguson,676,France,Male,29,4,140720.93,1,1,0,36221.18,0,0.09613321442337308,Low
3124,15622171,Nnamdi,642,France,Male,30,8,80964.57,2,1,0,174738.2,0,0.03392059398850718,Low
3125,15795224,Wu,760,France,Male,39,6,178585.46,1,1,0,67131.3,1,0.2993691349973758,Low
3126,15685346,Chu,736,Spain,Female,26,4,135889.13,1,1,1,165692.03,0,0.08528838677322625,Low
3127,15691808,King,656,France,Male,43,7,134919.85,1,1,0,194691.95,0,0.21506437670379921,Low
3128,15721007,Charlton,776,Germany,Male,33,8,115130.34,1,0,0,129525.5,1,0.22393475728061568,Low
3129,15794253,Marsh,832,Spain,Female,34,6,138190.13,2,0,1,146511.2,0,0.06123289665605104,Low
3130,15694453,Walker,631,Germany,Male,37,9,131519.49,2,1,1,51752.18,0,0.08248496410826146,Low
3131,15813113,Chang,795,Spain,Female,56,5,0.0,1,1,0,35418.69,1,0.9230437293161292,High
3132,15614187,Pottinger,648,Germany,Female,39,3,126935.98,2,0,1,57995.74,0,0.1595655807282871,Low
3133,15619407,Buckley,615,France,Male,39,4,133707.09,1,1,1,108152.75,0,0.09064314743296462,Low
3134,15646227,Folliero,682,France,Female,27,1,97893.2,1,1,0,166144.98,0,0.12108250063549189,Low
3135,15660541,Olisanugo,694,France,Male,34,5,127900.03,1,1,0,101737.8,0,0.08363203476006414,Low
3136,15753874,Kent,694,France,Male,37,10,143835.47,1,0,1,33326.71,0,0.0662922275668647,Low
3137,15617877,Jessop,607,France,Male,44,0,0.0,2,1,1,81140.09,0,0.049991031961330507,Low
3138,15772073,Hodge,664,France,Male,48,10,0.0,1,1,0,140173.17,1,0.65613130571202,Medium
3139,15701537,Ignatiev,756,France,Male,60,2,0.0,1,1,1,166513.49,1,0.35655822661479963,Low
3140,15736228,Chambers,645,France,Female,40,3,129596.77,1,1,1,103232.6,0,0.14579529034267358,Low
3141,15780572,Mansom,653,Spain,Male,30,4,0.0,2,1,0,120736.04,0,0.017143303001022087,Low
3142,15769596,Yen,710,Germany,Female,24,2,110407.44,2,0,0,15832.43,1,0.13719729390027385,Low
3143,15586996,Azikiwe,697,France,Female,76,7,0.0,2,0,1,188772.45,0,0.01346836535562141,Low
3144,15722061,Allen,619,Germany,Female,41,8,142015.76,2,1,0,114323.66,0,0.19053385982702253,Low
3145,15638003,Komarova,648,Spain,Male,55,1,81370.07,1,0,1,181534.04,0,0.33199428619072635,Low
3146,15775590,Mackay,482,Germany,Female,48,2,69329.47,1,0,0,102640.52,1,0.6809986673620555,Medium
3147,15730688,Yu,548,France,Female,28,8,116755.5,2,1,1,158585.17,1,0.05331796171153409,Low
3148,15753102,Curtis,752,Spain,Male,44,6,83870.33,1,1,0,178722.24,0,0.37121127658736636,Low
3149,15810075,Fang,648,France,Female,39,6,130694.89,2,1,1,153955.38,1,0.09359510271794226,Low
3150,15723373,Page,643,Spain,Female,34,8,117451.47,1,1,0,65374.86,0,0.13318370082701173,Low
3151,15795298,Olisaemeka,573,Germany,Female,35,9,206868.78,2,0,1,102986.15,0,0.03756506763367508,Low
3152,15584320,Brennan,686,France,Female,39,3,111695.62,1,0,0,136643.84,0,0.20946306707056403,Low
3153,15724161,Sutton,644,France,Female,40,9,137285.26,4,1,0,77063.63,1,0.9669877742859103,High
3154,15750056,Hyde,702,France,Female,29,6,149218.39,1,1,1,9633.01,0,0.06559286764213285,Low
3155,15609637,Nkemakolam,652,France,Male,51,7,0.0,2,0,1,43496.36,0,0.06659668878859201,Low
3156,15794493,Chimaijem,641,Spain,Male,32,7,0.0,2,1,1,24267.28,0,0.010704756474518119,Low
3157,15569641,Sung,692,Germany,Female,41,8,130701.29,1,1,0,59354.24,1,0.5196031409680599,Medium
3158,15815236,Chiganu,574,Spain,Male,34,5,0.0,2,0,0,28269.86,0,0.015821209547473857,Low
3159,15811177,Beneventi,643,France,Female,31,3,167949.48,1,1,0,143162.34,0,0.19211613035111136,Low
3160,15680587,Esposito,834,France,Male,23,4,131254.81,1,1,0,20199.3,0,0.14530415956308407,Low
3161,15672821,Owen,591,France,Male,28,5,0.0,2,1,1,48606.92,0,0.009758863029173006,Low
3162,15767681,Smalley,470,Spain,Male,34,9,0.0,2,0,1,89013.67,0,0.012496846417189142,Low
3163,15600379,Hsiung,608,Spain,Male,34,7,86656.13,1,0,1,59890.29,0,0.056142189305044166,Low
3164,15801336,Ch'ang,649,Germany,Female,37,8,114737.26,1,1,1,106655.88,1,0.2279303035939227,Low
3165,15721592,Barton,665,France,Female,38,5,0.0,2,1,0,156439.56,0,0.053037643814143734,Low
3166,15581282,Lucchese,651,France,Female,39,6,0.0,1,1,0,24176.44,0,0.31842364213087077,Low
3167,15746203,Hsia,555,Germany,Male,62,4,119817.33,1,0,1,43507.1,1,0.46473446000367014,Medium
3168,15583137,Pope,637,France,Female,48,7,130806.99,2,1,1,132005.85,1,0.24035575827639288,Low
3169,15680752,Horrocks,675,France,Female,49,0,0.0,1,1,1,80496.71,1,0.48163345979530203,Medium
3170,15688172,Tai,677,Spain,Male,40,5,0.0,2,1,0,88947.56,0,0.03930240738453732,Low
3171,15791373,Chikezie,850,Germany,Female,35,2,80931.75,1,0,0,12639.67,1,0.2620866987138816,Low
3172,15589449,Frye,815,France,Female,56,3,0.0,3,1,1,94248.16,1,0.8671656274775752,High
3173,15692819,Toscani,665,Germany,Male,32,1,132178.67,1,0,0,11865.76,0,0.2770029396987119,Low
3174,15727467,Mellor,485,France,Female,27,3,0.0,2,1,0,141449.86,0,0.037314408957053166,Low
3175,15734312,Kang,577,Spain,Male,43,6,0.0,2,1,1,149457.81,0,0.04016307590058544,Low
3176,15764604,Sutherland,586,France,Female,35,7,164769.02,3,1,0,119814.25,1,0.9253104971778251,High
3177,15613014,Hs?,722,Germany,Male,29,1,107233.85,2,1,0,24924.92,0,0.08022398308538761,Low
3178,15759684,Ting,528,France,Female,27,7,176227.07,2,0,1,139481.53,0,0.12894947710122717,Low
3179,15609669,Chuang,542,France,Female,39,4,109949.39,2,1,1,41268.65,0,0.08325188993188304,Low
3180,15685536,Chu,552,France,Female,34,5,0.0,2,1,1,1351.41,0,0.014834797694109237,Low
3181,15750447,Ozoemena,678,France,Female,60,10,117738.81,1,1,0,147489.76,1,0.8972604272907584,High
3182,15663249,Howells,575,Spain,Female,37,9,133292.45,1,1,0,111175.09,0,0.14453033265163187,Low
3183,15638646,Lucchese,669,France,Female,43,1,160474.59,1,1,1,95963.14,0,0.20095284774795433,Low
3184,15734161,Nnonso,636,France,Male,43,6,0.0,2,1,0,43128.95,0,0.052370767953548725,Low
3185,15631070,Gerasimova,667,Germany,Male,55,9,154393.43,1,1,1,137674.96,1,0.37944357573832255,Low
3186,15761950,Woronoff,652,Germany,Female,45,9,110827.49,1,1,1,153383.54,1,0.539666508170449,Medium
3187,15649668,Wilhelm,637,Germany,Female,36,10,145750.45,2,1,1,96660.76,0,0.08670961960628945,Low
3188,15713912,Nebechukwu,516,Spain,Female,45,8,109044.3,1,0,1,115818.16,0,0.2535881110790849,Low
3189,15586757,Anenechukwu,801,France,Female,32,4,75170.54,1,1,1,37898.5,0,0.07724579499930072,Low
3190,15596522,Meredith,692,France,Female,42,2,0.0,2,1,0,145222.93,0,0.09540296824743083,Low
3191,15625395,Chinomso,585,France,Female,28,6,105795.9,1,1,1,41219.09,0,0.06417068898266123,Low
3192,15760570,Stephenson,590,France,Male,32,5,0.0,2,1,0,59249.83,0,0.015041149893538386,Low
3193,15566689,Chimaoke,554,Spain,Male,66,8,0.0,2,1,1,116747.62,0,0.020245502677878394,Low
3194,15725794,Winters,659,France,Female,49,1,0.0,1,1,0,116249.72,1,0.7905677907600926,High
3195,15673539,Napolitani,690,France,Female,26,3,118097.87,1,1,0,61257.83,0,0.13988972272950406,Low
3196,15705298,L?,697,Germany,Male,29,0,172693.54,1,0,0,141798.98,0,0.07658394734983369,Low
3197,15675791,Williams,610,France,Male,36,4,129440.3,2,1,0,102638.35,0,0.050103368267740436,Low
3198,15747043,Giles,599,Spain,Male,36,4,0.0,2,0,0,13210.56,0,0.019654928293257375,Low
3199,15736397,Wang,544,France,Male,23,1,96471.2,1,1,0,35550.97,0,0.07496982439374959,Low
3200,15678201,Robertson,548,France,Female,46,1,0.0,1,1,1,104469.06,1,0.4457649447589268,Low
3201,15720745,Murray,635,Spain,Male,24,4,140197.18,1,1,1,142935.83,0,0.052267754379965024,Low
3202,15637593,Greco,722,France,Male,20,6,0.0,2,1,0,195486.28,0,0.018430365769505148,Low
3203,15598070,Marchesi,564,France,Female,33,4,135946.26,1,1,0,63170.0,0,0.13379509955317903,Low
3204,15787550,Chao,719,France,Male,69,3,0.0,2,1,1,58320.06,0,0.0129047679953949,Low
3205,15603942,Hawthorn,547,Germany,Male,50,3,81290.02,3,0,1,177747.03,1,0.9722600648620667,High
3206,15733973,Bibi,850,France,Female,42,8,0.0,1,1,0,19632.64,1,0.517399286490213,Medium
3207,15596761,Hawdon,515,Germany,Male,60,9,113715.36,1,1,0,18424.24,1,0.9451748417917628,High
3208,15652400,Moss,667,Spain,Male,56,2,168883.08,1,0,1,18897.78,0,0.23855231327864582,Low
3209,15717893,Briggs,607,Germany,Male,36,8,143421.74,1,1,0,97879.02,0,0.23336406062463652,Low
3210,15622585,McIntyre,525,France,Male,26,7,153644.39,1,1,1,63197.88,0,0.046272190036487665,Low
3211,15733964,Russo,606,Spain,Female,53,1,109330.06,1,1,1,75860.01,0,0.30764188653065816,Low
3212,15753861,Ballard,686,Germany,Female,27,1,115095.88,2,0,0,78622.46,0,0.10480148203244409,Low
3213,15747097,Hs?,611,France,Male,35,10,0.0,1,1,1,23598.23,1,0.0883062670226807,Low
3214,15594762,Pisani,827,Spain,Male,46,1,183276.32,1,1,1,13460.27,0,0.2675638404880774,Low
3215,15667417,Tao,572,France,Male,33,9,68193.72,1,1,0,19998.31,0,0.10022818801601116,Low
3216,15684861,Thomson,726,France,Female,32,8,0.0,2,0,0,185075.63,0,0.04922203438195872,Low
3217,15742204,Hsu,579,Germany,Male,31,6,139729.54,1,0,1,135815.38,0,0.12309895682143462,Low
3218,15623502,Morrison,598,Spain,Female,56,4,98365.33,1,1,1,44251.33,0,0.25139457295499423,Low
3219,15774872,Joslin,663,France,Male,36,10,0.0,2,1,0,136349.55,0,0.01860281725838841,Low
3220,15611191,Scott,505,Germany,Female,37,10,122453.97,2,1,1,52693.99,0,0.11849219430051244,Low
3221,15674331,Bidwill,576,Germany,Male,30,7,132174.41,2,0,0,93767.03,0,0.06863816219854994,Low
3222,15619465,Cameron,555,Spain,Female,24,2,0.0,2,0,1,197866.55,0,0.03316163304776864,Low
3223,15575247,Cartwright,524,France,Male,30,1,0.0,2,1,0,126812.85,0,0.01629655920001517,Low
3224,15695679,Yao,776,Spain,Male,39,2,104349.45,1,0,0,79503.05,0,0.12901476267956352,Low
3225,15713463,Tate,645,Germany,Female,41,2,138881.04,1,1,0,129936.53,1,0.46352220623922535,Medium
3226,15785170,Neal,850,Germany,Female,32,0,116968.91,1,0,0,175094.62,0,0.27728564971389724,Low
3227,15796351,Yao,603,Germany,Male,35,1,105346.03,2,1,1,130379.5,0,0.06521780863600908,Low
3228,15639576,Burns,691,France,Male,26,9,136623.19,1,1,0,153228.0,0,0.07647785604763231,Low
3229,15693264,Onyinyechukwuka,583,France,Female,29,10,0.0,2,1,1,111285.85,0,0.018465507521946416,Low
3230,15589715,Fulks,584,France,Female,66,5,0.0,1,1,0,49553.38,1,0.8625022394157286,High
3231,15769902,Christie,679,France,Female,33,6,0.0,2,1,1,98015.85,0,0.018566328164189193,Low
3232,15587177,Lloyd,646,France,Male,36,6,124445.52,1,1,0,88481.32,0,0.09575242416621331,Low
3233,15814553,Ball,559,France,Female,34,5,68999.66,2,1,1,66879.27,0,0.026921773441736446,Low
3234,15601550,Genovesi,595,Spain,Male,36,6,85768.42,1,1,1,24802.77,0,0.06966669903826642,Low
3235,15664907,Alexander,527,France,Male,47,1,0.0,1,1,0,21312.16,1,0.6941004512306342,Medium
3236,15612465,Siciliano,684,Spain,Male,34,9,100628.0,2,1,1,190263.78,0,0.027719233222370104,Low
3237,15810800,Ositadimma,673,Spain,Female,32,0,0.0,1,1,1,72873.33,0,0.12474619521402587,Low
3238,15665760,Kazantsev,802,Spain,Male,38,7,0.0,2,0,1,57764.65,0,0.017048814800172955,Low
3239,15588080,Giles,675,France,Male,54,6,0.0,1,1,0,110273.84,1,0.8595978670920938,High
3240,15776844,Hao,762,Spain,Female,19,6,0.0,2,1,0,55500.17,0,0.02420606086639194,Low
3241,15717560,Martin,580,France,Male,50,0,125647.36,1,1,0,57541.08,1,0.6041762295285524,Medium
3242,15629739,Hartley,621,Germany,Female,31,8,100375.39,1,1,1,90384.26,0,0.16181761232450867,Low
3243,15729908,Allan,411,France,Female,36,10,0.0,1,0,0,120694.35,0,0.5975822710849233,Medium
3244,15716781,Dolgorukova,815,France,Male,24,7,171922.72,1,0,1,178028.96,0,0.08067753629998818,Low
3245,15646936,Nnamdi,631,Germany,Female,32,2,146810.99,2,1,1,180990.29,0,0.07476179881268263,Low
3246,15768151,Romano,514,Germany,Female,45,3,109032.23,1,0,1,155407.21,1,0.6008383129938815,Medium
3247,15579212,Chuang,638,France,Male,57,6,0.0,1,1,0,33676.48,1,0.8945595725006213,High
3248,15721835,Owen,791,Spain,Male,25,7,0.0,1,1,0,89666.28,0,0.1404018273015613,Low
3249,15800515,Singh,516,France,Male,35,5,128653.59,1,1,0,127558.26,0,0.09593965868523735,Low
3250,15591279,Nwagugheuzo,734,France,Male,37,3,80387.81,1,0,1,77272.62,0,0.07908051578151705,Low
3251,15587419,Shipton,611,France,Male,58,8,0.0,2,0,1,107665.68,1,0.05503052724243644,Low
3252,15750335,Paterson,850,Germany,Male,43,0,108508.82,3,1,0,184044.8,1,0.9368249523799911,High
3253,15699619,Rivas,641,France,Male,31,10,155978.17,1,1,0,91510.71,0,0.09299341603638549,Low
3254,15606472,Lung,585,France,Female,38,5,0.0,1,1,1,87363.56,0,0.17924367331877422,Low
3255,15778368,Allan,552,Germany,Male,50,4,121175.56,1,1,0,117505.07,1,0.8257142431819761,High
3256,15671387,Fetherstonhaugh,507,France,Female,29,4,89349.47,2,0,0,180626.68,0,0.10696698568451332,Low
3257,15573926,Lung,735,Spain,Male,38,7,86131.71,2,0,0,93478.96,0,0.0576446136642849,Low
3258,15709183,Davidson,707,France,Female,58,3,102346.86,1,1,1,114672.64,0,0.2763319275027332,Low
3259,15577514,Mai,698,Germany,Female,36,7,121263.62,1,1,1,13387.88,0,0.24225325265853753,Low
3260,15778830,Dellucci,841,France,Male,31,2,0.0,2,1,0,173240.52,0,0.01767041462386717,Low
3261,15768072,Mitchell,688,Spain,Female,33,2,0.0,1,0,0,27557.18,1,0.24824159827517855,Low
3262,15768293,Sun,614,France,Male,51,3,0.0,2,1,1,5552.37,0,0.07831058487504071,Low
3263,15654456,Napolitano,511,Germany,Male,48,6,149726.08,1,0,0,88307.87,1,0.7130338483148453,Medium
3264,15807525,Bailey,447,France,Male,43,2,0.0,2,1,0,33879.26,1,0.05103009785897769,Low
3265,15574372,Hoolan,738,France,Male,35,5,161274.05,2,1,0,181429.87,0,0.06072074310425076,Low
3266,15671249,Kent,422,France,Female,33,2,0.0,2,1,0,102655.31,0,0.04674710570885654,Low
3267,15779744,Chou,537,Spain,Male,30,1,103138.17,1,1,1,96555.42,0,0.048141405707936555,Low
3268,15624755,Pepper,707,Germany,Female,40,3,109628.44,1,1,0,189366.03,0,0.518675324441256,Medium
3269,15611430,Abramowitz,690,France,Male,54,5,0.0,1,1,0,12847.61,1,0.8517515438182923,High
3270,15774744,Lord,664,Germany,Male,33,7,97286.16,2,1,0,143433.33,0,0.06187278326246673,Low
3271,15629885,Wilson,850,France,Female,33,7,118004.26,1,1,0,183983.82,0,0.1437662629690105,Low
3272,15708791,Abazu,584,Spain,Male,32,9,85534.83,1,0,0,169137.24,0,0.10824389848316039,Low
3273,15793890,Harriman,728,France,Female,59,4,0.0,1,1,1,163365.85,1,0.5226697693039352,Medium
3274,15646091,Frankland,560,Spain,Female,43,4,95140.44,2,1,0,123181.44,1,0.20994550799022507,Low
3275,15596984,Pinto,629,France,Female,31,6,0.0,1,1,1,16447.6,1,0.11719866207077519,Low
3276,15800215,Kwemtochukwu,658,France,Male,25,3,0.0,2,0,1,173948.4,0,0.014351039602403136,Low
3277,15577806,Chiu,794,Germany,Female,54,1,75900.84,1,1,1,192154.66,0,0.3955536706618933,Low
3278,15749381,Yu,790,France,Female,41,2,126619.27,1,1,0,198224.38,0,0.26725698424850347,Low
3279,15683758,Onyekachukwu,640,France,Male,44,7,111833.47,1,1,0,67202.74,0,0.29608340419303847,Low
3280,15670615,Castiglione,652,Spain,Male,37,7,0.0,2,1,0,68789.93,0,0.023244887235479968,Low
3281,15715622,To Rot,583,France,Female,57,3,238387.56,1,0,1,147964.99,1,0.7693932076364371,High
3282,15707634,Anenechukwu,775,France,Female,32,2,108698.96,2,1,1,161069.73,0,0.04935084663448766,Low
3283,15806901,Henderson,584,France,Female,39,2,112687.69,1,1,1,127749.61,0,0.1249456086509062,Low
3284,15775335,Ellis,635,Germany,Female,48,4,81556.89,2,1,0,191914.37,0,0.4166688590267834,Low
3285,15724150,Nkemdirim,814,France,Male,48,9,136596.85,1,1,1,185791.9,0,0.21841271452387068,Low
3286,15627220,Kang,735,Germany,Female,43,9,98807.45,1,0,0,184570.04,1,0.6916633673202761,Medium
3287,15672330,Lear,678,France,Female,31,1,0.0,2,0,1,130446.65,0,0.01944422438643695,Low
3288,15668521,Jamieson,693,France,Male,37,1,0.0,2,1,1,82867.55,0,0.015261476193142753,Low
3289,15807837,Mazzanti,640,France,Female,30,6,107499.7,1,1,1,187632.22,0,0.08695024926679464,Low
3290,15592570,Marino,773,Spain,Female,23,8,0.0,2,1,0,56759.79,0,0.030695292000341507,Low
3291,15748589,Winter,736,France,Female,30,9,0.0,2,1,0,34180.33,0,0.02405940251779763,Low
3292,15635893,T'ien,693,France,Female,28,8,0.0,2,1,1,158545.25,0,0.022457784756261975,Low
3293,15757632,Hughes-Jones,496,France,Female,41,1,176024.05,2,1,0,182337.98,0,0.22502722272741696,Low
3294,15691863,Cody,751,France,Female,39,3,0.0,2,1,1,84175.34,0,0.033700336680395404,Low
3295,15706071,Hunt,528,Germany,Male,39,0,127631.62,1,0,1,22197.8,1,0.4050560383818683,Low
3296,15654296,Estrada,754,Spain,Female,19,9,0.0,1,1,0,189641.11,0,0.23115558668862482,Low
3297,15755018,Dickinson,568,Germany,Female,26,10,109819.16,2,1,0,154491.39,0,0.12130559935880247,Low
3298,15594041,Fanucci,592,Spain,Female,41,2,138734.94,1,1,0,90020.74,0,0.2312918594558799,Low
3299,15670587,Yang,558,Germany,Male,25,10,111363.1,2,1,0,197264.35,0,0.05438201005861785,Low
3300,15724527,Forbes,825,France,Male,34,9,0.0,2,1,1,31933.06,0,0.008797310054149037,Low
3301,15801904,Heard,677,Germany,Male,28,0,143988.0,2,1,0,8755.69,1,0.1124006095583863,Low
3302,15658195,Efremova,653,France,Male,34,5,118838.75,1,1,1,52820.13,0,0.04864132991668289,Low
3303,15630113,Morphett,593,Spain,Male,35,4,161637.75,1,1,1,20008.46,0,0.05472889078378833,Low
3304,15784320,Lenhardt,632,France,Female,44,3,133793.89,1,1,1,34607.14,1,0.2594124991639149,Low
3305,15676513,Burns,601,Germany,Male,35,8,71553.83,1,1,0,177384.45,0,0.13141220520097205,Low
3306,15574072,Ch'ien,786,France,Female,62,8,0.0,1,1,1,165702.64,0,0.44651436856858867,Low
3307,15633854,Sun,654,France,Female,40,3,0.0,2,1,0,167889.1,0,0.07789208553717739,Low
3308,15618566,Jamieson,572,France,Female,38,7,0.0,2,1,1,133122.62,0,0.03147422676035162,Low
3309,15733014,Nolan,813,France,Female,62,10,64667.95,2,0,1,140454.14,0,0.14155113737592495,Low
3310,15753343,Barry,523,France,Female,28,2,121164.11,1,1,1,59938.81,0,0.08257833259335484,Low
3311,15746076,Saunders,506,Spain,Male,50,3,0.0,2,1,0,12016.79,0,0.21254849535648815,Low
3312,15608226,McMorran,513,Spain,Male,72,3,98903.06,1,1,1,81251.24,0,0.01905035543843879,Low
3313,15605684,Phelan,664,France,Female,31,7,104158.84,1,1,0,134169.85,0,0.11582187625670341,Low
3314,15638988,Fu,684,France,Male,54,6,0.0,2,1,1,94888.6,0,0.05195273811896456,Low
3315,15628767,Hotchin,608,Spain,Female,63,3,139529.93,2,1,1,175696.16,1,0.16826252046279813,Low
3316,15737977,Aksyonov,527,France,Female,25,6,0.0,2,0,1,96758.58,0,0.018518771930433265,Low
3317,15758116,Rossi,666,France,Male,53,5,64646.7,1,1,0,128019.48,1,0.7707838749786019,High
3318,15575119,Hughes,779,France,Male,71,3,0.0,2,1,1,146895.36,1,0.012714235188444204,Low
3319,15625126,Duncan,629,France,Female,40,6,0.0,2,1,1,139356.3,0,0.05061666936419312,Low
3320,15567114,McGarry,430,France,Male,35,1,118894.22,1,0,0,2923.61,0,0.09007240862478048,Low
3321,15672242,Aksenov,712,France,Male,24,2,0.0,1,0,1,121232.51,0,0.07930073188400008,Low
3322,15681327,Akhtar,682,France,Male,30,9,0.0,2,1,1,2053.42,0,0.008216357142954503,Low
3323,15802585,Pisani,634,France,Female,41,8,68213.99,1,1,1,6382.46,0,0.20338425370157961,Low
3324,15740630,Pisano,487,Spain,Female,31,1,0.0,2,1,0,158750.13,0,0.03339082293320139,Low
3325,15815420,McDaniels,808,Spain,Male,47,8,139196.0,1,0,1,74028.36,0,0.20887033288876214,Low
3326,15711468,Tennant,527,France,Female,32,7,0.0,2,1,1,44099.75,0,0.01730603482175401,Low
3327,15799626,Donaghy,637,Germany,Male,50,4,126345.55,1,0,1,17323.0,1,0.6475943147066939,Medium
3328,15659325,Todd,802,Spain,Male,40,5,0.0,2,1,1,175043.69,0,0.028176484430322276,Low
3329,15651352,Tobenna,529,France,Female,38,2,0.0,1,1,0,146388.85,1,0.37136538178597456,Low
3330,15684925,Vicars,850,France,Female,43,3,0.0,2,0,0,2465.8,0,0.06313977044313863,Low
3331,15657439,Chao,738,France,Male,18,4,0.0,2,1,1,47799.15,0,0.008202975821862737,Low
3332,15574122,Tien,817,France,Male,34,5,129278.43,1,0,0,165562.84,0,0.09272831954956731,Low
3333,15720508,Hsing,735,France,Male,31,3,119558.35,1,0,0,72927.68,0,0.08751380645528609,Low
3334,15599078,Yang,619,Germany,Female,41,5,92467.58,1,1,0,38270.47,0,0.4639231894077236,Medium
3335,15702300,Walker,671,France,Male,27,5,0.0,2,0,0,120893.07,0,0.016191519428862645,Low
3336,15660735,T'ang,581,Spain,Female,31,6,0.0,2,1,0,188377.21,0,0.03961442247080462,Low
3337,15671390,Chukwukere,690,Spain,Male,36,10,0.0,2,1,0,55902.93,0,0.018740866671108955,Low
3338,15647385,Ch'iu,579,Spain,Male,56,4,99340.83,1,0,0,4523.74,1,0.8193705033093015,High
3339,15739223,Pai,688,Spain,Female,24,3,0.0,2,1,1,102195.16,0,0.019116654385086952,Low
3340,15631305,Franklin,599,Spain,Female,28,4,126833.79,2,1,0,60843.09,1,0.07473722771784558,Low
3341,15809263,Y?,729,Germany,Male,29,5,109676.52,1,1,1,25548.47,0,0.13536899114702045,Low
3342,15640866,Peng,718,France,Female,29,3,0.0,1,0,1,134462.29,0,0.12892987876854273,Low
3343,15775663,Otitodilichukwu,712,Germany,Male,53,6,134729.99,2,1,1,132702.64,0,0.22773989774952577,Low
3344,15631800,Pagnotto,474,France,Male,37,3,98431.37,1,0,0,75698.44,0,0.10548270850596593,Low
3345,15654292,Vessels,565,Germany,Male,33,8,130368.31,2,1,0,105642.43,0,0.07508656885937798,Low
3346,15648320,Heller,658,France,Female,31,7,123974.96,1,1,0,102153.75,0,0.11977698338150593,Low
3347,15726747,Donaldson,714,France,Male,63,4,138082.16,1,0,1,166677.54,0,0.1881517929180786,Low
3348,15694510,Ifeanyichukwu,725,France,Male,45,1,129855.32,1,0,0,24218.65,0,0.38472361487939155,Low
3349,15572291,Kao,825,France,Male,40,6,132308.22,1,0,0,117122.5,0,0.17080908634849198,Low
3350,15603465,Dunn,665,Germany,Female,45,5,155447.65,2,1,0,51871.95,1,0.35443194584774024,Low
3351,15685628,Calabresi,670,Spain,Male,35,2,124268.64,2,0,1,84321.03,0,0.03597318912777133,Low
3352,15792729,Holland,474,Germany,Female,34,9,176311.36,1,1,0,160213.27,0,0.11983994903019654,Low
3353,15767414,Calabresi,591,France,Male,40,2,99886.42,2,1,1,88695.19,0,0.063817655715609,Low
3354,15568044,Butusov,508,France,Female,31,7,0.0,2,1,1,6123.15,0,0.015471254590535374,Low
3355,15751333,Atkinson,695,France,Female,36,2,0.0,2,0,1,167749.54,0,0.03409805038390412,Low
3356,15623062,Vasilyeva,660,Germany,Male,24,5,85089.3,1,1,1,71638.0,0,0.06799518566454218,Low
3357,15713621,Mollison,687,Germany,Male,41,10,134318.21,2,1,1,198064.52,0,0.05547489099698171,Low
3358,15670668,Webb,658,Germany,Male,29,5,75395.53,2,0,1,54914.92,0,0.020571672197990054,Low
3359,15750638,Obiajulu,705,Germany,Female,33,5,116765.7,1,0,0,190659.17,1,0.3808752976770815,Low
3360,15747878,Aiken,739,Spain,Male,60,4,0.0,1,1,1,51637.67,0,0.3250958957777185,Low
3361,15726796,Brabyn,844,France,Male,38,7,111501.66,1,1,1,119333.38,0,0.06141417879317436,Low
3362,15754952,Su,602,Germany,Female,48,7,76595.08,2,0,0,127095.14,0,0.3772566367465613,Low
3363,15652192,Traeger,759,France,Female,33,9,160541.36,2,0,0,93541.14,0,0.0819995701365133,Low
3364,15681924,Ekwueme,747,Germany,Male,38,2,129728.6,1,1,0,89289.54,0,0.3143037946790665,Low
3365,15763544,Thompson,673,France,Male,47,1,0.0,2,0,0,108762.16,0,0.12916390377667353,Low
3366,15764431,Chinwenma,671,Spain,Female,34,5,130929.02,4,1,1,28238.25,1,0.9140214693634412,High
3367,15684010,Tuan,640,Germany,Female,74,2,116800.25,1,1,1,34130.43,0,0.115613213474346,Low
3368,15648881,Tsai,581,Germany,Male,40,0,101016.53,1,0,1,7926.35,1,0.39350599457559376,Low
3369,15733303,Liu,630,France,Male,67,5,0.0,2,1,1,27330.27,0,0.014012777468430725,Low
3370,15643294,Robinson,703,France,Female,33,8,190566.65,1,1,1,79997.14,0,0.19693138747722688,Low
3371,15749905,Carr,698,Spain,Female,47,6,0.0,1,1,0,50213.81,1,0.7245533539556213,Medium
3372,15625175,Palerma,742,Germany,Female,43,6,97067.69,1,0,1,60920.03,1,0.41552457516757485,Low
3373,15643967,Chineze,652,France,Female,37,4,92208.54,1,0,1,197699.8,1,0.1918229190918707,Low
3374,15578251,Fang,644,France,Male,37,2,186347.97,2,1,0,92809.73,0,0.1289198311439487,Low
3375,15772573,Simpson,735,Spain,Male,55,2,103176.62,1,0,1,163516.16,0,0.24632666141510323,Low
3376,15733234,Moretti,777,France,Female,58,4,0.0,1,1,1,62449.07,1,0.4164079803293574,Low
3377,15721582,Hale,644,Germany,Female,40,4,77270.08,2,1,1,115800.1,1,0.0921906537135939,Low
3378,15628219,Benson,665,Germany,Female,37,3,111911.63,1,1,1,110359.68,1,0.23516020456457803,Low
3379,15571302,Estep,529,Germany,Male,72,5,94216.05,1,1,1,78695.68,0,0.05681707754856351,Low
3380,15637178,Mishina,803,Spain,Female,45,7,0.0,2,1,1,128378.04,0,0.07111710114033835,Low
3381,15601184,Abramovich,604,Spain,Female,26,3,0.0,2,1,0,155248.62,0,0.03753476485512901,Low
3382,15629511,Lavrentiev,738,France,Male,49,6,106770.82,1,1,0,123499.27,0,0.5369925575869483,Medium
3383,15570629,Alexeyeva,655,Germany,Female,72,5,138089.97,2,1,1,99920.41,0,0.06449084167022229,Low
3384,15665766,T'ang,698,Germany,Male,39,9,133191.19,2,0,1,53289.49,0,0.09760879341412278,Low
3385,15693732,Kilgour,775,France,Female,66,9,0.0,2,1,1,67622.34,0,0.02827694229407615,Low
3386,15765982,Chin,735,France,Male,41,7,74135.85,1,1,1,11783.1,1,0.12743577036255527,Low
3387,15582016,Fiorentini,766,Spain,Male,41,6,99208.46,2,1,0,62402.38,0,0.09098959359020421,Low
3388,15798024,Lori,537,Germany,Male,84,8,92242.34,1,1,1,186235.98,0,0.054597204214944,Low
3389,15588622,Marchesi,599,Germany,Male,25,7,108380.72,1,1,1,79005.95,0,0.10037967280929057,Low
3390,15724863,Sheppard,420,Spain,Female,55,4,91893.32,1,1,0,144870.28,1,0.9496757630898357,High
3391,15618213,Nnanna,674,France,Female,32,7,85757.93,1,1,1,95481.0,0,0.07732512290844198,Low
3392,15780411,Norris,570,France,Female,46,3,0.0,2,0,0,820.46,0,0.13386804101098737,Low
3393,15725429,Vincent,623,Germany,Male,33,8,96759.42,1,1,1,174777.98,0,0.12993044714860938,Low
3394,15600626,Bradley,710,France,Male,30,6,0.0,2,1,1,8991.17,0,0.00872912057358631,Low
3395,15668460,Bellucci,466,France,Male,29,6,0.0,2,1,1,2797.27,0,0.008742438132064953,Low
3396,15576263,Clements,759,France,Female,22,5,0.0,1,1,0,22303.17,0,0.21325424090584733,Low
3397,15720354,Knowles,581,France,Male,71,4,0.0,2,1,1,197562.08,0,0.024963302361467248,Low
3398,15691624,Chidiebere,820,France,Male,33,2,132150.26,2,1,0,23067.97,0,0.050805014743644565,Low
3399,15793196,Kelly,759,France,Male,41,9,0.0,2,0,1,190294.12,0,0.03862580878227272,Low
3400,15633352,Okwukwe,628,France,Female,31,6,175443.75,1,1,0,113167.17,1,0.30012895726914635,Low
3401,15750874,Onyemere,676,France,Male,31,3,78990.15,1,1,1,124777.14,0,0.05472796380877076,Low
3402,15588923,Murphy,591,France,Female,33,4,113743.37,1,1,0,124625.08,0,0.1278627121871328,Low
3403,15715745,Elliott,690,France,Female,26,5,157624.84,1,1,1,49599.27,0,0.07105278038327514,Low
3404,15611800,Loggia,624,France,Female,62,7,125163.62,2,1,1,151411.5,0,0.20115354275947467,Low
3405,15576928,Walsh,573,France,Female,23,2,0.0,1,1,0,122964.18,0,0.20790797831771662,Low
3406,15793693,Mahomed,694,France,Male,60,9,0.0,1,1,1,57088.97,0,0.26464172185866014,Low
3407,15581252,Dolgorukova,632,Spain,Female,29,7,80922.75,1,1,0,7820.78,0,0.16098580997199263,Low
3408,15797760,Bogdanov,632,France,Male,40,3,193354.86,2,1,0,149188.41,0,0.1584903174628622,Low
3409,15790564,She,832,Germany,Female,40,9,107648.94,2,1,1,134638.97,0,0.14553462942177725,Low
3410,15593736,Cook,598,Germany,Female,46,7,131769.04,1,0,0,184980.23,1,0.7791115436537209,High
3411,15595937,Bruno,430,Germany,Male,36,1,138992.48,2,0,0,122373.42,0,0.08130808719592356,Low
3412,15815628,Moysey,711,France,Female,37,8,113899.92,1,0,0,80215.2,0,0.1474794936784814,Low
3413,15782802,Beneventi,582,Germany,Male,26,6,114450.32,1,1,1,14081.64,0,0.14152639964935254,Low
3414,15627412,Ferri,605,France,Male,39,3,0.0,2,1,0,199390.45,0,0.03802712487809723,Low
3415,15734609,Skinner,657,France,Female,37,2,0.0,2,1,1,7667.48,0,0.025170188897883188,Low
3416,15710689,Angel,578,Spain,Male,40,6,63609.92,1,0,0,74965.61,1,0.25116117168063085,Low
3417,15565806,Toosey,532,France,Male,38,9,0.0,2,0,0,30583.95,0,0.02559120844781459,Low
3418,15815530,Chin,612,France,Female,42,10,75497.51,1,0,0,149682.78,0,0.46696471377565624,Medium
3419,15632272,Lung,792,France,Female,42,2,0.0,2,1,0,92664.09,0,0.07552038035229167,Low
3420,15684103,Mellor,674,France,Female,26,10,0.0,2,1,1,138423.1,0,0.019170292052025268,Low
3421,15654519,Hassall,680,France,Male,31,1,0.0,2,1,1,3148.2,0,0.00948958981527854,Low
3422,15767722,Richardson,593,France,Female,39,0,117704.73,1,1,0,197933.5,0,0.2312548117756866,Low
3423,15654346,Poninski,679,Germany,Male,35,1,130463.55,2,1,1,37341.17,0,0.06781313807473008,Low
3424,15660147,Dore,493,Spain,Male,32,8,46161.18,1,1,1,79577.4,0,0.07258540713659001,Low
3425,15814998,Bonham,688,Spain,Male,42,5,0.0,2,0,0,197602.29,0,0.07666605799449744,Low
3426,15802207,Ibezimako,769,Germany,Male,43,4,110182.54,2,1,1,87537.32,0,0.15277793197288728,Low
3427,15658668,Hunter,581,Spain,Male,49,10,0.0,2,0,0,41623.59,0,0.15661882132623248,Low
3428,15715079,Bold,465,France,Male,41,9,117221.15,1,1,0,168280.95,0,0.2019110755571825,Low
3429,15570360,Wan,641,France,Female,35,4,0.0,2,0,0,125986.18,0,0.03228700350021045,Low
3430,15674678,Bradley,731,Germany,Female,43,9,79120.27,1,0,0,548.52,1,0.4569802888752742,Medium
3431,15780925,Tretyakova,625,France,Male,37,1,177069.24,2,1,1,96088.54,0,0.0605662493383541,Low
3432,15688193,Graham,468,France,Male,36,3,61636.97,1,0,0,107787.42,0,0.1483334230137375,Low
3433,15778219,Izmailov,790,France,Male,26,5,0.0,1,1,0,20510.79,0,0.13817248606171068,Low
3434,15696514,Calabrese,587,Germany,Female,37,6,104414.03,1,1,0,192026.02,0,0.427114344632028,Low
3435,15712303,Valentin,692,France,Male,66,4,159732.02,1,1,1,118188.15,0,0.10021080688531109,Low
3436,15719090,Osonduagwuike,676,Germany,Female,34,4,89437.03,1,1,1,189540.95,0,0.1760980119165804,Low
3437,15735632,Williamson,571,France,Male,41,8,0.0,1,1,1,63736.17,0,0.17806111094263835,Low
3438,15619436,Pan,700,France,Female,32,3,0.0,1,0,0,95740.37,0,0.20342653963210588,Low
3439,15722404,Carpenter,445,France,Female,30,3,0.0,2,1,1,127939.19,0,0.021246056986573357,Low
3440,15662063,McIver,746,France,Male,36,7,142400.77,1,1,1,193438.69,0,0.049372969469293856,Low
3441,15745605,Trevisan,722,France,Female,47,2,88011.4,1,1,1,90655.94,1,0.3299661922279981,Low
3442,15636658,Rozhkova,596,France,Male,36,2,0.0,2,1,1,12067.39,0,0.014308194947766072,Low
3443,15784130,He,850,Germany,Female,30,8,154870.28,1,1,1,54191.38,0,0.14037768628848,Low
3444,15606755,Moretti,597,Spain,Female,46,4,0.0,2,1,0,58667.16,1,0.15299545550694596,Low
3445,15801699,Fishbourne,436,Spain,Male,43,5,0.0,2,1,1,35687.43,0,0.034209854170743056,Low
3446,15784097,Gibson,660,Germany,Male,28,1,118402.25,2,1,0,14288.93,0,0.08681105345155622,Low
3447,15764654,Zikoranachidimma,649,France,Male,37,9,87374.88,2,1,1,247.36,0,0.027391290537093205,Low
3448,15612092,Palmer,646,Germany,Male,32,8,105397.8,1,1,0,78111.84,1,0.19938154094270985,Low
3449,15610903,Chukwueloka,560,Spain,Female,31,5,125341.69,1,1,0,79547.39,0,0.12567918828385055,Low
3450,15705777,Real,710,Germany,Male,49,10,129164.88,1,1,1,193266.72,0,0.4402086201799608,Low
3451,15661936,Chikelu,513,France,Male,40,3,141004.46,1,1,0,105028.46,0,0.2065531670960805,Low
3452,15700864,Fiorentini,607,France,Female,21,0,0.0,2,1,0,116106.52,0,0.021671590583324414,Low
3453,15722965,Yefimova,757,France,Male,57,3,89079.41,1,1,1,53179.21,1,0.22430527820786642,Low
3454,15737521,Ball,619,Germany,Male,40,9,103604.31,2,0,0,140947.05,0,0.17153942168519992,Low
3455,15814465,Ch'in,612,France,Male,24,1,182705.05,1,1,1,171837.06,0,0.07048485340007357,Low
3456,15580988,Odell,842,France,Male,29,8,0.0,2,1,1,123437.05,0,0.009271380490706235,Low
3457,15789974,Enemuo,713,France,Male,33,6,94598.48,1,0,0,197519.66,1,0.12768411294766235,Low
3458,15713370,Hunter,657,Spain,Male,36,8,188241.05,2,0,0,183058.51,1,0.11478570168773032,Low
3459,15748673,Nepean,770,France,Female,37,9,0.0,2,0,0,22710.72,0,0.03585840456246078,Low
3460,15754919,Nwebube,773,France,Female,40,10,0.0,2,0,1,69303.15,0,0.039181657000053854,Low
3461,15641662,Enticknap,470,Germany,Male,39,5,117469.91,2,0,0,63705.9,0,0.14814265382123928,Low
3462,15813422,Lu,781,Spain,Male,35,4,80790.74,1,1,0,116429.51,0,0.12338039980739815,Low
3463,15713596,Ugochukwu,428,France,Female,62,1,107735.93,1,0,1,58381.77,0,0.26409535166456405,Low
3464,15791216,Mann,600,Germany,Male,43,8,133379.41,1,1,0,177378.66,1,0.5059852239566565,Medium
3465,15689031,Murphy,697,Spain,Female,37,7,168066.87,1,1,0,35450.53,0,0.18638361394728206,Low
3466,15763704,Docherty,692,Germany,Female,43,2,69014.49,2,0,0,164621.43,0,0.17630301582906802,Low
3467,15631339,Adams,791,France,Male,28,4,0.0,1,1,0,174435.48,0,0.15732021642359043,Low
3468,15771509,Hirst,538,Germany,Female,42,1,98548.62,2,0,1,94047.75,0,0.22491498355692946,Low
3469,15769586,Horan,820,France,Female,49,1,0.0,2,1,1,119087.25,0,0.10658971156288859,Low
3470,15656096,Cumbrae-Stewart,679,Spain,Female,26,3,76554.06,1,1,1,184800.27,0,0.11084219903286287,Low
3471,15585280,Kinney,649,France,Female,36,2,0.0,2,0,1,75035.48,0,0.024315849783169405,Low
3472,15743582,T'ang,632,France,Female,27,3,107375.82,1,1,1,62703.38,0,0.07419987919601552,Low
3473,15761692,Muir,594,France,Male,40,9,122417.17,2,0,1,190882.69,0,0.08072506875512805,Low
3474,15627840,Toscano,682,France,Female,42,0,0.0,1,0,1,91981.85,1,0.2989753668164607,Low
3475,15778861,Wallace,720,Spain,Male,33,6,97188.62,1,0,0,91881.29,0,0.0836169081256101,Low
3476,15770554,Fraser,769,France,Male,31,4,61297.05,2,1,1,7118.02,0,0.014935669324485368,Low
3477,15806956,Iqbal,746,Spain,Male,30,1,112666.67,1,0,0,11710.4,1,0.0932519646817414,Low
3478,15701908,Nina,623,Spain,Female,40,7,0.0,1,1,1,25904.12,0,0.2632997937741707,Low
3479,15736990,Chuang,537,France,Male,28,3,157842.07,1,1,0,86911.49,0,0.10341932601621531,Low
3480,15743714,Ch'ien,468,France,Male,46,7,91443.75,1,1,0,10958.18,0,0.39959280231153815,Low
3481,15807993,Bruno,588,Germany,Female,30,0,110148.49,1,1,0,5790.9,1,0.33772358141729836,Low
3482,15644686,Kennedy,729,Spain,Female,34,9,53299.96,2,1,1,42855.97,0,0.02338462943490115,Low
3483,15677377,Lawrence,543,Spain,Male,37,3,0.0,2,1,1,78915.68,0,0.017036119641536288,Low
3484,15626412,Mort,499,Spain,Male,39,6,0.0,2,1,1,81409.0,0,0.022432292762245398,Low
3485,15643679,Goliwe,784,Germany,Male,28,2,70233.74,2,1,1,179252.73,0,0.020122315580530875,Low
3486,15728456,Martinez,604,France,Male,33,3,0.0,1,1,0,42171.13,1,0.141442314924536,Low
3487,15630661,Vasilyev,614,Spain,Female,25,10,75212.28,1,1,0,58965.04,0,0.17883266403863535,Low
3488,15734044,Black,671,France,Female,31,7,41299.03,1,0,1,102681.32,0,0.10824267984931474,Low
3489,15705001,Napolitani,587,Spain,Female,35,3,83286.56,1,1,0,125553.52,0,0.18021765925938205,Low
3490,15809817,Ch'en,593,Spain,Male,43,10,0.0,2,0,0,53478.02,0,0.04988293319990875,Low
3491,15809137,Sagese,453,France,Male,29,6,0.0,1,0,0,198376.02,1,0.26917025645204695,Low
3492,15751593,Fraser,570,Germany,Male,35,6,85668.59,1,1,0,105525.36,0,0.15446032815484015,Low
3493,15626491,Hughes,655,France,Female,45,7,57327.04,1,0,1,47349.0,0,0.34168392258962044,Low
3494,15765461,Giles,632,Spain,Male,47,3,0.0,2,1,0,178822.32,0,0.15804619933762562,Low
3495,15568120,Lacross,681,France,Female,37,7,69609.85,1,1,1,72127.83,0,0.12435799723698265,Low
3496,15787161,Pisani,591,Germany,Male,46,4,129269.27,1,1,0,163504.33,0,0.6904388080826315,Medium
3497,15812324,King,779,France,Male,27,1,0.0,2,1,1,190623.02,0,0.010260302551439547,Low
3498,15588944,Maughan,456,France,Female,63,1,165350.61,2,0,0,140758.07,1,0.8053252652624298,High
3499,15694253,Palerma,686,France,Female,41,7,152105.57,2,0,1,132374.41,0,0.0952286561611006,Low
3500,15759566,Tochukwu,617,France,Male,74,10,0.0,2,1,1,53949.98,0,0.006212679207301603,Low
3501,15675675,Slate,850,France,Female,32,5,106290.64,1,1,0,121982.73,0,0.11599885412342488,Low
3502,15802060,Ch'ang,646,Germany,Female,30,10,100548.67,2,0,0,136983.77,0,0.09937252402610897,Low
3503,15660505,Romani,735,Germany,Male,46,2,106344.95,1,1,0,114371.33,1,0.6856431898748299,Medium
3504,15782630,Genovese,543,France,Male,35,5,137482.19,1,0,0,62389.35,0,0.09622641813326606,Low
3505,15700710,Chiebuka,490,France,Female,37,3,116465.53,1,0,1,24435.77,0,0.1193281752336338,Low
3506,15742834,Liao,640,France,Male,45,1,0.0,1,1,1,10908.33,0,0.33467157542209847,Low
3507,15806511,Berry,445,Spain,Male,45,10,0.0,2,0,1,90977.48,0,0.054935947242711426,Low
3508,15608166,Fallaci,761,France,Male,36,9,127637.92,1,1,1,81062.93,0,0.04904040621074865,Low
3509,15614230,T'an,426,France,Female,34,3,0.0,2,1,1,61230.83,0,0.014177981530802996,Low
3510,15729958,Wilkinson,777,France,Male,37,1,0.0,1,1,1,126837.72,0,0.1074930483688416,Low
3511,15800814,Palerma,534,France,Male,35,2,81951.74,2,1,0,115668.53,0,0.04281350582643791,Low
3512,15674727,Lazarev,777,France,Female,42,5,147531.82,1,1,1,38819.45,0,0.17622789111180373,Low
3513,15657779,Boylan,806,Spain,Male,18,3,0.0,2,1,1,86994.54,0,0.00771805393972465,Low
3514,15801395,Warren,790,France,Female,33,10,135120.72,1,0,0,195204.99,0,0.11287375888770332,Low
3515,15757911,Trevisani,643,Spain,Female,32,2,0.0,1,0,0,131301.74,0,0.22532640859601472,Low
3516,15665340,Trevisano,584,Spain,Female,37,8,0.0,2,0,1,100835.19,0,0.027099687423367217,Low
3517,15787151,Liao,638,France,Female,34,7,0.0,2,1,1,198969.78,0,0.024916098626458872,Low
3518,15757821,Burgess,771,Spain,Male,18,1,0.0,2,0,0,41542.95,0,0.013923182853057537,Low
3519,15600688,Liston,600,France,Female,39,5,0.0,2,0,0,118272.07,0,0.049349340063266633,Low
3520,15594878,Thompson,661,Spain,Female,41,5,28082.95,1,1,0,69586.27,1,0.3860079369988394,Low
3521,15569248,Milanesi,554,France,Female,43,10,0.0,2,1,0,149629.13,1,0.1260156457178114,Low
3522,15812706,Mazure,627,Spain,Male,49,4,111087.5,1,0,1,146680.25,0,0.27301708003660563,Low
3523,15645045,Rudduck,659,France,Female,38,9,0.0,2,1,1,132809.18,0,0.030037526454430294,Low
3524,15766746,Darwin,835,France,Male,35,6,127120.07,1,1,0,28707.69,0,0.12118286234517353,Low
3525,15700383,Uvarova,763,France,Female,35,7,115651.6,2,1,1,104706.29,0,0.04651725305439334,Low
3526,15632551,Buccho,625,Germany,Male,31,4,77743.01,2,1,0,75335.68,0,0.034614460147323126,Low
3527,15795129,Gallo,799,France,Female,30,9,0.0,2,1,0,136827.96,0,0.03292016001476601,Low
3528,15650545,Tomlinson,849,France,Male,69,7,71996.09,1,1,1,139065.94,0,0.07390173809977098,Low
3529,15612769,Carr,692,France,Male,28,5,61581.97,1,1,1,70179.91,0,0.055914440870116044,Low
3530,15710853,Ts'ui,623,France,Female,24,5,0.0,2,1,0,116160.04,0,0.0303778096487806,Low
3531,15623712,Coates,453,Spain,Female,42,5,0.0,3,1,0,83008.49,1,0.7602773312088696,High
3532,15653251,Hickey,408,France,Female,84,8,87873.39,1,0,0,188484.52,1,0.7055330406920433,Medium
3533,15755077,Norton,778,Germany,Female,37,0,105617.73,2,1,1,133699.82,1,0.11739595713016202,Low
3534,15808557,Mancini,695,France,Female,42,5,0.0,1,0,1,72172.13,1,0.29115322596435195,Low
3535,15614687,Tien,677,Germany,Female,44,4,148770.61,2,1,1,191057.76,0,0.20069667691860044,Low
3536,15626882,Stobie,662,Spain,Male,37,5,94901.09,1,1,1,48233.75,0,0.06423039321331263,Low
3537,15748034,Drakeford,534,France,Male,29,7,174851.9,1,1,1,79178.31,0,0.09317390699689325,Low
3538,15632324,Pisani,602,France,Male,59,7,0.0,2,1,1,162347.05,0,0.0517226926654689,Low
3539,15761023,Murphy,554,Germany,Female,43,2,120847.11,1,1,0,7611.61,1,0.6443949201104961,Medium
3540,15761453,Kovalev,667,France,Male,42,6,0.0,1,1,0,88890.05,0,0.3454364092645154,Low
3541,15646726,Crawford,672,France,Male,43,5,0.0,1,0,0,63833.09,0,0.3705104661187067,Low
3542,15637169,Maclean,838,Spain,Female,67,4,103267.8,1,1,1,78310.04,0,0.09016451549796275,Low
3543,15636024,Blackburn,692,Spain,Female,34,4,109699.08,1,1,1,37898.91,0,0.06970954521031426,Low
3544,15801218,Bermudez,675,France,Male,49,8,135133.39,1,0,1,179521.24,1,0.26357462510729956,Low
3545,15642655,Savage,731,Spain,Male,33,1,0.0,1,1,0,130726.96,0,0.1563756003093593,Low
3546,15690130,Wyatt,468,France,Female,32,8,137649.47,1,0,0,198714.29,0,0.11732387038672001,Low
3547,15653753,Chiemenam,542,Spain,Male,43,6,113567.94,1,1,0,89543.25,0,0.24126117395553362,Low
3548,15641359,Shao,662,Spain,Female,35,6,0.0,2,0,0,2423.9,1,0.030246498315199263,Low
3549,15776827,Langdon,770,Germany,Male,37,5,141547.26,2,0,1,180326.83,0,0.062269737327967006,Low
3550,15647725,Napolitano,675,France,Female,61,5,62055.17,3,1,0,166305.16,1,0.99427763502108,High
3551,15648455,Kung,647,Germany,Male,51,4,131156.76,1,1,0,29883.63,0,0.8482620557895199,High
3552,15580629,Blackwood,604,France,Male,31,6,134837.58,1,1,0,192029.19,0,0.0914742223187775,Low
3553,15730161,Marcelo,833,France,Female,39,3,0.0,2,1,0,1710.89,0,0.03316297773447757,Low
3554,15626612,Yin,741,Spain,Male,40,4,104784.23,1,1,0,135163.76,1,0.1836461213286417,Low
3555,15662865,Storey,658,Spain,Male,36,1,0.0,2,0,1,84927.42,0,0.016171438262642196,Low
3556,15629094,Fomin,528,France,Female,36,1,156948.41,1,1,1,149912.28,1,0.1361648807175464,Low
3557,15651823,Nkemjika,590,France,Female,60,6,147751.75,1,1,0,88206.04,1,0.8624501198372398,High
3558,15594827,Glasgow,675,France,Male,34,1,124619.33,2,0,1,163667.56,0,0.027655087398875736,Low
3559,15786392,Chen,765,France,Male,41,4,124182.21,1,0,0,100153.43,0,0.17755965620445882,Low
3560,15727353,Ch'ang,650,France,Female,64,7,142028.36,1,1,0,32275.09,1,0.8373511519751429,High
3561,15733777,Evans,817,France,Male,44,8,0.0,1,0,0,65501.91,1,0.4159785057178345,Low
3562,15614302,Crotty,699,Germany,Female,31,10,125837.86,2,1,0,189392.66,0,0.11610099972173474,Low
3563,15723263,Cocci,495,Germany,Female,34,9,117160.32,1,1,1,116069.24,1,0.17465904028678983,Low
3564,15687270,Iroawuchi,491,Spain,Female,61,8,0.0,2,0,1,139861.53,0,0.0920594847001687,Low
3565,15803121,Chia,847,France,Male,51,5,97565.74,1,0,0,144184.06,1,0.6686259323384224,Medium
3566,15598700,Hysell,676,Spain,Female,30,5,0.0,2,0,1,157888.5,0,0.02622097090229685,Low
3567,15741875,Williamson,746,Spain,Female,25,3,104833.79,1,0,0,71911.3,0,0.12162236825179802,Low
3568,15631709,Ginikanwa,470,Spain,Female,31,2,101675.22,2,1,0,45033.75,0,0.06341989913831676,Low
3569,15672970,Chigolum,714,Spain,Male,20,3,0.0,2,0,1,150465.93,0,0.011064707816391114,Low
3570,15761670,Morley,695,France,Female,50,8,0.0,1,1,0,126381.6,1,0.813109779977971,High
3571,15706005,Roberts,674,France,Male,46,2,174701.05,1,1,0,90189.72,1,0.5812960706818431,Medium
3572,15790336,Tokareva,664,Germany,Male,36,6,71142.77,2,1,0,122433.09,0,0.03785638363214359,Low
3573,15754267,Fleming,697,Germany,Male,31,3,108805.42,2,0,1,123825.83,0,0.0469963103444679,Low
3574,15791988,Chinomso,670,France,Male,68,4,0.0,2,1,1,11426.7,0,0.014510819528234386,Low
3575,15683375,Compton,541,France,Female,32,4,0.0,1,1,1,114951.42,0,0.12372387945848734,Low
3576,15625151,Wan,640,France,Female,66,9,116037.76,1,0,1,184636.05,0,0.15662995882645767,Low
3577,15635285,Taylor,647,France,Male,28,8,0.0,2,1,1,91055.27,0,0.010505287262515562,Low
3578,15574296,Kambinachi,757,France,Male,23,2,80673.96,2,1,0,93991.65,0,0.03492190337533051,Low
3579,15711618,Chang,704,Germany,Female,39,1,124640.51,1,1,0,116511.12,1,0.4518051530410291,Medium
3580,15670943,See,778,Germany,Male,31,9,182275.23,2,1,0,190631.23,0,0.026193889799093123,Low
3581,15634359,Dyer,639,Germany,Female,41,5,98635.77,1,1,0,199970.74,0,0.519751422265095,Medium
3582,15586629,Campbell,637,France,Male,33,5,0.0,2,1,0,139947.17,0,0.018376551901347394,Low
3583,15588461,Cremonesi,686,France,Male,35,4,0.0,1,1,0,8816.37,0,0.1583485788362195,Low
3584,15773221,Harris,577,Spain,Male,43,8,79757.21,1,1,0,135650.72,1,0.32696576265013066,Low
3585,15664227,Threatt,506,Germany,Male,28,8,53053.76,1,0,1,24577.34,0,0.05450709988220101,Low
3586,15741745,Lane,757,France,Male,28,7,120911.75,2,1,1,131249.46,0,0.022877501526738276,Low
3587,15652626,Grave,826,France,Male,55,4,115285.85,1,1,0,140126.17,0,0.7559392265813007,High
3588,15599410,Stanley,721,France,Male,41,2,0.0,2,1,0,168219.75,0,0.04358648059147592,Low
3589,15571958,McIntosh,489,Spain,Male,40,3,221532.8,1,1,0,171867.08,0,0.17811978977790552,Low
3590,15785406,Watts,446,France,Female,51,4,105056.13,1,0,0,70613.52,0,0.7036566696882803,Medium
3591,15687884,Alekseyeva,677,France,Male,37,3,88363.03,1,0,1,117946.3,0,0.07780209531317558,Low
3592,15621685,Davies,769,France,Male,29,2,123757.52,2,1,0,84872.66,0,0.03972636381093607,Low
3593,15628886,Matlock,677,Spain,Male,56,5,123959.97,1,1,1,60590.72,1,0.1672957816367924,Low
3594,15699325,Fedorova,555,Germany,Female,62,10,114822.64,1,0,1,8444.5,0,0.5136622341950425,Medium
3595,15578369,Chiedozie,652,Germany,Female,37,9,145219.3,1,1,0,159132.83,0,0.34125793139196553,Low
3596,15654156,Marcelo,722,Germany,Female,32,5,106807.64,1,1,1,76998.69,0,0.1783342855415459,Low
3597,15707199,Cooper,643,France,Male,36,0,148159.71,1,0,0,55835.66,0,0.10393907506478049,Low
3598,15671630,McMillan,796,Germany,Female,40,1,99745.95,1,1,0,177524.19,0,0.4939702568966353,Medium
3599,15632079,Hardy,720,Germany,Female,37,8,156282.79,1,1,0,45985.52,0,0.29300938887681555,Low
3600,15767921,Madukwe,613,France,Male,41,7,0.0,2,1,0,60297.72,0,0.03721223816894518,Low
3601,15573599,Adamson,506,France,Female,57,6,0.0,2,0,1,194421.12,1,0.1755673000738068,Low
3602,15747208,Watt,608,France,Male,50,6,0.0,1,1,0,93568.77,1,0.7301007627095689,Medium
3603,15582762,Mazzanti,667,Spain,Male,77,2,0.0,1,1,1,34702.92,0,0.03154322095796717,Low
3604,15772528,Mishin,750,France,Female,47,7,121376.15,2,1,0,54473.6,1,0.38747734513232257,Low
3605,15755798,Feng,610,France,Male,33,4,111582.11,1,0,0,113943.17,0,0.07791697517966241,Low
3606,15788683,Kang,588,Germany,Female,34,10,129417.82,1,1,0,153727.32,0,0.3279982787230431,Low
3607,15616922,Kelly,479,France,Female,26,1,0.0,2,1,1,19116.97,0,0.01766250316639543,Low
3608,15771855,Yu,682,France,Male,37,5,0.0,2,0,1,112554.68,0,0.016620457047158105,Low
3609,15601873,Bull,677,France,Female,36,7,0.0,1,1,0,47318.75,0,0.2312286020033822,Low
3610,15657868,Serra,850,Germany,Male,40,6,94607.08,1,1,0,36690.49,0,0.405109729751543,Low
3611,15711716,Ferguson,580,France,Female,56,1,131368.3,1,1,0,106918.67,1,0.8510654302603087,High
3612,15734246,She,746,France,Female,21,8,166883.07,2,0,1,194563.65,0,0.038908898271871904,Low
3613,15792151,Hamilton,635,Spain,Female,37,3,0.0,2,1,0,91086.73,0,0.04060255637377097,Low
3614,15770159,Nnanna,664,Germany,Male,25,6,172812.72,2,1,1,108008.65,0,0.015448778414980017,Low
3615,15747649,Summerville,558,Germany,Female,36,0,126606.63,2,1,1,172363.52,0,0.12005344065743533,Low
3616,15639357,Allan,415,France,Male,46,9,134950.19,3,0,0,178587.36,1,0.9938524698662542,High
3617,15738907,Tobenna,798,France,Female,60,6,96956.1,1,1,0,31907.44,1,0.8805715126330751,High
3618,15663446,Volkova,792,Germany,Female,29,4,107601.79,1,1,0,18922.18,1,0.34474314710946713,Low
3619,15750867,Nucci,489,Germany,Female,46,8,92060.06,1,1,0,147222.95,1,0.7690960129066141,High
3620,15715939,Wright,730,France,Male,33,0,0.0,2,1,0,1474.79,0,0.019351254248619682,Low
3621,15763806,Astorga,773,France,Male,41,4,0.0,2,1,1,24924.92,0,0.02531214093726319,Low
3622,15637993,Pokrovsky,711,France,Male,36,9,137688.71,1,1,1,46884.1,0,0.05550932510408345,Low
3623,15720338,Mazzanti,592,Spain,Male,55,8,85845.43,2,1,1,128918.42,0,0.11420598971757474,Low
3624,15627162,Blesing,695,Germany,Male,27,6,125552.96,1,1,0,105291.26,0,0.2071387647960417,Low
3625,15596710,Ku,640,France,Female,33,1,167298.42,1,0,1,145381.65,0,0.10485926645455608,Low
3626,15781678,Pisani,470,Spain,Male,31,4,55732.92,2,1,1,103792.53,0,0.01736443855566994,Low
3627,15634968,Hsueh,789,Germany,Female,37,6,110689.07,1,1,1,71121.04,1,0.25872486508623027,Low
3628,15609475,Ricci,604,Spain,Female,39,7,98544.11,1,1,1,52327.57,0,0.1138431205882818,Low
3629,15573319,Azubuike,493,Germany,Female,35,8,178317.6,1,0,0,197428.64,0,0.10076514527590268,Low
3630,15738291,Nevzorova,671,France,Female,48,8,115713.84,2,0,0,83210.84,0,0.3917363669368753,Low
3631,15782456,Odili,656,France,Male,46,9,143267.14,2,0,0,193099.43,0,0.18678319301892143,Low
3632,15794841,Kung,739,Spain,Male,19,5,89750.21,1,1,0,193008.52,0,0.09028266793516476,Low
3633,15684696,Lei,560,Spain,Female,26,3,116576.45,1,1,0,157567.37,0,0.15893184948361855,Low
3634,15629846,Sheehan,827,Germany,Female,47,8,143001.5,2,1,0,108977.5,0,0.44200032589521165,Low
3635,15674442,Kung,681,France,Male,23,7,157761.56,1,0,0,147759.84,0,0.10255285101147057,Low
3636,15571689,Kelechi,740,France,Female,37,5,0.0,2,1,1,27528.4,0,0.02314516928536507,Low
3637,15730469,Anenechi,663,Spain,Male,31,4,103430.11,2,0,1,36479.27,0,0.02693581547484539,Low
3638,15809320,McElhone,845,Spain,Female,52,0,0.0,1,1,0,31726.76,1,0.8550039663842371,High
3639,15684367,Chigbogu,555,Spain,Male,27,5,0.0,2,0,0,96398.51,0,0.016554105798477128,Low
3640,15793049,Atkins,680,Germany,Female,48,8,115115.38,1,1,0,139558.6,1,0.8277308461344529,High
3641,15603665,Colombo,638,Germany,Female,39,0,122501.28,2,1,1,95007.8,0,0.15423122184248425,Low
3642,15613623,Tilley,640,Spain,Male,62,3,0.0,1,1,1,101663.47,0,0.3210098059250725,Low
3643,15569572,Sopuluchi,778,France,Male,42,6,0.0,2,1,1,106197.44,0,0.030406303371615127,Low
3644,15698791,Udinesi,679,France,Male,45,3,146758.24,1,1,0,48466.89,0,0.3773756352379694,Low
3645,15626233,Onyekachi,593,France,Female,32,3,0.0,2,1,1,151978.36,0,0.025090094712608424,Low
3646,15607263,McCartney,788,France,Male,55,3,0.0,1,0,1,13288.46,1,0.3994599736713963,Low
3647,15610900,Thompson,770,France,Female,70,9,110738.89,1,1,0,22666.77,1,0.7040859744662225,Medium
3648,15624775,Onyeoruru,729,France,Male,67,2,94203.8,1,0,1,102391.06,0,0.08396364139754552,Low
3649,15691703,Shih,545,France,Male,47,8,105792.49,1,0,1,67830.2,1,0.23507959881004156,Low
3650,15745355,Golibe,597,France,Male,41,4,153198.23,1,1,1,92090.36,0,0.09803331447095351,Low
3651,15724955,Lucchesi,537,France,Male,38,3,0.0,2,0,0,141023.01,0,0.03370648339786061,Low
3652,15628999,Townsend,732,France,Male,79,10,61811.23,1,1,1,104222.8,0,0.02350765943408148,Low
3653,15654341,Chao,542,France,Male,34,8,101116.06,1,1,0,196395.05,0,0.09954972028633943,Low
3654,15744240,Shen,688,Germany,Female,46,0,74458.25,1,0,1,6866.31,0,0.4283810771841092,Low
3655,15632365,Booth,542,Germany,Male,33,8,142871.27,2,0,0,77737.86,0,0.06359162317104652,Low
3656,15729689,Chan,754,Germany,Male,35,6,98585.94,2,0,1,106116.84,0,0.052613972956889105,Low
3657,15759284,Yeh,750,France,Female,37,6,0.0,1,1,1,117948.0,1,0.1617451126521023,Low
3658,15602124,Badgery,731,France,Male,30,7,0.0,2,1,1,184581.68,0,0.01229468436380404,Low
3659,15661903,Hsia,699,France,Female,43,3,80764.03,1,1,0,199378.58,1,0.4455017766380681,Low
3660,15664668,Zarate,534,France,Female,42,9,144801.97,1,0,1,12483.39,1,0.20869310144352546,Low
3661,15736431,Congreve,494,Spain,Male,27,2,0.0,2,1,0,22404.64,0,0.016995086064778092,Low
3662,15748639,Hayslett,497,Germany,Male,35,7,110053.62,2,1,1,92887.06,0,0.05442620107089518,Low
3663,15628123,Robinson,632,France,Female,28,5,118890.81,1,0,1,145157.97,0,0.09017876414270316,Low
3664,15602731,Wong,724,France,Male,31,5,0.0,1,1,0,134889.95,1,0.13901115082814547,Low
3665,15794137,Nevzorova,751,Germany,Female,37,0,151218.98,1,1,1,109309.29,0,0.1774545370616874,Low
3666,15748696,Page,733,France,Male,42,9,150507.21,1,0,1,169964.12,0,0.12161326152131444,Low
3667,15725068,Quinn,701,Spain,Female,21,9,0.0,2,1,1,26327.42,0,0.014373403347496257,Low
3668,15807340,O'Donnell,525,Germany,Male,33,4,131023.76,2,0,0,55072.93,0,0.08846780245361659,Low
3669,15586133,Pisano,666,Germany,Female,44,2,122314.5,1,0,0,68574.88,1,0.6738416633273013,Medium
3670,15576185,Sinclair,653,France,Male,29,2,0.0,2,1,1,41671.81,0,0.010061856469479647,Low
3671,15660809,Loving,850,France,Male,28,4,0.0,2,1,1,12409.01,0,0.011264193676440186,Low
3672,15616666,Artemova,646,Germany,Female,52,6,111739.4,2,0,1,68367.18,0,0.39865387849912765,Low
3673,15706904,Robertson,750,France,Male,43,6,113882.31,1,1,1,74564.41,0,0.13097684293884562,Low
3674,15606915,Genovese,764,France,Male,24,7,98148.61,1,1,0,26843.76,0,0.0820339297165831,Low
3675,15749693,Ugonnatubelum,658,France,Female,32,9,0.0,2,1,0,156774.75,0,0.035665408474381294,Low
3676,15791743,Corbett,727,France,Male,32,1,59271.82,1,1,1,46019.43,0,0.054881249558324935,Low
3677,15796480,Reilly,687,France,Female,31,2,0.0,2,0,1,145411.39,0,0.025161097955990877,Low
3678,15790442,Wright,631,Spain,Male,33,2,0.0,2,1,1,158268.84,0,0.012917129328451021,Low
3679,15609458,Vincent,797,France,Male,30,10,69413.44,1,1,1,74637.57,0,0.050102992542886325,Low
3680,15593897,Carr,650,Spain,Male,25,7,160599.06,2,1,1,28391.52,0,0.02945800629887776,Low
3681,15604576,Eiland,850,Spain,Male,22,3,0.0,1,1,1,144385.54,0,0.07663036262565272,Low
3682,15666270,Omeokachie,676,France,Female,40,2,147803.48,1,1,0,95181.06,1,0.24884444138515913,Low
3683,15572626,Mackenzie,620,Spain,Male,44,8,0.0,2,1,1,15627.51,0,0.04249343604494557,Low
3684,15727197,Pinto,576,France,Female,52,9,170228.59,2,0,0,148477.57,1,0.7745256054622344,High
3685,15714006,Gardener,482,France,Female,35,2,133111.73,1,0,1,79957.95,0,0.0800023399988142,Low
3686,15642137,Fang,695,Spain,Female,39,5,0.0,2,0,0,102763.69,0,0.04979248337359874,Low
3687,15665327,Cattaneo,706,France,Male,18,2,176139.5,2,1,0,129654.22,0,0.06840376310110911,Low
3688,15626806,Labrador,668,France,Female,32,2,0.0,2,1,1,40652.33,0,0.016598682547501707,Low
3689,15662578,Dettmann,679,Germany,Male,35,1,110245.13,1,1,1,178291.09,0,0.16103406532803105,Low
3690,15790829,Gibson,703,France,Female,45,5,0.0,2,1,0,131906.44,0,0.14077005786745497,Low
3691,15654959,Hope,670,Spain,Male,67,6,158719.57,1,1,1,118607.4,0,0.07059145992378961,Low
3692,15760244,Ives,590,France,Female,76,5,160979.68,1,0,1,13848.58,0,0.033180512262972,Low
3693,15715394,Greece,613,Spain,Male,35,4,123557.65,2,0,1,170903.4,0,0.044924575245772515,Low
3694,15722246,Omeokachie,742,France,Female,60,4,0.0,1,1,1,13161.66,1,0.42157835186582593,Low
3695,15609704,Mao,608,France,Female,33,4,0.0,1,1,0,79304.38,1,0.20768991332722944,Low
3696,15757628,Savage,571,France,Male,40,10,112896.86,1,1,1,121402.53,0,0.09498326033989768,Low
3697,15633586,Brierly,595,France,Female,39,7,120962.13,1,0,0,23305.01,0,0.19863982179257442,Low
3698,15565796,Docherty,745,Germany,Male,48,10,96048.55,1,1,0,74510.65,0,0.758079419733065,High
3699,15717935,McDonald,589,France,Female,21,3,0.0,2,0,1,55601.44,0,0.016473562956249417,Low
3700,15577700,Rapuokwu,749,France,Male,37,10,185063.7,2,1,1,134526.87,0,0.06706914535194403,Low
3701,15747345,Bergamaschi,678,France,Female,22,6,118064.93,2,1,1,195424.01,0,0.041009143050213026,Low
3702,15678317,Manfrin,603,France,Male,46,2,0.0,2,1,1,59563.49,0,0.05446667457783042,Low
3703,15698335,Bergamaschi,504,France,Female,73,8,0.0,1,1,1,34595.58,0,0.050052978298979145,Low
3704,15768451,MacDonald,739,Germany,Male,40,5,149131.03,3,1,1,60036.99,1,0.8858162851696989,High
3705,15753213,Lees,604,France,Female,34,7,0.0,2,1,0,193021.49,0,0.043996079624899924,Low
3706,15769645,Senior,612,France,Female,35,3,0.0,1,1,1,48108.72,0,0.14722052667632002,Low
3707,15657565,Nwokezuike,629,Spain,Female,44,6,125512.98,2,0,0,79082.76,0,0.2188727372517622,Low
3708,15620323,Ekwueme,652,Spain,Female,42,3,83492.07,2,1,0,37914.12,0,0.13733292300040964,Low
3709,15679983,Garmon,565,France,Male,34,7,0.0,1,0,0,74593.84,0,0.1317275848875786,Low
3710,15812616,Enyinnaya,707,France,Female,49,10,0.0,1,1,0,82967.97,1,0.7774801681074853,High
3711,15601796,Chizuoke,645,France,Male,30,1,125739.26,1,1,1,193441.23,0,0.037198117711070844,Low
3712,15729489,Hyde,762,Germany,Female,34,8,98592.88,1,0,1,191790.29,1,0.266742017799385,Low
3713,15613216,Cameron,639,Spain,Female,39,1,141789.15,1,1,0,92455.96,0,0.1982369469441551,Low
3714,15657937,Lord,709,Germany,Male,22,0,112949.71,1,0,0,155231.55,0,0.19648170800369855,Low
3715,15815428,Biryukova,823,France,Male,34,3,105057.33,1,1,0,9217.92,0,0.08901182604855916,Low
3716,15640409,Carpenter,817,Germany,Female,46,0,89087.89,1,0,1,87941.85,1,0.45319370097008344,Medium
3717,15699492,Lorenzo,665,Germany,Female,27,2,147435.96,1,0,0,187508.06,0,0.26084152239932806,Low
3718,15623536,Madukwe,646,Germany,Male,39,0,154439.86,1,1,0,171519.06,0,0.261079970278166,Low
3719,15707551,Hutcheon,568,France,Male,30,8,73054.37,2,1,1,27012.0,0,0.015900278462732224,Low
3720,15577999,Sleeman,850,France,Female,62,1,124678.35,1,1,0,70916.0,1,0.8741518405185629,High
3721,15788775,Milne,473,Germany,Male,40,8,152576.25,2,1,0,73073.68,0,0.13357399488042795,Low
3722,15758362,Williamson,731,France,Female,41,9,152243.57,1,1,1,88783.59,0,0.12734675511074636,Low
3723,15807961,Bruno,619,France,Male,25,4,0.0,1,1,0,145524.36,0,0.1371115217379645,Low
3724,15710978,Palerma,715,Germany,Male,42,2,88120.97,2,1,1,21333.22,0,0.1020079778824312,Low
3725,15703541,Wang,772,Germany,Female,51,9,143930.92,1,0,1,46675.51,1,0.6567897197034507,Medium
3726,15626474,Onyemere,686,France,Female,31,1,0.0,2,1,0,4802.25,0,0.026404065404097305,Low
3727,15608344,Dawson,749,Germany,Female,29,7,137059.05,3,1,0,102975.72,1,0.8776349569460427,High
3728,15768367,Nebechukwu,781,France,Female,27,7,186558.55,1,1,1,175071.29,1,0.21255360780370305,Low
3729,15806210,Bateman,675,Spain,Male,66,5,115654.47,2,1,1,131970.86,0,0.0565853804051622,Low
3730,15697702,Lord,730,Spain,Male,29,2,0.0,2,1,0,14174.09,0,0.01821488939465682,Low
3731,15689152,Loggia,683,Spain,Male,38,3,126152.84,1,0,0,15378.75,0,0.13278003691268686,Low
3732,15568573,Graham,554,Germany,Female,51,7,105701.91,1,0,1,179797.79,1,0.7177293506914824,Medium
3733,15689598,Dean,722,France,Male,46,6,0.0,1,1,1,93917.68,1,0.3129779814779017,Low
3734,15713374,Jarvis,689,Germany,Male,67,9,157094.78,1,1,1,99490.01,0,0.14010532469496487,Low
3735,15679733,Haugh,796,Germany,Male,40,2,113228.38,2,1,1,46415.09,0,0.12033461093590644,Low
3736,15759274,Micklem,447,France,Female,32,10,0.0,1,1,1,151815.76,0,0.1611509320577261,Low
3737,15607748,Bennett,498,Germany,Male,37,8,108432.88,2,1,1,14865.05,0,0.07984674949748596,Low
3738,15607577,Roberts,663,Spain,Male,27,8,0.0,1,1,1,188007.99,0,0.09728063480383332,Low
3739,15813697,Onyekaozulu,498,Germany,Female,44,2,120702.67,2,1,1,98175.74,0,0.24292186652129158,Low
3740,15801125,Kegley,627,France,Female,32,1,0.0,1,1,0,106851.7,0,0.19434119983689188,Low
3741,15777855,Manna,649,France,Male,45,7,0.0,2,0,1,75204.21,0,0.04570808416451869,Low
3742,15635396,Thompson,738,Germany,Female,29,9,139106.19,1,1,0,141872.05,1,0.3061052038387891,Low
3743,15698031,Romano,587,Germany,Female,39,6,101851.8,2,1,0,7103.71,0,0.1614093451428056,Low
3744,15678944,Brown,655,Germany,Female,32,6,130935.56,1,1,0,9241.83,1,0.34419362872233117,Low
3745,15718507,Su,647,Germany,Male,37,3,116509.99,1,1,1,149517.71,1,0.17950279922040843,Low
3746,15808334,Mackay,776,Germany,Female,37,1,93124.04,2,1,1,196079.32,0,0.08265303910118736,Low
3747,15804709,Watt,688,Germany,Male,35,5,111578.18,1,0,0,166165.93,1,0.2667416176874259,Low
3748,15645835,Milani,605,France,Male,32,9,0.0,2,1,1,55724.24,0,0.009584467813344787,Low
3749,15738166,Hsu,596,France,Female,39,10,86546.29,1,0,1,131768.98,0,0.16907653857027402,Low
3750,15675360,Valenzuela,427,France,Male,33,8,0.0,1,1,1,13858.95,0,0.04815009154178284,Low
3751,15793042,Sung,629,France,Male,39,2,129669.32,2,1,0,82774.07,0,0.07556860017534517,Low
3752,15630106,Lo,496,Spain,Male,29,2,0.0,2,1,0,55389.59,0,0.017107805167531267,Low
3753,15810385,Giordano,717,Spain,Female,36,2,164557.95,1,0,1,82336.73,0,0.09020425835239498,Low
3754,15578211,Connolly,777,France,Male,23,6,0.0,2,1,1,163225.48,0,0.010658037263736068,Low
3755,15572792,Bellucci,535,Spain,Male,35,8,118989.92,1,1,1,135536.72,0,0.051840707966215885,Low
3756,15620030,Jamieson,744,France,Male,29,1,0.0,1,0,0,82422.97,0,0.11377847982633618,Low
3757,15783541,Fomina,755,France,Male,31,5,0.0,2,0,1,194660.78,0,0.017175198810860784,Low
3758,15679284,Aksenov,593,Spain,Female,45,6,79259.75,1,1,0,55347.28,0,0.49447203060122746,Medium
3759,15582910,Turnbull,514,France,Male,38,4,112230.38,1,1,0,16717.11,1,0.1551302745507978,Low
3760,15688337,Dixon,721,France,Male,40,9,118129.87,1,1,1,160277.65,0,0.09298700743631032,Low
3761,15734970,White,835,Spain,Male,38,7,86824.09,1,0,0,175905.97,0,0.2045944157089416,Low
3762,15759140,Long,682,France,Female,64,10,128306.7,1,0,1,66040.83,0,0.1770642771414576,Low
3763,15643042,Han,590,Germany,Female,40,2,117641.43,2,0,0,92198.05,0,0.19513327104221445,Low
3764,15773868,Belov,653,Germany,Female,37,3,125734.2,2,1,0,134625.09,1,0.15043429608816902,Low
3765,15615820,MacDonald,837,France,Male,49,8,103302.37,1,1,1,50974.57,0,0.2295760977606005,Low
3766,15730273,Parsons,841,France,Male,27,8,0.0,1,1,0,171922.72,0,0.1615614734892887,Low
3767,15724890,Cross,584,Spain,Male,36,4,82696.09,2,0,0,83058.14,0,0.042021011101725396,Low
3768,15765952,Milanesi,769,France,Male,29,4,145471.37,1,1,0,188382.77,0,0.08975723867876009,Low
3769,15685920,Lombardo,599,Spain,Male,34,2,101506.66,1,0,0,198030.24,0,0.11560786178493095,Low
3770,15663263,Collins,698,France,Male,47,5,156265.31,2,0,0,1055.66,0,0.28494099885333984,Low
3771,15568953,Alexeieva,477,France,Male,27,1,128554.98,1,1,1,133173.19,0,0.04248398955052742,Low
3772,15643361,Cullen,477,Germany,Male,34,8,139959.55,2,1,1,189875.83,0,0.03525875026627531,Low
3773,15699486,Johnson,745,Spain,Male,34,7,132944.53,1,1,1,31802.92,0,0.04450106341201721,Low
3774,15747854,Rudd,749,France,Female,35,3,0.0,3,1,1,132649.85,0,0.439930700370143,Low
3775,15691785,Findlay,850,France,Male,61,1,0.0,1,1,0,53067.83,1,0.9061437015175825,High
3776,15709004,Mai,528,Germany,Male,22,5,93547.23,2,0,1,961.57,0,0.04452216798982266,Low
3777,15652218,Morrison,750,France,Male,33,2,152302.72,1,1,0,71333.44,0,0.08360095258375788,Low
3778,15697127,Monaldo,543,France,Female,31,2,147674.26,1,1,1,16658.76,0,0.08234331952458128,Low
3779,15658486,Gidney,579,Spain,Female,59,3,148021.12,1,1,1,74878.22,0,0.21549523685962033,Low
3780,15694160,Sagese,624,France,Male,37,0,0.0,2,0,0,112104.55,0,0.024853098507334425,Low
3781,15685290,Wall,595,Germany,Male,46,5,142360.62,2,1,0,48421.4,1,0.3564253760695802,Low
3782,15701042,Dalton,596,Germany,Female,27,2,151027.56,1,1,0,170320.58,0,0.22800362288081183,Low
3783,15680449,Hsing,431,Germany,Female,44,2,138843.7,1,1,0,37688.31,1,0.6665210994563056,Medium
3784,15599860,Warner,647,Spain,Female,26,8,109958.15,1,1,1,136592.24,1,0.07612993642342152,Low
3785,15723169,Williams,640,France,Female,31,9,138857.59,1,1,0,48640.77,0,0.13891155551131953,Low
3786,15803842,Dunn,752,Germany,Female,45,3,105426.5,2,0,1,89773.45,0,0.2798363695214814,Low
3787,15728224,Kerr,710,Germany,Female,41,9,149155.53,2,1,0,42131.26,1,0.1826832130955326,Low
3788,15644174,Marchesi,638,Germany,Male,27,4,135096.05,1,1,1,186523.72,1,0.13397482894256546,Low
3789,15707110,Endrizzi,660,Germany,Male,28,2,170890.05,2,1,0,41758.9,0,0.034652448718440344,Low
3790,15765415,King,609,Spain,Female,45,4,89122.3,1,1,1,199256.98,0,0.34531274444129134,Low
3791,15756751,Griffiths,596,Spain,Female,54,0,78126.28,1,1,1,153482.91,1,0.39461150233334924,Low
3792,15795151,Hartzler,705,France,Female,38,3,123894.43,1,1,0,21177.1,0,0.21860509641327378,Low
3793,15632859,Chukwudi,444,France,Male,36,7,0.0,2,0,1,138743.86,0,0.01752864780544927,Low
3794,15584037,Denisov,727,Germany,Male,58,5,106913.43,1,1,0,25881.0,1,0.9394095108550053,High
3795,15621409,Endrizzi,496,France,Male,32,4,127845.83,1,1,0,66469.2,0,0.09383135677682133,Low
3796,15581102,Baresi,554,France,Female,22,8,0.0,2,0,1,142670.61,0,0.02585626117869305,Low
3797,15578096,Nnachetam,537,France,Male,26,7,106397.75,1,0,0,103563.23,0,0.07372183188347513,Low
3798,15669887,Lambert,839,France,Female,51,3,0.0,1,1,1,69101.23,1,0.48760401951909454,Medium
3799,15621834,Game,700,Spain,Female,43,0,0.0,2,1,0,59475.35,0,0.10175780860235634,Low
3800,15655341,Chinagorom,458,Spain,Female,35,5,166492.48,1,1,0,135287.74,0,0.17237922125764232,Low
3801,15685314,Noble,850,France,Female,28,2,0.0,2,1,1,38773.74,0,0.012306369185195197,Low
3802,15653997,Haynes,699,Spain,Male,31,6,114493.68,1,0,0,138396.32,0,0.08757074801015415,Low
3803,15629551,Cattaneo,615,Germany,Female,44,9,126104.98,2,0,1,110718.02,0,0.25872223102779407,Low
3804,15651264,Yobanna,850,Germany,Male,51,4,124425.99,1,0,0,118545.49,1,0.8513578706367382,High
3805,15760825,Fraser,604,France,Female,40,1,0.0,2,1,0,123207.17,0,0.06765912142749918,Low
3806,15597394,Rhodes,668,Spain,Male,34,0,0.0,1,0,0,99984.86,0,0.1352140255670667,Low
3807,15740383,Jimenez,594,Spain,Female,38,10,0.0,2,1,0,58332.91,0,0.042312258543347366,Low
3808,15670562,Pharr,470,France,Male,30,3,101140.76,1,1,1,50906.65,0,0.04342591033832274,Low
3809,15698117,Jerger,701,Germany,Male,41,0,150844.94,1,0,1,127623.36,0,0.22571239313593053,Low
3810,15694805,McIntyre,664,Spain,Male,35,1,115024.5,1,0,1,169665.79,0,0.06375436284297233,Low
3811,15746802,Onio,477,France,Female,30,6,131286.46,1,1,0,194144.45,0,0.11406323829881126,Low
3812,15589428,Tomlinson,756,France,Female,42,9,0.0,2,1,0,35673.42,0,0.07058487352294877,Low
3813,15790267,Onuoha,625,France,Female,40,7,141267.67,1,0,1,177397.49,0,0.1900807117471315,Low
3814,15665402,Panicucci,703,Spain,Male,73,5,137761.55,1,1,1,159677.46,0,0.02289741771930838,Low
3815,15642093,Piccio,646,France,Male,30,7,0.0,2,1,0,153566.97,0,0.01665113724249669,Low
3816,15666181,Ramsden,650,France,Male,33,0,98064.97,1,1,0,52411.99,0,0.07282001713844621,Low
3817,15602554,Vorobyova,664,France,Female,31,9,114519.57,2,0,1,79222.02,0,0.04253325862942322,Low
3818,15724251,Todd,682,Germany,Female,29,6,101012.77,1,0,0,32589.89,1,0.29828837877848174,Low
3819,15740147,Cremonesi,725,France,Female,44,10,0.0,1,0,1,93777.61,0,0.3555905674438475,Low
3820,15718289,Bradley,553,Germany,Male,46,3,82291.1,1,1,0,112549.99,1,0.5713044737010937,Medium
3821,15763148,Stanley,576,France,Male,39,9,84719.98,1,0,0,191063.36,0,0.2369773474984406,Low
3822,15685245,Jowett,608,Spain,Female,56,5,0.0,2,0,1,153810.41,0,0.12086604604715982,Low
3823,15626985,Yefremova,850,France,Female,39,0,104386.53,1,1,0,105886.77,0,0.16523729312633634,Low
3824,15585823,Wilson,627,France,Male,31,8,128131.73,1,1,0,96131.47,0,0.08291365801708167,Low
3825,15728167,Abramovich,667,France,Male,44,2,122806.95,1,0,0,15120.86,0,0.31184603381227116,Low
3826,15762928,Venables,548,Spain,Male,44,8,0.0,1,1,0,16989.77,0,0.453508114856511,Medium
3827,15751774,Monnier,774,France,Male,76,4,112510.89,1,1,1,143133.18,0,0.015341621062885103,Low
3828,15654733,Hsieh,794,Germany,Male,57,3,117056.46,1,1,0,93336.93,1,0.9204219108125994,High
3829,15809777,Gadsden,497,Germany,Female,55,7,131778.66,1,1,1,9972.64,0,0.484362100297292,Medium
3830,15744200,Ni,587,France,Female,36,1,70784.27,1,1,0,30579.82,0,0.18743857490972232,Low
3831,15720713,Chibueze,850,France,Female,29,10,0.0,2,1,1,199775.67,0,0.01907949312007129,Low
3832,15695356,Chinwemma,722,France,Male,46,5,0.0,2,1,0,179908.71,0,0.12802200753930104,Low
3833,15653315,Kang,555,Spain,Female,35,1,0.0,2,1,0,101667.0,0,0.034839984317777996,Low
3834,15604792,Kuo,609,Germany,Male,38,6,140752.06,2,0,1,171430.16,0,0.06997399715313155,Low
3835,15704819,Ositadimma,734,Spain,Female,39,6,92126.26,2,0,0,112973.34,0,0.1115890584804213,Low
3836,15670859,Smith,718,Germany,Female,39,7,93148.74,2,1,1,190746.38,0,0.11119929409987596,Low
3837,15602797,Okwudilichukwu,645,Spain,Female,49,5,110132.55,3,0,1,187689.91,1,0.9830682579728641,High
3838,15662533,Porter,598,Spain,Female,23,6,0.0,2,1,0,153229.19,0,0.03755664654629883,Low
3839,15778154,Kung,628,Germany,Male,50,4,122227.71,1,0,1,14217.77,1,0.6434258179932693,Medium
3840,15806230,Trevisano,629,Germany,Male,40,2,121647.54,2,1,1,64849.74,1,0.14266961553485083,Low
3841,15662884,Naylor,739,Germany,Male,58,1,110597.76,1,0,1,160122.66,1,0.5427969273956275,Medium
3842,15750778,Ponomarev,653,France,Female,60,2,120731.39,4,1,1,138160.11,1,0.9879090746232577,High
3843,15717185,Udinese,711,France,Male,28,8,0.0,2,1,1,64286.39,0,0.008680809363753383,Low
3844,15677804,Aliyeva,783,Spain,Male,38,1,0.0,3,1,1,80178.54,1,0.4455331067920489,Low
3845,15568915,Bailey,681,France,Male,38,6,153722.47,1,1,0,101319.76,0,0.12359262225083992,Low
3846,15736495,Jackson,712,France,Male,34,8,114088.32,1,1,0,92794.61,0,0.08058029157268372,Low
3847,15737354,Yin,554,France,Female,48,7,0.0,2,1,1,63708.07,0,0.09555408513235589,Low
3848,15667889,Akobundu,611,France,Female,37,6,0.0,2,1,0,110782.88,0,0.03885670856781261,Low
3849,15577831,Byrne,560,Germany,Male,41,4,152532.3,1,0,0,10779.69,0,0.3744977565098366,Low
3850,15729836,Robinson,646,Spain,Male,32,1,0.0,2,1,0,183289.22,0,0.015910726102900556,Low
3851,15775293,Stephenson,680,France,Male,34,3,143292.95,1,1,0,66526.01,0,0.10401623951954209,Low
3852,15697597,Chiemenam,631,France,Male,26,1,149144.61,1,0,1,123697.95,0,0.04495205649427828,Low
3853,15639669,Forbes,746,France,Male,36,9,127157.04,1,1,1,155700.15,0,0.050605315049806324,Low
3854,15631392,Douglas,654,Germany,Male,43,9,84673.17,2,0,1,82081.35,0,0.09317551984606723,Low
3855,15580935,Okechukwu,687,Germany,Male,33,9,135962.4,2,1,0,121747.96,0,0.07366046718409554,Low
3856,15590344,Russell,708,Germany,Male,32,3,151691.44,2,1,1,172810.51,0,0.03372720213630131,Low
3857,15653306,Ermakova,679,Germany,Female,32,0,88335.05,1,0,0,159584.81,0,0.2157377029742608,Low
3858,15805025,Oster,636,France,Female,45,7,139859.23,1,1,1,108402.54,0,0.2595111728757088,Low
3859,15658449,Chizoba,695,France,Male,45,9,43134.65,1,0,1,77330.35,0,0.2572931570176502,Low
3860,15694450,Bianchi,677,France,Male,42,5,99580.13,1,1,0,21007.96,0,0.2202229876395012,Low
3861,15605666,Peyser,720,France,Female,34,6,110717.38,1,1,1,9398.45,0,0.07318413387974693,Low
3862,15615126,Cocci,780,France,Female,37,3,0.0,2,0,0,182156.81,1,0.06611004809109831,Low
3863,15726588,Seleznev,653,Spain,Female,36,3,0.0,2,0,0,110525.6,0,0.03437977905665665,Low
3864,15645095,Huang,674,France,Female,28,3,0.0,1,1,0,51536.99,0,0.19258013262068593,Low
3865,15808960,Alleyne,620,Germany,Male,40,5,108197.11,2,1,0,49722.34,0,0.16832359666138474,Low
3866,15729435,McKenzie,623,France,Male,40,6,0.0,2,1,1,66119.07,0,0.025631869120751476,Low
3867,15656840,Zikoranachukwudimma,547,France,Female,29,6,104450.86,1,1,1,37160.28,0,0.060119779818970195,Low
3868,15659149,King,530,France,Male,39,2,0.0,2,1,0,197923.05,0,0.05678503777613555,Low
3869,15585490,Nkemdilim,746,France,Female,34,4,0.0,1,0,1,65166.6,0,0.12523630899778218,Low
3870,15674929,Anderson,512,France,Female,31,7,0.0,2,0,0,49326.07,0,0.02367424075674559,Low
3871,15746341,Ejikemeifeuwa,630,France,Male,40,8,0.0,2,1,1,42495.81,0,0.024190217192204128,Low
3872,15662091,Adams,570,Spain,Male,21,7,116099.82,1,1,1,148087.62,0,0.03739425705677065,Low
3873,15620123,Christie,605,France,Male,39,6,111169.91,1,0,0,9641.4,0,0.142070989124011,Low
3874,15616240,Yeh,530,Spain,Male,37,4,0.0,2,1,1,164844.37,0,0.02075906112170228,Low
3875,15624186,McGregor,813,Germany,Female,25,5,123616.43,1,0,1,132959.33,0,0.1628603845763973,Low
3876,15605036,Pisano,704,Spain,Female,37,9,155619.58,1,1,1,135088.58,0,0.09398596519384497,Low
3877,15805151,Ginikanwa,565,Germany,Male,31,2,89558.39,2,1,1,4441.54,0,0.03776333626943254,Low
3878,15753847,Hawkins,645,Spain,Male,45,4,0.0,1,0,1,174916.85,1,0.42662760350706447,Low
3879,15653222,Otutodilichukwu,526,Germany,Female,32,6,131938.92,2,1,1,1795.93,0,0.09084066744785385,Low
3880,15757541,Rickard,778,France,Female,33,9,151772.63,2,0,0,180249.94,1,0.07320732323897947,Low
3881,15726945,Andreev,677,France,Female,72,8,0.0,2,1,1,153604.44,0,0.012563456534125389,Low
3882,15794276,Steele,588,France,Female,64,3,0.0,1,1,1,189703.65,0,0.3664074719002867,Low
3883,15568328,Black,488,France,Female,22,6,0.0,2,1,1,66393.89,0,0.01615468828124547,Low
3884,15604355,Shand,519,France,Male,39,1,97700.02,1,1,1,30709.03,0,0.1058155618663298,Low
3885,15735788,Chiagoziem,709,France,Male,31,6,0.0,2,1,1,71009.84,0,0.00917697155629829,Low
3886,15618255,Fedorov,642,Germany,Female,56,6,103244.86,2,1,0,143049.72,1,0.8503050283780778,High
3887,15720941,Tien,710,Germany,Male,34,8,147833.3,2,0,1,1561.58,0,0.053777236735564636,Low
3888,15769110,Stehle,653,France,Female,46,5,0.0,2,1,0,49707.85,0,0.14147801397564463,Low
3889,15576094,Sung,743,France,Male,71,0,0.0,2,0,1,29837.65,0,0.014455211782525868,Low
3890,15756150,Alexander,418,France,Female,39,2,0.0,2,0,0,9041.71,0,0.038249098676284565,Low
3891,15719579,McIntosh,670,Germany,Female,33,9,84521.48,2,0,1,198017.05,0,0.04701716068543687,Low
3892,15748854,Sung,723,Germany,Female,28,5,91938.31,1,1,0,143481.85,0,0.27796738780206176,Low
3893,15612455,Yao,549,Germany,Male,45,6,124240.93,1,1,1,146372.51,0,0.42566374738417573,Low
3894,15664802,Chinweuba,543,France,Female,42,5,0.0,2,0,0,101905.34,0,0.07197245976772791,Low
3895,15735687,Chinweuba,595,Spain,Male,37,2,157084.99,1,1,0,134767.13,0,0.11505620527629232,Low
3896,15664734,T'ao,673,Germany,Female,25,3,108244.82,2,1,1,103573.96,0,0.05925029971136188,Low
3897,15767894,Ch'ien,741,France,Female,21,9,0.0,2,0,1,139259.54,0,0.019478866432140852,Low
3898,15666884,Su,508,Germany,Female,41,5,82161.7,2,1,0,187776.49,0,0.16643357385061716,Low
3899,15750156,Yu,662,Germany,Male,59,2,104568.41,1,1,0,8059.44,1,0.9460394192714152,High
3900,15751120,Loyau,752,France,Female,36,2,119912.46,1,1,0,124354.92,0,0.15246417413624871,Low
3901,15575748,Conti,809,France,Male,36,9,68881.59,2,0,1,109135.11,0,0.02038437228867807,Low
3902,15714610,Alexeeva,575,Spain,Male,30,2,0.0,2,1,1,82222.86,0,0.01136387398521504,Low
3903,15720305,Power,591,Spain,Female,40,1,86376.29,1,0,1,136767.16,1,0.21915888978579434,Low
3904,15678129,Hill,643,Spain,Female,45,9,150840.03,2,1,0,155516.35,0,0.2939584305098247,Low
3905,15566633,Freeman,698,Germany,Male,55,8,155059.1,2,1,1,144584.29,0,0.18864389185009928,Low
3906,15680436,Hsing,496,France,Female,29,4,0.0,2,1,0,164806.89,0,0.042706082633566435,Low
3907,15674343,Esposito,597,France,Male,44,8,78128.13,2,0,1,109153.04,0,0.08159878033491447,Low
3908,15658890,Belonwu,603,Germany,Male,46,4,98899.76,2,1,1,86190.34,0,0.22863129467272822,Low
3909,15599004,Tsao,655,Spain,Male,37,1,0.0,1,1,1,106040.97,0,0.13227689854765246,Low
3910,15726487,P'eng,431,France,Male,63,6,160982.89,1,1,1,168008.17,0,0.13030684344166593,Low
3911,15698716,Baker,620,France,Female,70,3,87926.24,2,1,0,33350.26,1,0.5256152403903376,Medium
3912,15710527,Matthews,782,France,Female,35,4,0.0,1,1,1,119565.34,0,0.13851310511415785,Low
3913,15655590,Garcia,581,Spain,Male,46,2,79385.21,2,0,0,188492.82,0,0.27684555905264846,Low
3914,15732266,Field,553,Germany,Male,53,5,127997.83,1,1,0,165378.66,1,0.876465742644617,High
3915,15669326,Gordon,658,France,Male,44,2,168396.34,1,1,1,14178.73,0,0.20842394671753287,Low
3916,15672246,Jefferies,686,Germany,Male,43,2,134896.03,1,1,1,97847.05,0,0.33404276047120096,Low
3917,15620276,Palermo,539,Spain,Male,36,6,0.0,3,1,1,118959.64,0,0.4070340964885161,Low
3918,15640258,Chou,685,France,Female,50,6,94238.75,2,1,1,50664.07,1,0.20491497753480784,Low
3919,15740283,Ewing,850,France,Male,29,1,0.0,2,0,0,152996.89,0,0.01408080447336637,Low
3920,15759717,Mazzi,763,Spain,Female,39,7,0.0,2,1,0,19458.75,0,0.05133218824103439,Low
3921,15620268,Thomson,634,Germany,Male,43,3,212696.32,1,1,0,115268.86,0,0.27677687885317726,Low
3922,15743871,Nkemdirim,567,France,Male,59,3,0.0,2,1,0,25843.7,1,0.5042567080826135,Medium
3923,15614491,Lockyer,539,France,Male,39,3,139153.68,2,1,0,147662.33,0,0.07935590908583828,Low
3924,15595047,Murray,764,France,Male,41,7,0.0,2,0,0,134878.34,0,0.03910327105604751,Low
3925,15732334,Black,653,France,Female,40,0,0.0,2,1,0,35795.85,0,0.062433012197642634,Low
3926,15701206,Torreggiani,566,Spain,Male,44,5,0.0,2,1,0,66462.79,0,0.06799304257364173,Low
3927,15581280,Atkinson,714,Germany,Male,29,6,92887.13,1,1,1,69578.49,0,0.09663103981524765,Low
3928,15651943,Richards,580,Spain,Female,65,1,0.0,2,0,1,103182.46,0,0.047159383305419834,Low
3929,15609545,Azubuike,548,France,Male,29,5,83442.98,1,0,1,177017.39,0,0.08008288119103814,Low
3930,15658548,Ignatiev,646,Germany,Female,36,6,144773.29,2,1,0,53217.3,0,0.12265717691368795,Low
3931,15626008,Miller,622,Germany,Female,52,9,111973.97,1,1,1,162756.29,1,0.6417265247729973,Medium
3932,15774133,Cox,706,France,Female,35,8,178032.53,1,0,1,42181.68,0,0.17150262506126543,Low
3933,15763798,McMillan,680,France,Male,23,5,140007.19,1,0,1,31714.08,0,0.05327339891422593,Low
3934,15758013,Napolitano,698,France,Male,37,5,98400.61,2,0,0,25017.28,0,0.047920649133907076,Low
3935,15705765,Lane,581,Spain,Female,46,1,0.0,2,1,0,104272.04,0,0.1694466863067409,Low
3936,15648362,Kennedy,728,Germany,Male,45,3,108924.33,2,1,0,84300.4,1,0.33538832621216813,Low
3937,15761102,T'ao,707,Spain,Female,32,4,132835.56,1,0,0,136877.24,0,0.14108876009164426,Low
3938,15610165,Hsiung,761,France,Female,26,1,0.0,2,1,1,199409.19,0,0.017070793130769115,Low
3939,15723717,Heath,483,Germany,Male,41,1,118334.44,1,0,0,163147.99,1,0.4614480210326949,Medium
3940,15654611,Parry,736,Germany,Female,25,9,81732.88,2,1,0,136497.28,0,0.058192292074148,Low
3941,15659736,Herbert,716,Germany,Male,66,5,121411.9,1,0,0,10070.4,1,0.8831332447359419,High
3942,15603170,Kang,654,France,Male,32,9,121455.65,1,1,0,190068.53,1,0.08796112132916842,Low
3943,15786167,Andreyeva,649,Spain,Male,20,5,0.0,2,1,1,58309.54,0,0.009415318867145025,Low
3944,15671915,Bowen,649,France,Male,46,5,0.0,2,1,1,76946.6,0,0.04906416900170466,Low
3945,15794792,Golubev,612,France,Female,31,8,117989.76,1,1,1,54129.86,0,0.0709123335828399,Low
3946,15652789,Hancock,657,Spain,Male,40,10,0.0,2,1,1,52990.7,0,0.02238107459883008,Low
3947,15739168,Fowler,511,France,Female,31,5,137411.29,1,0,1,161854.98,0,0.09788099782512909,Low
3948,15719950,Sutherland,682,France,Male,61,10,73688.2,1,1,1,172141.33,0,0.2019197930394074,Low
3949,15743818,Rowley,748,Spain,Male,58,9,122330.7,2,0,1,124429.19,0,0.14264000864516543,Low
3950,15717937,Gibbons,554,Germany,Male,43,5,99906.89,1,0,0,24983.39,0,0.5260924088629428,Medium
3951,15602841,Lockett,794,Spain,Female,28,5,0.0,2,0,1,86699.98,0,0.018824194060764313,Low
3952,15619972,Akabueze,807,France,Female,47,9,167664.83,1,0,0,125440.11,1,0.6782994536870253,Medium
3953,15796114,Phelps,594,France,Female,34,7,141525.55,1,0,0,9443.15,0,0.13081874007372515,Low
3954,15633546,Frederick,652,Spain,Female,33,3,124832.51,1,1,0,195877.06,0,0.13168972071763846,Low
3955,15758755,Beneventi,729,France,Female,34,9,132121.71,1,0,1,105409.31,0,0.07303426217731337,Low
3956,15695168,Bruce,625,France,Male,39,2,0.0,2,1,0,100403.05,0,0.03404514694081887,Low
3957,15754342,Green,597,Germany,Female,60,0,78539.84,1,0,1,48502.88,0,0.3424576116683949,Low
3958,15756610,Carlson,657,Germany,Female,38,5,123770.46,1,0,0,47019.66,1,0.41754282276096816,Low
3959,15640917,Tang,633,France,Male,43,5,0.0,2,1,1,48249.88,0,0.03544678412454396,Low
3960,15663164,Yudin,663,Germany,Male,49,7,116150.65,3,1,1,84358.71,1,0.9701865544203159,High
3961,15616811,MacDonald,535,France,Male,47,0,160729.1,1,0,1,145986.35,0,0.27826441204954244,Low
3962,15610781,Watt,702,France,Female,29,10,88378.6,1,1,0,88550.28,0,0.12877823845943753,Low
3963,15600911,Mbadiwe,712,France,Male,33,2,182888.08,1,1,0,3061.0,0,0.1622850212658907,Low
3964,15629603,Chuang,607,France,Male,31,8,0.0,2,1,1,43196.5,0,0.009431016526765,Low
3965,15714981,Sabbatini,476,France,Male,37,4,0.0,1,1,1,55775.84,1,0.12023191859553528,Low
3966,15775892,Caldwell,748,Spain,Female,23,8,85600.08,1,0,0,134077.71,0,0.17173754579747916,Low
3967,15782778,Ewers,815,France,Male,35,4,0.0,2,0,1,198490.33,0,0.01672137635683837,Low
3968,15786643,Tsao,602,France,Male,32,10,0.0,2,1,1,116052.92,0,0.010532612692295494,Low
3969,15595657,Hannam,649,Germany,Male,40,4,95001.33,1,0,1,123202.99,0,0.2855077450395551,Low
3970,15743673,Wood,551,Spain,Male,27,2,113873.22,1,1,1,85129.77,1,0.04603931700154405,Low
3971,15634310,Ko,509,France,Male,30,6,0.0,2,1,0,180598.86,0,0.02456618311124675,Low
3972,15790809,Lo Duca,685,Spain,Male,40,7,74896.92,1,1,0,198694.2,0,0.2594791329682685,Low
3973,15668695,Endrizzi,536,France,Female,22,5,89492.62,1,0,0,42934.43,0,0.12557416039229338,Low
3974,15669281,Ch'iu,711,Spain,Male,38,3,128718.78,1,0,0,114793.45,0,0.12118937865212095,Low
3975,15621031,Mofflin,761,Spain,Male,27,8,0.0,2,1,0,63297.7,0,0.01725615959445433,Low
3976,15720071,Fiorentini,535,France,Female,49,3,0.0,1,0,0,61820.41,1,0.7849308998110802,High
3977,15792180,Chiekwugo,566,Germany,Male,22,7,144954.75,2,1,0,102246.0,0,0.06828440862259977,Low
3978,15813894,Bogle,620,Spain,Male,21,9,0.0,2,0,0,154882.79,0,0.015976800084464532,Low
3979,15669490,Ifeanacho,837,Germany,Male,37,6,94001.61,2,1,0,140723.05,0,0.09133821901002193,Low
3980,15783030,Owens,685,France,Female,40,7,0.0,1,1,0,72852.74,1,0.3828469285007827,Low
3981,15695792,Ch'ien,673,France,Male,65,0,0.0,1,1,1,85733.33,0,0.15646435162604735,Low
3982,15575676,Chung,638,France,Male,24,1,0.0,2,0,1,162597.15,0,0.010886950457656565,Low
3983,15627665,Sung,614,France,Male,46,4,0.0,1,1,0,74379.57,1,0.5925915001208047,Medium
3984,15814092,Wang,626,France,Female,44,2,0.0,1,0,1,173117.22,1,0.5284502891081289,Medium
3985,15695225,Sun,834,Spain,Male,38,8,0.0,2,1,1,66485.26,0,0.01642124133923465,Low
3986,15615091,Maitland,691,France,Male,24,6,0.0,2,1,1,92811.2,0,0.010285043117443514,Low
3987,15794345,Ma,706,Spain,Male,38,8,0.0,2,0,1,46635.11,0,0.016813617758569006,Low
3988,15726484,Pollard,633,France,Male,37,7,141546.35,1,1,1,124830.11,0,0.0659434660267454,Low
3989,15650442,Hsieh,644,Germany,Female,32,8,141528.88,1,1,1,167087.34,1,0.17823784183418354,Low
3990,15714256,Gerasimov,666,France,Male,30,7,109805.3,1,0,1,163625.56,0,0.04559013550095047,Low
3991,15778752,Johnson,708,France,Male,32,10,86614.06,2,1,1,172129.26,0,0.02020732462368928,Low
3992,15601659,Fiorentino,496,Germany,Female,59,7,91680.1,2,1,0,163141.18,1,0.8600060033336899,High
3993,15602811,Chioke,730,Germany,Male,38,0,38848.19,2,0,0,94003.11,0,0.03739736736068868,Low
3994,15779414,Rossi,696,Spain,Male,40,3,153639.11,1,1,1,138351.68,0,0.08243859494386543,Low
3995,15763097,Siciliano,809,Spain,Male,80,8,0.0,2,0,1,34164.05,0,0.0066079573000856155,Low
3996,15633666,Efremov,701,Spain,Female,33,7,123870.07,1,1,0,97794.71,0,0.1362759166969029,Low
3997,15718789,Brigstocke,604,France,Male,30,5,0.0,2,1,0,75786.55,0,0.01595262452414376,Low
3998,15690620,Olisaemeka,665,France,Male,39,10,46323.57,1,1,0,136812.02,0,0.20041981282336763,Low
3999,15737071,Tang,639,France,Female,60,5,162039.78,1,1,1,84361.72,1,0.25264358776367923,Low
4000,15665062,Lucchese,696,France,Male,19,1,110928.51,1,1,1,2766.63,0,0.03637288889545435,Low
4001,15600692,West,520,France,Male,38,5,0.0,2,1,0,163185.76,0,0.03539174584569238,Low
4002,15792064,Pai,545,Germany,Male,53,5,114421.55,1,1,0,180598.28,1,0.8962897719354448,High
4003,15811486,Tang,634,Germany,Female,29,8,130036.21,2,0,1,69849.55,0,0.08728261216494451,Low
4004,15626141,Fedorov,750,France,Female,26,1,151510.17,2,1,1,19921.72,0,0.040655333225761106,Low
4005,15738546,Gboliwe,530,Spain,Female,41,4,0.0,2,0,1,147606.71,0,0.07247133227102177,Low
4006,15677052,Ko,589,France,Female,59,2,0.0,2,1,1,126160.24,1,0.08430154435002139,Low
4007,15656454,Le Gallienne,654,France,Male,37,6,83568.55,1,1,0,47046.72,0,0.1285100680971966,Low
4008,15645496,Seleznyova,648,France,Female,43,7,139972.18,1,1,0,143668.58,0,0.37790136311316297,Low
4009,15612505,Joseph,835,Spain,Male,45,3,100212.13,1,1,0,152577.62,0,0.3424561483437339,Low
4010,15708513,Bevan,446,France,Female,39,1,90217.07,1,1,0,191350.48,0,0.3059005277878199,Low
4011,15685654,Allan,514,Spain,Male,66,9,0.0,2,1,1,14234.31,0,0.017269212061994086,Low
4012,15732307,Lavrentiev,694,Germany,Male,33,4,124067.32,1,1,1,77906.87,0,0.1281592857707032,Low
4013,15726814,Walton,554,Spain,Male,46,4,0.0,2,0,1,57320.92,0,0.06034100935917652,Low
4014,15653776,Salier,720,Germany,Female,57,1,162082.31,4,0,0,27145.73,1,0.9966597165908541,High
4015,15597914,Evdokimov,641,Germany,Female,51,2,117306.69,4,1,1,26912.72,1,0.9921870753962715,High
4016,15631603,Ponomaryova,813,France,Male,32,1,122889.88,1,1,1,26476.18,0,0.05322369768138136,Low
4017,15789753,Millar,480,France,Male,40,6,148790.61,1,0,1,79329.7,0,0.10328774433284095,Low
4018,15678034,Grosse,811,France,Male,46,9,180226.24,1,1,0,13464.64,1,0.684508543310692,Medium
4019,15690209,Hsiao,715,Germany,Female,32,3,104857.19,2,1,0,114149.8,0,0.10817963781702544,Low
4020,15592091,Belbin,620,Spain,Male,31,2,166833.86,2,1,1,135171.6,0,0.04198269861338881,Low
4021,15647453,Ifeajuna,721,France,Male,42,4,102936.72,1,0,0,1187.88,0,0.19848614656365746,Low
4022,15697100,Wright,772,Germany,Female,48,6,108736.52,1,1,0,184564.67,1,0.8381428267100033,High
4023,15811290,Komarova,680,Germany,Male,44,0,129974.79,2,1,1,33391.38,0,0.2264374596057383,Low
4024,15629187,Titheradge,535,France,Male,38,8,85982.07,1,1,0,9238.35,0,0.15315457236252586,Low
4025,15758073,Dellucci,655,France,Female,20,7,134397.61,1,0,0,28029.54,0,0.11188885998370797,Low
4026,15640769,Hobbs,660,France,Male,63,8,137841.53,1,1,1,42790.29,0,0.13661272551083897,Low
4027,15606641,Beggs,762,Germany,Male,56,10,100260.88,3,1,1,77142.42,1,0.95530341044701,High
4028,15718280,Luffman,662,Germany,Male,39,5,139822.11,2,1,1,146219.9,0,0.0732964046249242,Low
4029,15764335,Caldwell,463,Germany,Female,41,8,123151.51,2,1,0,70127.93,0,0.2310324622592789,Low
4030,15634218,Mancini,501,Germany,Male,27,4,95331.83,2,1,0,132104.76,0,0.06642217759842624,Low
4031,15808760,Evseev,603,Spain,Female,42,6,0.0,1,1,1,90437.87,0,0.29083644549148663,Low
4032,15648461,Hs?eh,688,Spain,Male,37,7,138162.41,2,1,1,113926.31,0,0.036764232226943666,Low
4033,15593555,Chinedum,430,France,Male,38,9,0.0,2,1,1,12050.77,0,0.014946782128689315,Low
4034,15569079,Hagins,632,Germany,Male,48,6,126066.26,1,1,0,64345.61,1,0.7981647461120621,High
4035,15800736,Kirwan,601,Spain,Female,42,4,96763.89,1,1,1,199242.65,0,0.234720538298621,Low
4036,15792607,Little,769,France,Female,38,2,0.0,2,0,0,75578.67,0,0.039865217727756926,Low
4037,15640034,Milligan,551,France,Male,42,2,139561.46,1,1,0,43435.43,1,0.2420563349338233,Low
4038,15807563,Ch'iu,841,France,Female,52,5,0.0,1,0,0,183239.71,1,0.8980663294707921,High
4039,15684461,McKay,469,Spain,Female,31,6,0.0,1,1,0,146213.75,1,0.27228874605966036,Low
4040,15580134,Crawford,479,Spain,Male,27,2,172463.45,1,1,1,40315.27,0,0.06407786914008869,Low
4041,15679075,Onyemere,701,France,Male,37,8,107798.85,1,1,0,16966.73,0,0.11510056623979145,Low
4042,15742504,Azuka,593,France,Male,36,2,70181.48,2,1,0,80608.12,0,0.035021798400787896,Low
4043,15567328,Ch'en,738,Spain,Male,38,5,177997.07,1,0,1,19233.41,0,0.11843044103958836,Low
4044,15698294,Royster,635,Spain,Male,31,1,0.0,2,1,0,135382.23,0,0.01752548443087921,Low
4045,15607142,Parkin,658,France,Male,32,8,0.0,1,1,1,80410.68,0,0.07175058084734866,Low
4046,15738516,Kozlova,687,Spain,Female,36,5,0.0,1,1,0,17696.22,0,0.2664575787998195,Low
4047,15806403,Hu,650,France,Male,37,9,0.0,2,1,0,17974.08,0,0.020836085075544512,Low
4048,15656707,Ma,720,Spain,Male,21,2,123200.78,1,1,1,180712.28,0,0.041757113332838824,Low
4049,15653715,Coates,602,France,Female,63,7,0.0,2,1,1,56323.21,0,0.05178045520895676,Low
4050,15806184,Burns,618,Spain,Male,33,4,0.0,2,1,1,77550.18,0,0.012943795645467363,Low
4051,15585734,Gouger,803,Germany,Male,41,9,137742.9,2,1,1,166957.82,0,0.0900755982834485,Low
4052,15725639,Ignatyev,793,France,Female,63,9,116270.72,1,1,1,184243.25,0,0.24678025975079226,Low
4053,15618401,Douglas,616,Germany,Male,41,10,113220.2,2,1,1,114072.91,0,0.13494468371261117,Low
4054,15785385,Fiorentino,550,Spain,Male,51,5,0.0,2,1,0,153917.41,0,0.2626611508416693,Low
4055,15734762,Ignatiev,602,France,Female,56,3,115895.22,3,1,0,4176.17,1,0.9963581319158986,High
4056,15767129,Munz,452,France,Female,60,6,121730.49,1,1,1,142963.29,0,0.25308529320130563,Low
4057,15797204,Paling,655,Spain,Female,28,3,113811.85,2,0,1,76844.23,0,0.05133779879663345,Low
4058,15769272,Clark,510,France,Female,26,6,136214.08,1,0,0,159742.33,0,0.14940947162925758,Low
4059,15771966,Akobundu,557,France,Male,39,8,146200.01,1,1,0,177944.64,0,0.1608814803243419,Low
4060,15691952,Fanucci,676,France,Male,37,10,106242.67,1,1,1,166678.28,0,0.05406486918941308,Low
4061,15593250,Hsiao,640,France,Female,29,4,0.0,2,1,0,44904.26,0,0.024957938054362496,Low
4062,15605333,Clancy,529,Spain,Male,31,6,0.0,1,1,0,10625.91,0,0.16483933181378832,Low
4063,15800083,Macdonald,559,France,Male,45,8,24043.45,1,0,1,169781.45,1,0.41148095801327866,Low
4064,15575691,Palerma,689,France,Female,58,5,0.0,2,0,1,49848.86,0,0.07219658197373369,Low
4065,15689886,Holden,626,Germany,Male,39,10,132287.92,3,1,1,51467.92,1,0.9224687011573788,High
4066,15809838,Moore,697,Spain,Male,30,1,0.0,2,0,0,735.79,0,0.017386491013696263,Low
4067,15736154,Gallo,823,France,Female,44,1,0.0,2,0,1,182495.7,0,0.08858463916038298,Low
4068,15767391,Otutodilinna,565,Germany,Female,32,4,90322.99,2,0,1,118740.37,0,0.05996394018674791,Low
4069,15704910,Rios,631,Spain,Male,23,3,0.0,2,1,0,13813.24,0,0.019603213074112995,Low
4070,15656613,McGregor,646,France,Female,34,3,131283.11,1,0,0,130500.65,0,0.12181590520069047,Low
4071,15611551,Hill,676,Spain,Male,48,1,131659.59,2,0,1,14152.15,0,0.1999594981591245,Low
4072,15732430,H?,850,Spain,Female,54,4,120952.74,1,1,0,66963.15,0,0.7915267826541629,High
4073,15741865,Ferrari,810,France,Female,38,9,153166.17,1,1,1,93261.69,0,0.08472711402767247,Low
4074,15634143,Onyemauchechi,581,Spain,Male,30,0,53291.86,1,0,0,196582.28,0,0.14449146538199767,Low
4075,15609676,Nkemakonam,718,France,Female,35,2,167924.95,1,1,0,43024.64,0,0.18060558563500959,Low
4076,15761600,White,713,France,Male,43,5,86394.14,1,1,1,130001.13,0,0.14973718768122143,Low
4077,15676404,Kirillov,672,France,Female,50,1,0.0,1,1,0,12106.82,1,0.8236209262755166,High
4078,15659236,Iadanza,781,Spain,Male,33,3,0.0,2,1,1,42556.33,0,0.011030499816194184,Low
4079,15690440,Stiles,656,Spain,Male,47,1,0.0,2,1,1,197961.93,0,0.07203138758711404,Low
4080,15694601,Ankudinov,583,France,Female,31,4,158978.79,1,1,0,12538.92,0,0.1287906286309704,Low
4081,15812262,Gaffney,808,Germany,Female,37,2,100431.84,1,1,0,35140.49,1,0.38686550947877335,Low
4082,15762821,Udinese,721,Spain,Male,33,5,0.0,2,0,1,117626.9,0,0.011379716855494746,Low
4083,15669301,Romani,778,Germany,Female,29,6,150358.97,1,1,0,62454.01,1,0.2705657502741418,Low
4084,15672640,Kambinachi,850,Spain,Female,45,4,114347.85,2,1,1,109089.04,0,0.14255860264059822,Low
4085,15750458,Hawkins,693,France,Female,39,4,0.0,2,0,1,142331.39,0,0.04379707905422397,Low
4086,15627251,Tsui,520,France,Male,34,4,134007.9,1,1,1,193209.11,0,0.05117236321901567,Low
4087,15764294,Ifeatu,759,Germany,Male,31,4,98899.91,1,1,1,47832.82,0,0.1203593171915562,Low
4088,15659962,McIntosh,637,France,Male,60,3,0.0,2,1,1,70174.03,0,0.04555802746536842,Low
4089,15788536,Armit,755,Germany,Male,40,2,137430.82,2,0,0,176768.59,0,0.1399234382880765,Low
4090,15596979,Fang,662,France,Female,47,6,0.0,2,1,1,129392.75,0,0.09761145258547752,Low
4091,15681220,Chou,503,France,Female,37,8,0.0,2,1,1,97893.32,0,0.02759716933092073,Low
4092,15635097,Okeke,599,Germany,Male,39,2,188976.89,2,0,1,176142.09,0,0.022217422126368108,Low
4093,15780779,Ramsbotham,583,Spain,Female,40,4,0.0,2,1,0,114093.73,0,0.06630020551191916,Low
4094,15798470,Scannell,764,Spain,Female,48,1,75990.97,1,1,0,158323.81,1,0.730663174986106,Medium
4095,15760880,Edman,513,France,Male,29,10,0.0,2,0,1,25514.77,0,0.009736333112539245,Low
4096,15616929,De Luca,730,Spain,Male,62,5,112181.08,1,0,1,61513.87,0,0.1777743397478728,Low
4097,15758775,Vasilyeva,820,Spain,Male,34,10,97208.46,1,1,1,59553.34,0,0.041870007803936966,Low
4098,15663386,Tuan,597,Spain,Female,26,7,0.0,2,1,0,110253.2,0,0.028875573835707255,Low
4099,15621267,Ejimofor,637,France,Male,32,5,0.0,1,0,0,148769.08,0,0.15222225116886895,Low
4100,15720509,Hs?,696,France,Male,34,9,150856.79,1,0,1,8236.78,0,0.04291047572818173,Low
4101,15693322,Shaver,635,Germany,Female,37,9,146748.07,1,0,1,11407.58,0,0.2659258093314962,Low
4102,15589544,Wallis,673,Spain,Female,57,4,0.0,2,1,1,49684.09,0,0.074964976425663,Low
4103,15772030,Coupp,662,Spain,Male,33,3,0.0,2,0,1,68064.83,0,0.012794265917707643,Low
4104,15693337,Perry,683,Spain,Male,41,0,148863.17,1,1,1,163911.32,0,0.0902817693308454,Low
4105,15676571,Bezrukova,850,France,Male,55,6,0.0,1,1,0,944.41,1,0.8766005365876418,High
4106,15701392,Lucciano,815,Spain,Male,28,6,0.0,2,0,1,185547.71,0,0.014751519341354498,Low
4107,15741092,Ingram,671,Spain,Male,34,10,153360.02,1,1,0,140509.86,0,0.07020982688994794,Low
4108,15643865,Lo Duca,601,France,Female,40,3,92055.36,1,0,1,164652.02,1,0.24123194959517147,Low
4109,15769389,Wan,709,Germany,Female,39,9,124723.92,1,1,0,73641.86,0,0.4728721212885434,Medium
4110,15807768,Cohn,702,Germany,Male,28,1,103033.83,1,1,1,40321.87,0,0.12704201374818294,Low
4111,15801630,Yen,558,France,Male,40,6,0.0,2,1,0,173844.89,0,0.04840254192605829,Low
4112,15705034,Peng,691,Spain,Male,40,1,0.0,2,1,1,145613.17,0,0.025391992941415222,Low
4113,15763107,Little,700,France,Female,30,9,0.0,1,1,1,174971.64,0,0.14744637388717965,Low
4114,15667085,Meng,667,France,Male,33,4,0.0,2,1,1,131834.75,0,0.01126177647712575,Low
4115,15647008,Adams,624,Germany,Male,54,3,116726.22,1,1,0,110498.1,1,0.914987691241894,High
4116,15584505,Hill,580,France,Female,23,5,113923.81,2,0,0,196241.43,0,0.0907289308390762,Low
4117,15748068,Boyle,571,Spain,Female,31,3,0.0,2,1,1,194667.92,0,0.026800193441149877,Low
4118,15663964,Pagnotto,561,France,Male,37,5,0.0,2,1,0,83093.25,0,0.023838585188510047,Low
4119,15782311,Feng,529,France,Male,28,9,0.0,2,1,1,52545.24,0,0.010390933687499942,Low
4120,15588197,Endrizzi,670,France,Male,36,7,0.0,2,0,0,59571.5,0,0.01729760327253205,Low
4121,15610105,Shen,666,Germany,Female,21,1,121827.43,2,1,1,99818.31,0,0.059983446322768454,Low
4122,15606133,Lay,628,Spain,Male,42,7,0.0,2,0,1,172967.87,0,0.04595785069839096,Low
4123,15599403,Wu,577,France,Male,60,10,125389.7,2,1,1,178616.73,0,0.11750896442518953,Low
4124,15648225,Shephard,652,Spain,Female,38,1,103895.31,1,0,1,159649.44,0,0.12506612118521024,Low
4125,15608406,Schmidt,678,France,Male,26,5,111128.04,1,1,0,60941.27,1,0.08612741375475307,Low
4126,15633378,Davidson,692,Spain,Female,49,9,0.0,2,1,0,178342.63,0,0.30948806871827844,Low
4127,15664759,Lamb,675,Spain,Male,32,10,0.0,2,1,0,191545.65,0,0.01877868509146198,Low
4128,15625545,Hussey,712,Spain,Male,52,9,0.0,1,1,1,117977.45,1,0.3747996498144571,Low
4129,15772148,Ferrari,639,Germany,Female,37,5,151242.48,1,0,1,49637.65,0,0.21733732897808605,Low
4130,15810829,Macfarlan,618,France,Male,48,7,0.0,1,1,0,13921.82,1,0.6878446842495035,Medium
4131,15731669,Szabados,554,France,Male,39,2,129709.62,1,1,0,173197.12,0,0.15395721196720907,Low
4132,15738634,Yuan,533,France,Male,47,9,83347.25,1,1,1,137696.25,0,0.2938842216959596,Low
4133,15737571,Matveyev,540,Spain,Female,28,6,84121.04,1,0,1,80698.54,0,0.08692248378145401,Low
4134,15667602,Cheng,704,Spain,Male,33,3,0.0,2,1,0,73018.74,0,0.01909426064738297,Low
4135,15684147,Palerma,678,France,Male,43,5,102338.19,1,1,1,79649.62,0,0.12343923420121937,Low
4136,15789874,Wang,712,France,Female,29,3,87375.78,2,0,0,166194.53,0,0.07976726474648096,Low
4137,15757952,Teng,651,France,Male,44,2,0.0,3,1,0,102530.35,1,0.787482289811587,High
4138,15698732,K'ung,789,Germany,Male,51,3,104677.09,1,1,0,74265.38,0,0.8604571375119922,High
4139,15714355,Sinclair,775,Germany,Male,32,8,121669.23,1,0,1,125898.39,0,0.1305852706019561,Low
4140,15599090,McKelvey,564,Germany,Male,40,7,108407.34,1,1,1,83681.2,0,0.2644982605835251,Low
4141,15762048,Yuan,841,Germany,Female,33,7,154969.79,2,1,1,99505.75,0,0.05484991293617387,Low
4142,15790596,Moran,850,Spain,Male,39,0,141829.67,1,1,1,92748.16,0,0.06799112084316535,Low
4143,15609623,McConnell,637,France,Female,63,5,0.0,1,1,0,28092.77,1,0.9293746333973093,High
4144,15711901,Iheatu,500,France,Male,45,2,109162.82,1,1,1,126145.08,0,0.19368190955554393,Low
4145,15779809,Giordano,655,France,Male,44,8,87471.63,1,0,1,188593.98,0,0.2567649368188065,Low
4146,15729018,Alexander,666,France,Female,33,2,147229.65,1,1,1,56410.17,0,0.08193912548180689,Low
4147,15698246,Gordon,658,France,Female,24,2,0.0,2,1,1,84694.49,0,0.018544294900515866,Low
4148,15712409,Tang,749,Germany,Male,66,6,182532.23,2,1,1,195429.92,0,0.022451526095568823,Low
4149,15758306,T'an,654,France,Male,32,6,0.0,2,1,1,137898.57,0,0.01096437137657479,Low
4150,15621435,Davies,623,France,Female,39,1,160903.2,1,0,0,78774.36,0,0.1926807602182664,Low
4151,15566295,Sanders,761,France,Female,33,6,138053.79,2,1,0,148779.41,0,0.0822938713907684,Low
4152,15569098,Winifred,627,France,Male,44,6,153548.12,1,0,0,35300.08,1,0.268517021908797,Low
4153,15662532,Holmes,757,Germany,Male,31,8,149085.9,2,1,1,197077.36,0,0.02647410767916778,Low
4154,15664001,Riddle,695,Germany,Female,53,8,95231.91,1,0,0,70140.8,1,0.8964448120254451,High
4155,15703437,Chinedum,726,France,Male,34,3,0.0,2,1,0,196288.46,0,0.023642685385534212,Low
4156,15708003,Aleksandrova,587,Spain,Male,41,8,85109.21,1,1,0,1557.82,0,0.2140450368686606,Low
4157,15599452,Conti,605,Germany,Female,43,8,125338.8,2,1,0,23970.13,0,0.2879737069263106,Low
4158,15719793,Watson,850,Spain,Male,62,5,0.0,2,1,1,180243.56,0,0.05576600731663341,Low
4159,15771580,Davison,850,France,Female,38,0,106831.69,1,0,1,148977.72,0,0.10500490524750855,Low
4160,15732268,Cook,751,France,Male,29,3,159597.45,1,1,0,39934.41,0,0.08691076351194049,Low
4161,15722350,Udinesi,627,Germany,Female,37,7,147361.57,1,1,1,133031.96,0,0.21046795171776894,Low
4162,15611371,Siciliani,736,France,Male,43,4,176134.54,1,1,1,52856.88,0,0.2258000606334205,Low
4163,15673584,Bell,652,France,Female,74,5,0.0,2,1,1,937.15,0,0.008152178285889126,Low
4164,15636396,Jackson,627,France,Female,35,7,0.0,2,0,1,193022.44,0,0.040511042933728314,Low
4165,15706170,Onyemere,636,France,Male,34,1,84055.43,1,0,0,37490.84,0,0.08577977089148568,Low
4166,15725478,McClemans,775,France,Male,60,7,0.0,2,1,1,111558.7,0,0.048345842793477284,Low
4167,15654562,Ma,850,Spain,Female,45,5,174088.3,4,1,0,5669.31,1,0.9914159702276681,High
4168,15737509,Morrison,850,Spain,Male,34,8,199229.14,1,0,0,68106.29,0,0.33062623058037766,Low
4169,15690796,Chambers,516,France,Male,37,8,0.0,1,1,0,101834.58,0,0.2144254189446943,Low
4170,15716728,Basedow,513,Spain,Female,42,10,0.0,2,0,1,73151.25,0,0.05759523590371677,Low
4171,15605665,Nwora,673,Germany,Female,69,3,78833.15,2,1,1,37196.15,0,0.051609506140254696,Low
4172,15748481,Howey,564,France,Female,27,6,0.0,1,0,0,7819.76,0,0.1678617436915308,Low
4173,15757777,Pai,636,France,Female,35,2,0.0,2,1,1,23129.46,0,0.02173865125619763,Low
4174,15747808,Ni,712,France,Male,29,3,102540.61,1,1,1,189680.79,0,0.04787185467890554,Low
4175,15810593,Forbes,568,France,Male,51,4,0.0,3,1,1,66586.56,0,0.8619419825566635,High
4176,15693376,Baryshnikov,741,Spain,Male,43,0,0.0,2,1,1,2920.63,1,0.06298787885917333,Low
4177,15579808,Kramer,754,Germany,Female,39,8,129401.87,1,1,1,87684.93,0,0.27580542819925674,Low
4178,15598275,Sochima,709,France,Female,32,7,0.0,2,1,1,199418.02,0,0.0216796634721659,Low
4179,15737080,Marchesi,510,France,Female,32,1,0.0,2,0,1,28515.17,0,0.01906568867181367,Low
4180,15668580,Todd,716,Spain,Male,33,2,0.0,2,1,1,92916.53,0,0.011488581702900943,Low
4181,15569438,Mai,607,Germany,Male,36,10,106702.94,2,0,0,198313.69,0,0.08154913854099777,Low
4182,15675842,Pinto,656,Spain,Male,26,4,139584.57,1,1,0,36308.93,0,0.09843569036177939,Low
4183,15577587,Reynolds,550,Germany,Male,52,5,121016.23,1,1,1,41730.37,1,0.557295071950475,Medium
4184,15625592,Sal,486,France,Male,26,2,0.0,2,1,1,31399.4,0,0.01013859928866107,Low
4185,15635141,Miller,598,Germany,Male,59,8,118210.42,2,0,0,60192.14,1,0.8415256937423731,High
4186,15642570,Scott,675,Spain,Male,35,8,0.0,2,1,0,29062.25,0,0.018382182578214973,Low
4187,15702175,Herrin,755,France,Female,29,4,148654.84,2,1,1,28805.09,0,0.04566304355422529,Low
4188,15677785,Stevenson,656,Spain,Male,32,5,136963.12,1,1,0,133814.28,0,0.08439985646931841,Low
4189,15786153,McKenzie,644,Germany,Male,47,9,137774.11,2,1,0,151902.78,0,0.40067968494414913,Low
4190,15759499,Gardiner,598,France,Female,32,4,111156.52,1,1,1,167376.26,0,0.09086392201586763,Low
4191,15659568,Atkinson,850,Spain,Female,31,3,121237.65,1,1,1,31022.56,0,0.06950046033095975,Low
4192,15715597,Onyemauchechi,679,France,Male,36,1,97234.58,1,1,0,188997.08,0,0.10683403215782324,Low
4193,15610147,Ross,632,France,Male,60,2,0.0,2,0,1,2085.32,0,0.049550796483081895,Low
4194,15802362,Newland,550,Spain,Male,45,0,0.0,2,0,1,70399.71,0,0.06956490868854684,Low
4195,15660524,Hu,572,Germany,Female,54,9,97382.53,1,1,1,195771.95,0,0.5616111501544045,Medium
4196,15747168,Sanders,626,Germany,Female,47,2,103108.8,1,0,1,166475.44,1,0.6646129267934033,Medium
4197,15796910,Tsui,625,Spain,Female,57,7,0.0,1,0,0,84106.17,1,0.9325614485882072,High
4198,15707674,Marino,515,France,Female,58,2,131852.81,1,1,0,81436.68,1,0.8535402482294397,High
4199,15565706,Akobundu,612,Spain,Male,35,1,0.0,1,1,1,83256.26,1,0.11236869593426199,Low
4200,15587596,Morrison,628,Spain,Female,39,8,107553.33,1,1,0,117523.41,0,0.19517784686698272,Low
4201,15751943,Mai,529,Spain,Female,43,5,0.0,2,0,0,79476.63,0,0.08927221491521505,Low
4202,15621227,Hs?eh,668,Germany,Female,46,7,161806.09,1,1,1,173052.19,0,0.4406629621133702,Low
4203,15757588,Wright,526,France,Male,30,9,0.0,2,0,0,100995.68,0,0.016299042026478805,Low
4204,15640922,Demaine,791,France,Female,52,7,0.0,1,1,1,122782.5,0,0.48976325569018075,Medium
4205,15567557,Chien,573,France,Male,27,2,128243.03,1,1,1,11631.34,0,0.0502657279592143,Low
4206,15670103,Dickinson,565,France,Female,38,5,126645.13,1,1,1,168303.55,0,0.13334300992120432,Low
4207,15720929,Kazantseva,604,France,Female,47,8,62094.71,3,0,0,9308.1,1,0.952217780328355,High
4208,15732774,Marchesi,656,France,Male,37,7,112291.34,1,1,0,153157.97,0,0.10763230386843044,Low
4209,15628558,Pan,447,France,Female,44,5,89188.83,1,1,1,75408.24,0,0.24416320067110792,Low
4210,15729201,Harewood,682,France,Male,55,9,0.0,1,1,0,153356.8,1,0.8809496880704775,High
4211,15731117,Kao,437,Spain,Male,28,2,109161.25,1,1,0,152987.42,0,0.08893517137172613,Low
4212,15615207,Yeh,792,Spain,Male,47,0,0.0,1,1,1,5557.88,1,0.43279944298425194,Low
4213,15773512,Bischof,627,Spain,Female,25,4,0.0,1,1,1,194313.93,0,0.18647760685070924,Low
4214,15572145,Ashton,767,France,Female,34,8,0.0,2,1,0,94767.77,0,0.03020023598018484,Low
4215,15642710,Napolitani,686,France,Male,26,7,0.0,2,1,0,1540.89,0,0.01361098414309456,Low
4216,15574213,Wilson,789,France,Female,53,1,158271.74,1,1,1,5036.39,1,0.27841573792831287,Low
4217,15718852,Uren,794,France,Male,56,9,96951.21,1,1,1,71776.76,0,0.18997008960969902,Low
4218,15583840,Okechukwu,587,Germany,Male,35,5,121863.61,1,1,1,23481.69,1,0.17490944178286902,Low
4219,15782418,Ku,589,Germany,Female,19,9,83495.11,1,1,1,143022.31,1,0.10220369394354567,Low
4220,15813504,Onyemachukwu,543,Germany,Female,25,1,146566.01,1,0,1,161407.48,0,0.15963391781319008,Low
4221,15711314,Kao,589,Spain,Female,45,1,0.0,1,0,0,125939.22,1,0.6442794453652807,Medium
4222,15621064,Russell,701,Germany,Male,23,5,186101.18,2,1,1,76611.33,0,0.015535174580695124,Low
4223,15627847,Woronoff,850,France,Male,40,6,0.0,1,1,0,136985.08,1,0.32079627535870364,Low
4224,15588090,Ferri,726,Germany,Female,51,8,107494.86,2,1,0,140937.91,1,0.6965499238941425,Medium
4225,15735270,Ruggiero,767,Spain,Male,47,2,0.0,1,1,0,48161.18,1,0.6537744634006037,Medium
4226,15671804,Wilding,648,Spain,Male,36,8,146943.38,2,1,1,130041.45,0,0.034874502465366636,Low
4227,15753215,Yashina,651,Spain,Female,36,8,0.0,2,1,0,91652.43,0,0.033838031931655736,Low
4228,15789941,Yevseyev,633,France,Female,36,6,125130.28,1,0,0,125961.48,0,0.14622028373368717,Low
4229,15691061,Rapuokwu,740,France,Female,37,9,0.0,2,1,1,73225.31,0,0.023002188113488857,Low
4230,15808326,Maslov,592,France,Female,34,9,0.0,2,1,1,20460.2,0,0.015778951757244267,Low
4231,15566660,Cole,670,France,Female,41,10,0.0,3,1,0,81602.02,0,0.6517949619616827,Medium
4232,15778947,Sullivan,628,France,Male,36,3,0.0,2,1,1,8742.91,0,0.014386041724147161,Low
4233,15632977,Hsiao,745,France,Male,47,5,0.0,2,0,0,145789.71,0,0.14041905254260606,Low
4234,15591747,Rossi,705,France,Male,32,3,0.0,2,0,0,129576.99,0,0.017163407703323343,Low
4235,15567335,Allsop,559,France,Female,42,7,0.0,2,1,1,190040.29,0,0.07258716035318588,Low
4236,15609299,Chamberlain,595,France,Male,29,6,150685.79,1,1,0,87771.06,0,0.07676397937773909,Low
4237,15669945,Jackson,492,France,Male,35,4,141359.37,2,1,0,39519.53,0,0.051680871255880834,Low
4238,15736271,Dumetochukwu,498,France,Female,29,9,0.0,1,1,0,190035.83,0,0.29452985280568483,Low
4239,15710390,Uspensky,655,France,Female,39,6,94631.26,2,1,1,148948.52,0,0.09058073095262516,Low
4240,15756481,Garcia,636,France,Female,39,3,118336.14,1,1,0,184691.77,0,0.24876718592878574,Low
4241,15736730,Soto,634,France,Female,45,2,0.0,1,1,1,143458.31,0,0.47400544746303597,Medium
4242,15626040,McDonald,793,Spain,Male,63,0,0.0,2,0,1,27166.75,0,0.08156897631256448,Low
4243,15746553,Castles,526,Germany,Male,50,5,124233.24,1,0,1,159456.87,1,0.5893893023926701,Medium
4244,15622518,Stephenson,768,France,Female,26,5,51116.26,1,1,1,70454.79,1,0.09167540521043005,Low
4245,15684908,Davidson,540,Germany,Male,64,1,91869.69,1,0,1,95421.0,0,0.328153888881267,Low
4246,15569446,Tu,732,France,Female,34,8,122338.43,2,1,0,187985.85,0,0.08773615205894769,Low
4247,15777504,Colbert,617,France,Female,30,8,0.0,1,1,1,92621.9,0,0.12211000911828168,Low
4248,15677906,Owens,637,Spain,Female,54,5,0.0,1,0,1,150836.98,0,0.5235564026567611,Medium
4249,15703292,Chimezie,573,France,Male,26,8,86270.93,2,1,1,90177.3,0,0.02073772764920262,Low
4250,15712938,Genovese,531,France,Male,44,3,0.0,2,1,1,34416.79,0,0.045653098467957766,Low
4251,15631359,Daluchi,489,France,Female,38,5,117289.92,1,0,0,85231.88,0,0.16763423701772165,Low
4252,15720847,Sheffield,601,France,Male,35,2,0.0,2,1,1,118983.18,0,0.014032716947762295,Low
4253,15787830,Bailey,452,Germany,Male,33,7,153663.27,1,1,0,111868.23,0,0.15757769951068204,Low
4254,15599869,Dyson,728,Spain,Female,29,1,0.0,1,1,1,83056.22,0,0.11392500293251266,Low
4255,15592078,Davide,590,Germany,Female,27,8,123599.49,2,1,0,1676.92,0,0.11760434009944928,Low
4256,15596228,Uwaezuoke,490,France,Male,29,4,0.0,2,1,0,32089.57,0,0.014227734512101806,Low
4257,15578462,Hs?,596,Spain,Female,76,9,134208.25,1,1,1,13455.43,0,0.028607558250007003,Low
4258,15756894,Onwuka,635,France,Male,29,1,0.0,1,0,1,24865.54,0,0.08429272632820758,Low
4259,15796167,Flores,782,Germany,Male,35,7,98556.89,2,1,0,117644.36,0,0.07871783156293015,Low
4260,15664808,Nicoll,790,Spain,Female,37,3,0.0,3,0,0,98897.32,0,0.6005378910402615,Medium
4261,15664555,Hughes,587,France,Male,40,2,0.0,4,0,1,106174.7,1,0.8146576699031605,High
4262,15607278,Romano,794,Spain,Female,46,8,134593.79,1,1,1,46386.37,0,0.2360159448302325,Low
4263,15585222,Norman,515,France,Male,41,8,0.0,2,1,1,185054.14,0,0.04173777853271357,Low
4264,15750299,Davison,746,Spain,Male,24,10,68781.82,1,0,1,47997.39,0,0.06180675724395361,Low
4265,15761294,Manna,667,Germany,Female,56,8,137464.04,1,1,0,130846.79,1,0.9371244932696243,High
4266,15810454,Reed,709,France,Male,32,4,147307.91,1,0,1,40861.55,0,0.05394469327848333,Low
4267,15673984,Daniels,536,France,Female,35,8,0.0,1,1,0,171840.24,1,0.3323048592260585,Low
4268,15609319,Hunt,711,France,Female,41,3,145754.91,1,1,1,101455.07,0,0.14048584676349415,Low
4269,15709941,Feng,753,France,Male,46,8,0.0,3,1,0,90747.94,1,0.8673812122293812,High
4270,15580252,Waters,748,France,Male,44,4,112610.77,1,0,1,2048.55,0,0.17245101746307,Low
4271,15741275,Yuan,623,France,Female,57,7,71481.79,2,1,1,84421.34,0,0.12200619300623429,Low
4272,15707132,Yudin,465,France,Male,33,5,0.0,2,0,1,78698.09,0,0.012523241789355741,Low
4273,15600708,Calabresi,640,Spain,Female,34,3,77826.8,1,1,1,168544.85,0,0.12662021545335972,Low
4274,15804787,Onyemauchechukwu,562,France,Male,75,5,87140.85,1,1,1,39351.64,0,0.017157711342379804,Low
4275,15690021,Martin,502,Germany,Female,42,0,132002.7,1,0,1,28204.98,1,0.5263859313612382,Medium
4276,15763895,Hung,536,France,Male,32,7,178011.5,2,1,0,22375.14,0,0.10394817349276834,Low
4277,15623478,Maslova,670,Germany,Female,32,4,102954.68,2,0,1,134942.45,0,0.0754179098827959,Low
4278,15797910,Zetticci,775,Germany,Male,51,2,123783.25,1,1,1,134901.57,0,0.5388785889872797,Medium
4279,15577751,Pisano,759,Germany,Male,30,4,101802.67,1,0,0,8693.8,0,0.21966283252814622,Low
4280,15781777,Sutherland,604,France,Male,33,3,148659.48,1,0,0,42437.75,0,0.09333303782100438,Low
4281,15740527,Lai,766,Germany,Female,62,7,142724.48,1,0,1,5893.23,1,0.5174300980670785,Medium
4282,15721251,Watson,554,Spain,Female,41,4,112152.89,1,0,1,36242.19,0,0.15141862973854603,Low
4283,15602994,Gorbunov,487,France,Female,53,10,89550.85,1,0,1,90076.85,0,0.3578493452629748,Low
4284,15750769,Padovano,725,France,Male,35,7,75915.75,1,1,0,150507.43,0,0.1220736113809606,Low
4285,15740175,Raynor,732,Germany,Female,42,2,118889.66,2,0,0,87422.15,0,0.2523487265691338,Low
4286,15679968,Ting,623,France,Male,40,5,118788.57,1,1,0,192867.4,0,0.2261794753617459,Low
4287,15694404,Eberegbulam,781,France,Female,42,3,156555.54,1,1,1,175674.01,0,0.1985145941490213,Low
4288,15657529,Chin,714,Germany,Male,53,1,99141.86,1,1,1,72496.05,1,0.5247456343542269,Medium
4289,15762882,Manna,577,Germany,Female,31,4,61211.18,1,1,1,145250.43,0,0.08562249061765521,Low
4290,15642579,Chang,731,Spain,Female,37,1,128932.4,1,1,1,180712.52,0,0.09051786477722099,Low
4291,15598884,Kent,650,Spain,Female,23,5,0.0,1,1,1,180622.43,0,0.16026665855639438,Low
4292,15770185,Buckley,779,France,Male,32,10,80728.15,1,1,0,86306.75,0,0.09338667498727189,Low
4293,15800287,Micco,706,Spain,Female,46,2,127660.46,2,1,0,150156.82,1,0.38000369128474026,Low
4294,15665861,Avdeev,733,Spain,Male,44,3,106070.89,1,0,1,101617.43,0,0.15240701136431434,Low
4295,15662203,Bremer,579,Germany,Female,42,3,137560.38,2,1,1,85424.34,0,0.16578190244304786,Low
4296,15616454,Davidson,476,Germany,Female,34,8,111905.43,1,0,1,197221.81,1,0.28146431361702734,Low
4297,15702788,Gadsdon,775,France,Male,40,9,126212.64,1,1,0,70196.57,0,0.19353274519611607,Low
4298,15778149,Connolly,538,Spain,Male,68,9,0.0,2,1,0,110440.5,1,0.35752484221594294,Low
4299,15680001,McDonald,602,France,Male,38,7,111835.94,2,1,0,124389.61,0,0.06315144264187672,Low
4300,15711991,Chiawuotu,615,France,Male,30,8,0.0,2,0,0,3183.15,0,0.014114329073621987,Low
4301,15633834,Milne,700,Germany,Female,28,3,99705.69,2,0,0,146723.72,0,0.11500260443178212,Low
4302,15765266,Fleming,615,France,Male,32,1,0.0,2,0,0,2139.25,0,0.015473963403670816,Low
4303,15791867,Hicks,544,Germany,Male,44,2,108895.93,1,0,0,69228.2,1,0.6163016976781176,Medium
4304,15675380,Logan,573,Spain,Male,56,3,154669.77,1,0,1,115462.27,1,0.21528762998488737,Low
4305,15770576,Hammond,555,Spain,Male,50,7,128061.0,2,1,1,62375.1,0,0.16545192703992886,Low
4306,15775294,Weber,692,France,Female,31,2,0.0,2,1,0,91829.17,1,0.0297180957564758,Low
4307,15727059,Lettiere,476,France,Female,40,4,0.0,2,0,0,182547.04,0,0.12732769705700883,Low
4308,15702499,Schnaars,770,Spain,Male,46,9,190678.02,1,1,1,14725.36,0,0.3088377002089745,Low
4309,15611699,Tao,641,France,Female,40,7,0.0,1,1,0,126996.67,0,0.3895551704505071,Low
4310,15654000,Algarin,705,France,Female,35,5,0.0,1,1,0,133991.11,1,0.24695244187943322,Low
4311,15657881,Onyemere,784,France,Male,38,5,136712.91,1,0,1,169920.92,0,0.0789374726530254,Low
4312,15719991,Korovina,727,Spain,Female,52,1,154733.97,1,1,0,80259.67,1,0.7047536245888307,Medium
4313,15720687,Chidubem,576,France,Female,41,4,112609.91,1,0,0,191035.18,1,0.35861022253337604,Low
4314,15687079,King,646,Spain,Male,69,10,115462.44,1,1,0,40421.87,0,0.5915732756635533,Medium
4315,15582276,Greco,638,France,Male,34,5,133501.36,1,0,1,155643.04,0,0.054197350136796094,Low
4316,15763980,Beneventi,632,Germany,Male,30,1,58668.02,1,1,1,78670.52,0,0.04824953864036338,Low
4317,15720774,P'eng,850,Spain,Male,44,7,89118.26,1,1,0,104240.77,1,0.33650035352875973,Low
4318,15592194,Metcalf,492,France,Female,28,9,0.0,2,1,0,95957.09,0,0.030132402116034025,Low
4319,15803685,Greco,673,Germany,Female,77,10,76510.52,2,0,1,59595.66,0,0.024358692783633593,Low
4320,15759456,Lupton,609,Spain,Male,34,7,140694.78,2,1,0,46266.63,0,0.04903921508311959,Low
4321,15611544,Ibeamaka,701,Germany,Male,36,7,95448.32,2,1,0,189085.07,0,0.08048245701700474,Low
4322,15794257,Hsiung,651,France,Male,34,4,91562.99,1,1,1,123954.15,0,0.04810122924984017,Low
4323,15681697,Rueda,508,France,Male,31,8,72541.48,1,1,0,129803.08,0,0.1062012918980996,Low
4324,15579566,Li Fonti,616,Spain,Female,43,3,120867.18,1,1,0,18761.92,1,0.36161856525108654,Low
4325,15577970,Alexeeva,489,France,Male,34,5,0.0,1,0,0,43540.59,0,0.12961193787240088,Low
4326,15727489,Madueke,567,Spain,Female,45,1,157320.51,1,1,0,62193.92,0,0.3722506969494342,Low
4327,15764284,Torres,714,Spain,Male,27,3,0.0,3,1,1,129130.09,0,0.2899023727784932,Low
4328,15581811,Chukwubuikem,678,Germany,Female,30,1,139676.95,2,0,1,16146.0,0,0.08053677609003998,Low
4329,15622527,Holloway,581,France,Female,55,6,0.0,1,1,1,22442.13,0,0.3923955205643318,Low
4330,15753362,Evdokimov,748,Spain,Male,60,3,0.0,2,1,1,78194.37,0,0.056105544707780744,Low
4331,15666652,Anayolisa,781,France,Female,19,3,0.0,2,1,1,124297.32,0,0.015150031749531234,Low
4332,15789714,Semmens,691,Spain,Male,21,3,103000.94,1,1,1,104648.58,0,0.03551614264302868,Low
4333,15771543,Tu,507,Germany,Male,31,2,134237.07,1,1,1,166423.66,1,0.12542859496342462,Low
4334,15748327,Anderson,724,Germany,Male,34,6,118235.7,2,0,0,157137.23,0,0.08173063969129861,Low
4335,15754649,Fang,705,Spain,Female,57,3,0.0,2,1,1,34134.14,0,0.07794788854135042,Low
4336,15810460,Fanucci,708,Spain,Female,64,5,0.0,3,0,1,112520.07,1,0.7397346117402246,Medium
4337,15771742,Boyle,580,Germany,Male,38,9,115442.19,2,1,0,128481.5,1,0.12411384595179915,Low
4338,15642160,Milanesi,850,France,Male,38,5,0.0,2,1,0,16491.64,0,0.03150110641811799,Low
4339,15798439,Davidson,714,Spain,Male,25,2,0.0,1,1,1,132979.43,0,0.07580055489763672,Low
4340,15605293,McKay,559,France,Female,43,1,0.0,2,1,1,196645.87,0,0.09024045186780168,Low
4341,15692631,Bogdanova,577,Spain,Female,44,8,115557.0,1,0,1,127506.76,0,0.2254198315075391,Low
4342,15665376,Lavrentiev,647,Germany,Female,35,3,166518.63,2,1,0,147930.46,0,0.08884896924884,Low
4343,15772412,Corser,554,Spain,Male,30,6,135370.12,1,1,1,179689.05,1,0.04854947080652837,Low
4344,15654577,Alexeeva,549,Germany,Male,54,5,92877.33,1,1,0,2619.64,1,0.910750175530006,High
4345,15585427,Madueke,528,France,Female,26,10,102073.67,2,0,0,166799.93,0,0.09401936645343972,Low
4346,15584536,Barber,720,Germany,Male,46,3,97042.6,1,1,1,133516.51,1,0.4184365024140708,Low
4347,15585853,McCardle,743,Spain,Male,41,7,0.0,1,1,0,163736.09,1,0.3359047659230515,Low
4348,15645271,Radcliffe-Brown,615,Germany,Male,24,8,108528.07,2,0,0,179488.41,1,0.10757594273175357,Low
4349,15579387,Ni,635,Germany,Female,44,2,79064.85,2,0,1,113291.75,0,0.15360408100382394,Low
4350,15623107,Chukwumaobim,686,Spain,Male,45,3,74274.87,3,1,0,64907.48,1,0.924475778276302,High
4351,15754072,Dennis,840,Spain,Female,36,6,0.0,2,1,0,141364.27,0,0.03571959326010989,Low
4352,15666163,Hayward,695,France,Male,43,1,100421.1,1,1,1,101141.28,0,0.13719648449151572,Low
4353,15765192,Jones,564,France,Male,26,7,84006.88,2,0,0,183490.99,0,0.04571033521607204,Low
4354,15804822,L?,805,France,Female,31,4,0.0,2,1,0,4798.12,0,0.024480981810464292,Low
4355,15612893,Nelson,558,Spain,Male,45,4,0.0,1,1,0,131807.14,0,0.5482609806971265,Medium
4356,15593636,Cardus,657,France,Female,39,4,80293.81,1,1,0,97192.76,0,0.2508765039724431,Low
4357,15693326,Whitehouse,641,France,Female,42,7,125437.14,2,0,0,164128.58,0,0.2019048883155359,Low
4358,15809901,Johnstone,755,France,Male,36,8,0.0,2,1,0,176809.87,0,0.024553747931589983,Low
4359,15759751,Tsui,483,France,Male,48,1,0.0,2,1,1,110059.38,0,0.09312981001987243,Low
4360,15605425,Chia,545,Germany,Female,44,2,127536.44,1,1,0,108398.63,0,0.6357783134195222,Medium
4361,15801934,Su,678,France,Male,66,8,0.0,2,1,1,47117.03,0,0.014460331932598377,Low
4362,15592000,Calabresi,781,Germany,Female,48,9,82794.18,1,1,0,124720.68,1,0.752451018318556,High
4363,15618695,Ts'ui,571,Spain,Female,22,3,108117.1,1,0,1,53328.7,0,0.07652135471657526,Low
4364,15637110,McCulloch,634,Spain,Female,35,10,0.0,1,1,0,82634.41,0,0.2624252337134447,Low
4365,15727408,Koo,523,Germany,Male,27,8,61688.61,2,1,0,147059.16,0,0.02810167530073614,Low
4366,15716328,Miller,501,France,Female,40,2,0.0,2,0,0,141946.92,0,0.08822985240462909,Low
4367,15669060,Woolnough,662,France,Male,74,6,0.0,2,1,0,123583.85,0,0.07890312087813917,Low
4368,15675854,Douglas,573,Spain,Male,50,0,159304.07,1,0,1,155915.24,1,0.28716485275002873,Low
4369,15621116,Fang,648,Germany,Male,33,5,138664.24,1,1,0,29076.27,0,0.24896175078748972,Low
4370,15781495,Munro,662,France,Female,22,2,126362.57,2,1,1,97382.8,0,0.043106520294023086,Low
4371,15740470,Vinogradov,725,France,Male,39,4,160652.45,2,1,0,57643.55,0,0.08552785535672111,Low
4372,15714391,Lai,563,France,Female,35,2,183572.84,1,1,1,66006.75,1,0.1471356467000569,Low
4373,15730137,Udegbulam,628,France,Male,31,0,88421.81,1,0,0,72350.47,0,0.0731278625095972,Low
4374,15596455,Mao,546,Spain,Female,45,2,0.0,1,0,0,197789.83,1,0.7986983527654482,High
4375,15717290,Onyekaozulu,688,Germany,Male,41,2,112871.19,2,0,1,65520.74,0,0.13588877411824432,Low
4376,15616555,Fu,850,Germany,Male,41,8,60880.68,1,1,0,31825.84,0,0.24664359384274484,Low
4377,15659820,Cross,614,France,Female,34,5,0.0,2,1,0,185561.89,0,0.044640269583671434,Low
4378,15696301,Snider,719,France,Female,37,9,101455.7,1,1,0,25803.59,1,0.17278123050422753,Low
4379,15771087,Harrison,757,France,Female,71,0,88084.13,2,1,1,154337.47,0,0.05981836736187425,Low
4380,15808831,Dale,669,France,Male,29,7,0.0,2,1,1,138145.62,0,0.010492705342985013,Low
4381,15812241,Udinese,438,Germany,Male,59,7,127197.14,1,1,0,51565.98,1,0.9356702551803256,High
4382,15680370,DeRose,492,France,Male,39,7,0.0,2,0,1,71323.23,0,0.021756480103026464,Low
4383,15780561,Hay,622,France,Female,39,9,83456.79,2,0,0,38882.34,0,0.0787666774494344,Low
4384,15800784,Bruce,645,France,Male,42,4,98298.18,1,1,1,676.06,0,0.12307649967582673,Low
4385,15715796,Romani,728,France,Male,37,0,0.0,2,1,1,72203.8,0,0.016986404224142392,Low
4386,15605375,Tseng,651,France,Male,35,2,86911.8,1,1,0,174094.24,0,0.1128002876228808,Low
4387,15621520,Tang,783,Germany,Female,42,2,139707.28,1,1,0,2150.22,0,0.5099879988604711,Medium
4388,15665460,Isayeva,732,Spain,Female,67,1,0.0,2,1,1,177783.04,0,0.035626340766850645,Low
4389,15801152,Hill,553,Spain,Female,39,1,142876.98,2,1,0,44363.42,0,0.1190119911733679,Low
4390,15756425,Barnes,660,France,Male,30,7,146301.31,1,0,0,96847.91,0,0.08348827927779583,Low
4391,15674328,Moreno,670,France,Female,40,3,47364.45,1,1,1,148579.43,1,0.2748971091782824,Low
4392,15742404,McGregor,718,France,Male,38,7,0.0,2,1,0,38308.34,0,0.02412109003914668,Low
4393,15757140,Genovese,787,France,Male,51,0,58137.08,1,0,1,142538.31,0,0.3852799568252102,Low
4394,15570051,Gill,775,Germany,Female,38,6,179886.41,2,0,0,153122.58,0,0.06851895521709683,Low
4395,15669175,Ts'ai,479,Germany,Male,24,6,107637.97,2,0,1,169505.83,0,0.06693201420696131,Low
4396,15790324,Green,660,France,Female,20,6,167685.56,1,1,0,57929.9,0,0.14330477115322746,Low
4397,15691119,Martin,721,Germany,Male,68,4,136525.99,1,0,0,175399.14,0,0.7664399520003157,High
4398,15743478,Johnson,659,Germany,Male,39,8,52106.33,2,1,1,107964.36,0,0.032032608074881425,Low
4399,15707007,Onio,743,France,Female,39,8,0.0,1,1,0,94263.44,0,0.33426753377014645,Low
4400,15572547,Vaguine,670,France,Female,45,9,104930.38,1,1,0,155921.81,1,0.4832607135787583,Medium
4401,15567063,Manna,766,Germany,Female,34,6,106434.94,1,0,1,137995.66,1,0.19696609627277306,Low
4402,15689633,Toomey,845,Spain,Female,38,2,112803.92,1,1,0,179631.85,0,0.16620494365944358,Low
4403,15720637,Bell,710,Germany,Female,46,10,120530.34,1,1,0,166586.99,1,0.7854614171343551,High
4404,15616859,Bonwick,602,Germany,Female,43,2,113641.49,4,1,0,115116.35,1,0.980424958760982,High
4405,15766166,Folliero,604,Spain,Male,43,2,145081.72,1,1,1,23881.62,0,0.1615038343313977,Low
4406,15617655,Holt,564,Spain,Female,35,9,0.0,2,1,1,105837.38,0,0.021681859685381007,Low
4407,15623450,Brown,637,Germany,Female,27,7,135842.89,1,1,1,101418.05,0,0.16660885648431392,Low
4408,15796612,Ch'ang,527,France,Female,31,1,112203.25,1,1,0,182266.01,0,0.1565114701770607,Low
4409,15795963,Fiorentini,687,France,Male,34,7,129895.19,1,0,1,28698.17,0,0.05148672111966684,Low
4410,15781598,Middleton,756,Germany,Male,41,6,149049.92,1,0,1,50422.36,1,0.2920029390299151,Low
4411,15691871,Millar,503,Germany,Male,42,9,153279.39,1,1,1,151336.96,0,0.23552129538445415,Low
4412,15740345,Osborne,657,Spain,Male,42,5,41473.33,1,1,0,112979.6,1,0.3420807047518226,Low
4413,15662626,Feng,666,France,Female,40,2,0.0,2,0,0,36371.27,0,0.05278752918191581,Low
4414,15596575,Vale,615,Germany,Male,39,5,113193.51,2,1,1,52166.25,0,0.11383472946656652,Low
4415,15657321,Arkwookerum,712,Germany,Male,27,8,113174.21,2,1,0,147261.58,0,0.0667425836550505,Low
4416,15575955,Lujan,764,France,Female,24,0,0.0,2,1,0,88724.49,0,0.02906346057578252,Low
4417,15743893,Alexeyeva,471,France,Male,42,3,164951.56,1,1,0,190531.77,0,0.24713201797717232,Low
4418,15697270,Gannon,608,Spain,Male,27,4,153325.1,1,1,1,199953.33,0,0.038747703502210275,Low
4419,15644356,Prokhorova,682,Spain,Female,47,10,134032.01,1,1,0,144290.97,0,0.5857250413114495,Medium
4420,15677586,Romero,587,Germany,Female,32,3,125445.04,2,1,1,130514.78,0,0.07415824618596366,Low
4421,15571261,Toscani,714,Germany,Female,35,6,126077.43,2,1,1,53954.24,0,0.09006666694449877,Low
4422,15698758,Onwuamaegbu,630,Spain,Female,31,1,0.0,2,1,1,169802.73,0,0.03500958612372974,Low
4423,15787014,King,648,Germany,Female,28,8,90371.09,1,1,1,146851.73,0,0.1639898464681217,Low
4424,15739857,Trentino,785,France,Female,40,3,0.0,2,1,1,96832.82,0,0.04137793271099455,Low
4425,15774630,Peacock,601,Germany,Female,47,1,142802.02,1,1,1,57553.02,0,0.5775020638422368,Medium
4426,15805523,Nnaife,717,France,Female,28,1,90537.16,1,0,1,74800.99,0,0.06745772847043459,Low
4427,15749557,Chao,707,France,Female,44,6,0.0,2,1,1,192542.17,0,0.08639928477814639,Low
4428,15681180,Barese,771,France,Female,23,7,156123.73,1,1,0,72990.62,0,0.14246150898591095,Low
4429,15742028,Udegbulam,602,France,Female,35,5,0.0,2,1,0,31050.02,0,0.028667184678575937,Low
4430,15686463,Fu,626,France,Male,38,7,141074.59,1,1,0,52795.56,1,0.15039508761530987,Low
4431,15654379,Onwuatuegwu,588,Spain,Male,59,4,0.0,2,1,1,27435.41,0,0.051198127048684455,Low
4432,15783629,Degtyaryov,616,Germany,Female,42,6,117899.95,2,0,0,150266.81,0,0.2964601024409939,Low
4433,15751193,Nnaemeka,621,Spain,Male,33,4,0.0,2,1,1,40299.23,0,0.01223476903251043,Low
4434,15724099,Udinese,674,France,Male,26,6,166257.96,1,1,1,149369.41,0,0.05320531707030939,Low
4435,15568429,Mitchell,633,Spain,Female,46,3,0.0,2,1,0,120250.58,0,0.1778322152467853,Low
4436,15648967,Ch'en,698,Germany,Female,64,1,169362.43,1,1,0,84760.32,1,0.8590915355779939,High
4437,15664498,Golovanov,508,France,Male,26,7,205962.0,1,1,0,156424.4,0,0.13128257177944466,Low
4438,15779522,Efimov,736,France,Female,24,0,0.0,2,1,0,109355.73,1,0.03011704573223162,Low
4439,15583850,Davidson,672,Germany,Male,68,0,126061.51,2,1,1,184936.77,0,0.10133436167050264,Low
4440,15696539,Wade,613,France,Female,21,7,105627.95,1,1,1,36560.51,0,0.056332234003570965,Low
4441,15760121,Maynard,712,France,Male,32,9,100606.02,1,1,0,165693.06,0,0.07944782929983338,Low
4442,15628279,Murphy,624,France,Female,38,3,0.0,2,1,1,163666.85,0,0.04096044864989654,Low
4443,15766163,Zotova,676,France,Male,38,1,0.0,2,0,1,35644.79,0,0.018462517676831467,Low
4444,15566467,Hannah,683,Germany,Female,32,0,138171.1,2,1,1,188203.58,0,0.06817698391161911,Low
4445,15639049,Cartagena,489,France,Female,31,7,139395.08,1,0,1,6120.84,0,0.07629060692223474,Low
4446,15736413,Hall,739,France,Male,29,1,0.0,2,1,1,164484.78,0,0.009254145410817332,Low
4447,15634815,Hunt,701,France,Female,37,3,0.0,2,1,1,164268.28,0,0.03343506588587686,Low
4448,15716381,Greece,666,Germany,Female,50,7,109062.28,1,1,1,140136.1,1,0.6056357185120096,Medium
4449,15708162,Thomson,565,Germany,Female,40,1,89994.71,2,0,1,121084.27,0,0.16298848917652023,Low
4450,15569364,Victor,666,France,Male,36,3,0.0,2,1,0,35156.54,0,0.019070838348697505,Low
4451,15791191,Mitchell,633,France,Male,59,2,103996.74,1,1,1,103159.11,0,0.1930764736057761,Low
4452,15621205,Olisaemeka,578,France,Male,34,4,175111.11,1,1,1,74858.3,0,0.08216588472993511,Low
4453,15704788,Krawczyk,812,Spain,Female,49,8,66079.45,2,0,0,91556.57,1,0.3604766833570332,Low
4454,15775756,Alexandrova,809,Germany,Male,33,8,148055.74,1,0,0,199203.21,0,0.17986056714420945,Low
4455,15641312,Paterson,615,France,Male,36,6,0.0,1,1,1,27011.8,1,0.11129158365719528,Low
4456,15782531,Chou,684,Spain,Female,31,8,0.0,2,1,0,188637.05,0,0.03725909603642741,Low
4457,15724428,Abel,544,France,Male,40,8,0.0,2,1,0,61581.2,0,0.034929906952297536,Low
4458,15743617,Chesnokova,713,Germany,Male,47,1,95994.98,1,1,0,197529.23,0,0.7515892100434753,High
4459,15585839,Niu,633,France,Male,37,2,0.0,2,1,0,182258.17,0,0.030717352673677797,Low
4460,15658158,Sullivan,672,Germany,Female,23,10,110741.56,1,1,0,80778.5,0,0.28498037389390785,Low
4461,15637678,Ma,661,France,Male,35,5,0.0,1,1,0,155394.52,0,0.16267628705347506,Low
4462,15701809,Cavill,749,Spain,Female,28,3,0.0,1,1,0,3408.7,0,0.2258941346643709,Low
4463,15676937,Nicholls,635,Spain,Female,32,8,0.0,2,1,1,19367.98,1,0.018637866383668995,Low
4464,15778975,Nnonso,850,Germany,Female,70,1,96947.58,3,1,0,62282.99,1,0.984275061535554,High
4465,15710375,Gibson,641,France,Male,41,6,0.0,2,1,0,65396.79,0,0.034718592552769954,Low
4466,15579914,Garcia,633,Germany,Male,30,2,109786.82,2,1,1,139712.81,0,0.04923488137939328,Low
4467,15595160,Renwick,413,Spain,Male,35,2,0.0,2,1,1,60972.84,0,0.021148863962314354,Low
4468,15595391,Norris,538,France,Male,31,1,0.0,2,1,0,1375.46,0,0.015748870093440438,Low
4469,15630363,Nkemakonam,437,France,Female,39,0,102721.49,1,0,0,22191.82,0,0.22253823500279502,Low
4470,15692443,Piccio,612,Spain,Male,33,5,69478.57,1,1,0,8973.67,1,0.12553711695210212,Low
4471,15593795,Linton,516,Germany,Female,53,1,156674.2,1,1,0,118502.34,1,0.8749164221908352,High
4472,15642824,Onyekaozulu,826,Spain,Female,56,8,174506.1,2,0,1,161802.82,1,0.42402269277993765,Low
4473,15683524,Tobenna,660,Germany,Female,23,6,166070.48,2,0,0,90494.72,0,0.07828249935189814,Low
4474,15713532,Wang,646,Germany,Female,29,4,105957.44,1,1,0,15470.91,0,0.3135592018719458,Low
4475,15719827,O'Donnell,767,France,Male,36,3,0.0,1,0,0,65147.27,0,0.16143919846196794,Low
4476,15578435,Langlands,640,France,Male,40,8,110340.68,1,1,1,157886.6,0,0.10149240785275591,Low
4477,15723028,Smith,778,France,Male,33,1,0.0,2,1,0,85439.73,0,0.01644076165945025,Low
4478,15595609,Sykes,679,Germany,Male,52,9,135870.01,2,0,0,54038.62,0,0.6006630854831827,Medium
4479,15622443,Marshall,549,France,Male,31,4,0.0,2,0,1,25684.85,0,0.010351729278818318,Low
4480,15579112,Gibson,598,France,Male,47,2,0.0,2,1,1,186116.54,0,0.08451507437139358,Low
4481,15648479,Stephenson,655,France,Female,45,0,0.0,2,1,0,166830.71,0,0.16161664314457888,Low
4482,15659234,Y?,494,France,Male,30,3,85704.95,1,0,1,27886.06,0,0.05475823042408845,Low
4483,15811970,Kang,653,France,Female,42,1,0.0,2,1,1,5768.32,0,0.056741925856832444,Low
4484,15774192,Miller,539,Germany,Female,38,8,105435.74,1,0,0,80575.44,1,0.3607744592504521,Low
4485,15595136,Kryukov,645,France,Female,37,1,0.0,2,1,1,68987.55,0,0.025894070195884095,Low
4486,15630580,Y?,751,Germany,Male,34,9,108513.25,2,1,1,27097.82,0,0.05012339606417961,Low
4487,15660646,Fanucci,528,France,Male,35,3,156687.1,1,1,0,199320.77,0,0.10629722582340861,Low
4488,15614365,Lombardi,696,Germany,Male,31,3,150604.52,1,0,0,5566.6,0,0.21951015808768748,Low
4489,15776128,Hs?,716,France,Female,44,6,155114.9,1,0,0,133871.83,0,0.4165491677880846,Low
4490,15787035,Anderson,602,France,Female,35,8,0.0,2,1,1,152843.53,0,0.027761422506670113,Low
4491,15792646,Trentino,647,Spain,Female,64,1,91216.0,1,1,1,41800.18,0,0.16038041636916692,Low
4492,15726832,Donnelly,850,Germany,Male,61,3,141784.02,1,1,1,92053.75,0,0.3883993641300479,Low
4493,15773260,Tsou,590,France,Female,32,0,127763.24,1,1,0,100717.54,0,0.11223118518436104,Low
4494,15624437,Johnson,825,Spain,Female,32,1,0.0,2,1,1,42935.15,0,0.015867013032276424,Low
4495,15717138,Watson,850,Spain,Male,31,6,82613.56,2,1,0,149170.92,0,0.03780054259309123,Low
4496,15657317,Allan,789,France,Female,32,7,69423.52,1,1,0,107499.39,0,0.16887611669027489,Low
4497,15626948,Butcher,701,France,Female,42,6,86167.82,1,1,0,153342.38,0,0.38271386561005866,Low
4498,15758901,Henderson,713,Spain,Female,47,1,0.0,1,1,0,107825.08,1,0.7360534010911168,Medium
4499,15777759,Boucaut,570,France,Male,30,2,131406.56,1,1,1,47952.45,0,0.048251614529954114,Low
4500,15773322,Obiajulu,536,Germany,Female,44,4,121898.82,1,0,0,131007.18,0,0.6736139710549732,Medium
4501,15697318,Ifeatu,771,Germany,Male,32,9,77487.2,1,0,0,33143.04,0,0.11485505020843714,Low
4502,15678916,Kelly,512,France,Female,75,2,0.0,1,1,0,123304.62,0,0.3367489658170361,Low
4503,15632118,Pirozzi,698,Spain,Male,45,5,164450.94,1,1,0,141970.02,1,0.36020353501753466,Low
4504,15788118,Siciliano,656,France,Male,33,7,138705.02,2,1,0,37136.15,0,0.04557368473916508,Low
4505,15788930,Silva,761,Spain,Male,37,7,132730.17,1,1,0,199293.01,0,0.08455032387544328,Low
4506,15628583,Iweobiegbunam,709,France,Female,30,5,0.0,2,0,1,161388.22,0,0.025893855366840943,Low
4507,15635177,Williamson,597,Spain,Female,66,3,0.0,1,1,1,70532.53,0,0.19982109192371764,Low
4508,15587690,Madueke,592,France,Male,28,2,116498.22,1,1,0,144290.25,0,0.08039084176936105,Low
4509,15627630,Chiagoziem,599,France,Female,41,1,0.0,2,1,0,96069.82,0,0.06263201101824951,Low
4510,15610930,Kwemto,572,Germany,Female,35,1,139979.07,1,1,0,185662.84,0,0.29822009243386205,Low
4511,15657747,Zito,611,Germany,Female,43,9,127216.31,2,0,1,17913.25,0,0.23866666511974272,Low
4512,15568006,Ukaegbunam,634,France,Female,45,2,0.0,4,1,0,101039.53,1,0.9527877638232429,High
4513,15751748,Trevisani,666,France,Male,51,2,148222.65,1,0,0,156953.54,1,0.6701838917266246,Medium
4514,15722212,Edmondstone,696,France,Female,41,8,0.0,2,0,0,28276.83,0,0.05447553042194455,Low
4515,15658670,Chien,669,France,Female,38,8,0.0,2,1,0,84049.16,0,0.04155476052786504,Low
4516,15761654,Boni,726,Spain,Male,30,8,134152.29,1,1,1,147822.44,0,0.042261064441798356,Low
4517,15812210,Yashina,497,Germany,Female,32,8,111537.23,4,1,1,9497.99,1,0.929099018693957,High
4518,15787051,Georg,750,Spain,Female,39,7,119565.92,1,1,0,87067.73,0,0.19648924695598852,Low
4519,15642991,Tung,850,Spain,Female,29,7,0.0,2,1,0,23237.25,0,0.030637286644655298,Low
4520,15713769,Michelides,617,Spain,Male,38,7,0.0,1,1,1,27239.28,0,0.15150811178256718,Low
4521,15605826,Korovina,652,Germany,Male,46,10,121063.8,3,1,0,151481.86,1,0.9741515774016403,High
4522,15648898,Chuang,560,Spain,Female,27,7,124995.98,1,1,1,114669.79,0,0.06781860787727981,Low
4523,15705309,Yuriev,629,Spain,Male,39,5,0.0,2,0,0,116748.14,0,0.03248174352614098,Low
4524,15734202,Chidimma,660,Germany,Female,52,4,86891.84,1,1,0,90877.76,0,0.8311193106705073,High
4525,15658852,Stevens,676,France,Male,38,8,0.0,2,1,1,133692.88,0,0.016795455777723095,Low
4526,15612633,Kao,581,Spain,Male,43,9,78022.61,1,0,1,30662.91,0,0.18768147209290206,Low
4527,15604818,Edmund la Touche,798,France,Male,34,9,154495.79,1,1,0,191395.88,0,0.10089568531018683,Low
4528,15593900,Belousov,705,France,Male,38,1,189443.72,1,0,1,106648.58,0,0.13883001874558545,Low
4529,15624995,McCane,714,Spain,Female,31,6,152926.6,1,1,1,50899.91,0,0.061472216126167205,Low
4530,15570087,Parry-Okeden,664,France,Female,44,8,142989.69,1,1,1,115452.51,1,0.2187348789620055,Low
4531,15802617,Hudson,697,Germany,Male,43,7,115371.94,2,1,0,64139.1,0,0.238375059083475,Low
4532,15656029,Marsden,609,France,Male,37,6,0.0,2,0,1,22030.72,0,0.015540254178559905,Low
4533,15739194,Manfrin,548,Spain,Male,38,0,178056.54,2,1,0,38434.73,0,0.10197556740502779,Low
4534,15607275,Ch'ang,850,Spain,Male,39,6,206014.94,2,0,1,42774.84,1,0.2548536776659485,Low
4535,15629475,Clark,656,France,Male,41,2,0.0,2,1,0,158973.77,0,0.041103151741349146,Low
4536,15635034,Aldrich,727,Germany,Male,37,9,101191.83,1,1,1,34551.35,1,0.20108286647510787,Low
4537,15756333,Khan,642,France,Female,55,7,0.0,2,1,1,101515.76,0,0.07815690010646059,Low
4538,15777436,Murray,710,Spain,Female,31,5,0.0,2,1,0,9561.73,0,0.027627324220780847,Low
4539,15676835,Anayolisa,710,Spain,Male,33,1,0.0,2,1,0,168313.17,0,0.01654217841566234,Low
4540,15574206,Shillito,718,France,Female,37,7,0.0,2,1,1,55100.09,0,0.021886493176033358,Low
4541,15613017,McMillan,586,Germany,Male,32,1,149814.54,1,1,0,31830.06,0,0.21422346947849602,Low
4542,15815131,Howells,617,Spain,Female,36,7,115617.24,1,1,1,71519.4,0,0.09056463758025347,Low
4543,15585455,Stewart,630,France,Male,28,9,0.0,2,0,0,32599.35,0,0.012738875546217623,Low
4544,15692929,Ikechukwu,791,Germany,Female,42,10,113657.41,2,0,1,139946.68,1,0.21435489779967826,Low
4545,15758081,Repina,673,Spain,Male,39,8,138160.0,1,1,1,110468.51,0,0.07466239996639693,Low
4546,15667476,Cox,477,Germany,Female,36,3,117700.86,1,0,0,74042.0,0,0.3548585126096591,Low
4547,15738248,Lo,662,France,Female,37,5,0.0,2,1,0,151871.84,0,0.04771836321949215,Low
4548,15672152,Grant,850,Germany,Male,37,9,122506.38,1,0,1,199693.84,1,0.28440562241130485,Low
4549,15673372,Stevenson,635,France,Female,58,1,0.0,1,1,1,58907.08,1,0.40955364831023683,Low
4550,15587611,Kauffmann,537,France,Male,59,9,0.0,2,0,0,103799.77,1,0.5303606014657047,Medium
4551,15803415,Samsonova,579,France,Female,39,3,166501.17,2,1,0,93835.64,0,0.13022263215015537,Low
4552,15715673,Niu,651,Spain,Female,46,4,89743.05,1,1,0,156425.57,1,0.5799105182634969,Medium
4553,15655648,Bock,610,France,Female,25,2,0.0,2,1,0,123723.83,0,0.026884736124111873,Low
4554,15763613,Barlow,581,France,Male,30,1,0.0,2,1,0,199464.08,0,0.017402213064917006,Low
4555,15660385,Stevenson,592,France,Male,39,7,0.0,2,1,0,83084.33,0,0.030640174922172757,Low
4556,15733261,Kung,688,Spain,Female,35,6,0.0,1,1,0,25488.43,1,0.2631947152474621,Low
4557,15796231,Nwankwo,681,France,Female,18,1,98894.39,1,1,1,9596.4,0,0.05336557255898569,Low
4558,15624866,Brewer,658,Germany,Male,37,3,168735.74,2,0,0,70370.24,0,0.052474584959822254,Low
4559,15623730,Ch'iu,792,France,Male,34,1,0.0,1,0,1,86330.32,0,0.07325201408778198,Low
4560,15668248,Quinn,528,Germany,Female,62,7,133201.17,1,0,0,168507.68,1,0.9565300198542501,High
4561,15694518,Kodilinyechukwu,624,Spain,Female,36,0,0.0,2,1,0,111605.9,0,0.037335335222228754,Low
4562,15638028,Ifeanyichukwu,562,Germany,Male,31,4,127237.25,2,0,1,143317.42,0,0.050383484659775414,Low
4563,15795895,Yermakova,678,Germany,Male,36,1,117864.85,2,1,0,27619.06,0,0.11254944840662723,Low
4564,15694376,Sullivan,705,Germany,Female,64,3,153469.26,3,0,0,146573.66,1,0.9924116077826296,High
4565,15669204,Grant,650,Germany,Male,23,4,93911.3,2,1,0,69055.45,0,0.05943435269742909,Low
4566,15773779,Jacka,593,Spain,Female,46,2,76597.79,1,1,1,54453.72,0,0.34349080017702854,Low
4567,15580682,Tsai,652,France,Female,40,4,79927.36,2,1,1,33524.6,0,0.06831652790216376,Low
4568,15768530,Emery,554,Spain,Female,27,4,0.0,2,1,1,135083.73,0,0.02140190115746085,Low
4569,15672875,Piccio,584,Germany,Male,32,8,40172.91,1,1,1,137439.34,0,0.04937608767293537,Low
4570,15617082,Sanders,516,France,Male,33,7,115195.58,1,1,1,11205.5,0,0.0503452918480411,Low
4571,15760514,Sharp,789,Germany,Female,43,9,116644.29,2,1,1,60176.1,0,0.22679896057284973,Low
4572,15761775,Myers,598,Germany,Male,20,8,180293.84,2,1,1,29552.7,0,0.013696557317133552,Low
4573,15799964,Campbell,669,Germany,Female,30,7,139872.81,1,1,0,188795.85,0,0.2608504314584179,Low
4574,15693906,Abbott,645,France,Female,24,3,34547.82,1,1,1,11638.17,0,0.10929129023627582,Low
4575,15739514,Preston,659,France,Female,32,9,0.0,2,1,1,93155.75,0,0.01779178027287924,Low
4576,15756926,Atherton,833,Germany,Male,29,1,96462.25,2,0,1,48986.18,0,0.03852303509892957,Low
4577,15770984,Fanucci,697,Spain,Female,40,7,130334.35,2,0,1,116951.1,0,0.099333609555356,Low
4578,15703979,Evans,580,Germany,Male,39,3,119688.81,1,1,0,137041.26,0,0.3614336963720264,Low
4579,15801821,Cookson,691,France,Male,38,1,0.0,2,0,0,44653.5,0,0.024619723801301587,Low
4580,15711028,Nnachetam,534,France,Male,52,1,0.0,3,1,1,104035.41,1,0.8894567325887532,High
4581,15791842,Johnstone,478,France,Female,32,6,71187.24,1,1,1,110593.62,0,0.09754128630036782,Low
4582,15746127,Hort,572,France,Female,47,2,0.0,2,1,0,36099.7,0,0.17725224216403507,Low
4583,15663625,Johnson,501,France,Male,37,4,0.0,2,0,0,12470.3,0,0.021382697173194732,Low
4584,15604891,Zaytseva,624,Spain,Female,38,8,0.0,2,1,0,95403.41,0,0.04523895287395076,Low
4585,15589666,Sorokina,595,France,Female,39,9,136422.41,1,1,1,151757.81,0,0.1405406289170976,Low
4586,15627881,Diehl,603,France,Male,30,8,0.0,2,1,1,47536.46,0,0.009399343323932203,Low
4587,15664895,Onuchukwu,602,France,Female,25,0,0.0,2,1,1,101274.17,0,0.01653683277659445,Low
4588,15676094,Osonduagwuike,500,France,Female,34,6,0.0,1,1,1,140268.45,0,0.15342818695407665,Low
4589,15761720,Mead,422,France,Male,41,6,153238.88,1,1,0,11663.09,0,0.15555593375518212,Low
4590,15611961,Stewart,615,France,Male,35,7,0.0,2,1,0,150784.29,0,0.022308297579138575,Low
4591,15680167,Thomson,635,France,Female,78,6,47536.4,1,1,1,119400.08,0,0.04085442138317107,Low
4592,15762543,Goliwe,711,France,Female,32,1,0.0,2,1,0,126188.42,0,0.02904517201630641,Low
4593,15658475,Lori,834,France,Male,36,8,142882.49,1,1,0,89983.02,1,0.10922000958544548,Low
4594,15779743,Onwuamaeze,633,France,Female,44,7,0.0,2,1,0,29761.29,0,0.09548253672823181,Low
4595,15661532,Butusov,650,France,Female,31,1,160566.11,2,0,0,27073.81,0,0.0716480145054444,Low
4596,15782360,Rogers,743,Germany,Male,65,2,131935.51,1,1,1,96399.67,1,0.3545053056375995,Low
4597,15767908,Nicholson,567,France,Male,38,6,127678.8,2,0,0,45422.89,0,0.062383068904022815,Low
4598,15677105,Rossi,706,Germany,Female,46,4,105214.58,1,1,0,108699.59,1,0.7456044775637416,Medium
4599,15641474,Hall,638,France,Male,46,9,139859.54,1,1,0,38967.29,0,0.42752985478430205,Low
4600,15624451,Huddart,641,France,Female,38,3,0.0,2,1,0,116466.19,0,0.04366800934381967,Low
4601,15577985,Chinomso,574,France,Female,34,5,112324.45,2,1,1,17993.43,0,0.04448871558077911,Low
4602,15571666,Shaw,642,Germany,Male,30,8,134497.27,1,0,0,43250.54,0,0.23330181698017566,Low
4603,15783691,Hargreaves,722,Spain,Female,35,1,120171.58,1,1,0,125240.8,0,0.15353490897173802,Low
4604,15671172,Swain,623,France,Male,23,1,106012.2,2,0,1,191415.94,0,0.029238362458316687,Low
4605,15731760,Butcher,681,France,Male,25,5,0.0,1,0,1,90860.97,0,0.070821984437136,Low
4606,15585599,Stone,530,France,Female,34,8,0.0,2,0,1,141872.52,0,0.028365440200584652,Low
4607,15784958,Allan,797,France,Female,55,10,0.0,4,1,1,49418.87,1,0.9403960369964427,High
4608,15734524,Wang,653,France,Male,51,3,0.0,1,1,0,170426.65,1,0.7909427820977574,High
4609,15614103,Colombo,850,Germany,Male,42,8,119839.69,1,0,1,51016.02,1,0.3615069300534529,Low
4610,15794895,McKay,581,Spain,Male,34,1,0.0,2,0,1,81175.25,0,0.012727796091720053,Low
4611,15772381,Brient,589,Germany,Male,38,8,92219.21,1,1,0,99106.97,0,0.28644619887641515,Low
4612,15710553,Yin,555,Germany,Male,48,3,142055.41,2,0,1,79134.78,0,0.2591193291558481,Low
4613,15649292,Bellucci,748,France,Female,49,7,29602.08,1,0,0,163550.58,1,0.8259595439936047,High
4614,15792565,Duncan,745,France,Female,46,7,0.0,2,1,1,67769.94,0,0.07394254824040339,Low
4615,15718245,Pirozzi,730,France,Male,34,1,0.0,2,1,1,126592.01,0,0.010070430651188095,Low
4616,15703117,Findlay,565,France,Female,44,1,0.0,2,0,1,89602.81,0,0.08008605021427086,Low
4617,15758136,King,778,France,Male,37,3,141803.77,1,0,1,179421.84,0,0.06785422908316391,Low
4618,15799932,Iweobiegbunam,812,France,Male,24,10,0.0,2,1,1,156906.15,0,0.0087882253578523,Low
4619,15633516,Tucker,526,France,Male,42,1,0.0,1,0,1,168486.02,0,0.308550322621324,Low
4620,15622532,Izmailova,708,France,Female,47,0,126589.12,2,0,1,132730.07,1,0.2692694898585457,Low
4621,15798960,Meng,680,France,Male,33,2,108393.35,1,0,1,39057.67,0,0.04973879578227575,Low
4622,15698664,Liang,567,Spain,Male,43,2,115643.58,2,0,0,174606.35,0,0.18445999949732123,Low
4623,15703614,Hutchinson,564,Spain,Male,48,5,132876.23,1,1,0,79259.77,0,0.4565140796085707,Medium
4624,15699195,Shen,709,France,Female,24,3,110949.41,1,1,1,168515.61,0,0.07985918723358515,Low
4625,15710543,Okwuoma,629,France,Male,46,1,130666.2,1,1,1,161125.67,1,0.23237348350705614,Low
4626,15695499,Chinwemma,510,France,Female,45,10,103821.47,2,0,1,77878.62,0,0.18281591083300425,Low
4627,15622321,Golubova,506,France,Female,32,3,0.0,1,1,1,80823.02,0,0.12317094955296512,Low
4628,15715744,Schiavone,605,France,Male,39,7,0.0,1,0,1,119348.28,0,0.16029294059850166,Low
4629,15788151,Moore,650,Spain,Male,32,1,132187.73,2,1,1,178331.36,0,0.027067804237045086,Low
4630,15687153,Graham,850,Germany,Male,49,8,98649.55,1,1,0,119174.88,1,0.8043264973939594,High
4631,15684958,Amadi,489,Germany,Male,38,2,126444.08,2,1,1,82662.73,0,0.0912357750470567,Low
4632,15706116,McKay,659,Germany,Female,30,8,154159.51,1,1,0,40441.1,0,0.25191941560476877,Low
4633,15740557,Fedorova,753,France,Female,43,5,0.0,2,1,0,109881.71,0,0.09234938778458103,Low
4634,15707291,Percy,477,Germany,Male,48,8,129250.0,2,1,1,157937.35,0,0.25126757194196075,Low
4635,15583353,Floyd,610,Spain,Female,45,3,0.0,1,1,0,38276.84,1,0.6139629778879938,Medium
4636,15761024,Long,619,France,Female,33,2,167733.51,2,1,1,65222.48,0,0.06831651007238965,Low
4637,15630709,Castiglione,619,Germany,Female,31,2,56116.3,2,0,0,2181.94,0,0.04122347340207558,Low
4638,15639590,Melendez,758,France,Female,30,3,141581.08,1,1,0,156249.06,0,0.1413940757420639,Low
4639,15659399,Mazzi,516,Germany,Male,50,7,139675.07,2,1,0,45591.23,0,0.5292421373139606,Medium
4640,15567078,Kovaleva,789,France,Female,27,8,66201.96,1,1,1,79458.12,0,0.0822097322015741,Low
4641,15696373,Gill,687,France,Female,44,9,0.0,2,0,0,103042.2,1,0.09816165811024215,Low
4642,15786617,Arcuri,485,Germany,Male,34,3,133658.24,1,1,0,70209.83,0,0.2667421913575206,Low
4643,15657449,Chukwuma,446,Germany,Male,25,3,136202.78,1,1,0,176743.51,0,0.15055319588410823,Low
4644,15672594,Stevenson,597,France,Female,60,0,131778.08,1,0,0,10703.53,1,0.8948475107122936,High
4645,15714240,Ponomarev,712,Spain,Male,74,5,0.0,2,0,0,151425.82,0,0.09456051068864278,Low
4646,15782144,Gilroy,522,France,Female,34,3,0.0,2,1,1,3894.34,0,0.018967771487529487,Low
4647,15665008,Sidorov,805,Germany,Female,26,8,42712.87,2,1,1,28861.69,0,0.023645320587699383,Low
4648,15581733,Bates,781,France,Female,28,4,0.0,2,1,0,177703.15,0,0.03862033955896712,Low
4649,15751392,Fanucci,689,Spain,Female,57,4,0.0,2,1,0,136649.8,1,0.6038221911769477,Medium
4650,15785815,Toscano,670,Germany,Male,31,1,142631.54,2,1,1,175894.24,0,0.038118944088737165,Low
4651,15664214,Hearn,670,France,Male,33,2,141204.65,2,1,0,76257.46,0,0.047518101456260425,Low
4652,15579996,Iroawuchi,524,Germany,Female,25,7,131402.21,1,0,0,193668.49,0,0.2630057453864427,Low
4653,15675252,Martin,734,Spain,Female,39,3,92636.96,2,1,1,125671.29,0,0.07905736040114898,Low
4654,15579617,Sinclair,489,France,Female,51,3,0.0,2,0,1,174098.28,1,0.2610097629960305,Low
4655,15593976,Swanson,578,Germany,Female,31,5,102088.68,4,0,0,187866.21,1,0.9424883185703029,High
4656,15716041,Chinomso,622,Spain,Male,39,9,0.0,2,0,1,100862.36,0,0.024412539438296237,Low
4657,15654489,Fomin,843,France,Female,38,8,134887.53,1,1,1,10804.04,0,0.1249137010309855,Low
4658,15736302,McKay,687,France,Male,48,4,0.0,2,1,1,170893.85,0,0.07538728711750288,Low
4659,15805909,Bergamaschi,700,Spain,Male,28,8,159900.38,1,0,0,22698.56,0,0.08802951743494725,Low
4660,15572762,Matveyeva,410,Germany,Female,50,2,102278.79,2,1,0,89822.48,0,0.7526086119385381,High
4661,15724632,Madukaego,537,France,Female,41,0,0.0,2,0,1,175262.49,0,0.10362646864321451,Low
4662,15670416,Ferri,780,France,Female,43,0,0.0,1,0,1,15705.27,0,0.3795320365260317,Low
4663,15749528,Achebe,652,Spain,Male,58,6,0.0,2,0,1,170025.43,0,0.0797231220079358,Low
4664,15578783,Mai,620,Germany,Male,35,0,76989.97,1,1,1,17242.79,0,0.09484012606463198,Low
4665,15580719,Davis,697,France,Female,23,10,0.0,2,1,1,79734.23,0,0.016026656806569575,Low
4666,15656293,Davey,786,France,Male,35,3,0.0,2,1,0,92712.97,0,0.020066775179009694,Low
4667,15691875,Tsou,850,Germany,Female,39,5,114491.82,1,1,0,99689.48,0,0.391061313616748,Low
4668,15596870,Marino,749,Germany,Male,54,3,144768.94,1,1,0,93336.3,1,0.885438863425308,High
4669,15780770,Kerr,445,France,Male,31,7,145056.59,1,1,1,175893.53,0,0.04062069206249614,Low
4670,15751491,Hsiao,443,Germany,Male,50,3,117206.3,1,1,0,42840.18,1,0.8427557080983481,High
4671,15706200,Graham,637,Germany,Male,41,2,138014.4,2,1,0,140298.24,0,0.1544263719091708,Low
4672,15808674,Ejikemeifeuwa,616,Germany,Female,45,6,128352.59,3,1,1,144000.59,1,0.9744454749918318,High
4673,15641411,Volkova,756,France,Female,23,1,112568.31,1,1,1,113408.11,0,0.05809749881182387,Low
4674,15764661,Wang,644,France,Male,33,2,0.0,1,1,0,96420.58,0,0.14284881984561723,Low
4675,15689492,Benjamin,850,Germany,Male,41,1,176958.46,2,0,1,125806.3,0,0.030448093981509907,Low
4676,15602405,Ryrie,703,Germany,Female,38,9,99167.54,1,1,0,65720.92,0,0.3980872088844665,Low
4677,15610271,Andreev,684,Spain,Female,42,3,103210.27,1,1,0,31002.03,0,0.293640995899359,Low
4678,15791780,Ts'ao,706,Germany,Female,48,10,104478.12,3,0,1,158248.71,1,0.980426041122754,High
4679,15589147,Frolov,580,Spain,Male,61,8,125921.37,1,1,1,94677.83,0,0.13945522223283704,Low
4680,15756975,Montemayor,777,Spain,Female,35,3,0.0,2,1,1,17257.72,0,0.02314505744803466,Low
4681,15729582,Fu,676,Germany,Male,48,3,80697.44,1,0,0,101397.86,0,0.6585140669253743,Medium
4682,15742971,Whitehead,708,France,Female,44,2,161887.81,2,1,0,84870.23,0,0.24981864507468224,Low
4683,15568046,Izuchukwu,809,France,Male,24,7,109558.36,1,1,0,183515.13,0,0.09487441946053614,Low
4684,15694890,Lai,588,France,Male,38,1,124271.26,1,1,0,75969.19,0,0.13973166137267937,Low
4685,15736963,Herring,623,France,Male,43,1,0.0,2,1,1,146379.3,0,0.04209846959647026,Low
4686,15646490,Duffy,537,Spain,Male,42,1,190569.23,1,0,1,127154.8,0,0.16465149278352353,Low
4687,15607314,Chiefo,536,Spain,Male,53,2,143923.96,1,1,0,2019.78,1,0.7277755826119088,Medium
4688,15576745,Fyodorov,769,France,Male,48,2,96542.16,2,0,1,197885.72,0,0.1794292039808897,Low
4689,15669606,Chu,690,France,Male,33,5,0.0,2,1,0,138017.68,0,0.01790197624629781,Low
4690,15737832,Robertson,771,Spain,Male,45,0,139825.56,1,0,0,170984.97,1,0.3205286433075716,Low
4691,15681990,Palmerston,497,Germany,Male,24,6,111769.14,2,1,0,55859.27,0,0.0876124890941983,Low
4692,15758050,Madukwe,622,Spain,Male,37,4,0.0,2,1,0,4459.5,0,0.024936192420677687,Low
4693,15787848,Chinedum,602,Spain,Male,30,9,113672.18,2,0,0,102135.92,0,0.041943829993075,Low
4694,15713594,French,543,France,Female,32,7,147256.86,1,1,0,112771.95,0,0.1285698391953582,Low
4695,15588186,Polyakov,520,Spain,Male,45,7,107023.03,1,1,0,32903.93,0,0.35070094139758445,Low
4696,15786739,Clements,669,France,Male,37,1,125529.55,1,1,1,162260.93,0,0.06462137752120045,Low
4697,15699467,Connor,631,Spain,Female,41,0,0.0,1,0,0,87959.83,0,0.38138116202772365,Low
4698,15680706,Balashov,537,Germany,Male,48,4,131834.8,1,1,0,166476.95,1,0.7719345570707927,High
4699,15645717,Avdeeva,732,France,Male,62,2,0.0,2,1,1,25438.87,0,0.0479131142957807,Low
4700,15748597,Chester,844,Spain,Male,56,5,99529.7,1,0,1,157230.06,1,0.22270972957749335,Low
4701,15773709,Hung,838,Spain,Male,35,0,0.0,2,0,1,197305.91,0,0.015023968738707675,Low
4702,15629787,Tu,652,France,Male,27,10,107303.72,2,0,0,44435.76,0,0.0328574844132257,Low
4703,15661007,Thompson,660,France,Male,33,0,72783.42,1,0,0,181051.99,0,0.11800805285130576,Low
4704,15686812,Jones,692,Spain,Female,44,8,0.0,1,0,1,159069.37,0,0.4264040566674171,Low
4705,15754113,Li,588,France,Female,35,0,0.0,2,1,1,155485.24,0,0.028353527319238018,Low
4706,15749489,Denisova,533,Germany,Female,22,10,115743.6,1,0,0,43852.05,0,0.333067767810404,Low
4707,15574352,Clogstoun,850,France,Male,43,4,161256.53,1,1,1,140071.57,0,0.13541034475912553,Low
4708,15701281,Tan,511,France,Male,27,8,0.0,2,1,1,49089.36,0,0.009755308373512524,Low
4709,15811985,Power,530,Spain,Male,44,6,0.0,2,0,0,55893.37,0,0.07012976788660441,Low
4710,15713505,Harriman,554,France,Male,31,1,0.0,2,0,1,192660.55,0,0.01695942156839181,Low
4711,15685653,Benson,585,Germany,Female,40,3,162261.01,2,1,0,137028.51,0,0.15671037599314888,Low
4712,15758831,Thornton,754,France,Male,39,3,74896.33,1,0,0,34430.16,0,0.18476206189890315,Low
4713,15618774,White,474,France,Male,54,3,0.0,1,1,0,108409.17,1,0.8811255899405623,High
4714,15764448,Mackenzie,837,Germany,Male,35,0,144037.6,1,1,0,145325.32,0,0.18603077742921845,Low
4715,15611024,Kalinina,567,France,Female,23,9,93522.2,1,0,1,81425.61,0,0.06761534724481781,Low
4716,15738220,Bennet,800,Spain,Male,38,1,0.0,2,1,0,51553.43,0,0.028498128134122596,Low
4717,15805764,Hallahan,646,France,Male,18,10,0.0,2,0,1,52795.15,0,0.009034810605810299,Low
4718,15580487,Martin,627,Germany,Male,38,8,106922.92,2,0,1,84270.09,0,0.08456338056298884,Low
4719,15675787,Rivera,505,France,Male,26,8,112972.57,1,1,0,145011.62,0,0.0775821950415907,Low
4720,15583580,Chiawuotu,566,Germany,Female,35,1,123042.0,1,1,0,66245.44,1,0.37157759430828574,Low
4721,15780654,Sergeyev,619,Germany,Female,33,3,100488.92,2,0,1,36446.74,0,0.08285024550290931,Low
4722,15695034,Christie,757,France,Female,44,4,123322.15,1,1,0,137136.29,0,0.4020131021473288,Low
4723,15805671,Louis,648,France,Male,32,0,0.0,1,0,1,117323.31,0,0.07043097524494159,Low
4724,15790658,Iqbal,621,Spain,Male,42,8,68683.68,1,1,1,74157.71,0,0.1737709247545947,Low
4725,15578648,Marino,543,Germany,Male,49,6,59532.18,1,1,0,104253.56,0,0.613051450526249,Medium
4726,15734987,Robertson,658,France,Female,43,7,140260.36,2,1,0,2748.72,0,0.19692041510544692,Low
4727,15721740,Pai,633,Germany,Male,50,7,88302.65,1,1,1,195937.16,0,0.4952821430440312,Medium
4728,15641822,Barese,648,France,Female,19,1,0.0,2,0,1,22101.86,0,0.01579959782980253,Low
4729,15765650,Chigolum,501,Germany,Male,40,5,114655.58,1,0,0,126535.92,0,0.4165299267028886,Low
4730,15788556,Trouette,683,France,Female,42,4,148283.94,1,1,1,44692.63,1,0.1901013873531072,Low
4731,15576550,Ugochukwu,619,Spain,Female,38,1,0.0,1,1,0,112442.63,1,0.32339473066839813,Low
4732,15622230,Cribb,705,France,Female,35,3,0.0,2,0,1,66331.01,0,0.02165925635475349,Low
4733,15653937,McIntyre,638,Germany,Female,53,1,123916.67,1,1,0,16657.68,1,0.9299778371593069,High
4734,15743538,Pickering,710,France,Female,31,1,0.0,2,1,0,20081.3,0,0.028062273819290127,Low
4735,15591740,Fletcher,590,France,Female,54,4,0.0,2,1,1,93820.49,1,0.08728044372555428,Low
4736,15650086,Uchenna,725,France,Male,43,2,165896.0,2,1,0,130795.52,0,0.15229562292137658,Low
4737,15718773,Pisano,638,France,Female,32,0,0.0,2,1,0,160129.99,0,0.03025640155505898,Low
4738,15615140,Corson,791,France,Male,36,6,111168.97,1,1,1,189969.91,0,0.06097706328783007,Low
4739,15644361,Hooper,702,France,Female,40,1,103549.24,1,0,0,9712.52,1,0.2715420114526647,Low
4740,15774536,He,607,France,Female,32,6,0.0,2,0,0,196062.01,0,0.05273920892807285,Low
4741,15618661,Chidubem,535,France,Male,30,6,103804.97,1,1,1,125710.53,0,0.04219337362911856,Low
4742,15605020,Schofield,651,France,Male,45,2,165901.59,2,1,0,23054.51,1,0.24253931853866223,Low
4743,15762134,Liang,506,Germany,Male,59,8,119152.1,2,1,1,170679.74,0,0.18791990993741106,Low
4744,15685279,Somadina,511,Spain,Female,57,8,122950.31,1,1,1,181258.76,0,0.27221230339358493,Low
4745,15582849,McIntosh,757,France,Female,51,1,0.0,1,1,1,22835.13,1,0.5669874544105943,Medium
4746,15655410,Hinton,768,Germany,Male,49,1,133384.66,1,1,0,102397.22,1,0.8093994430270818,High
4747,15649129,Sal,757,France,Male,32,9,0.0,2,1,0,115950.96,0,0.01718438266115579,Low
4748,15702380,De Luca,663,Spain,Male,64,6,0.0,2,0,1,15876.52,0,0.029179671441700243,Low
4749,15759067,Bromby,537,Germany,Female,37,7,158411.95,4,1,1,117690.58,1,0.9388586431021653,High
4750,15683027,Chang,570,Germany,Male,29,4,122028.65,2,1,1,173792.77,0,0.052929718728794074,Low
4751,15597487,Hunter,850,France,Female,35,5,0.0,1,1,1,80992.8,0,0.12135416457327178,Low
4752,15763256,Sheppard,661,Germany,Female,64,8,128751.65,2,1,0,189398.18,1,0.8043384548735103,High
4753,15620111,Fan,659,France,Male,54,8,133436.52,1,1,0,56787.8,0,0.7502227652482931,High
4754,15623053,Muir,454,Spain,Male,40,2,123177.01,1,1,0,148309.98,0,0.18341919252879055,Low
4755,15595592,Lai,708,France,Female,59,2,0.0,1,1,0,179673.11,1,0.939237774139737,High
4756,15740072,Padovesi,720,France,Female,37,2,120328.88,2,1,1,138470.21,0,0.06442034996625084,Low
4757,15778005,Kemp,785,France,Female,39,1,130147.98,1,1,0,163798.41,1,0.21873488765826646,Low
4758,15583278,Greece,743,Spain,Female,36,8,92716.96,1,1,1,33693.78,0,0.08616953107583415,Low
4759,15601263,Young,493,Spain,Female,48,7,0.0,2,1,0,48545.1,0,0.21611120871995257,Low
4760,15709222,Chukwueloka,557,Spain,Male,34,3,0.0,1,0,1,123427.98,0,0.09932770200053323,Low
4761,15713949,Woods,850,France,Male,40,1,76914.21,1,1,0,174183.44,0,0.24462283299616083,Low
4762,15717706,Forbes,799,France,Female,32,3,106045.92,2,1,1,17938.0,0,0.0448998594336965,Low
4763,15756071,Kang,756,France,Male,34,1,103133.26,1,1,1,90059.04,0,0.03683804333977951,Low
4764,15696564,Nweke,752,France,Male,38,0,145974.79,2,1,1,137694.23,0,0.04238869439477539,Low
4765,15657637,Ts'ui,696,Spain,Female,36,3,0.0,3,1,0,65039.9,0,0.5656787717689791,Medium
4766,15755863,Milano,630,Spain,Female,49,1,0.0,2,0,1,162858.29,0,0.16979500578934176,Low
4767,15719858,Chao,659,Spain,Female,38,9,0.0,2,1,1,35701.06,0,0.025938497719918928,Low
4768,15688876,Wan,685,Spain,Male,39,9,0.0,2,1,1,18826.06,0,0.018954175911942872,Low
4769,15698528,Napolitani,599,Spain,Female,31,3,0.0,1,1,1,130086.47,1,0.14455001117744257,Low
4770,15770345,Kovaleva,559,Spain,Female,31,1,139183.06,1,0,1,143360.56,0,0.09316796062334422,Low
4771,15761506,Russell,615,Spain,Male,19,5,0.0,2,1,0,159920.92,0,0.015639452379121108,Low
4772,15716619,Chiebuka,580,Germany,Female,36,3,74974.89,1,1,1,12099.67,0,0.12457737269698621,Low
4773,15788367,Ellis,487,Spain,Male,44,6,61691.45,1,1,1,53087.98,0,0.22623329051269442,Low
4774,15709451,Gordon,646,Germany,Female,35,1,121952.75,2,1,1,142839.82,0,0.09100039595613985,Low
4775,15640421,Conway,811,France,Female,35,7,0.0,1,1,1,178.19,0,0.12865580046013272,Low
4776,15580068,Buccho,526,Spain,Male,35,5,0.0,2,1,1,105618.14,0,0.013721313009960776,Low
4777,15677123,Aksyonova,767,Spain,Male,37,7,0.0,2,1,1,24734.25,0,0.014714298870900344,Low
4778,15619801,Batty,548,France,Female,33,1,80107.83,2,0,1,82245.67,0,0.03521411039535322,Low
4779,15582246,Rowe,737,Spain,Female,45,2,0.0,2,0,1,177695.67,0,0.11597198522817108,Low
4780,15711843,Pisani,613,Germany,Male,40,1,147856.82,3,0,0,107961.11,1,0.9086209282882276,High
4781,15680046,Onochie,711,Spain,Male,36,8,0.0,2,1,0,55207.41,0,0.019897486834451868,Low
4782,15804131,Farmer,850,Spain,Female,53,7,65407.16,2,0,0,182633.63,1,0.5889911971601042,Medium
4783,15722611,Cameron,752,France,Female,53,8,114233.18,1,1,1,51587.04,0,0.3040415112537344,Low
4784,15729224,Jennings,710,France,Female,37,5,0.0,2,1,0,115403.31,0,0.040671706199187495,Low
4785,15811588,Eluemuno,664,Spain,Female,53,7,187602.18,1,1,0,186392.99,1,0.8863651618551847,High
4786,15702138,Swift,510,France,Female,22,3,156834.34,1,0,0,44374.44,0,0.13747690743435115,Low
4787,15749799,Pisani,577,France,Female,34,2,0.0,2,1,1,84033.35,0,0.01950797962047149,Low
4788,15752885,Nnonso,529,France,Male,42,1,157498.9,1,1,1,82276.62,0,0.14759391248262477,Low
4789,15674932,Cameron,757,Spain,Female,44,9,0.0,2,1,0,177528.92,0,0.13632288678047727,Low
4790,15743828,Stevens,691,France,Male,41,2,0.0,1,1,1,56850.92,1,0.18211902141450395,Low
4791,15642022,Zito,621,Spain,Male,34,8,0.0,1,0,0,47972.65,0,0.1551863231855408,Low
4792,15746461,Taylor,709,Spain,Male,35,2,0.0,2,1,0,104982.39,0,0.021225466399674296,Low
4793,15809991,Ferrari,756,Spain,Male,19,4,130274.22,1,1,1,133535.29,0,0.03775447396922916,Low
4794,15787322,Yeh,788,France,Female,41,6,0.0,1,1,1,25571.37,0,0.2532867129501912,Low
4795,15575498,Gould,705,France,Female,39,5,149379.66,2,1,0,96075.55,0,0.104447945035459,Low
4796,15691387,Agafonova,483,France,Male,29,9,0.0,1,1,1,81634.45,0,0.0746869153122212,Low
4797,15765457,Fowler,719,Spain,Male,35,1,100829.94,1,1,1,165008.97,0,0.04562691906803857,Low
4798,15666173,Chidumaga,793,Germany,Female,32,1,96408.98,1,1,1,138191.81,0,0.15922112789294293,Low
4799,15627377,Sabbatini,593,France,Male,41,6,0.0,2,1,1,99136.49,0,0.027664112940755044,Low
4800,15656683,Johnson,551,France,Male,52,1,0.0,1,0,0,63584.55,1,0.7822922402317566,High
4801,15679810,Chapman,690,France,Male,39,6,0.0,2,1,0,160532.88,0,0.0323449243793918,Low
4802,15606310,Birk,823,France,Male,71,5,149105.08,1,0,1,162683.06,0,0.06628195225106612,Low
4803,15756871,Capon,512,Spain,Male,39,3,0.0,1,1,0,134878.19,0,0.28928165141590234,Low
4804,15610002,Chidubem,802,Spain,Male,41,5,0.0,2,1,1,134626.3,0,0.02591950523078823,Low
4805,15567802,Childs,450,Spain,Female,34,2,0.0,2,1,0,175480.93,0,0.05205560405605698,Low
4806,15745452,Sun,651,Germany,Male,41,1,90218.11,1,1,0,174337.68,0,0.3769240309981165,Low
4807,15617252,Lung,697,France,Female,33,1,87347.7,1,1,0,172524.51,0,0.1469419577466033,Low
4808,15753248,Tao,611,France,Male,28,2,0.0,2,0,0,25395.83,0,0.014703272432653434,Low
4809,15610755,Napolitano,643,France,Female,33,0,137811.75,1,1,1,184856.89,0,0.07166574737600065,Low
4810,15662238,Davis,822,France,Male,37,3,105563.0,1,1,0,182624.93,0,0.12137482071496972,Low
4811,15799186,Sagese,632,France,Male,38,4,0.0,2,0,0,192505.62,0,0.046338272857097317,Low
4812,15686941,Hutchinson,575,Spain,Female,26,7,0.0,2,1,0,112507.63,0,0.028522272987793584,Low
4813,15601172,Nelson,672,France,Male,31,6,91125.75,1,1,0,177295.92,0,0.0931250063763511,Low
4814,15723858,Schiavone,517,Spain,Male,39,3,0.0,2,0,1,12465.51,0,0.025533838296832118,Low
4815,15615896,Chienezie,621,Spain,Male,39,8,0.0,2,1,0,36122.96,0,0.029896265175654604,Low
4816,15737647,Obioma,775,Germany,Female,77,6,135120.56,1,1,0,37836.64,0,0.5628062741196291,Medium
4817,15582841,Butusov,600,France,Male,29,8,0.0,2,0,1,34747.43,0,0.009283278621801994,Low
4818,15760090,Pisano,640,France,Male,28,7,0.0,2,1,1,131097.9,0,0.010676252258975063,Low
4819,15588587,Stetson,752,France,Female,36,1,86837.95,1,1,1,105280.55,0,0.09497517292412748,Low
4820,15683157,Waring,613,France,Male,26,4,100446.57,1,0,1,149653.81,0,0.05081344696284589,Low
4821,15694209,Fanucci,484,France,Female,32,3,0.0,2,1,1,139390.99,0,0.024332221390787587,Low
4822,15655875,Thao,511,France,Female,33,3,0.0,2,1,0,132436.71,0,0.033572922154371264,Low
4823,15805704,Murphy,745,France,Female,32,2,0.0,4,0,1,179705.13,1,0.7973287599585451,High
4824,15744789,McConnell,786,Spain,Female,32,6,114512.59,1,1,0,15796.66,0,0.14756794792252076,Low
4825,15799357,Armfield,727,France,Male,35,5,136364.46,1,0,0,142754.71,0,0.09351703177508794,Low
4826,15726153,Fanucci,622,France,Male,31,5,106260.67,1,1,1,2578.43,0,0.04465556920237951,Low
4827,15713346,Panina,794,France,Male,24,10,146126.75,1,1,1,88992.05,0,0.038832475322593506,Low
4828,15665053,Nixon,636,Spain,Male,52,4,111284.53,1,0,1,32936.44,1,0.28010748581467676,Low
4829,15592379,Walker,741,Spain,Female,42,9,121056.63,2,1,0,39122.58,0,0.1670621265180539,Low
4830,15692599,Chiemela,687,France,Male,34,5,128270.56,1,1,0,191092.62,0,0.09438362312125999,Low
4831,15620758,Martel,660,Spain,Male,30,4,0.0,2,1,0,129149.06,0,0.017589977109556846,Low
4832,15637428,Briggs,660,France,Male,35,7,0.0,2,1,0,13218.6,0,0.016998538463381074,Low
4833,15808389,Iheatu,617,France,Female,79,7,0.0,1,1,1,160589.18,0,0.057365762360549646,Low
4834,15807003,Jennings,762,France,Male,32,10,191775.65,1,1,0,179657.83,0,0.24104814433591232,Low
4835,15702912,Ch'en,752,Spain,Female,35,2,0.0,1,1,0,44335.54,1,0.2724537875440558,Low
4836,15590623,Kovalyov,561,Spain,Male,34,4,85141.79,2,1,1,29217.37,0,0.023511818124036122,Low
4837,15728078,Yeh,609,France,Male,26,10,126392.18,1,0,1,43651.49,0,0.04875983305960076,Low
4838,15708256,Chien,803,France,Male,28,3,0.0,2,1,0,159654.0,0,0.015213052949199444,Low
4839,15582335,Brown,556,France,Female,40,9,129860.37,1,0,0,17992.94,0,0.23524372640319466,Low
4840,15649150,Buddicom,531,France,Female,53,5,127642.44,1,1,0,141501.45,1,0.809470544117659,High
4841,15691647,McGregor,411,France,Female,35,2,0.0,2,1,1,93825.78,0,0.03923908086741378,Low
4842,15668270,Thompson,587,Germany,Female,44,5,125584.17,2,1,1,41852.24,1,0.24132780617312974,Low
4843,15624820,Ross,683,Spain,Male,56,7,50911.21,3,0,0,97629.31,1,0.9820982961041589,High
4844,15736254,Ch'ang,654,France,Male,29,2,91955.61,1,1,0,37065.66,0,0.07745803531776706,Low
4845,15720814,Warren,670,Germany,Female,36,2,84266.44,2,0,0,38614.69,0,0.07025977133470648,Low
4846,15642997,Uspenskaya,655,France,Female,36,2,147149.59,1,1,1,87816.86,0,0.08683040528326039,Low
4847,15693200,King,752,France,Female,36,7,0.0,2,1,0,184866.86,0,0.046449555694100496,Low
4848,15624596,Trentini,534,France,Female,23,5,104822.45,1,0,1,160176.47,0,0.09467906292811688,Low
4849,15807167,Konovalova,635,France,Male,42,1,146766.72,2,0,1,164357.1,0,0.09560023415459627,Low
4850,15660301,Dellucci,491,Germany,Male,70,6,148745.92,2,1,1,17818.33,0,0.051457341955196925,Low
4851,15593094,Goddard,516,France,Male,27,9,0.0,1,1,0,142680.64,1,0.14980516267225794,Low
4852,15618239,Neumann,530,France,Female,48,0,0.0,1,1,0,85081.09,0,0.749529407046982,Medium
4853,15574137,Ch'in,687,Spain,Male,35,3,0.0,2,1,1,176450.19,0,0.015219487509684345,Low
4854,15614740,Walters,684,France,Female,41,6,135203.81,2,1,1,121967.88,0,0.0941295715054416,Low
4855,15574071,Muravyova,706,Germany,Male,23,2,93301.97,2,0,1,127187.04,0,0.03794003297247931,Low
4856,15671148,Barry,490,Germany,Male,33,5,96341.0,2,0,0,108313.34,0,0.06720179886178174,Low
4857,15721921,Woolnough,796,France,Male,44,8,165326.2,1,1,1,57205.55,0,0.1466867809239225,Low
4858,15717995,Keen,849,France,Male,27,0,0.0,2,0,1,157891.86,0,0.008606997238323597,Low
4859,15632050,Liebe,779,France,Female,41,10,99786.2,1,1,0,86927.53,0,0.2549354712902705,Low
4860,15647111,White,794,Spain,Female,22,4,114440.24,1,1,1,107753.07,0,0.06573426877540793,Low
4861,15759991,Hunter,748,Spain,Male,36,4,141573.55,1,1,0,82158.14,0,0.1025234459618784,Low
4862,15790204,Myers,663,Spain,Female,22,9,0.0,1,1,0,29135.89,1,0.22546532388838258,Low
4863,15686780,Rogova,645,Spain,Female,55,1,133676.65,1,0,1,17095.49,0,0.2974884868284918,Low
4864,15640491,Raff,464,France,Female,33,10,147493.7,2,1,0,100447.53,0,0.07054459302354324,Low
4865,15783225,Cocci,737,France,Male,54,9,0.0,1,1,0,83470.4,1,0.8586935320243464,High
4866,15734438,Kanayochukwu,590,France,Female,29,4,0.0,2,1,0,121846.81,0,0.029925705719961032,Low
4867,15688760,Obialo,522,Germany,Female,37,3,95022.57,1,1,1,129107.59,0,0.24163566883197124,Low
4868,15768124,Liu,648,France,Female,34,3,0.0,1,1,0,54726.43,0,0.20319440707695574,Low
4869,15661330,Gilbert,754,France,Male,37,6,0.0,1,1,1,116141.72,0,0.10844969678407673,Low
4870,15781272,Coles,669,France,Male,50,4,149713.61,3,1,1,124872.42,1,0.9666514966283379,High
4871,15573888,Ponomaryov,648,Germany,Female,43,1,107963.38,1,0,0,186438.86,1,0.67935426160276,Medium
4872,15575858,Bergamaschi,763,France,Male,40,3,0.0,2,1,0,134281.11,0,0.04066479589774842,Low
4873,15645937,Guerin,790,Spain,Male,32,3,0.0,1,1,0,91044.47,0,0.15437355931457838,Low
4874,15702337,Sinclair,581,France,Male,37,7,0.0,2,1,1,74320.75,0,0.014883803548798109,Low
4875,15764537,Dominguez,703,France,Male,43,8,0.0,2,1,0,9704.66,0,0.049239317875565534,Low
4876,15619616,Costa,571,France,Female,33,9,102017.25,2,0,0,128600.49,0,0.06344648611628224,Low
4877,15585133,Wei,657,Spain,Female,27,8,0.0,2,0,0,6468.24,0,0.025355315513591367,Low
4878,15573971,Mills,737,France,Male,44,7,0.0,2,0,0,57898.58,0,0.057798293835502994,Low
4879,15579433,Pugh,793,Spain,Male,29,8,96674.55,2,0,0,192120.66,0,0.0523938817876705,Low
4880,15777045,Price,783,Spain,Female,44,3,81811.71,1,1,0,164213.53,1,0.4994940641127833,Medium
4881,15611580,Wood,751,Spain,Male,33,4,79281.61,1,1,0,117547.76,0,0.1147803357903682,Low
4882,15614778,Robertson,579,France,Male,31,6,0.0,2,1,0,26149.25,0,0.014239181805208202,Low
4883,15771750,Sawtell,655,Germany,Female,36,10,122314.39,1,1,0,9181.66,0,0.3772402923790807,Low
4884,15593280,Yuryeva,614,Germany,Male,43,8,140733.74,1,1,1,166588.76,0,0.3188835113785663,Low
4885,15569274,Pisano,678,Germany,Male,49,2,116933.11,1,1,0,195053.58,1,0.8069667480196236,High
4886,15654408,Kharitonova,562,Spain,Male,41,5,165445.04,2,1,0,85787.31,0,0.10804993270786886,Low
4887,15657468,Simmons,711,Germany,Female,53,5,123805.03,1,1,0,102428.51,0,0.8914243169769708,High
4888,15614213,Muramats,620,France,Male,37,0,107548.94,1,1,0,71175.94,0,0.1221300836443003,Low
4889,15589869,Tang,437,France,Male,49,9,111634.29,2,0,1,166440.32,0,0.20886618950466637,Low
4890,15693205,Peng,691,Germany,Female,41,8,109153.96,3,1,1,148848.76,1,0.919237091738027,High
4891,15797113,Bevan,552,Spain,Female,34,4,0.0,2,1,0,140286.69,0,0.036507141020194735,Low
4892,15676958,Zito,765,Germany,Male,34,5,86055.17,2,1,1,104220.5,0,0.02884644303334265,Low
4893,15739592,Sokolov,707,Germany,Female,51,10,98438.23,1,0,0,70778.63,1,0.8814840188146632,High
4894,15656263,Teng,764,Spain,Male,29,5,0.0,2,1,0,65868.28,0,0.018037321014575464,Low
4895,15636872,Amadi,585,France,Female,32,8,144705.87,2,0,0,171482.56,0,0.0873398945508134,Low
4896,15589435,Davide,784,France,Male,31,7,0.0,2,1,1,143204.41,0,0.00955721885330915,Low
4897,15640464,Parkes,605,France,Male,41,5,91612.91,1,1,1,28427.84,0,0.11014727008365655,Low
4898,15723851,Mazzanti,699,Spain,Male,40,2,0.0,1,1,0,78387.32,0,0.3130857688742062,Low
4899,15722122,Findlay,544,France,Female,40,7,0.0,1,0,1,161076.92,0,0.33562821283342764,Low
4900,15696852,Hsu,803,France,Female,32,9,192122.84,1,1,1,54277.45,1,0.30150964833288346,Low
4901,15634936,Chukwukadibia,735,France,Male,41,7,179904.0,1,1,1,137180.95,0,0.18500828167627076,Low
4902,15575935,Baxter,673,France,Male,59,0,178058.06,2,0,1,21063.71,1,0.275881061070416,Low
4903,15634491,Kung,652,France,Male,30,2,176166.56,2,1,1,152210.81,0,0.05339128032291475,Low
4904,15628530,Booth,694,France,Male,42,3,156864.2,2,0,0,88890.75,0,0.11812742610821589,Low
4905,15678720,Evans,741,France,Female,44,7,0.0,2,1,1,190534.76,0,0.07858362026388366,Low
4906,15627999,Kung,590,Spain,Male,30,3,0.0,2,1,0,83090.35,0,0.017846884057981714,Low
4907,15571244,Tung,809,Spain,Female,33,3,0.0,2,0,1,141426.78,0,0.020798869831422085,Low
4908,15739931,Yuan,523,France,Male,34,2,161588.89,1,1,1,51358.66,0,0.05985978951667904,Low
4909,15806256,Jackson,540,France,Male,48,2,109349.29,1,1,0,88703.04,1,0.5139169345451852,Medium
4910,15787258,Ross,596,Spain,Female,29,6,0.0,2,1,0,116696.77,0,0.029408553294116124,Low
4911,15706463,Yang,597,France,Female,36,9,0.0,2,1,1,7156.09,0,0.020014787921250245,Low
4912,15691004,Yu,407,Spain,Male,37,1,0.0,1,1,1,49161.12,1,0.19298222346249436,Low
4913,15792228,Onwumelu,748,France,Male,60,0,152335.7,1,1,0,126743.33,1,0.7655641285648569,High
4914,15733447,Gay,562,France,Female,51,1,124662.54,1,1,1,65390.46,1,0.3826754782096738,Low
4915,15679062,Morrison,734,Germany,Female,47,10,91522.04,2,1,1,138835.91,0,0.3031297616181205,Low
4916,15594409,Belov,710,France,Male,45,1,0.0,2,1,1,36154.66,0,0.04477607410899252,Low
4917,15613816,Mao,539,Spain,Female,39,6,62052.28,1,0,1,59755.14,0,0.1902751824350068,Low
4918,15681991,Walsh,542,France,Male,32,7,107871.72,1,1,0,125302.64,0,0.07588024796135506,Low
4919,15796074,Bruno,717,France,Female,36,2,99472.76,2,1,0,94274.72,1,0.0806850645924227,Low
4920,15625941,Gray,682,Spain,Female,50,10,128039.01,1,1,1,102260.16,0,0.2879837117099573,Low
4921,15615016,Maurer,515,France,Male,33,2,0.0,2,1,1,136028.97,0,0.013107800277573703,Low
4922,15748414,Chiang,526,Spain,Female,33,8,114634.63,2,1,0,110114.38,1,0.08610512922396475,Low
4923,15751203,Cattaneo,702,France,Male,26,5,56738.47,2,1,1,100442.22,1,0.013998595532682349,Low
4924,15662658,Grieve,651,Germany,Male,34,2,90355.12,2,0,0,193597.94,0,0.07113707634212055,Low
4925,15574868,Lowell,792,Germany,Male,36,5,115725.24,2,0,0,1871.25,0,0.08308598106533462,Low
4926,15790282,Trentino,817,Germany,Male,58,3,114327.59,2,1,1,42831.11,0,0.24973400644743854,Low
4927,15762927,Sung,674,Germany,Female,36,6,100762.64,1,1,0,182156.86,0,0.350392995018877,Low
4928,15803456,Yen,641,France,Female,40,9,0.0,1,0,0,151648.66,1,0.4522688442822112,Medium
4929,15771857,Philipp,513,Spain,Male,39,7,89039.9,2,1,1,146738.83,0,0.05073592036272023,Low
4930,15700601,Dynon,561,France,Male,34,1,78829.53,1,1,1,12148.2,0,0.059097555223299056,Low
4931,15569670,Alexeyeva,627,Germany,Male,30,6,112372.96,1,1,1,118029.09,0,0.12405969656331949,Low
4932,15772341,Hs?eh,682,Germany,Male,81,6,122029.15,1,1,1,50783.88,0,0.05678476956308937,Low
4933,15661548,Ferri,683,France,Female,29,0,157829.12,1,0,0,129891.66,0,0.11550655855124817,Low
4934,15787597,Hsu,420,Germany,Female,31,1,108377.75,2,1,1,9904.63,0,0.08158172529278974,Low
4935,15806913,Bishop,670,France,Female,54,2,95507.12,1,1,1,63213.31,0,0.26567085232937143,Low
4936,15804862,Toscani,505,Germany,Male,43,6,127146.68,1,0,0,137565.87,0,0.5212682246134134,Medium
4937,15792986,T'ao,580,Germany,Male,24,1,133811.78,1,1,0,17185.95,1,0.2861679245320196,Low
4938,15625632,Philip,577,France,Male,36,3,121092.47,2,0,1,143783.46,0,0.03833628525011923,Low
4939,15727703,Li Fonti,773,Germany,Male,34,10,126979.75,1,0,0,36823.28,0,0.24765930634795247,Low
4940,15606273,Rene,616,France,Male,37,5,144235.73,2,0,0,154957.66,1,0.066095044429492,Low
4941,15799652,Daigle,763,France,Female,38,0,152582.2,2,0,0,31892.82,0,0.10357849732992079,Low
4942,15715047,Joshua,640,Spain,Male,43,9,172478.15,1,1,0,191084.4,1,0.32554281309864924,Low
4943,15784687,Simmons,592,France,Male,36,1,126477.42,1,0,0,179718.17,0,0.13192532461739342,Low
4944,15615322,Jamieson,528,Spain,Male,43,7,97473.87,2,1,1,159823.16,0,0.10225216431628217,Low
4945,15722072,Hou,630,France,Male,53,5,138053.67,1,0,1,114110.97,0,0.2609108671612014,Low
4946,15646784,Cochran,529,France,Female,31,2,164003.05,2,1,1,60993.23,0,0.056406126534602516,Low
4947,15644692,Bibb,546,France,Female,47,8,0.0,1,1,1,66408.01,1,0.4368810031680723,Low
4948,15670354,Jen,753,France,Female,62,6,0.0,2,1,1,136398.9,0,0.08330270484683157,Low
4949,15716357,Corran,772,Spain,Female,39,4,122486.11,2,1,1,140709.25,0,0.0865411502232996,Low
4950,15786717,He,567,France,Male,36,1,0.0,2,0,0,8555.73,0,0.01941667699300908,Low
4951,15771383,Loggia,628,Germany,Female,45,6,53667.44,1,1,0,115022.94,0,0.48341811096203,Medium
4952,15649793,Lovely,658,France,Male,20,7,0.0,2,0,0,187638.34,0,0.020368141093698736,Low
4953,15731543,Becker,679,Spain,Male,58,9,109327.65,1,1,1,3829.13,0,0.15974643796403304,Low
4954,15684516,Plascencia,629,Spain,Male,34,1,121151.05,1,0,0,119357.93,0,0.08751287910664966,Low
4955,15677249,Somadina,731,Spain,Male,42,9,101043.63,1,1,1,192175.52,0,0.12989779322972944,Low
4956,15581525,Walker,775,Germany,Male,33,3,83501.66,2,1,0,128841.31,0,0.04101019743474923,Low
4957,15628420,Alekseeva,660,Spain,Male,33,2,80462.24,1,0,0,150422.35,0,0.11347746794796569,Low
4958,15600478,Watson,752,France,Male,39,3,0.0,1,1,0,188187.05,0,0.30187528261450614,Low
4959,15594502,Zotov,655,France,Male,37,6,109093.41,2,1,0,1775.52,0,0.05405366738725484,Low
4960,15784361,Williamson,543,Spain,Female,46,5,140355.6,1,1,1,85086.78,0,0.24576646400777494,Low
4961,15767626,Carpenter,811,France,Male,42,10,0.0,2,1,1,3797.79,0,0.023049109343685863,Low
4962,15632521,Cattaneo,689,Germany,Male,45,0,130170.82,2,1,0,150856.38,0,0.311300594777823,Low
4963,15665088,Gordon,531,France,Female,42,2,0.0,2,0,1,90537.47,0,0.06310578455765997,Low
4964,15652084,Boni,515,France,Male,40,0,109542.29,1,1,1,166370.81,0,0.118534103110983,Low
4965,15574761,Lynch,466,France,Female,41,3,33563.95,2,1,0,178994.13,1,0.12458313550892978,Low
4966,15729515,McCarthy,782,France,Male,36,1,148795.17,2,1,1,195681.43,0,0.021688695842179227,Low
4967,15682070,Davies,611,France,Male,64,9,0.0,2,1,1,53277.15,0,0.024856843699594327,Low
4968,15743817,Hargreaves,621,Germany,Male,40,8,174126.75,3,1,0,172490.78,1,0.8228591836545646,High
4969,15572158,Blackburn,604,Spain,Male,41,3,0.0,1,0,0,11819.84,0,0.3299409517722791,Low
4970,15584477,K?,655,Spain,Female,35,1,106405.03,1,1,1,82900.25,0,0.07747072609803173,Low
4971,15614893,Meng,689,Spain,Male,38,2,0.0,1,1,1,82709.8,0,0.13408117909662332,Low
4972,15665963,Cattaneo,681,Spain,Male,30,2,128393.29,1,1,1,180593.45,0,0.04899005477066947,Low
4973,15612524,Hunt,643,Germany,Male,41,2,127841.52,1,1,0,172363.41,0,0.394159644517587,Low
4974,15596962,Owens,617,France,Female,24,4,137295.19,2,1,1,91195.12,0,0.04651243068755258,Low
4975,15744942,Steele,638,Spain,Female,55,2,155828.22,1,0,1,108987.25,1,0.3215185412228497,Low
4976,15573278,Kennedy,743,France,Male,39,6,0.0,2,1,0,44265.28,0,0.029248299694253528,Low
4977,15717056,Pan,828,Germany,Female,25,7,144351.86,1,1,0,116613.26,0,0.22845256331156016,Low
4978,15795881,Alexander,776,Spain,Male,35,8,106365.29,1,1,1,148527.56,0,0.04335341017595374,Low
4979,15758939,Bray,540,Germany,Male,35,7,127801.88,1,0,1,84239.46,0,0.1555300379883476,Low
4980,15792250,Nnabuife,616,Germany,Female,45,4,122793.96,1,1,1,62002.04,0,0.5440381200859234,Medium
4981,15740406,Padovesi,628,Germany,Male,38,10,113525.84,1,1,0,46044.48,1,0.37675803733914864,Low
4982,15768137,Bray,667,Spain,Female,23,6,136100.69,2,0,0,169669.33,1,0.1671958828446712,Low
4983,15569120,Lucas,615,France,Male,30,7,0.0,2,1,1,156346.84,0,0.012529034887859797,Low
4984,15723721,Tinline,543,France,Male,30,4,140916.81,1,1,0,157711.18,0,0.08347865525314191,Low
4985,15777122,Esomchi,553,France,Female,31,4,0.0,2,1,1,89087.4,0,0.01830465515659383,Low
4986,15742681,Liao,554,Germany,Male,26,4,121365.39,1,1,1,8742.36,0,0.14962258463536798,Low
4987,15582090,Iroawuchi,684,Spain,Female,36,4,0.0,1,1,0,117038.96,0,0.258395880220458,Low
4988,15711254,Retana,452,France,Female,35,7,0.0,2,1,0,164241.67,0,0.04682531114287993,Low
4989,15775067,Fang,606,France,Male,47,3,93578.68,2,0,1,137720.56,1,0.17330317666813805,Low
4990,15602851,Ozioma,629,France,Male,40,9,0.0,1,1,0,106.67,0,0.28998486805610746,Low
4991,15802857,Robson,659,Spain,Female,33,8,115409.6,1,0,1,1539.21,0,0.07476086508989402,Low
4992,15701175,Bruno,493,France,Female,33,8,90791.69,1,1,1,59659.53,0,0.06444781844975865,Low
4993,15783019,Price,794,France,Female,62,9,123681.32,3,1,0,173586.63,1,0.9968911852468534,High
4994,15728912,Swanson,554,France,Female,44,6,92436.86,1,1,0,126033.9,0,0.41843540703683135,Low
4995,15585580,Chang,796,Germany,Female,52,9,167194.36,1,1,1,62808.93,1,0.4723698327815642,Medium
4996,15583480,Morgan,807,France,Female,36,4,0.0,2,0,1,147007.33,0,0.027427397893685992,Low
4997,15620341,Nwebube,500,Germany,Male,44,9,160838.13,2,1,0,196261.64,0,0.13266086203053928,Low
4998,15613886,Trevisan,722,Spain,Male,43,1,0.0,1,1,0,44560.17,1,0.4383921270605672,Low
4999,15792916,Ositadimma,559,Spain,Female,40,7,144470.77,1,1,1,18917.95,0,0.1397321596046804,Low
5000,15710408,Cunningham,584,Spain,Female,38,3,0.0,2,1,1,4525.4,0,0.030450340619665284,Low
5001,15598695,Fields,834,Germany,Female,68,9,130169.27,2,0,1,93112.2,0,0.14681097140663174,Low
5002,15649354,Johnston,754,Spain,Male,35,4,0.0,2,1,1,9658.41,0,0.01216531446818675,Low
5003,15737556,Vasilyev,590,France,Male,43,7,81076.8,2,1,1,182627.25,1,0.0833099699685972,Low
5004,15671610,Hooper,740,France,Male,36,7,0.0,1,1,1,13177.4,0,0.09204736038224409,Low
5005,15625092,Colombo,502,Germany,Female,57,3,101465.31,1,1,0,43568.31,1,0.9478447237050144,High
5006,15741032,Tsao,733,France,Male,48,5,0.0,1,0,1,117830.57,0,0.3855312592005184,Low
5007,15750014,Chikere,755,Germany,Female,37,0,113865.23,2,1,1,117396.25,0,0.12301585401794854,Low
5008,15784761,Ballard,554,Spain,Female,46,7,87603.35,3,0,1,96929.24,1,0.9559501261363385,High
5009,15768359,Akhtar,534,France,Male,36,4,120037.96,1,1,0,36275.94,0,0.1162445172240146,Low
5010,15805769,O'Loughlin,656,Spain,Male,33,4,0.0,2,1,0,116706.0,0,0.017939578787926798,Low
5011,15719508,Davis,575,Germany,Male,49,7,121205.15,4,1,1,168080.53,1,0.9881690684417295,High
5012,15609011,Barry,480,Spain,Male,47,8,75408.33,1,1,0,25887.89,1,0.5447240130871847,Medium
5013,15703106,K'ung,575,France,Male,40,5,0.0,2,1,1,122488.59,0,0.028166053139337264,Low
5014,15626795,Gorman,672,France,Female,40,3,0.0,1,1,0,113171.61,1,0.3925663489363739,Low
5015,15773731,John,758,Spain,Female,35,5,0.0,2,0,0,100365.51,0,0.03446663334274638,Low
5016,15756196,Tsou,682,France,Male,50,6,121818.84,2,0,1,124151.37,0,0.17722626660401353,Low
5017,15687903,Okonkwo,501,France,Female,29,8,0.0,2,1,0,112664.24,0,0.030130563796237457,Low
5018,15777599,Esposito,746,Germany,Male,34,6,141806.0,2,1,1,183494.87,0,0.04586765131459735,Low
5019,15754577,Boni,556,France,Female,51,8,61354.14,1,1,0,198810.65,1,0.8513858498246112,High
5020,15584113,Pratt,823,Germany,Female,53,4,124954.94,1,0,1,131259.6,1,0.6277746617895826,Medium
5021,15669589,Page,491,Germany,Female,68,1,95039.12,1,0,1,116471.14,1,0.30537953046543137,Low
5022,15632793,Wilkinson,638,France,Female,29,9,103417.74,1,1,1,15336.4,0,0.06630350261488814,Low
5023,15711130,Tseng,734,France,Male,45,2,0.0,2,1,0,99593.28,0,0.09327722361670449,Low
5024,15615254,Clark,555,France,Male,40,10,43028.77,1,1,0,170514.21,0,0.2924307513762672,Low
5025,15720583,Finch,745,Germany,Female,44,0,119638.21,1,1,1,34265.08,1,0.531197628487127,Medium
5026,15780432,Shen,728,France,Male,37,3,122689.51,2,0,0,106977.53,1,0.059693055208009965,Low
5027,15673223,Hou,626,France,Male,44,10,0.0,2,0,0,164287.86,0,0.08109201147733937,Low
5028,15807989,Wall,681,Germany,Male,37,8,73179.34,2,1,1,25292.53,0,0.03111333904530495,Low
5029,15761168,Manna,478,France,Female,38,4,171913.87,1,1,0,51820.87,1,0.2655122173220661,Low
5030,15651272,Reyes,709,France,Male,38,5,0.0,2,1,1,81452.29,0,0.016067657768178742,Low
5031,15812832,Jideofor,562,Germany,Male,33,8,92659.2,2,1,0,1354.25,0,0.06476611412271109,Low
5032,15680517,Sal,769,Germany,Female,34,7,137239.17,1,1,1,71379.92,1,0.19449089903638367,Low
5033,15750569,Iweobiegbunam,684,Germany,Female,46,3,102955.14,2,1,0,154137.33,0,0.47407861407377805,Medium
5034,15690743,Shao,536,France,Female,61,8,65190.29,1,1,1,64308.49,1,0.30059351836725356,Low
5035,15627741,Heath,631,Germany,Female,29,2,96863.52,2,1,1,31613.35,0,0.06482283508717986,Low
5036,15712121,Chidimma,657,Spain,Male,34,5,154983.98,1,1,0,27738.01,0,0.0894848574941792,Low
5037,15805429,Murray,699,Germany,Male,59,3,106819.65,1,0,1,163570.25,0,0.4861885280775724,Medium
5038,15814923,Sullivan,606,Spain,Male,38,7,128578.52,1,1,1,193878.51,0,0.05815812168808448,Low
5039,15589230,Wu,612,France,Female,63,2,126473.33,1,0,1,147545.65,0,0.28903928040036203,Low
5040,15775490,Downie,660,France,Female,38,5,110570.78,2,1,0,195906.59,0,0.10123168373831297,Low
5041,15749727,Chukwufumnanya,829,Spain,Male,50,7,0.0,2,0,1,178458.86,0,0.10059539826899347,Low
5042,15619238,Allan,567,Spain,Male,29,8,0.0,2,1,0,156125.72,0,0.018071086694832556,Low
5043,15593468,Findlay,850,France,Female,33,3,0.0,2,1,1,11159.19,0,0.01584409214439113,Low
5044,15718454,Ch'eng,712,Spain,Female,44,2,0.0,2,0,0,45738.94,0,0.1052246130576124,Low
5045,15789498,Miller,562,France,Male,30,3,111099.79,2,0,0,140650.19,0,0.04230924576961956,Low
5046,15744691,Tsai,755,France,Female,29,3,0.0,3,1,0,4733.94,0,0.45833767809484277,Medium
5047,15708289,Graham,793,Spain,Male,25,3,100913.57,1,0,0,10579.72,0,0.07565167662116457,Low
5048,15790412,Norton,471,Spain,Male,26,8,0.0,2,1,1,179655.87,0,0.01471648735195127,Low
5049,15741416,Yegorov,707,France,Male,42,2,16893.59,1,1,1,77502.56,0,0.19553418238215364,Low
5050,15598894,Holt,784,Spain,Male,38,10,122267.85,1,0,0,145759.93,0,0.11117531774840274,Low
5051,15663294,Kao,703,France,Male,32,1,125685.79,1,1,1,56246.72,0,0.045449218065980554,Low
5052,15572728,Ross,704,Spain,Male,36,8,127397.34,1,1,0,151335.24,0,0.09542155112632196,Low
5053,15706729,Hsiao,662,France,Male,38,0,105271.56,1,0,1,179833.45,0,0.09893710841095305,Low
5054,15674433,Allan,636,Germany,Female,28,2,115265.14,1,0,0,191627.85,0,0.38496417352506695,Low
5055,15641170,Liang,640,Spain,Male,36,4,0.0,1,0,0,173016.46,0,0.22902353394417987,Low
5056,15806284,Briggs,739,Spain,Male,31,1,0.0,2,1,1,58469.75,0,0.010797020448917139,Low
5057,15690958,Cantrell,767,Germany,Male,23,2,139542.82,1,0,1,28038.28,0,0.15007248070973778,Low
5058,15606386,Wang,753,Germany,Female,46,3,111512.75,3,1,0,159576.75,1,0.9840343747834188,High
5059,15682322,Aksenov,714,France,Male,37,9,148466.93,2,0,1,151280.96,0,0.03819177043180872,Low
5060,15579915,Glennon,707,France,Male,29,4,0.0,2,1,0,139953.94,0,0.017869060804436142,Low
5061,15681928,Yancy,577,France,Female,35,4,108155.49,1,1,0,105407.79,0,0.1319075005414109,Low
5062,15734005,Mazzi,633,France,Female,42,1,0.0,2,1,0,56865.62,0,0.07363347161770369,Low
5063,15650432,Liu,849,Germany,Male,41,10,84622.13,1,1,1,198072.16,0,0.17428243809532537,Low
5064,15592578,Nucci,614,Spain,Female,41,7,146997.64,2,0,0,137791.18,0,0.1618158692250776,Low
5065,15671243,Y?,558,France,Female,47,9,0.0,2,1,0,103787.28,0,0.19041142411571338,Low
5066,15775709,Nucci,832,France,Female,27,10,98590.25,1,1,0,30912.89,0,0.11668186811420585,Low
5067,15702631,Tang,567,France,Female,26,2,0.0,2,1,1,78651.55,0,0.018053360963041203,Low
5068,15602282,Kao,587,Germany,Female,45,8,134980.74,1,1,1,123309.57,1,0.4735537615535446,Medium
5069,15717879,Chen,712,Spain,Female,79,5,108078.56,1,1,1,174118.93,0,0.02405098077724235,Low
5070,15740878,Yao,655,Spain,Female,29,9,0.0,2,0,1,85736.26,0,0.019210801775152615,Low
5071,15794468,Tsou,641,France,Female,42,6,0.0,2,0,0,121138.77,0,0.07536829635564492,Low
5072,15773277,Barnes,676,France,Male,35,5,106836.67,2,1,0,84199.78,0,0.04372259814935813,Low
5073,15572657,H?,472,France,Male,29,8,102490.27,1,0,1,181224.56,0,0.06452458729548428,Low
5074,15800295,Cruz,644,Germany,Male,34,9,112746.54,2,0,0,141230.07,0,0.0744703901656605,Low
5075,15672397,Smith,598,France,Male,38,0,125487.89,1,0,0,158111.71,0,0.12827429718936792,Low
5076,15684921,Onuchukwu,792,Spain,Male,25,8,142862.21,1,1,1,130639.01,0,0.03810219389453823,Low
5077,15720676,Bukowski,700,France,Female,37,7,0.0,2,1,0,17040.82,0,0.03637113713746491,Low
5078,15731829,Simmons,616,France,Male,34,10,0.0,2,1,0,25662.27,0,0.017536208259340276,Low
5079,15732672,Stewart,743,Spain,Male,35,6,79388.33,1,1,1,193360.69,0,0.07729904526151583,Low
5080,15692406,Gow,427,France,Male,37,5,0.0,2,1,1,121485.1,0,0.02621740065343426,Low
5081,15764405,Williams,731,France,Male,29,10,0.0,2,1,1,162452.65,0,0.009255530471032848,Low
5082,15757537,Francis,610,France,Female,31,6,107784.65,1,1,1,141137.53,0,0.07453513362528681,Low
5083,15793307,Calabresi,724,Spain,Female,41,4,142880.28,3,0,0,185541.2,1,0.9316087974014745,High
5084,15660679,Chimaobim,653,Spain,Female,38,9,149571.94,1,1,0,118383.18,0,0.1596874569425499,Low
5085,15666856,Chikwendu,774,France,Male,49,1,142767.39,1,1,1,8214.41,0,0.28142105570242,Low
5086,15687372,Padovesi,547,Germany,Male,49,8,121537.71,2,1,0,46521.45,1,0.5400665326099672,Medium
5087,15667289,Henderson,719,Spain,Male,50,2,0.0,2,0,0,10772.13,0,0.20104146277214932,Low
5088,15624641,Kharlamova,740,Spain,Male,43,9,0.0,1,1,0,199290.68,1,0.5442117027057043,Medium
5089,15734610,Onio,543,France,Male,42,4,89838.71,3,1,0,85983.54,1,0.878377780350696,High
5090,15631882,Yeh,688,Germany,Male,45,9,103399.87,1,0,0,129870.93,0,0.6200229949683017,Medium
5091,15642709,Feng,474,France,Female,30,9,0.0,2,0,0,63158.22,0,0.02293111183393237,Low
5092,15811026,Norman,505,Germany,Male,43,5,136855.94,2,1,0,171070.52,0,0.1993282519456041,Low
5093,15596303,White,688,France,Female,39,0,0.0,2,1,0,53222.15,1,0.0526672590523997,Low
5094,15787255,Manfrin,650,Germany,Female,55,2,140891.46,3,1,1,179834.45,1,0.9694619935577434,High
5095,15617166,Ritchie,610,France,Male,37,0,0.0,1,1,0,114514.64,0,0.18495626041608043,Low
5096,15742442,Udegbulam,705,Spain,Female,46,5,89364.91,1,0,1,139162.15,0,0.32713583293503984,Low
5097,15758692,Kao,669,France,Female,29,7,146011.4,1,0,0,50249.16,0,0.13871194028222603,Low
5098,15568238,Diaz,650,Spain,Male,20,8,0.0,2,1,1,113469.65,0,0.009069700459416257,Low
5099,15730353,Olisaemeka,550,Germany,Male,29,9,145294.08,2,1,0,147484.13,0,0.06189707322564862,Low
5100,15731555,Ross-Watt,595,Germany,Female,45,9,106000.12,1,0,0,191448.96,1,0.8062627073229178,High
5101,15582404,Miller,572,Spain,Female,26,5,0.0,2,1,0,119381.41,0,0.028964665404901887,Low
5102,15721462,Shubin,622,Spain,Female,58,2,0.0,2,1,1,33277.31,0,0.07495960965374157,Low
5103,15632899,Nwankwo,662,Spain,Male,20,9,104508.77,2,0,0,73107.53,0,0.032515308836829564,Low
5104,15808526,Cartwright,783,Germany,Female,58,3,127539.3,1,1,1,96590.39,1,0.5535703503603537,Medium
5105,15694349,Ngozichukwuka,714,Spain,Male,44,7,0.0,1,0,1,6923.11,0,0.2762276763613323,Low
5106,15718465,Sadler,671,Germany,Male,51,3,96891.46,1,1,0,176403.33,1,0.8384213722765255,High
5107,15682995,Azuka,600,France,Female,32,1,78535.25,1,1,0,64349.6,0,0.14242382414866664,Low
5108,15584776,Shen,847,Spain,Female,37,9,112712.17,1,1,0,116097.26,0,0.1472049814829806,Low
5109,15777772,Whittaker,650,Spain,Male,55,9,119618.42,1,1,1,29861.13,0,0.1707134622843047,Low
5110,15576156,Abazu,710,Spain,Female,28,6,0.0,1,1,0,48426.98,0,0.23003876122150346,Low
5111,15646756,Murphy,682,France,Female,33,8,74963.5,1,1,1,32770.56,0,0.08637479749798743,Low
5112,15742886,Ford,642,France,Male,26,1,138023.79,2,0,1,117060.2,0,0.0274751616382637,Low
5113,15586135,Gratwick,536,Spain,Female,28,4,0.0,1,1,1,136197.65,0,0.1545426326413445,Low
5114,15616152,Pai,754,France,Female,47,1,185513.67,1,1,0,27438.83,0,0.6915539957978849,Medium
5115,15721460,Lorenzo,678,France,Male,60,8,185648.56,1,0,0,192156.54,1,0.9310836296683618,High
5116,15727317,Brady,533,Germany,Female,49,1,102286.6,3,1,0,69409.37,1,0.988912247963291,High
5117,15649536,Wong,741,Germany,Male,38,4,128015.83,1,1,0,58440.43,0,0.3587820762411998,Low
5118,15754929,Douglas,757,France,Male,31,10,39539.39,2,0,0,192519.39,0,0.026669691711923755,Low
5119,15572051,Kennedy,721,France,Male,40,3,0.0,1,1,1,144874.67,0,0.17921103235568633,Low
5120,15668142,Chang,700,France,Male,37,3,77608.46,2,1,1,175373.46,0,0.033197980949287165,Low
5121,15701176,Brown,663,France,Male,26,5,141462.13,1,1,0,440.2,0,0.09697214870572073,Low
5122,15708422,Hsiung,677,Spain,Female,35,0,0.0,2,0,0,76637.38,0,0.03472878227177808,Low
5123,15655632,MacDonald,655,France,Male,27,2,131691.33,1,1,0,49480.66,0,0.09190033645752635,Low
5124,15744606,Davidson,832,Spain,Male,29,8,93833.86,1,0,1,10417.87,0,0.057954757985445665,Low
5125,15612140,Milano,721,Spain,Female,46,7,137933.39,1,1,1,67976.57,0,0.24924281114353067,Low
5126,15656086,Bovee,542,Spain,Male,54,8,105770.14,1,0,1,140929.98,1,0.2145559787403671,Low
5127,15655298,Lewis,654,Spain,Female,54,5,0.0,2,0,1,47139.06,0,0.08234981360264826,Low
5128,15644796,Dyer,821,Spain,Female,38,8,0.0,2,0,1,126241.4,1,0.029628929514329598,Low
5129,15726250,Hsia,508,France,Female,38,3,166328.65,2,0,1,22614.19,0,0.09316199694268625,Low
5130,15764432,Hicks,588,Germany,Female,42,2,164307.77,1,1,0,48498.19,0,0.40560834957876285,Low
5131,15631721,Millar,691,Germany,Male,38,9,163965.69,2,0,1,103511.26,0,0.06162362761638836,Low
5132,15707479,Fan,664,France,Male,40,7,125608.72,1,1,0,122073.48,0,0.17381998608661015,Low
5133,15579826,Young,439,France,Female,66,9,0.0,1,1,0,65535.56,0,0.8152242266858567,High
5134,15668104,Kerr,479,Spain,Male,37,6,118433.94,1,0,1,160060.9,0,0.06755248301916016,Low
5135,15641604,Frolova,850,France,Female,55,10,98488.08,1,1,0,155879.57,1,0.8602402114150955,High
5136,15587240,Vasilyev,518,France,Male,40,4,0.0,2,0,1,194416.58,0,0.062106371086449653,Low
5137,15680767,Sabbatini,717,Germany,Female,64,10,98362.35,2,1,1,21630.21,0,0.1813045207403214,Low
5138,15601594,Ifeanacho,698,France,Female,51,6,144237.91,4,1,0,157143.61,1,0.9968454325373491,High
5139,15589969,Capon,850,France,Male,34,6,0.0,1,0,1,52796.31,0,0.0801837892962164,Low
5140,15703728,Chieloka,700,Spain,Male,47,4,0.0,1,1,0,121798.52,1,0.6505158752247093,Medium
5141,15617790,Hanson,626,France,Female,29,4,105767.28,2,0,0,41104.82,0,0.05886285415658883,Low
5142,15662500,Ts'ao,774,Spain,Male,32,9,0.0,2,1,0,10604.48,0,0.015887811445608257,Low
5143,15778526,Bradshaw,719,Spain,Female,48,5,0.0,2,0,0,78563.66,0,0.22886071819226142,Low
5144,15670584,Nkemakolam,646,Spain,Male,31,2,0.0,1,1,1,170821.43,1,0.10048589084474187,Low
5145,15748069,Clunie,485,France,Female,25,3,134467.26,1,1,1,113266.09,0,0.05994082353218728,Low
5146,15680597,Cover,784,Germany,Male,38,1,138515.02,1,1,1,171768.76,0,0.17167658785421122,Low
5147,15628992,Esposito,850,Germany,Male,32,2,128647.98,2,0,0,54416.18,0,0.07792270270816472,Low
5148,15719624,Hodgson,669,France,Female,38,9,121858.98,1,1,0,130755.34,0,0.1841810027418798,Low
5149,15812767,Harvey,731,Spain,Male,70,3,0.0,2,1,1,141180.66,0,0.016511281845742794,Low
5150,15689201,Dobie,721,France,Female,49,1,120108.56,1,0,1,183421.76,0,0.45260105438165127,Medium
5151,15614716,Okwudilichukwu,515,France,Female,37,0,196853.62,1,1,1,132770.11,0,0.15646822307986405,Low
5152,15683618,Dyer,774,France,Female,35,3,121418.62,1,1,1,24400.37,0,0.09405190504009968,Low
5153,15799631,Chase,585,Spain,Male,36,10,0.0,2,1,1,180318.6,0,0.014931398642849869,Low
5154,15692259,Baresi,695,France,Female,29,9,0.0,2,1,0,111565.45,0,0.0293434914600821,Low
5155,15590966,Lo,729,Germany,Female,42,4,97495.8,2,0,0,2002.5,0,0.20046692313208178,Low
5156,15656426,Tyler,713,France,Female,42,3,0.0,2,0,0,82565.01,0,0.07246037063594395,Low
5157,15675256,Ts'ui,555,Spain,Male,33,5,127343.4,1,0,1,121789.3,0,0.046259177204244835,Low
5158,15751185,Aparicio,699,Spain,Female,50,0,158633.61,1,1,0,193785.87,0,0.5599061770417648,Medium
5159,15789582,Macleod,587,France,Male,55,9,0.0,1,1,0,64593.07,0,0.8731026306886255,High
5160,15651103,Sal,762,Spain,Female,69,9,183744.98,1,1,1,196993.69,0,0.16204482824656175,Low
5161,15672299,Yeh,510,France,Male,44,6,0.0,2,1,1,175518.31,0,0.06255946986453767,Low
5162,15772250,Udegbunam,842,Spain,Male,46,9,0.0,1,0,0,17268.02,0,0.6535688341494419,Medium
5163,15763922,Alexandrov,608,France,Male,31,7,79962.92,2,1,0,60901.72,0,0.027611491624272053,Low
5164,15633870,Ozioma,850,France,Female,36,10,0.0,2,1,1,100750.03,0,0.017694892589907935,Low
5165,15624323,Atkins,642,France,Male,36,4,0.0,2,1,1,195224.91,0,0.017633862821539628,Low
5166,15688612,Campos,850,France,Male,33,7,140956.99,1,0,0,3510.18,0,0.11145037629321679,Low
5167,15694644,Wood,455,Spain,Female,43,6,0.0,1,1,1,81250.79,0,0.3232305595567367,Low
5168,15587174,Kerr,726,France,Male,29,7,0.0,2,1,1,91844.14,1,0.009876127338544968,Low
5169,15579559,Chienezie,544,Spain,Male,30,8,145241.63,1,1,1,80676.83,0,0.04591582640749079,Low
5170,15775430,Tsou,651,Germany,Male,31,7,138008.06,2,1,0,129912.74,0,0.0649111605309923,Low
5171,15623695,McKinnon,814,France,Female,31,4,0.0,2,1,1,142029.17,0,0.019258209298652976,Low
5172,15760849,Nwachukwu,537,France,Male,39,2,0.0,2,1,1,137651.6,0,0.024902562834872147,Low
5173,15813095,Nwebube,553,France,Male,37,2,0.0,2,1,0,33877.29,0,0.0216178004353211,Low
5174,15705281,Burt,800,Spain,Male,38,9,0.0,1,1,0,78744.39,0,0.2256999572456313,Low
5175,15812594,Ross,791,France,Male,34,7,0.0,2,1,0,96734.46,0,0.01767671790230736,Low
5176,15626322,Lees,699,Spain,Female,29,9,127570.93,2,1,0,164756.81,0,0.09509265942344701,Low
5177,15723105,Feetham,756,France,Female,28,6,0.0,1,1,1,164394.65,0,0.13951468848640824,Low
5178,15588449,Chuang,591,Spain,Female,27,5,107812.67,1,0,1,162501.83,1,0.09927985544886203,Low
5179,15794849,Aitken,850,Germany,Male,22,7,91560.58,2,0,0,10541.38,0,0.058838237486878345,Low
5180,15620000,Chambers,760,Germany,Male,34,6,121303.77,2,1,1,59325.21,0,0.05435635275937142,Low
5181,15799720,Coburn,569,Spain,Male,43,8,161546.68,2,0,1,178187.28,0,0.10591860301889121,Low
5182,15711287,Ahmed,661,Spain,Female,35,5,128415.45,1,1,0,142626.49,0,0.1634208345706822,Low
5183,15613102,Ogochukwu,670,France,Female,31,2,57530.06,1,1,1,181893.31,1,0.12728400305348528,Low
5184,15621440,Soto,694,France,Male,38,1,0.0,2,0,1,156858.2,0,0.019754011708602144,Low
5185,15677146,Obiajulu,728,France,Female,28,4,142243.54,2,1,0,33074.51,0,0.06800785269137241,Low
5186,15801169,Yegorova,764,Germany,Female,39,9,138341.51,1,1,0,50072.94,1,0.4506253762605797,Medium
5187,15722425,Lucchese,639,France,Male,32,9,0.0,2,1,0,111340.36,0,0.016257942404769077,Low
5188,15682421,Talbot,683,France,Female,30,2,0.0,2,0,1,100496.84,1,0.019813704626557623,Low
5189,15691910,Lu,663,Spain,Male,30,4,0.0,3,1,0,101371.05,0,0.43024089070329335,Low
5190,15721779,Arnold,826,Spain,Male,41,5,146466.46,2,0,0,180934.67,0,0.09581839673319928,Low
5191,15579548,Nicholson,735,Spain,Male,36,5,0.0,2,1,0,105152.17,0,0.02177585377743924,Low
5192,15681075,Chukwualuka,682,France,Female,58,1,0.0,1,1,1,706.5,0,0.4242617672819109,Low
5193,15607884,Wallace,663,France,Female,39,8,0.0,2,1,1,101168.9,0,0.03157256911805983,Low
5194,15767757,Pisano,562,Spain,Female,29,9,120307.58,1,1,1,6795.61,0,0.06777507743997238,Low
5195,15791550,Kelly,696,France,Male,27,4,87637.26,2,0,0,196111.35,0,0.0423744655698553,Low
5196,15658589,Brady,850,Spain,Male,38,2,94652.04,1,1,1,171960.76,0,0.07371154196046682,Low
5197,15670822,Palmer,719,France,Female,22,7,114415.84,1,1,1,177497.4,0,0.0769444631928813,Low
5198,15629744,Tan,804,France,Female,71,8,0.0,2,0,1,147995.96,0,0.0279887565809339,Low
5199,15660768,L?,604,France,Male,40,1,84315.02,1,0,0,36209.1,0,0.2021993992014734,Low
5200,15726310,Mordvinova,782,Spain,Female,27,3,0.0,2,1,0,143614.01,0,0.03651690087967001,Low
5201,15641298,Corones,512,Germany,Male,42,9,93955.83,2,1,0,14828.54,0,0.17234667697012498,Low
5202,15625675,Clements,569,France,Male,36,1,67087.69,1,1,0,154775.7,0,0.13474243609148953,Low
5203,15713354,Morrice,597,Germany,Female,22,6,101528.61,1,1,0,70529.0,1,0.28820092148868337,Low
5204,15633866,Hsiung,753,Germany,Male,30,1,110824.52,1,1,1,57896.27,0,0.14259134014707894,Low
5205,15704231,Barrett,430,France,Female,33,8,0.0,1,1,1,69759.91,0,0.10488185456231165,Low
5206,15735400,Kanayochukwu,756,France,Male,28,8,179960.2,1,1,0,89938.08,0,0.2056342458837232,Low
5207,15632826,Tardent,493,France,Male,38,3,134006.77,1,1,0,89578.32,0,0.13245011936158643,Low
5208,15751022,Bowhay,777,Germany,Female,37,10,121532.17,2,1,1,73464.88,0,0.11606747058123473,Low
5209,15664737,Lei,779,Spain,Female,38,7,0.0,2,1,1,138542.87,0,0.030793164086198963,Low
5210,15681126,Baker,702,Spain,Female,38,2,0.0,1,1,1,161888.63,0,0.22268185232392523,Low
5211,15738954,Pisano,551,France,Male,35,7,129717.3,2,0,0,86937.2,0,0.04364625879719066,Low
5212,15662263,Castillo,749,Germany,Male,22,4,94762.16,2,1,1,42241.54,0,0.03793650440640202,Low
5213,15621611,Gibson,742,Germany,Male,55,5,155196.17,1,0,1,121207.66,1,0.48778626016877785,Medium
5214,15783752,Lindsay,752,Germany,Male,29,4,129514.99,1,1,1,102930.46,0,0.1218989424800606,Low
5215,15709474,Macnamara,740,Germany,Female,57,3,113386.36,2,1,1,65121.63,1,0.3469512246367562,Low
5216,15701280,Romano,576,France,Male,24,3,0.0,1,0,1,78498.04,1,0.08340757781022007,Low
5217,15671104,Aksakova,637,Spain,Male,43,3,172196.23,1,1,1,104769.96,0,0.20201592110764505,Low
5218,15796434,Farnsworth,724,France,Male,28,5,97612.12,1,1,1,96498.14,0,0.039251457761637736,Low
5219,15781505,Giordano,685,France,Male,20,4,104719.94,2,1,0,38691.34,0,0.02994977861302191,Low
5220,15625819,Arnold,625,France,Female,38,7,0.0,1,1,0,164804.02,0,0.3398400354044806,Low
5221,15753174,Thompson,571,Germany,Male,37,9,139592.98,3,1,0,104152.65,1,0.9088785726458809,High
5222,15654067,Koch,584,Spain,Female,29,4,0.0,2,1,0,88866.92,0,0.029352445329894464,Low
5223,15724719,Jones,550,France,Female,22,7,139096.85,1,1,0,129890.94,0,0.12954074214786718,Low
5224,15624695,Otitodilinna,662,Spain,Female,72,7,140301.72,1,0,1,179258.67,0,0.04394955572840547,Low
5225,15718216,Fleetwood-Smith,803,Spain,Male,43,3,0.0,1,1,0,72051.44,0,0.4087630859283866,Low
5226,15586300,Chinonyelum,615,France,Male,66,7,0.0,2,1,1,74580.8,0,0.017675599094164673,Low
5227,15783349,Montague,481,Spain,Male,39,1,111233.09,1,1,1,123995.15,0,0.09197496995965056,Low
5228,15725767,Milani,701,France,Male,23,3,0.0,2,1,0,38960.59,0,0.016088356432376046,Low
5229,15791925,Palermo,751,France,Male,29,10,147737.63,1,0,1,94951.27,0,0.043497232112868905,Low
5230,15793585,Anderson,675,France,Male,35,8,0.0,2,1,1,56642.97,0,0.010932558521917999,Low
5231,15576641,Crawford,733,Germany,Male,40,5,125725.02,2,1,1,50783.1,0,0.12002055730222032,Low
5232,15749519,Lin,822,France,Male,38,6,128289.7,3,1,0,9149.96,1,0.8757802822895615,High
5233,15684960,Yewen,559,France,Female,46,5,0.0,1,1,0,21006.1,1,0.6584809310972388,Medium
5234,15591286,Simmons,731,Germany,Female,49,4,88826.07,1,1,1,33759.41,1,0.5587700203092077,Medium
5235,15668323,Mbadiwe,678,France,Female,41,1,143443.61,1,1,0,196622.28,1,0.22600832492046324,Low
5236,15608528,Munro,645,France,Female,68,9,0.0,4,1,1,176353.87,1,0.838553124535403,High
5237,15645184,Graham,701,France,Male,29,2,0.0,2,1,0,176943.59,0,0.019977307972330986,Low
5238,15702566,Lombardo,554,Spain,Male,26,8,149134.46,1,1,1,177966.24,0,0.04416542322065469,Low
5239,15660840,Kalinin,723,France,Male,30,3,124119.54,1,1,0,162198.32,0,0.0817586412358909,Low
5240,15750811,Woodward,766,Germany,Male,44,3,116822.7,1,0,0,197643.24,0,0.6348266136869437,Medium
5241,15733842,Pirozzi,597,France,Female,24,1,103219.47,1,1,0,60420.07,0,0.12379454067768147,Low
5242,15581526,Iweobiegbulam,574,France,Male,41,1,0.0,2,0,0,70550.0,0,0.03651758700461349,Low
5243,15662751,Piazza,655,Germany,Female,40,0,81954.6,1,1,1,198798.44,1,0.2420686288025602,Low
5244,15684319,Baranova,780,Germany,Female,37,10,95196.26,1,1,0,126310.39,1,0.3723864884770897,Low
5245,15702190,Fan,672,Spain,Male,43,5,0.0,2,1,1,64515.5,0,0.03520695043818395,Low
5246,15588517,Sun,717,France,Male,38,7,0.0,2,1,1,158580.05,0,0.01653437107639067,Low
5247,15801863,Marino,521,France,Female,32,2,136555.01,2,1,1,129353.21,0,0.05203945909136416,Low
5248,15584271,Donaldson,633,France,Male,59,5,0.0,1,1,1,137273.97,0,0.3094730463615,Low
5249,15700366,Burton,669,France,Male,39,3,119452.03,1,1,1,171575.54,0,0.08705452277073349,Low
5250,15804038,Quinn,740,France,Male,44,9,0.0,1,0,1,96528.0,1,0.25739528624942054,Low
5251,15720820,Sabbatini,462,Germany,Female,24,9,69881.09,2,0,1,64421.02,0,0.030604346011215523,Low
5252,15743759,Brooks,619,France,Male,39,5,0.0,2,1,1,158444.61,0,0.024768279071693485,Low
5253,15749947,Black,665,France,Female,44,7,0.0,2,1,1,66548.58,0,0.05878469612952943,Low
5254,15670496,Schwartz,655,Spain,Female,27,9,0.0,2,0,0,108008.05,0,0.027838517030468746,Low
5255,15746664,Ts'ui,463,Spain,Male,20,8,204223.03,1,1,0,128268.39,0,0.10763309893015618,Low
5256,15745533,Sargent,799,France,Female,63,1,110314.21,2,1,0,37464.0,1,0.7798250985236875,High
5257,15761497,Udinesi,713,Spain,Female,48,1,163760.82,1,0,0,157381.14,1,0.6520174661651287,Medium
5258,15628600,Lee,807,Germany,Female,31,1,141069.18,3,1,1,194257.11,0,0.5627411028412492,Medium
5259,15627002,Taylor,728,France,Male,38,1,115934.74,1,1,1,139059.05,0,0.0745246643163531,Low
5260,15614635,Kepley,582,France,Male,52,2,151457.88,1,0,1,40893.61,0,0.2856050478743039,Low
5261,15731281,Ozuluonye,704,Germany,Female,35,3,154206.07,2,1,1,40261.49,0,0.07230472839203844,Low
5262,15814022,Lassetter,714,France,Female,26,9,89928.99,1,1,0,46203.31,0,0.12520432629562633,Low
5263,15659194,Mishina,628,France,Male,30,8,89182.09,1,1,1,13126.9,0,0.044946797787650636,Low
5264,15745030,Trevisano,809,Germany,Male,41,1,79706.25,2,1,0,165675.01,0,0.06369538590394938,Low
5265,15691817,Iloerika,547,Spain,Female,44,5,0.0,3,0,0,5459.07,1,0.8314265369651717,High
5266,15707488,Tan,560,France,Female,27,5,0.0,2,1,0,131919.48,0,0.029190836992783978,Low
5267,15784700,Chikelu,811,France,Male,31,7,117799.28,1,1,1,182372.35,0,0.04518478177726751,Low
5268,15710397,Lin,584,France,Male,26,4,0.0,2,1,0,147600.54,0,0.017748677951530824,Low
5269,15687648,Nicholson,691,France,Male,28,1,0.0,2,0,0,92865.41,0,0.014840045855960425,Low
5270,15732281,Ugoji,680,Germany,Male,34,6,146422.22,1,1,0,67142.97,1,0.23949530500041066,Low
5271,15607230,Michel,588,Germany,Male,33,9,150186.22,2,1,1,65611.01,0,0.04040302121968602,Low
5272,15567630,Bruce,721,Germany,Male,40,6,100275.88,1,1,0,138564.48,1,0.4034012059174159,Low
5273,15587507,Feng,850,France,Male,47,6,0.0,1,1,0,187391.02,1,0.7007713548561368,Medium
5274,15733904,McDonald,529,France,Male,32,9,147493.89,1,1,0,33656.35,0,0.1017440422902075,Low
5275,15709511,Watt,622,France,Male,43,8,0.0,2,1,0,100618.17,0,0.05972525118180821,Low
5276,15579616,Goodwin,683,France,Female,42,8,0.0,2,0,1,198134.9,0,0.08338449229400713,Low
5277,15694852,Arcuri,575,France,Male,29,4,121823.4,2,1,1,50368.87,0,0.027074725864239334,Low
5278,15589924,Rapuluolisa,577,Spain,Female,40,1,0.0,2,1,1,108787.0,0,0.05024963065930297,Low
5279,15799300,Kao,510,Germany,Male,31,0,113688.63,1,1,0,33099.41,1,0.27659155919455,Low
5280,15731330,Tsui,652,Spain,Female,40,7,100471.34,1,1,1,124550.88,0,0.14153830011880378,Low
5281,15694129,Summers,569,Germany,Female,28,3,100032.52,1,1,0,5159.21,1,0.30184245187541203,Low
5282,15620372,Cross,687,Spain,Male,31,3,0.0,2,0,0,48228.1,0,0.016904682263224485,Low
5283,15744622,Osorio,822,France,Male,32,8,116358.0,1,1,0,108798.36,0,0.07727877397595828,Low
5284,15799815,Bobrov,656,Germany,Female,23,4,163549.63,1,0,1,21085.12,0,0.13698663338597483,Low
5285,15759250,Barnett,745,Germany,Male,51,3,99183.9,1,1,1,28922.25,0,0.5475174007965504,Medium
5286,15732643,Pike,386,Spain,Female,53,1,131955.07,1,1,1,62514.65,1,0.31548251526635435,Low
5287,15690540,Gearheart,684,Spain,Female,41,1,134177.06,1,0,0,177506.66,0,0.24442160261829105,Low
5288,15803078,Bruno,635,Spain,Female,38,1,0.0,2,1,0,90605.05,0,0.045555503390185874,Low
5289,15652180,Egobudike,582,France,Male,30,2,0.0,2,1,1,132029.95,0,0.01161343440527509,Low
5290,15741195,Okechukwu,613,Spain,Male,19,5,0.0,1,1,1,176903.35,0,0.09161287442586594,Low
5291,15743490,Zikoranachidimma,795,Germany,Female,56,9,94348.94,1,1,0,29239.29,1,0.9409744618795383,High
5292,15575510,Milanesi,659,France,Female,32,2,155584.21,1,0,1,153662.88,0,0.09968024228898954,Low
5293,15732610,Ahern,745,France,Female,28,6,0.0,2,1,0,154389.18,0,0.03739943400005428,Low
5294,15602909,Dickson,604,Spain,Female,41,10,0.0,2,1,1,166224.39,0,0.06221662616545881,Low
5295,15734058,Anayochukwu,509,Germany,Male,32,9,170661.47,1,1,1,21646.2,0,0.06119112011241749,Low
5296,15801788,McDonald,706,Germany,Female,29,6,185544.36,1,1,0,171037.63,0,0.118193669249467,Low
5297,15702462,Fiorentini,619,Spain,Female,44,6,52831.13,1,1,1,112649.22,1,0.3440510797924853,Low
5298,15683416,Russo,572,Germany,Male,51,8,97750.07,3,1,1,193014.26,1,0.9706509364235179,High
5299,15794187,Young,695,France,Male,36,6,114007.5,2,1,0,118120.88,0,0.048072225981530624,Low
5300,15792989,Bianchi,543,France,Female,71,1,104308.77,1,1,1,25650.04,0,0.07252330774920081,Low
5301,15613734,Fallaci,640,France,Female,33,6,84719.13,2,1,1,113048.79,0,0.0376764801801158,Low
5302,15606177,Crawford,672,France,Male,39,2,0.0,2,1,0,87372.49,0,0.031437449887286854,Low
5303,15636700,Marsh,701,France,Male,39,9,140236.98,1,0,1,146651.99,0,0.08207934733843236,Low
5304,15645766,Kosisochukwu,634,Spain,Male,25,9,0.0,2,1,1,8227.91,0,0.0091593083168517,Low
5305,15671345,Piccio,531,Spain,Female,42,6,75302.85,2,0,0,57034.35,0,0.12620194009405,Low
5306,15652469,Nevels,699,France,Male,27,1,0.0,2,1,0,93003.21,0,0.015694520756675857,Low
5307,15749638,Kaodilinakachukwu,605,France,Female,51,9,104760.82,1,1,1,165574.54,1,0.3855669270826139,Low
5308,15728706,Amaechi,534,France,Female,49,7,0.0,1,1,0,13566.48,1,0.7941730697079269,High
5309,15735439,P'an,449,Spain,Female,31,1,113693.0,1,0,0,82796.29,0,0.11960779469139524,Low
5310,15778696,Ikemefuna,684,Spain,Female,36,5,174180.39,1,1,0,119830.08,0,0.23940257077058874,Low
5311,15624744,Tai,622,Germany,Male,42,9,115766.26,1,0,0,72155.85,1,0.5126940332033625,Medium
5312,15584338,Winn,714,France,Female,40,0,0.0,2,1,0,62762.12,0,0.06502550113481438,Low
5313,15726178,Hardy,712,Spain,Female,48,8,0.0,2,1,0,183235.33,0,0.274874645073378,Low
5314,15794939,Chiu,783,France,Female,72,5,121215.9,2,1,1,105206.48,0,0.03553111844346153,Low
5315,15788068,Lopez,743,Germany,Male,45,10,144677.19,3,1,0,22512.44,1,0.9716920226535082,High
5316,15572956,Steen,683,France,Male,36,5,115350.63,1,1,1,122305.91,0,0.05105763134254638,Low
5317,15780386,Ferri,654,Spain,Male,40,5,105683.63,1,1,0,173617.09,0,0.18685319707719206,Low
5318,15791114,Yegorova,700,France,Male,37,1,135179.49,1,1,0,160670.37,0,0.10308710892299998,Low
5319,15708046,Knowles,744,Spain,Male,31,0,117551.23,1,1,0,158958.9,0,0.07260430221237069,Low
5320,15719779,May,645,Germany,Male,25,1,157404.02,2,1,0,93073.04,0,0.05135012721600373,Low
5321,15591550,Bianchi,525,Spain,Male,36,3,77910.23,1,1,0,67238.01,0,0.14098254955395162,Low
5322,15639368,Pipes,732,France,Male,25,0,110942.9,1,0,0,172576.56,0,0.07217835852254488,Low
5323,15699830,Doherty,721,France,Female,40,7,0.0,2,1,1,122580.48,0,0.040738296943712914,Low
5324,15569264,Yobanna,622,France,Male,32,5,179305.09,1,1,1,149043.78,0,0.08883259353664118,Low
5325,15595158,Hsu,654,Germany,Male,31,5,150593.59,2,1,1,105218.45,0,0.034952704018079414,Low
5326,15599126,Russell,529,France,Female,43,0,123815.86,1,1,1,78463.99,1,0.22409211542383078,Low
5327,15650575,Payne,720,Spain,Female,59,6,0.0,2,1,1,160849.43,1,0.10506550164853512,Low
5328,15641490,Windsor,850,Germany,Female,25,8,69385.17,2,1,0,87834.24,0,0.03738333469126052,Low
5329,15680234,Bray,667,Germany,Male,27,2,138032.15,1,1,0,166317.71,0,0.18674324174170595,Low
5330,15592230,Seleznyov,620,France,Male,41,3,0.0,2,1,1,137309.06,0,0.03167314210382194,Low
5331,15626212,Wark,616,France,Male,29,9,0.0,1,1,1,166984.44,0,0.09052703258353752,Low
5332,15700627,Y?,637,Germany,Female,46,2,143500.82,1,1,0,166996.46,1,0.7367781175132994,Medium
5333,15782641,Brown,710,Spain,Female,29,3,119670.18,1,1,0,188022.44,0,0.15167964033892067,Low
5334,15784445,Huang,717,Spain,Male,33,1,99106.73,1,0,0,194467.23,0,0.09665793615830105,Low
5335,15813681,Zito,786,Germany,Male,24,2,120135.55,2,1,1,125449.47,0,0.0429747943210488,Low
5336,15596649,Bailey,651,France,Female,39,8,0.0,1,1,0,137452.57,0,0.33932567710107037,Low
5337,15700460,Allnutt,530,France,Female,55,4,120905.03,1,0,1,123475.88,1,0.3281865437364427,Low
5338,15724076,Christie,815,Spain,Female,57,5,0.0,3,0,0,38941.44,1,0.9815373805878627,High
5339,15784000,Pope,715,Germany,Female,34,9,102277.52,1,0,0,177852.57,1,0.3783351497422592,Low
5340,15733966,Johnstone,496,Germany,Female,55,4,125292.53,1,1,1,31532.96,1,0.5291327909389976,Medium
5341,15612667,Bird,680,Spain,Male,42,0,0.0,1,1,0,136377.21,0,0.3634182120306374,Low
5342,15654025,Jones,646,France,Female,51,4,101629.3,1,0,0,130541.1,0,0.7210455417246512,Medium
5343,15589431,Pedder,807,Germany,Male,47,1,171937.27,1,1,1,65636.92,0,0.21796011301928697,Low
5344,15578238,Calabrese,727,France,Male,47,7,0.0,2,1,0,193305.35,0,0.1735145686909981,Low
5345,15566269,Chialuka,787,France,Male,25,5,0.0,2,1,0,47307.9,0,0.014406177611975218,Low
5346,15639217,McKenzie,806,France,Male,34,6,0.0,2,0,0,100809.99,0,0.015763485613032514,Low
5347,15688644,Holloway,603,France,Male,31,1,129743.75,1,1,0,109145.2,0,0.07546724283743673,Low
5348,15662426,Tang,649,Spain,Male,32,1,0.0,1,0,1,91167.19,1,0.08933335996299771,Low
5349,15720511,Byrne,547,Germany,Male,41,3,151191.31,1,1,0,175295.89,1,0.3272338701622005,Low
5350,15567246,Selwyn,684,Germany,Male,32,3,102630.13,2,1,1,127433.47,0,0.0443805947964341,Low
5351,15647965,Genovese,477,France,Female,57,9,114023.64,2,1,1,71167.17,1,0.16914028837707912,Low
5352,15679048,Koger,558,Germany,Male,41,2,124227.14,1,1,1,111184.67,0,0.29984716477717793,Low
5353,15675749,Baranov,695,France,Female,23,1,0.0,2,1,1,141756.32,0,0.01881053389155644,Low
5354,15782181,Greco,592,Spain,Male,35,6,80285.16,1,1,0,72678.75,1,0.12485740203097684,Low
5355,15795738,Owens,789,France,Male,31,4,175477.15,1,1,1,172832.9,0,0.09680753375306671,Low
5356,15773751,Y?,597,France,Female,29,1,132144.35,1,1,0,158086.33,0,0.11848357241974862,Low
5357,15655436,Kendall,839,Germany,Male,47,2,136911.07,1,1,1,168184.62,1,0.4075645019651989,Low
5358,15691396,Ko,405,Germany,Male,31,5,133299.67,2,1,1,72950.14,0,0.09013550187648524,Low
5359,15796958,Tang,658,France,Male,39,7,0.0,2,1,0,48378.4,0,0.02737322803119379,Low
5360,15801832,Lombardo,684,Germany,Male,42,1,117691.0,1,1,1,23135.65,1,0.39885306233596457,Low
5361,15661349,Perkins,633,France,Male,35,10,0.0,2,1,0,65675.47,0,0.020022682487439228,Low
5362,15719265,Feng,589,France,Male,46,9,0.0,2,1,0,170676.67,0,0.12440826415664712,Low
5363,15779985,Lo,750,Germany,Female,37,1,133199.71,2,1,1,27366.77,0,0.12385258654631341,Low
5364,15663410,Piccio,771,Spain,Male,51,5,135506.58,3,1,1,152479.64,1,0.9684314308981868,High
5365,15704144,Mazzanti,812,Germany,Male,33,2,127154.14,2,0,1,105383.49,0,0.04400838458171092,Low
5366,15774104,Chukwualuka,539,Spain,Male,39,2,0.0,2,1,1,48189.94,0,0.023576597568145497,Low
5367,15812230,Elliot,670,Germany,Female,42,5,49508.79,3,1,1,100324.01,0,0.7901332389524302,High
5368,15742848,Gratton,673,France,Male,41,5,0.0,1,1,1,65657.29,0,0.17573743115440119,Low
5369,15745326,Carandini,538,France,Female,62,3,75051.49,1,0,0,17682.02,1,0.920833309188463,High
5370,15674541,Robinson,575,Spain,Male,52,8,123925.23,1,0,0,111342.66,1,0.609655001875333,Medium
5371,15728564,Lo,682,France,Male,41,6,0.0,2,0,1,134158.09,1,0.028279619287557498,Low
5372,15580701,Ma,712,France,Male,33,3,153819.58,1,1,0,79176.09,1,0.08328126400769957,Low
5373,15688973,Vinogradova,598,Spain,Female,39,5,0.0,2,1,1,83103.46,0,0.03406827165653667,Low
5374,15709412,H?,776,Spain,Male,30,6,0.0,2,0,1,63908.86,0,0.010827314753490368,Low
5375,15607753,Alexandrova,606,Spain,Female,23,10,70417.79,1,0,1,90896.04,0,0.10355180180022132,Low
5376,15705352,Yang,686,Spain,Male,38,7,111484.88,1,1,1,76076.2,0,0.06405266292434854,Low
5377,15602500,Maslova,850,Spain,Male,38,1,146343.98,1,0,1,103902.11,0,0.06974859119964225,Low
5378,15672437,Buccho,642,France,Male,72,1,160541.0,2,1,1,142223.94,0,0.021610032997006385,Low
5379,15720968,Young,606,Germany,Male,27,2,130274.26,2,1,0,147533.09,0,0.06789316445962351,Low
5380,15730796,Barker,627,France,Female,21,7,98993.02,1,1,1,169156.64,0,0.06927456886807862,Low
5381,15768219,Sung,850,Spain,Male,36,0,0.0,2,1,0,141242.57,0,0.01968484659248075,Low
5382,15663883,Hansen,850,Germany,Male,32,9,141827.33,2,1,1,149458.73,0,0.03710794293496952,Low
5383,15589296,Brown,724,France,Female,40,6,110054.45,1,1,1,86950.72,0,0.13207064674674848,Low
5384,15586425,Lo Duca,579,France,Male,28,4,0.0,2,1,1,176925.69,0,0.014120530149039433,Low
5385,15679813,Ellis,727,Spain,Male,28,1,0.0,1,1,0,40357.39,0,0.15458378681638657,Low
5386,15681410,Korff,813,Germany,Female,36,6,98088.09,1,0,1,26687.22,1,0.29544262587243175,Low
5387,15668283,Gardiner,642,France,Male,48,9,118317.27,4,0,0,78702.98,1,0.9871307483349949,High
5388,15624072,Kiernan,669,Spain,Male,22,10,0.0,2,1,0,176163.74,0,0.017096658478779635,Low
5389,15669664,Thompson,574,Germany,Male,54,1,99774.5,1,0,0,4896.11,1,0.9398843024072622,High
5390,15682728,Mathews,774,France,Female,32,4,0.0,2,0,0,114899.13,0,0.028765887215839545,Low
5391,15573851,Macrossan,735,France,Female,38,1,0.0,3,0,0,92220.12,1,0.6156627164500569,Medium
5392,15733661,Illingworth,639,Spain,Female,27,8,133806.54,2,1,0,6251.3,0,0.07300903666270663,Low
5393,15710012,Bowen,738,Spain,Male,44,2,0.0,2,1,0,43018.82,1,0.07268126960600449,Low
5394,15763327,Craig,835,France,Male,32,8,124993.29,2,1,1,27548.06,0,0.03185949593182931,Low
5395,15668853,Menhennitt,637,Spain,Female,44,0,157622.58,1,1,1,120454.2,0,0.21524456288696497,Low
5396,15639303,Moore,589,Germany,Male,48,5,126111.61,1,0,1,133961.19,0,0.5367422779859267,Medium
5397,15691011,Shoebridge,591,France,Male,42,9,161651.37,2,1,1,131753.97,0,0.08827888700234969,Low
5398,15638513,Palermo,723,France,Female,40,7,142856.95,2,0,0,38019.74,0,0.13667229263244252,Low
5399,15648933,Reilly,831,Germany,Male,44,3,111100.98,1,1,1,28144.07,1,0.47672173011738206,Medium
5400,15628904,Bowen,733,Spain,Male,35,8,102918.38,1,1,1,45959.86,0,0.044956610246275015,Low
5401,15644788,Fyodorov,731,France,Female,30,5,0.0,2,1,0,189528.72,0,0.0423303284449085,Low
5402,15598161,Clements,654,France,Male,47,10,0.0,2,1,0,170481.98,0,0.12366934734458358,Low
5403,15745624,McKenzie,828,France,Male,37,4,0.0,2,1,0,94845.45,0,0.023377992251496227,Low
5404,15733169,Craig,590,Spain,Male,22,7,125265.61,1,1,1,161253.08,0,0.04431758411099457,Low
5405,15801417,Iloerika,657,France,Male,37,4,82500.28,1,1,1,115260.72,0,0.07976912551492366,Low
5406,15592707,Dolgorukova,531,Germany,Female,64,2,175754.87,2,1,1,60721.4,0,0.04687525990113058,Low
5407,15593954,Eva,516,France,Female,47,6,109387.33,1,0,0,121365.45,0,0.5825044022916757,Medium
5408,15714431,Yeh,561,France,Male,37,1,100443.36,2,0,1,101693.73,0,0.043957197526172664,Low
5409,15638257,P'an,682,Spain,Female,54,0,83102.72,2,1,1,54132.93,0,0.1872452019252486,Low
5410,15690939,Howe,575,Spain,Male,28,7,0.0,1,1,1,10666.05,0,0.08365953414961713,Low
5411,15723613,Jenkins,623,France,Female,28,4,0.0,2,1,0,41227.67,0,0.02600846424605478,Low
5412,15813640,Shih,642,France,Female,40,7,0.0,2,1,0,10712.82,0,0.050925303077661015,Low
5413,15707322,Nnamdi,779,France,Female,48,2,115290.27,1,0,0,98912.69,1,0.604383246316192,Medium
5414,15588918,Mitchell,671,France,Female,42,6,0.0,2,1,0,197202.48,0,0.107530713434728,Low
5415,15600357,Findlay,495,France,Female,40,1,140197.71,2,1,0,150720.39,0,0.1641885636728495,Low
5416,15747014,Pisani,850,France,Female,28,1,105245.34,1,0,1,74780.13,0,0.05701161850763857,Low
5417,15809830,Belisario,630,France,Male,50,8,0.0,2,0,1,79377.45,0,0.075820501174901,Low
5418,15662245,Pomeroy,588,France,Male,32,1,0.0,2,1,1,8763.87,0,0.01071839033640294,Low
5419,15651075,Ibrahimova,562,Germany,Male,35,3,142296.13,1,0,1,177112.7,0,0.1466753416558499,Low
5420,15594456,K?,740,Spain,Female,56,4,99097.33,1,1,1,85016.64,1,0.2848767966747671,Low
5421,15583462,Graham,695,France,Male,28,5,171069.39,2,1,1,88689.4,0,0.04612146142772308,Low
5422,15757661,Trevisano,589,France,Female,39,7,0.0,2,0,0,95985.64,0,0.04595782143375966,Low
5423,15729117,Trevisano,607,France,Female,31,1,102523.88,1,1,1,166792.71,0,0.07313995580074754,Low
5424,15749671,K?,794,France,Male,35,6,0.0,2,1,1,68730.91,0,0.011054365834475667,Low
5425,15566253,Manning,580,Germany,Male,44,9,143391.07,1,0,0,146891.07,1,0.5502369414373145,Medium
5426,15595153,Tucker,644,Germany,Female,44,8,106022.73,2,0,0,148727.42,0,0.3634847537995197,Low
5427,15698572,Schaffer,636,Spain,Female,36,1,0.0,1,1,0,43134.58,0,0.2604785187437294,Low
5428,15674149,Esomchi,599,Germany,Male,36,3,128960.21,2,1,1,40318.33,0,0.07007100007321082,Low
5429,15623082,Ch'ang,507,France,Female,35,2,0.0,2,1,0,97633.93,0,0.03543012448187194,Low
5430,15797905,Walker,682,France,Female,48,7,0.0,2,1,0,65069.03,0,0.2004941881490715,Low
5431,15746028,Chu,714,France,Female,24,7,0.0,2,1,0,166335.0,0,0.037649472068092,Low
5432,15582951,Crawford,696,France,Female,25,8,126442.59,1,1,0,121904.44,0,0.1157582102234784,Low
5433,15616471,Milne,599,Spain,Male,51,0,0.0,1,1,1,175235.99,0,0.4387396631863676,Low
5434,15641575,Anenechukwu,577,France,Male,37,2,127261.35,1,1,0,56185.05,0,0.12159495091474817,Low
5435,15638803,Donaldson,733,Spain,Female,32,5,0.0,2,1,0,131625.14,0,0.03356249387334449,Low
5436,15808283,Kelly,647,France,Female,33,4,0.0,1,1,0,152323.04,0,0.2360391813575925,Low
5437,15811200,Ts'ao,831,France,Female,34,2,0.0,2,0,0,165840.94,0,0.0338019204857094,Low
5438,15733476,Gonzalez,543,Germany,Male,30,6,73481.05,1,1,1,176692.65,0,0.06706646529483869,Low
5439,15633274,Tai,679,France,Male,34,7,160515.37,1,1,0,121904.14,0,0.09910225398553225,Low
5440,15582168,Muravyova,713,Germany,Female,61,4,149525.34,2,1,0,123663.63,0,0.8078100637896592,High
5441,15807269,Milanesi,690,Germany,Male,43,2,166522.78,1,0,0,119644.59,1,0.4103066762603067,Low
5442,15602979,Lin,751,France,Male,29,1,135536.5,1,1,0,66825.33,0,0.08896049299284524,Low
5443,15660417,Lambert,613,Germany,Female,43,10,120481.69,1,0,0,94875.03,1,0.5971502510909976,Medium
5444,15590199,Temple,701,Spain,Male,28,1,103421.32,1,0,1,76304.73,0,0.0473275803156552,Low
5445,15641794,Ridley,698,France,Male,33,5,135658.73,2,0,1,39755.0,0,0.029173065591599108,Low
5446,15779174,Young,451,France,Female,36,2,0.0,2,1,1,180142.42,0,0.04199152832013239,Low
5447,15785547,Slye,665,France,Male,28,8,191402.82,2,1,0,83238.4,0,0.11455850817790127,Low
5448,15795124,Pan,726,Germany,Male,50,9,94504.35,1,0,1,5078.9,0,0.49563523760674355,Medium
5449,15718912,Hsueh,608,Germany,Female,44,5,126147.84,1,0,1,132424.69,1,0.4870174390365036,Medium
5450,15592028,Roberts,549,France,Female,46,7,0.0,1,1,1,109057.56,0,0.421274447616244,Low
5451,15580227,Moss,803,France,Male,33,6,0.0,2,1,0,115676.61,0,0.01697746468535098,Low
5452,15657830,Andrews,663,France,Male,43,4,87624.03,2,1,0,149401.33,0,0.11434281769825921,Low
5453,15798256,Takasuka,558,France,Female,45,1,153697.53,2,0,0,89891.4,1,0.2430760330348223,Low
5454,15643819,Dawson,714,France,Female,25,4,0.0,2,0,0,82500.84,0,0.024818499253550248,Low
5455,15754301,Bruche,704,France,Male,39,5,0.0,1,1,0,6416.92,0,0.23079093569747125,Low
5456,15726855,Oliver,805,Germany,Female,45,9,116585.97,1,1,0,189428.75,1,0.7305350333469874,Medium
5457,15755225,Ryan,659,Germany,Male,34,9,134464.58,2,1,0,178833.34,0,0.07099320276379678,Low
5458,15725221,Sabbatini,738,Germany,Male,62,10,83008.31,1,1,1,42766.03,0,0.2590391891210187,Low
5459,15789055,Watt,635,Spain,Male,35,2,113635.16,1,1,0,90883.12,0,0.09629202728642083,Low
5460,15617507,Wilson,530,Spain,Female,36,7,0.0,2,1,0,80619.09,0,0.03454926381190034,Low
5461,15668894,Abramova,661,Germany,Male,41,5,122552.48,2,0,1,120646.4,0,0.12123006018014286,Low
5462,15589563,Purdy,531,Spain,Male,31,2,118899.45,2,0,0,41409.36,0,0.04733127213493047,Low
5463,15693162,Higgins,694,France,Female,29,5,99713.87,1,0,0,112317.89,0,0.11446982759398923,Low
5464,15750099,Marshall,731,France,Female,36,6,0.0,1,0,0,152128.36,0,0.2934464840218264,Low
5465,15795540,Reye,556,France,Female,36,2,134208.22,1,0,1,177670.57,0,0.11417252614126344,Low
5466,15794941,Chibueze,647,Germany,Female,41,1,85906.65,3,1,0,189159.97,0,0.8208978096740841,High
5467,15611848,Kwemtochukwu,850,Germany,Male,32,3,137714.25,1,0,1,159403.68,0,0.11952147759290044,Low
5468,15581237,Biryukova,573,Spain,Male,33,1,160777.9,1,1,1,149536.15,0,0.051156941338072276,Low
5469,15738150,Chidozie,591,France,Male,45,5,0.0,2,1,1,155492.87,0,0.053824977581671915,Low
5470,15678571,Barber,723,France,Male,21,4,0.0,2,0,0,24847.02,0,0.012165675402107546,Low
5471,15736124,Thompson,617,France,Male,25,1,102585.88,2,1,1,115387.4,0,0.022717852439513735,Low
5472,15623202,Maslov,704,Germany,Female,39,10,102556.18,2,1,0,171971.25,1,0.206723422121929,Low
5473,15804201,Jones,457,Germany,Male,42,4,126772.57,1,0,1,126106.4,0,0.33324604807910463,Low
5474,15596863,Chidumaga,787,Germany,Female,38,3,158373.23,1,1,1,28228.35,0,0.21280512247485794,Low
5475,15696277,Hs?,651,France,Female,34,9,0.0,2,1,0,138113.71,0,0.031787535467934454,Low
5476,15748608,Trentini,612,Germany,Male,42,5,141927.1,1,1,1,43018.98,0,0.31916066415659067,Low
5477,15723864,Lucas,828,Spain,Male,47,1,109876.82,2,1,0,83611.45,1,0.27826908502598635,Low
5478,15802390,Willoughby,724,France,Female,34,2,0.0,2,1,1,118863.38,0,0.019448189329485544,Low
5479,15774336,Jamieson,648,Germany,Male,44,9,111369.79,2,1,1,91947.74,0,0.18005546920008772,Low
5480,15648766,Robertson,569,Spain,Male,35,3,116969.35,1,0,0,94488.82,0,0.08970951702625175,Low
5481,15659094,Ojiofor,765,Germany,Female,34,8,136729.51,2,0,0,47058.21,0,0.1228053336964274,Low
5482,15606397,Cameron,577,Germany,Female,44,1,152086.15,1,0,1,44719.5,1,0.4638439957508433,Medium
5483,15642619,Mayne,603,Spain,Male,46,2,0.0,2,1,0,174478.54,0,0.131557127230072,Low
5484,15666032,Mancini,568,Spain,Male,28,1,127289.28,1,0,0,45611.51,0,0.08408837503782543,Low
5485,15595842,Paramor,748,Germany,Male,45,2,119852.01,1,0,0,73853.94,1,0.6756374863657709,Medium
5486,15753837,Young,573,Spain,Male,38,4,0.0,2,1,1,196517.43,0,0.024282713863005862,Low
5487,15783882,Daly,771,Spain,Female,41,5,0.0,2,0,1,92914.67,0,0.043400750224673205,Low
5488,15799790,Carter,763,France,Male,35,9,0.0,1,1,1,31372.91,0,0.08157155934425407,Low
5489,15628155,Dike,410,France,Female,35,7,117183.74,1,1,1,109733.73,0,0.1850135073590916,Low
5490,15703778,Hughes,728,France,Male,33,8,129907.63,1,0,1,36083.96,0,0.04857195293082891,Low
5491,15722322,Green,655,Spain,Female,78,2,0.0,2,0,1,188435.38,0,0.013238265808311096,Low
5492,15639278,Chinomso,580,Germany,Female,36,6,145387.32,2,1,1,169963.2,1,0.1349564252179568,Low
5493,15568487,Gorshkov,712,France,Male,35,7,124616.23,1,1,1,69320.97,0,0.05170700761914927,Low
5494,15682084,Chinomso,680,France,Male,31,9,0.0,2,1,0,36145.53,0,0.013871903387842366,Low
5495,15642821,Ijendu,383,Spain,Female,48,8,95808.19,1,0,0,137702.01,1,0.8875457877610764,High
5496,15601387,Yen,721,France,Male,35,10,0.0,2,1,0,71594.26,0,0.017430086963375283,Low
5497,15642515,Arcuri,620,France,Female,42,1,0.0,2,0,1,65565.92,0,0.06017291411531841,Low
5498,15710421,Baresi,774,Spain,Female,36,8,117152.3,1,0,0,101828.39,0,0.13892287594060296,Low
5499,15726774,Field,563,France,Male,35,3,106250.72,1,0,0,39546.32,0,0.08654598578228063,Low
5500,15649078,Christian,850,Germany,Female,27,8,111837.78,2,1,1,110805.79,0,0.057756885920785254,Low
5501,15641877,Ross,681,France,Male,47,9,97023.21,1,1,1,2168.13,0,0.20516466737652347,Low
5502,15796496,Trevisani,631,France,Female,31,8,137687.72,1,1,0,190067.12,0,0.15233196680150096,Low
5503,15815690,Akabueze,614,Spain,Female,40,3,113348.5,1,1,1,77789.01,0,0.14834277430529244,Low
5504,15631739,Dunn,704,Spain,Male,24,10,122109.78,1,1,1,127654.37,0,0.03688622549415182,Low
5505,15625584,Martin,786,France,Male,32,2,120452.4,2,0,0,79602.86,0,0.039207241055044265,Low
5506,15802466,Donaldson,534,France,Female,53,7,0.0,2,1,1,80619.17,0,0.09191474759027074,Low
5507,15697028,McClinton,590,Spain,Male,34,0,65812.35,2,0,1,160346.3,0,0.0211394119193513,Low
5508,15575759,Bentley,583,Spain,Female,40,3,54428.37,1,1,0,109638.78,1,0.3733527614134791,Low
5509,15567442,Ibezimako,656,France,Female,75,3,0.0,2,1,1,1276.87,0,0.007730883388467648,Low
5510,15746805,Thomson,597,France,Male,33,9,0.0,2,1,0,49374.82,0,0.015215487438267209,Low
5511,15636330,Ch'in,588,Germany,Female,48,1,143279.58,2,1,0,31580.8,1,0.541320730787146,Medium
5512,15714970,Holbrook,667,Germany,Male,32,0,103846.65,1,1,0,20560.69,0,0.25414063963898553,Low
5513,15653784,Solomina,627,France,Male,37,2,125190.86,1,0,1,84584.69,0,0.07407714813515215,Low
5514,15693543,McDonald,708,France,Female,33,8,0.0,2,0,1,15246.83,0,0.01685983041945025,Low
5515,15773283,Dennis,641,France,Male,65,6,38340.02,1,1,0,32607.77,1,0.8181154733662444,High
5516,15742534,Faulk,527,Germany,Female,28,2,123802.98,2,1,1,155846.69,0,0.08760560358140113,Low
5517,15569878,Dale,592,France,Male,37,3,96651.03,1,1,1,3232.82,0,0.07130538513006977,Low
5518,15729454,Gorbunov,465,France,Male,33,8,0.0,2,1,0,177668.55,0,0.024783819464354925,Low
5519,15578375,Farrell,628,France,Male,39,6,0.0,2,0,0,134441.6,0,0.031584433887002786,Low
5520,15785559,De Luca,678,France,Male,43,1,133237.21,1,1,0,111032.79,1,0.25092006837677716,Low
5521,15649414,Walker,570,France,Female,61,6,142105.35,1,1,1,45214.04,0,0.2190180127343058,Low
5522,15701605,Forster,815,France,Male,37,1,166115.42,1,1,0,67208.3,0,0.100439773641447,Low
5523,15686696,Brown,817,France,Female,37,6,81070.34,2,1,0,80985.88,0,0.06957698969577025,Low
5524,15625586,Monaldo,717,France,Male,35,4,0.0,1,1,1,167573.06,0,0.09496036451507231,Low
5525,15654975,Wu,641,France,Female,53,0,123835.52,2,0,1,160110.65,0,0.3121730655229839,Low
5526,15782993,Pan,624,France,Male,51,10,123401.43,2,1,1,127825.25,0,0.17186329859994512,Low
5527,15774382,Longo,579,Germany,Male,49,4,169377.31,1,1,1,123535.05,0,0.3199776206394677,Low
5528,15689602,Findlay,698,France,Male,38,2,130015.24,1,1,1,41595.3,0,0.07662263231316974,Low
5529,15756155,Fu,645,France,Male,32,4,0.0,2,0,1,97628.08,0,0.012383495969315159,Low
5530,15812647,Yin,691,France,Male,34,8,133936.04,2,1,0,91359.79,0,0.0435457386342727,Low
5531,15736043,Hamilton,638,France,Male,34,6,114543.27,1,1,1,97755.29,0,0.04561406374623473,Low
5532,15696744,Miller,705,France,Female,31,3,119794.67,1,0,0,182528.44,0,0.17145047193237534,Low
5533,15602572,Hsing,720,France,Male,33,9,0.0,2,1,1,142956.48,0,0.009981874022724931,Low
5534,15674765,Mitchell,553,Spain,Male,44,4,0.0,1,1,0,10789.3,0,0.4681610640767798,Medium
5535,15678725,Chamberlin,658,France,Female,29,8,0.0,2,0,1,130461.09,0,0.020193947684964287,Low
5536,15694444,Buttenshaw,648,Germany,Female,32,8,157138.99,3,1,0,190994.48,1,0.8354051411972362,High
5537,15795878,Anayochukwu,636,Spain,Male,45,3,0.0,2,1,1,159463.8,0,0.05668338928040049,Low
5538,15735346,Wallace,527,Germany,Female,41,10,136733.24,1,1,1,57589.29,0,0.3738710768960486,Low
5539,15687094,Calabresi,717,Germany,Female,28,9,82498.14,2,0,0,40437.67,0,0.053697084452688074,Low
5540,15790067,Sun,614,Spain,Male,39,3,151914.93,1,0,0,56459.45,0,0.13636791814657526,Low
5541,15605742,Tuan,737,France,Male,43,0,80090.93,1,1,0,39920.0,1,0.315865452459253,Low
5542,15566740,Nazarova,587,Spain,Male,51,3,83739.32,1,0,1,148798.45,0,0.3580668276262178,Low
5543,15664897,Bryant,682,France,Female,35,2,181166.44,1,1,1,63737.19,1,0.16719316935531703,Low
5544,15585777,Pai,710,France,Male,38,3,130588.82,1,1,1,154997.64,0,0.06680174144004714,Low
5545,15650864,Power,507,France,Male,42,6,0.0,2,1,0,34777.23,0,0.042809354453720146,Low
5546,15806709,Hao,609,Germany,Male,33,6,94126.67,1,0,0,93718.16,0,0.19178625090848825,Low
5547,15633818,McMillan,786,France,Male,32,9,0.0,2,1,0,133112.41,0,0.017137679310810852,Low
5548,15713845,Merrett,688,France,Male,38,7,148045.68,1,1,0,175479.92,1,0.12894247314432206,Low
5549,15639662,Phillips,710,France,Male,38,2,0.0,2,1,0,96.27,0,0.024606074460405334,Low
5550,15567013,De Luca,779,Spain,Male,33,3,0.0,2,1,0,30804.68,0,0.019390505542109696,Low
5551,15777784,Tu,733,France,Female,44,6,168165.84,1,0,1,197193.49,0,0.2801845440094003,Low
5552,15800251,Elder,583,Germany,Female,26,10,72835.56,2,1,0,96792.15,0,0.05018765436334238,Low
5553,15651315,Dilke,627,France,Male,41,3,0.0,2,1,0,132719.8,0,0.042475981368475975,Low
5554,15651450,Panicucci,666,Germany,Male,31,3,123212.08,2,1,1,112157.31,0,0.04867478066667477,Low
5555,15784218,Mason,620,Spain,Male,38,0,0.0,2,1,1,38015.34,0,0.023529143604746013,Low
5556,15572398,Townsend,614,Spain,Female,39,6,0.0,2,1,1,164018.98,0,0.04953294467854966,Low
5557,15707962,Gunson,606,France,Male,40,6,119501.88,2,1,0,46774.94,0,0.08886368869479444,Low
5558,15705663,Milano,700,Germany,Female,39,5,144550.83,2,1,1,189664.43,0,0.10478095783931897,Low
5559,15645355,Macleod,677,Germany,Male,34,3,126729.41,1,1,1,26106.39,1,0.1689915131065092,Low
5560,15729557,Olisaemeka,850,Germany,Male,36,5,119984.07,1,1,0,191535.11,1,0.3240578125096305,Low
5561,15631436,Gleeson,564,France,Male,35,4,0.0,1,1,0,158937.55,0,0.17543111716413867,Low
5562,15583073,Martin,771,Spain,Female,56,2,0.0,1,1,1,25222.6,1,0.4881881057895062,Medium
5563,15614361,Liao,620,Spain,Male,42,9,121490.05,1,1,1,29296.74,0,0.1210343931923965,Low
5564,15724684,Sung,610,Spain,Male,46,5,91897.8,1,1,0,54394.28,0,0.41884324769553843,Low
5565,15700083,Lai,609,Spain,Male,39,2,139443.75,2,1,0,9234.06,0,0.08368593807522691,Low
5566,15636541,Cartwright,683,Germany,Male,35,5,144961.97,1,0,1,26796.73,0,0.16157654235988708,Low
5567,15796015,Wu,633,Germany,Male,42,3,126041.02,1,0,1,11796.89,0,0.42131239178804747,Low
5568,15787222,Ch'in,676,Germany,Male,28,1,69459.05,2,1,1,128461.29,0,0.01842549635756024,Low
5569,15594270,Biryukov,693,France,Male,38,7,198338.77,2,1,1,14278.18,0,0.12230161266006466,Low
5570,15701524,Ting,709,France,Male,36,0,0.0,2,1,0,46811.77,0,0.021659641816422586,Low
5571,15645847,P'eng,569,Germany,Male,35,2,109196.66,3,1,0,109393.19,1,0.8716931609422638,High
5572,15708867,Niu,684,Spain,Female,38,3,134168.5,3,1,0,3966.5,1,0.9085310841046391,High
5573,15613140,Mellor,565,France,Male,34,6,0.0,1,1,1,63173.64,0,0.07726267860673842,Low
5574,15628893,Power,681,France,Male,29,8,0.0,1,1,0,66367.33,0,0.1256204451671864,Low
5575,15764073,Arcuri,503,Spain,Female,36,9,0.0,2,1,1,16274.67,0,0.02083614095945187,Low
5576,15782879,Lang,656,France,Male,40,2,0.0,2,1,1,180553.48,0,0.033242286870645996,Low
5577,15635964,Eve,566,Germany,Male,65,4,120100.41,1,1,0,107563.16,1,0.9119722107721492,High
5578,15726087,Ch'in,592,France,Female,62,5,0.0,1,1,1,100941.57,0,0.34388854863563745,Low
5579,15726313,Napolitani,687,Spain,Female,50,5,0.0,2,1,0,110230.4,0,0.2930168553717309,Low
5580,15578073,Barker,686,Spain,Male,22,8,0.0,2,0,0,142331.85,0,0.01778534168806726,Low
5581,15786249,Whitfield,616,Spain,Male,30,2,0.0,2,1,0,199099.51,0,0.022611567587604804,Low
5582,15812850,Stradford,494,Spain,Male,67,5,0.0,2,1,1,85890.16,0,0.017665928797308196,Low
5583,15596972,Brownlow,534,France,Male,38,3,0.0,1,0,0,143938.27,0,0.26554049201389157,Low
5584,15620579,Dunn,695,Spain,Female,31,8,0.0,2,0,1,131644.41,0,0.0205912388077418,Low
5585,15768270,DeRose,579,Spain,Female,31,9,0.0,2,1,0,112395.98,0,0.029243346284482583,Low
5586,15656597,Wang,432,Germany,Male,38,2,135559.8,2,1,1,71856.3,0,0.10167105571733959,Low
5587,15699446,Hobbs,816,Germany,Female,25,2,150355.35,2,1,1,35770.84,0,0.04611980307988067,Low
5588,15615004,Anderson,730,France,Female,37,1,0.0,2,1,1,124364.63,0,0.027566325295099486,Low
5589,15704771,Ugochukwu,593,France,Female,35,6,133489.12,2,1,1,78101.29,0,0.04676133504645338,Low
5590,15588372,Kirsova,715,Germany,Female,37,9,105489.31,1,0,0,143096.49,1,0.41414845799223077,Low
5591,15681439,Tsou,775,Germany,Male,25,10,60205.2,2,1,0,14073.11,0,0.024045418386999775,Low
5592,15607509,Ozerova,539,France,Male,38,5,0.0,2,1,0,47388.41,0,0.025825867260754157,Low
5593,15670343,Li,576,Spain,Male,19,6,0.0,2,0,0,72306.07,0,0.013407082880841543,Low
5594,15597968,Fyans,617,Spain,Male,50,7,0.0,1,1,0,184839.7,1,0.7844654042042762,High
5595,15658432,Freeman,688,France,Male,40,6,0.0,1,1,1,47886.44,0,0.16819273803496823,Low
5596,15616431,Chiu,608,France,Male,33,4,0.0,1,0,1,130474.03,0,0.09770528561162928,Low
5597,15796957,Iadanza,597,Spain,Male,35,9,0.0,3,0,1,73181.39,1,0.40083134118263114,Low
5598,15815552,Ferguson,670,France,Female,42,6,112333.63,1,1,1,65706.86,0,0.17608733735326623,Low
5599,15631871,Kelly,616,Germany,Female,57,7,116936.81,1,1,1,104379.36,0,0.4868782649080294,Medium
5600,15635870,She,579,Germany,Female,50,5,117721.02,1,0,1,192146.63,1,0.7470168113190715,Medium
5601,15596713,Christie,786,France,Male,37,7,165896.22,2,1,1,66977.68,0,0.0415973204354287,Low
5602,15684211,Creel,704,Spain,Female,44,9,153656.85,1,1,0,158742.81,0,0.3696048258380072,Low
5603,15760521,Thompson,796,France,Female,50,1,94164.0,1,1,1,189414.74,0,0.409664412312004,Low
5604,15608408,Lazareva,598,Spain,Male,39,1,0.0,2,1,0,159130.32,0,0.0336543914223702,Low
5605,15804721,Boni,602,France,Male,49,0,191808.73,1,0,0,97640.2,0,0.4676559621048512,Medium
5606,15730272,Evseev,619,France,Male,58,5,152199.33,1,1,1,86022.09,0,0.1636034076006331,Low
5607,15741988,Marino,492,Germany,Female,52,8,125396.24,1,1,0,10014.72,1,0.8825796877425638,High
5608,15771728,Mackenzie,641,Germany,Male,41,7,104405.54,3,1,0,17384.21,0,0.8713110628267756,High
5609,15605113,Sutherland,518,France,Female,27,1,133801.49,1,1,1,143315.57,0,0.08425015719226212,Low
5610,15661945,Nicolay,623,Spain,Female,40,4,0.0,3,1,0,31669.18,0,0.6433852585004114,Medium
5611,15783816,Lori,733,France,Female,28,5,0.0,2,0,0,12761.16,0,0.024790570963507143,Low
5612,15721207,Piazza,625,Germany,Male,42,6,100047.33,1,1,0,93429.95,0,0.466306753538854,Medium
5613,15764072,Somerville,759,France,Female,31,1,109848.6,1,1,1,42012.55,0,0.06675456454137736,Low
5614,15689412,Christie,604,France,Female,32,7,127849.38,1,1,0,15798.7,0,0.13264175952029134,Low
5615,15798385,Grave,512,Spain,Female,46,3,0.0,2,1,1,56408.14,0,0.08909570953725668,Low
5616,15775339,Lori,520,France,Female,29,8,95947.76,1,1,0,4696.44,0,0.11561539467091526,Low
5617,15585256,Iloerika,805,Spain,Male,26,2,0.0,2,1,1,25042.1,0,0.012070967135587063,Low
5618,15797329,Muir,626,France,Male,43,4,137638.69,1,1,0,130442.08,1,0.26088190986635873,Low
5619,15780220,Pauley,656,France,Male,38,10,0.0,1,1,1,136521.82,0,0.11495051127530234,Low
5620,15648951,Kao,785,Spain,Male,41,7,0.0,2,1,1,199108.88,0,0.026610874595473875,Low
5621,15752409,Grant,553,France,Male,31,6,0.0,2,0,0,124596.63,0,0.016158745778374867,Low
5622,15807524,Chukwuma,569,France,Female,44,4,0.0,2,0,0,134394.78,0,0.11945361047841954,Low
5623,15766649,Vincent,670,France,Male,38,10,89416.99,1,0,0,144275.39,0,0.12649624343988483,Low
5624,15696812,Lazareva,586,Spain,Male,42,6,0.0,2,1,1,123410.23,0,0.03381943466409724,Low
5625,15581295,Ch'ien,617,Spain,Female,45,1,0.0,1,1,0,143298.06,0,0.6761325406497787,Medium
5626,15663234,Bishop,508,France,Female,60,7,143262.04,1,1,1,129562.74,0,0.2056587848094491,Low
5627,15741417,Chibuzo,624,Spain,Female,35,7,119656.45,2,1,1,4595.05,0,0.05457770370633551,Low
5628,15695174,Chang,654,France,Male,29,4,132954.64,1,1,1,146715.07,0,0.04261481161993988,Low
5629,15665168,Calabrese,681,Germany,Female,44,3,105206.7,2,1,1,163558.36,0,0.26089994399559674,Low
5630,15601503,Tokaryev,578,Spain,Male,28,4,0.0,2,0,0,6947.09,0,0.015405116528798087,Low
5631,15706131,Logan,621,Spain,Female,37,9,83061.26,2,1,0,9170.54,0,0.07402255688769234,Low
5632,15782758,Ozerova,632,France,Male,40,5,147650.68,1,1,1,199674.83,0,0.09601889133250836,Low
5633,15591091,Goering,644,France,Male,44,5,73348.56,1,1,0,157166.79,1,0.36642039655959135,Low
5634,15715877,Lo,821,France,Male,28,2,0.0,2,1,0,46072.52,0,0.014003028949282402,Low
5635,15756918,Simmons,754,France,Female,38,2,0.0,2,0,0,3524.69,0,0.03457634635321397,Low
5636,15746662,Maduabuchim,568,Spain,Female,27,1,116320.68,1,0,1,45563.94,0,0.07908866235800524,Low
5637,15626679,Linger,584,France,Male,33,3,0.0,2,0,1,59103.13,0,0.011535433422691557,Low
5638,15793343,Yeh,549,France,Female,29,8,0.0,2,1,1,189558.44,0,0.027314874600686007,Low
5639,15576774,Stevenson,729,France,Female,38,7,0.0,2,0,0,45779.9,0,0.03840348956726096,Low
5640,15801316,Ifeatu,523,France,Male,61,8,66250.71,1,1,1,21859.06,0,0.2306965566964688,Low
5641,15800514,Kenechukwu,477,Germany,Female,24,2,95675.62,2,0,0,162699.7,1,0.13357395594877935,Low
5642,15662232,Learmonth,675,Germany,Male,42,2,92616.64,2,1,0,8567.18,0,0.1713376856721857,Low
5643,15737778,Dickson,782,Spain,Female,41,4,0.0,1,1,0,132943.88,0,0.44240805192549976,Low
5644,15782096,Volkova,616,Spain,Female,36,6,0.0,1,1,1,12916.32,1,0.1743045075997403,Low
5645,15783522,Mitchell,738,Spain,Female,37,8,100565.94,1,1,1,128799.86,0,0.08844663669301446,Low
5646,15785373,Wong,717,Spain,Female,42,5,190305.78,1,1,0,99347.8,1,0.5195651344338897,Medium
5647,15756272,James,526,Germany,Female,35,9,118536.4,1,1,0,40980.87,1,0.37580608123975356,Low
5648,15615245,Shao,660,France,Male,19,5,127649.64,1,1,1,40368.65,0,0.03920761578240449,Low
5649,15600174,Walton,525,France,Male,35,7,165358.77,1,0,1,94738.54,0,0.0749605274524885,Low
5650,15752956,Stanley,629,Spain,Male,29,6,0.0,2,1,1,88842.8,0,0.01149444694201697,Low
5651,15644882,Watson,616,Germany,Female,36,10,78249.53,1,1,0,136934.91,0,0.22975280843683665,Low
5652,15766272,Folliero,521,Germany,Female,61,0,125193.96,1,1,1,109356.53,0,0.4953185645650574,Medium
5653,15800620,Fitzgerald,691,France,Female,29,9,0.0,2,0,0,199635.93,0,0.05046867374014782,Low
5654,15569764,Garner,687,Germany,Female,41,2,154007.21,1,1,0,158408.23,0,0.4136090565302744,Low
5655,15747458,Folliero,677,Spain,Female,43,3,133214.88,2,1,1,95936.84,0,0.13315593658867161,Low
5656,15573171,Liao,695,Spain,Male,63,1,146202.93,1,1,1,126688.83,1,0.1653390377429616,Low
5657,15736769,Lucchesi,663,France,Female,27,9,0.0,2,1,0,150850.29,0,0.03478288233053565,Low
5658,15763381,Chan,496,France,Male,30,0,90963.49,1,0,1,27802.0,0,0.046996437634449106,Low
5659,15814430,Ma,747,Spain,Male,41,9,0.0,1,1,0,32430.94,1,0.3262932665431639,Low
5660,15638607,Nwabugwu,546,France,Female,52,2,0.0,1,1,0,137332.37,1,0.8586013288756118,High
5661,15737133,P'eng,706,Spain,Male,68,4,114386.85,1,1,1,28601.68,0,0.07436526942181033,Low
5662,15613945,Andrews,472,France,Female,26,5,0.0,2,1,0,108411.66,0,0.02944293419864035,Low
5663,15659937,Otutodilinna,703,France,Female,40,7,0.0,2,0,1,122518.5,0,0.04449076890101254,Low
5664,15765287,Grant,850,France,Female,38,2,0.0,2,1,0,9015.07,0,0.03635763705815933,Low
5665,15661723,Abramovich,667,Spain,Male,71,4,137260.78,1,0,1,94433.08,1,0.0645087382239538,Low
5666,15766064,Komarova,559,France,Male,33,9,111060.05,2,1,0,110371.84,0,0.040435066671640874,Low
5667,15649616,Otutodilichukwu,636,Spain,Male,60,7,124447.73,1,1,1,141364.62,1,0.17264575057267678,Low
5668,15719017,Donaldson,672,France,Female,34,8,0.0,2,1,1,16245.25,0,0.016275067785193362,Low
5669,15720919,Duggan,667,France,Male,42,7,0.0,1,0,1,108348.94,1,0.22113935349888497,Low
5670,15706706,Chinwendu,648,Germany,Male,33,7,135310.41,2,0,1,171668.2,0,0.04677960784982142,Low
5671,15709653,Hamilton,497,France,Male,32,8,0.0,2,1,0,67364.42,0,0.014794518035137923,Low
5672,15805104,Smith,743,France,Female,73,6,0.0,2,0,1,107867.38,0,0.011928976521948808,Low
5673,15622442,Mazzi,619,France,Male,29,5,0.0,2,1,0,194310.1,0,0.025175063995944418,Low
5674,15572801,Krischock,639,Spain,Male,34,5,139393.19,2,0,0,33950.08,0,0.04533365494106362,Low
5675,15767598,Kent,540,Spain,Male,28,8,0.0,2,0,0,197588.32,0,0.02894967558883022,Low
5676,15757897,Binder,766,France,Female,26,3,104258.8,1,1,1,428.23,0,0.06006343584541789,Low
5677,15568104,Zubarev,749,France,Female,26,6,0.0,2,0,1,34948.77,0,0.015258762640357991,Low
5678,15763414,Degtyarev,655,Germany,Male,32,9,113447.01,1,1,0,82084.3,0,0.2134189326294077,Low
5679,15732265,Obialo,630,France,Male,33,9,0.0,2,1,0,64804.59,0,0.015853260909414163,Low
5680,15621974,Davydova,778,Germany,Female,33,4,111063.73,2,1,0,83556.65,0,0.11665536353369207,Low
5681,15803947,Teng,757,Germany,Female,30,6,161378.02,1,0,0,71926.28,1,0.2547309625957306,Low
5682,15720706,Hsing,529,Spain,Female,39,2,82766.43,1,1,1,122925.44,0,0.17093818332608288,Low
5683,15759290,Coleman,620,Spain,Male,29,9,0.0,2,1,0,13133.88,0,0.01605491909229185,Low
5684,15651664,Wilder,615,France,Female,61,1,104267.7,1,1,0,62845.64,1,0.8932682792555496,High
5685,15795132,Molineux,735,France,Female,25,3,91718.8,1,0,0,28411.23,0,0.1191568396430241,Low
5686,15811565,Cocci,705,Spain,Female,47,3,63488.7,1,0,1,28640.92,1,0.42675054395275075,Low
5687,15713774,Chikwendu,644,Spain,Female,46,6,12459.19,1,0,0,156787.34,1,0.7141714960861468,Medium
5688,15691840,Fraser,505,Germany,Female,37,6,159863.9,2,0,1,125307.87,0,0.07411707024357646,Low
5689,15682021,Lai,471,Germany,Male,23,6,104592.55,2,1,0,131736.23,0,0.06573054939445873,Low
5690,15612931,Korovin,722,Spain,Female,50,4,132088.59,1,1,1,128262.14,0,0.332371493545802,Low
5691,15676707,Sidorov,577,Spain,Female,39,4,0.0,2,1,0,91366.42,0,0.0512663216154003,Low
5692,15601383,Ibrahimova,744,Spain,Male,44,5,120654.68,1,1,0,82290.81,0,0.2663340217203295,Low
5693,15662662,Duigan,573,France,Female,30,6,0.0,2,1,0,66190.21,0,0.02395879200060307,Low
5694,15752694,Taylor,653,France,Female,32,4,83772.95,1,0,1,23920.65,0,0.08639988063273978,Low
5695,15590683,Donaldson,660,France,Female,31,6,172325.67,1,0,1,45438.38,0,0.12131928419458345,Low
5696,15773591,Jobson,787,France,Male,46,7,117685.31,2,1,1,93360.35,0,0.1166806616375905,Low
5697,15723620,Lu,617,France,Male,41,7,0.0,2,0,1,14496.67,0,0.028821835009436053,Low
5698,15671779,Nebechi,567,France,Male,39,5,0.0,2,0,0,168521.72,0,0.040336856114463776,Low
5699,15672966,Cross,682,Spain,Female,64,9,0.0,2,1,1,103318.44,0,0.044423686042791885,Low
5700,15624667,Wallace,684,France,Male,35,6,135871.5,1,1,1,87219.41,0,0.047740663493272655,Low
5701,15812888,Perreault,447,France,Male,41,3,0.0,4,1,1,197490.39,1,0.8910435493270699,High
5702,15724154,Manna,625,Germany,Female,49,4,128504.76,1,1,0,126812.63,1,0.8437450012335811,High
5703,15749540,Hsiung,585,France,Male,36,7,0.0,2,1,0,94283.09,0,0.02093477108295419,Low
5704,15621063,Gibbons,516,France,Female,42,8,56228.25,1,1,0,46857.52,0,0.39956221915860485,Low
5705,15661626,Algeranoff,732,Germany,Female,45,6,98792.4,1,1,0,81491.7,1,0.6905986664413423,Medium
5706,15698703,Doherty,628,Germany,Male,40,5,181768.32,2,1,1,129107.97,0,0.03233902549809564,Low
5707,15801431,Rowe,682,Spain,Female,48,9,101198.01,1,1,1,49732.9,0,0.28001952536109137,Low
5708,15649451,Yates,746,France,Male,25,9,0.0,2,0,1,88728.47,0,0.009251510136342499,Low
5709,15626156,Galloway,655,France,Female,60,3,0.0,2,1,1,86981.45,0,0.0753898325917263,Low
5710,15606158,Genovese,644,France,Female,39,9,0.0,1,1,0,3740.93,0,0.30264569962368615,Low
5711,15589496,Arrington,778,France,Male,34,5,139064.06,2,0,0,67949.32,0,0.047322680160301604,Low
5712,15730345,Miah,617,France,Female,35,2,104508.1,1,1,1,147636.46,0,0.10030569505805738,Low
5713,15572038,Chijindum,660,Germany,Male,35,9,113948.58,1,1,0,188891.96,1,0.2677398409919986,Low
5714,15643439,Ferguson,537,France,Male,47,10,0.0,2,0,1,25482.62,0,0.06258620606884953,Low
5715,15604158,Smith,554,France,Female,39,10,0.0,2,1,1,18391.93,0,0.03174186434551097,Low
5716,15657396,Marshall,806,France,Male,31,9,0.0,2,0,1,140168.36,0,0.010383443913818563,Low
5717,15709478,P'an,611,Germany,Male,37,1,117524.72,2,0,1,161064.29,0,0.08820844829153016,Low
5718,15628824,Burton,665,France,Female,37,5,160389.82,1,0,1,183542.08,0,0.12627578888264626,Low
5719,15814519,Kamdibe,648,France,Female,37,7,0.0,2,1,0,194238.92,0,0.05670592756525908,Low
5720,15636520,Milani,692,France,Male,27,1,125547.53,1,0,0,7900.46,0,0.08185404443213477,Low
5721,15794414,Forbes,507,Spain,Male,46,6,92783.68,1,1,1,51424.29,0,0.20535688850181358,Low
5722,15643671,Chiekwugo,696,Germany,Male,49,5,97036.22,2,1,0,152450.84,1,0.4922123666999752,Medium
5723,15700650,Cousens,681,France,Male,34,3,0.0,2,0,0,55816.2,0,0.015353063271912527,Low
5724,15680224,Ross,687,France,Female,26,6,0.0,2,1,1,32909.13,0,0.014930537987392871,Low
5725,15784286,Wood,641,Spain,Male,40,5,102145.13,1,1,1,100637.07,0,0.10115168460935228,Low
5726,15693996,Hawks,507,France,Female,33,1,113452.66,1,0,0,142911.99,0,0.14051393575854282,Low
5727,15764343,T'ien,688,Spain,Female,46,8,155681.72,1,1,0,26287.21,0,0.4691041480731453,Medium
5728,15704168,Ting,535,Germany,Male,38,8,127475.24,1,0,0,60775.76,1,0.35780902404438314,Low
5729,15680197,Thynne,701,France,Male,41,10,0.0,2,1,1,146257.77,0,0.021674649653970413,Low
5730,15633729,Wang,488,France,Male,43,10,112751.13,1,1,1,28332.0,0,0.15007588696319982,Low
5731,15577683,Maclean,539,France,Female,29,4,0.0,2,1,1,100919.19,0,0.018754337401869926,Low
5732,15800746,Watson,674,France,Male,45,7,144889.18,1,1,1,102591.9,1,0.17943384117751662,Low
5733,15788686,Gibson,538,Spain,Male,40,8,0.0,2,1,1,25554.4,0,0.026170853768247716,Low
5734,15742798,French,829,France,Female,22,7,150126.44,1,1,0,152107.93,1,0.1280936553450763,Low
5735,15596647,Henderson,768,France,Male,54,8,69712.74,1,1,1,69381.05,0,0.2537724778402761,Low
5736,15756070,Greenwood,585,Spain,Female,44,4,0.0,2,0,1,101728.46,0,0.07478531438396367,Low
5737,15775116,Anderson,581,France,Male,31,3,0.0,2,0,0,89040.61,0,0.016594822547523203,Low
5738,15575428,Mistry,682,Germany,Female,35,2,117438.92,2,1,1,16910.98,0,0.10683025677263418,Low
5739,15654074,Tuan,653,France,Male,38,8,119315.75,1,1,0,150468.35,0,0.12086989924434181,Low
5740,15695872,Fiorentini,712,France,Female,30,1,89571.59,1,1,1,177613.19,0,0.07260711159270417,Low
5741,15568885,Scott,620,Germany,Female,34,8,102251.57,1,1,0,120672.09,0,0.2869390512823415,Low
5742,15725036,Jideofor,709,France,Male,42,9,118546.71,1,0,1,77142.85,0,0.11305562566910513,Low
5743,15632665,Yevseyev,832,France,Male,61,2,0.0,1,0,1,127804.66,1,0.32546091429337826,Low
5744,15571476,Kelly,635,Spain,Male,38,0,103257.14,1,0,0,158344.63,0,0.11901480543186768,Low
5745,15776850,Smith,749,Spain,Female,43,1,124209.02,1,1,1,167179.48,0,0.2076702819114333,Low
5746,15623649,Ogle,629,Spain,Male,32,3,0.0,2,1,1,15404.64,0,0.012330176735787794,Low
5747,15751131,Moss,836,Spain,Female,41,7,150302.84,1,1,1,156036.19,0,0.1261524304483702,Low
5748,15688128,Loggia,542,Spain,Male,34,8,108653.93,1,0,1,144725.14,0,0.0502497876417312,Low
5749,15678412,Nwankwo,645,France,Female,45,8,85325.93,1,0,0,22558.74,0,0.4622340444832064,Medium
5750,15770291,Allan,844,France,Female,29,8,0.0,2,0,0,147342.03,0,0.030840760587214654,Low
5751,15583392,Woronoff,747,Germany,Male,37,9,135776.36,3,1,0,85470.45,1,0.8897774197372953,High
5752,15690731,Wolfe,645,France,Male,40,6,131411.24,1,1,1,194656.11,0,0.09453558128931308,Low
5753,15697948,Henderson,752,Spain,Female,36,3,0.0,2,1,1,48505.1,0,0.02283442344855135,Low
5754,15608328,Sutherland,760,Spain,Female,41,6,0.0,2,0,0,101491.23,0,0.060406741261576344,Low
5755,15766378,Marsden,714,Germany,Female,45,9,106431.97,2,1,1,164117.69,0,0.2910727120100777,Low
5756,15600813,Hyde,717,France,Male,50,9,90305.76,1,1,1,124626.57,0,0.24893096702523518,Low
5757,15706217,Kao,645,Germany,Male,28,7,117466.03,2,1,1,34490.06,0,0.048114773950392396,Low
5758,15601417,T'ang,681,France,Male,32,3,148884.47,2,1,1,90967.37,0,0.028729349771358735,Low
5759,15610972,Crawford,681,Germany,Female,44,4,91115.76,2,0,0,24208.84,1,0.27859500346577704,Low
5760,15674620,Dilibe,679,Germany,Female,37,8,77373.87,2,0,1,174873.09,0,0.07660991758904812,Low
5761,15785350,Austin,528,Spain,Male,23,7,104744.89,1,1,0,170262.97,0,0.10748956456142521,Low
5762,15749119,Santiago,710,France,Female,31,3,0.0,2,1,1,112289.06,0,0.018158401288192336,Low
5763,15756535,Chibugo,733,Germany,Male,39,5,91538.51,1,1,1,93783.0,0,0.19309237715208744,Low
5764,15700965,Toscano,724,France,Female,32,6,0.0,2,1,1,150026.79,0,0.02235781795319856,Low
5765,15791851,Afanasyeva,726,France,Female,34,0,185734.75,1,1,1,102036.82,0,0.12319756694436082,Low
5766,15717156,Sokolov,520,France,Male,30,3,143396.54,2,1,1,898.51,0,0.03253519779328245,Low
5767,15740846,Wei,556,France,Male,40,5,125909.85,1,1,1,95124.4,0,0.10065399622409435,Low
5768,15573284,Olisanugo,579,France,Female,45,2,0.0,2,0,0,11514.39,0,0.1129074624074547,Low
5769,15729083,Gorman,674,France,Male,36,2,154525.7,1,0,1,27468.72,0,0.06310978878827868,Low
5770,15611612,Priestley,570,France,Female,29,0,0.0,1,1,0,37092.43,0,0.16781164840919083,Low
5771,15694381,Lloyd,631,France,Male,51,8,100654.8,1,1,0,171587.9,0,0.6363926311889053,Medium
5772,15651737,Salmond,623,Spain,Male,44,1,83325.77,1,0,1,80828.78,0,0.22454345126725667,Low
5773,15663168,MacDonald,665,France,Male,35,8,110934.54,1,1,0,169287.99,0,0.09184189508814478,Low
5774,15643426,Robertson,523,Spain,Female,36,8,113680.54,1,0,0,13197.44,0,0.14842288387115385,Low
5775,15618245,Chukwumaobim,706,Germany,Male,31,1,117020.08,2,1,0,54439.53,0,0.0841343614007384,Low
5776,15717527,Ifeanacho,619,France,Female,49,9,145359.99,1,1,0,38186.85,0,0.6443616480396617,Medium
5777,15793478,Li Fonti,593,Germany,Female,39,8,151391.68,1,1,0,27274.6,1,0.3433335004907282,Low
5778,15642248,Ko,608,Spain,Male,66,8,123935.35,1,1,1,65758.19,0,0.07266388146719724,Low
5779,15640377,Goloubev,526,France,Female,36,0,0.0,2,1,0,97767.63,0,0.03719746015277545,Low
5780,15723950,Kruglov,684,Spain,Male,40,2,70291.02,1,1,1,115468.84,1,0.14980797014026048,Low
5781,15590327,Liao,604,Germany,Female,42,10,166031.45,1,1,0,98293.14,0,0.4447132865274716,Low
5782,15706199,White,636,Germany,Male,36,6,96643.32,1,0,0,182059.28,0,0.30937018718928777,Low
5783,15671514,Sinclair,669,Spain,Female,33,8,0.0,2,0,1,128538.05,0,0.021549996520802972,Low
5784,15727041,Fiorentini,624,France,Male,71,7,0.0,2,1,1,108841.83,0,0.012326087282347364,Low
5785,15738063,Shen,631,France,Male,29,2,0.0,2,1,1,18581.84,0,0.0107728728677704,Low
5786,15711733,Rapuokwu,753,France,Male,48,4,0.0,2,0,1,146821.42,0,0.07338009895918451,Low
5787,15652320,Woronoff,588,France,Male,40,5,0.0,2,0,0,100727.68,0,0.03827948990585368,Low
5788,15634180,Holden,729,Germany,Male,26,4,97268.1,2,1,0,39356.38,0,0.06159744336283342,Low
5789,15694566,Roberts,602,France,Female,42,10,0.0,2,0,0,169921.11,1,0.20444008696058572,Low
5790,15726103,Tsou,689,Germany,Female,55,1,76296.81,1,1,0,42364.75,1,0.8847993012216487,High
5791,15646351,Somerville,486,Spain,Male,27,7,0.0,2,1,0,28823.04,0,0.01594535761453686,Low
5792,15730044,Greco,809,Germany,Female,42,6,64497.94,3,0,1,182436.81,1,0.8617857993187626,High
5793,15795186,Leonard,562,France,Male,38,5,0.0,1,1,0,115700.2,0,0.22412706552204759,Low
5794,15784890,McKenzie,763,Spain,Female,32,8,0.0,2,1,0,16725.53,0,0.030819010024714235,Low
5795,15694125,McElhone,669,France,Male,57,5,0.0,2,1,1,56875.76,0,0.041409427768920766,Low
5796,15565891,Dipietro,709,France,Male,39,8,0.0,2,1,0,56214.09,0,0.02756498624660233,Low
5797,15674254,Kerr,554,Spain,Female,45,4,0.0,2,1,1,193412.05,0,0.11228418295942198,Low
5798,15775206,Hunter,699,France,Male,37,10,0.0,2,0,0,83263.04,0,0.02048011156782562,Low
5799,15797627,Niehaus,732,Spain,Male,54,0,134249.7,1,0,1,13404.4,0,0.2613262940553433,Low
5800,15649853,Craig,625,France,Female,45,3,0.0,1,1,1,184474.15,1,0.5106675986580403,Medium
5801,15610379,Barclay-Harvey,599,France,Male,30,9,105443.68,1,1,1,121124.53,0,0.03962949515424114,Low
5802,15659800,Teng,584,Spain,Female,50,1,0.0,1,0,1,152567.75,1,0.6225870081604307,Medium
5803,15716236,Milani,499,France,Male,35,10,0.0,2,1,0,10722.54,0,0.016285038414148037,Low
5804,15672053,Mistry,526,Spain,Male,38,2,0.0,2,0,0,58010.98,0,0.028879089319472178,Low
5805,15663933,Jamieson,625,Germany,Female,35,5,86147.46,2,1,0,163440.8,1,0.09145326012355319,Low
5806,15814236,Kay,537,Spain,Female,38,1,96939.06,1,1,1,102606.92,0,0.12007177068344314,Low
5807,15583597,Ikedinachukwu,696,Spain,Male,47,1,106758.6,1,1,1,80591.18,0,0.2117908966424653,Low
5808,15607395,Holt,679,France,Female,33,9,112528.65,2,1,0,177362.45,0,0.085690543100582,Low
5809,15694556,Nkemakolam,684,France,Male,60,2,116563.58,1,1,0,120257.7,1,0.8180024464147966,High
5810,15744109,Hartung,850,France,Male,32,4,0.0,1,1,1,180622.02,0,0.09192464481034039,Low
5811,15800688,Ch'en,495,Spain,Female,42,7,0.0,2,0,0,130404.53,0,0.09449004732442345,Low
5812,15810878,Baker,537,Spain,Female,38,6,141786.78,1,0,1,147797.54,0,0.13576134665719883,Low
5813,15587835,Osinachi,850,France,Male,41,3,136416.82,1,0,1,57844.26,0,0.11170533076195964,Low
5814,15763515,Shih,513,France,Male,30,5,0.0,2,1,0,162523.66,0,0.020881507987583287,Low
5815,15725882,Feng,618,Germany,Female,40,1,133245.52,2,1,1,54495.82,0,0.19198448862152187,Low
5816,15788022,Sternberg,802,Germany,Female,41,4,90757.64,2,0,1,169183.66,0,0.16568538574135885,Low
5817,15663917,Adams,547,France,Male,43,1,92350.36,1,0,1,80262.91,0,0.17663234707528214,Low
5818,15656865,Gray,613,Germany,Male,69,9,78778.49,1,0,1,8751.59,0,0.08980281214860099,Low
5819,15667971,Shepherd,592,Germany,Female,34,6,102143.93,2,1,1,102628.98,0,0.06589194234823743,Low
5820,15800366,Walton,546,France,Male,29,5,0.0,1,1,1,94823.95,0,0.07508555897200948,Low
5821,15717231,Yang,721,Germany,Male,37,4,98459.6,1,0,0,90821.66,0,0.27259351127207887,Low
5822,15643188,Barnett,671,Germany,Female,47,7,114603.76,2,1,0,153194.32,1,0.5487394533198561,Medium
5823,15671351,Romani,624,Spain,Male,35,2,0.0,2,1,0,87310.59,0,0.022028574593534054,Low
5824,15573628,Greene,751,Germany,Female,51,7,148074.79,1,1,0,146411.41,1,0.865642531106306,High
5825,15698953,Hart,636,Spain,Male,36,1,0.0,3,1,1,74048.1,1,0.43398411426288697,Low
5826,15753888,Johnston,607,Spain,Female,62,8,108004.64,1,1,1,23386.77,1,0.20478879945566392,Low
5827,15737961,Miller,509,Germany,Female,29,0,107712.57,2,1,1,92898.17,0,0.07786078614321021,Low
5828,15801701,Robson,653,Spain,Male,35,9,0.0,2,1,1,45956.05,0,0.012159064790597156,Low
5829,15684419,Wallace,709,Spain,Female,37,8,0.0,3,1,0,71738.56,0,0.6038855641686137,Medium
5830,15794266,Cross,559,France,Male,32,9,145303.52,1,1,0,103560.98,0,0.08363891606103292,Low
5831,15810711,Marcum,684,Germany,Male,37,4,138476.41,2,1,1,52367.29,0,0.07239630270883013,Low
5832,15771270,North,635,France,Female,27,8,127471.56,1,1,1,152916.05,1,0.0838865207322255,Low
5833,15607786,Mao,709,France,Male,26,6,156551.63,1,0,1,4410.77,0,0.045956764033491304,Low
5834,15624519,Calabrese,656,Germany,Female,49,9,97092.87,1,1,0,74771.22,1,0.8265184837203101,High
5835,15799910,Martin,793,France,Male,32,2,0.0,2,1,0,193817.63,1,0.022072418619103078,Low
5836,15602479,Fleming,609,Spain,Male,37,5,129312.79,1,1,1,26793.82,0,0.06244410510842531,Low
5837,15617419,Roberts,618,Germany,Female,29,10,100315.1,2,1,1,32526.64,0,0.07645102746233394,Low
5838,15657603,Finch,850,France,Female,35,6,81684.97,1,1,0,824.0,0,0.15801138170207651,Low
5839,15570379,Whitelegge,669,Spain,Male,51,3,88827.53,1,0,0,85250.77,1,0.6509660672635406,Medium
5840,15772996,Rooke,594,Germany,Male,40,0,152092.44,2,1,1,83508.93,0,0.10261146191547749,Low
5841,15729574,Lu,616,Spain,Male,71,4,0.0,2,1,1,173599.38,0,0.01668380543255782,Low
5842,15737267,Marcelo,676,France,Female,49,1,0.0,1,1,0,79342.31,1,0.7711097202903572,High
5843,15799128,Matthews,608,Spain,Female,38,9,102406.76,1,0,1,57600.66,0,0.10120213605938036,Low
5844,15813327,Romani,710,France,Male,21,4,109130.96,2,1,1,56191.99,0,0.021283751041515666,Low
5845,15711921,Scott,695,France,Male,29,5,0.0,2,1,1,6770.44,0,0.008797340570039194,Low
5846,15654300,Mao,530,Germany,Male,33,9,75242.28,1,0,1,101694.67,0,0.07499752242052576,Low
5847,15569945,Horsley,509,Spain,Male,29,1,0.0,2,1,0,69113.14,0,0.017352802153667617,Low
5848,15569666,Goddard,517,France,Female,45,4,0.0,1,0,0,172674.36,1,0.772289284531559,High
5849,15681887,Eskridge,758,Germany,Male,33,0,129142.54,2,1,1,26606.28,0,0.07639018129581443,Low
5850,15608873,Smith,665,France,Male,51,2,0.0,1,0,0,53353.36,0,0.7542429665500623,High
5851,15762091,Simpson,631,Germany,Female,22,6,139129.92,1,1,1,63747.51,0,0.18266373074134482,Low
5852,15722053,Oguejiofor,576,Spain,Male,33,3,0.0,2,0,1,190112.05,0,0.018944467514560928,Low
5853,15782100,Holloway,544,Spain,Male,22,3,66483.32,1,0,1,110317.39,0,0.07360202271853253,Low
5854,15765300,L?,596,Germany,Male,40,5,62389.03,3,1,0,148623.43,1,0.7852678290714742,High
5855,15743570,Feng,481,France,Female,34,5,0.0,2,1,1,125253.46,0,0.02117203470567901,Low
5856,15608541,Claiborne,498,France,Male,46,1,91857.66,1,1,0,101954.78,1,0.4702768836299604,Medium
5857,15750671,Egobudike,512,Spain,Male,31,6,0.0,2,1,0,168462.26,0,0.021039246174722706,Low
5858,15813659,Folliero,594,France,Female,56,7,0.0,1,1,0,26215.85,1,0.9213605183864074,High
5859,15757867,Bray,570,France,Female,30,10,176173.52,1,1,0,97045.32,1,0.28724911549340093,Low
5860,15652914,Ibrahimov,721,Spain,Male,38,7,0.0,1,0,1,53534.8,0,0.13259763831463606,Low
5861,15723818,Carpenter,453,France,Female,37,4,131834.76,2,1,0,8949.2,0,0.08673440189039276,Low
5862,15713819,Walsh,562,France,Male,48,3,92347.96,1,1,1,163116.75,0,0.3030548724722381,Low
5863,15656484,Woods,682,France,Male,40,4,0.0,2,1,1,140745.91,0,0.027617766517909852,Low
5864,15778515,Wu,748,France,Male,40,3,95297.11,1,0,0,171515.84,0,0.24050355777403992,Low
5865,15803840,Forbes,729,France,Female,32,9,0.0,2,0,0,150803.44,0,0.03971770073613423,Low
5866,15735339,Lynch,663,France,Male,39,4,0.0,1,1,0,76884.05,0,0.24034807516800644,Low
5867,15600392,Amaechi,735,France,Female,53,8,123845.36,2,0,1,170454.93,1,0.3227963876187883,Low
5868,15625740,Enriquez,627,Germany,Male,62,3,143426.34,2,1,1,143104.3,0,0.16865824081246655,Low
5869,15663817,Y?an,713,France,Male,46,5,0.0,1,1,1,55701.62,0,0.3001716452960868,Low
5870,15734461,Brooks,562,Germany,Male,31,2,112708.2,1,0,1,186370.3,0,0.18735132954650804,Low
5871,15780142,Wang,632,France,Male,43,2,100013.51,1,1,0,24275.32,0,0.2770325523503923,Low
5872,15709920,Burke,479,France,Female,33,2,208165.53,1,0,0,50774.81,1,0.5211540860050338,Medium
5873,15684248,Meng,658,Spain,Male,21,7,0.0,2,0,1,154279.87,0,0.010899981277370529,Low
5874,15643158,Chiganu,598,France,Female,40,9,0.0,1,1,0,68462.59,1,0.36758397944407517,Low
5875,15693902,Hunt,597,France,Male,19,2,0.0,2,1,1,91036.74,0,0.009955896506568637,Low
5876,15578307,Lucchese,512,France,Female,33,6,121685.31,2,1,1,83681.97,0,0.04437294843387134,Low
5877,15585379,Humphries,704,France,Male,39,2,111525.02,1,1,0,199484.96,0,0.15356914421054868,Low
5878,15758510,Frolova,474,France,Male,26,6,0.0,2,0,0,152491.22,0,0.02101512280652944,Low
5879,15692918,Hsing,604,Germany,Male,36,10,113546.3,1,1,1,134875.37,0,0.15464824065818486,Low
5880,15705301,Parkes,683,France,Male,41,6,95696.52,2,1,1,184366.14,0,0.06896713089759414,Low
5881,15718231,Gregory,537,France,Male,28,0,88963.31,2,1,1,189839.93,0,0.027459618283451726,Low
5882,15567991,Obiuto,794,Spain,Male,31,0,144880.34,2,0,1,175643.44,0,0.028929529261043297,Low
5883,15772650,Longo,732,France,Male,55,9,136576.02,1,0,1,3268.17,1,0.19716602981468043,Low
5884,15574795,Lombardo,495,France,Female,38,2,63093.01,1,1,1,47089.72,0,0.15236518809058386,Low
5885,15706036,Lombardo,552,Germany,Male,38,10,132271.12,2,1,1,46562.02,0,0.08849204167470917,Low
5886,15723856,Gonzalez,602,France,Female,29,3,88814.4,2,1,1,62487.97,0,0.033834560879805985,Low
5887,15812920,Nwabugwu,607,Germany,Male,40,5,90594.55,1,0,1,181598.25,0,0.3438600121472017,Low
5888,15691287,Ford,675,Germany,Female,33,0,141816.25,1,1,0,64815.05,1,0.3148897844824559,Low
5889,15804797,Gilleland,443,France,Female,54,3,138547.97,1,1,1,70196.23,1,0.27243022083850305,Low
5890,15708650,Fullwood,727,France,Female,31,2,52192.08,2,0,1,160383.47,0,0.03307132528922462,Low
5891,15712777,Kao,482,France,Male,38,4,124976.19,1,1,0,35848.12,0,0.14211752731928634,Low
5892,15786469,Montalvo,686,France,Female,34,1,0.0,2,1,0,87278.48,0,0.02889783046208754,Low
5893,15669219,Wilson,588,Germany,Male,35,3,104356.38,1,1,0,94498.82,0,0.24805667598788142,Low
5894,15641004,Doyne,605,Spain,Female,48,10,150315.92,1,0,1,133486.36,0,0.3366661278101799,Low
5895,15648067,Onwuamaeze,583,France,Male,39,1,129299.28,2,1,0,73107.6,0,0.07757635186129715,Low
5896,15704014,K'ung,738,Germany,Male,37,7,140950.92,2,1,0,195333.98,0,0.058602475895077985,Low
5897,15645136,O'Donnell,744,Spain,Male,30,1,128065.12,1,1,0,121525.48,0,0.08819071856245532,Low
5898,15709604,McMillan,781,France,Male,23,2,107433.48,1,1,0,173843.21,0,0.08824635815940862,Low
5899,15713637,Chinedum,699,France,Male,34,2,117468.67,1,1,0,185227.42,0,0.09582019556872179,Low
5900,15793901,Capon,639,France,Female,27,2,0.0,2,0,0,125244.18,0,0.027594978046161307,Low
5901,15569759,Rawling,583,France,Female,27,4,0.0,3,1,0,163113.41,0,0.6889340872570043,Medium
5902,15712930,Duncan,587,France,Male,42,1,0.0,1,0,0,123006.91,0,0.3591279750143719,Low
5903,15586504,Trevisani,694,France,Male,40,9,0.0,2,1,0,40463.03,0,0.034189584309003186,Low
5904,15677317,Ankudinova,570,France,Female,29,4,153040.03,1,1,1,131363.57,1,0.06591389950320986,Low
5905,15664270,Balsillie,692,Germany,Male,45,6,142084.04,4,1,0,188305.85,1,0.9816266962288737,High
5906,15731519,Kerr,511,France,Female,30,5,0.0,2,1,0,143994.86,0,0.038128519440107894,Low
5907,15745623,Worsnop,788,France,Male,32,4,112079.58,1,0,0,89368.59,0,0.07704825411153399,Low
5908,15813862,Yevseyev,526,Spain,Male,66,7,132044.6,2,1,1,158365.89,0,0.048343436157958934,Low
5909,15641934,Manna,749,Spain,Female,46,9,66582.81,1,1,0,78753.12,1,0.6099865038055322,Medium
5910,15713043,Siciliani,691,France,Female,33,6,0.0,2,1,1,100408.31,0,0.018110889435958722,Low
5911,15700749,Powell,481,France,Female,39,6,0.0,1,1,1,24677.54,0,0.20438815168357735,Low
5912,15697567,Bazarova,752,France,Male,33,4,0.0,2,1,1,39570.78,0,0.009581623060254845,Low
5913,15715414,White,658,France,Female,38,6,102895.1,1,0,0,155665.76,0,0.20687248030849317,Low
5914,15639530,Buda,679,Spain,Male,42,2,0.0,1,1,1,168294.27,0,0.23830776445096494,Low
5915,15726058,Cattaneo,754,Germany,Male,27,7,117578.35,2,0,1,87908.01,0,0.04686571728575659,Low
5916,15725665,Lo,679,France,Male,47,10,198546.1,2,1,0,191198.92,1,0.8004598059037006,High
5917,15698872,Brown,633,Spain,Female,39,2,0.0,2,0,0,191207.03,0,0.08356022338241335,Low
5918,15812184,Rose,674,France,Female,31,1,0.0,1,1,0,128954.05,0,0.18697171970057108,Low
5919,15742609,Lombardo,600,Germany,Male,28,2,116623.31,1,0,1,59905.29,0,0.16154744128558396,Low
5920,15815043,McMillan,645,Spain,Male,49,8,0.0,2,1,0,162012.6,0,0.18964910480843256,Low
5921,15640648,Howe,698,France,Male,36,6,0.0,2,0,1,19231.98,0,0.01251578034283372,Low
5922,15627203,Hsu,508,Spain,Male,54,10,0.0,1,1,1,175749.36,0,0.3525374100152725,Low
5923,15786196,Han,555,France,Female,44,3,105770.7,3,1,0,60533.96,1,0.9628474003404954,High
5924,15612095,Calabrese,751,France,Female,48,9,0.0,1,1,0,137508.42,1,0.7855176167097304,High
5925,15674368,Riley,738,France,Female,39,1,94435.45,2,0,1,189430.86,0,0.10417153836393606,Low
5926,15783477,Biryukov,706,Germany,Female,39,8,112889.91,1,0,1,6723.66,0,0.3349205868906608,Low
5927,15757559,Broadhurst,595,France,Female,53,7,0.0,2,1,0,41371.68,1,0.3540088708895958,Low
5928,15591036,Genovesi,577,Germany,Female,43,3,127940.47,1,0,0,125140.72,1,0.5894859086779224,Medium
5929,15761241,Hsieh,578,Germany,Female,36,8,129745.1,1,1,1,143683.75,0,0.2278567695793562,Low
5930,15695078,Kemp,699,France,Male,32,3,0.0,2,1,1,170770.44,0,0.012147346410794872,Low
5931,15645744,Chukwudi,826,France,Female,30,5,0.0,2,0,1,157397.57,0,0.023040270587365057,Low
5932,15566988,Iqbal,656,Germany,Female,46,7,141535.52,1,1,0,50595.15,1,0.7397141412668973,Medium
5933,15749300,Teng,556,France,Female,47,2,139914.27,1,1,1,50390.98,0,0.31985478885410656,Low
5934,15594340,Tao,569,France,Male,41,4,120243.49,1,1,0,163150.03,1,0.2022513351631153,Low
5935,15607065,Chinedum,765,France,Male,34,9,91835.16,1,0,0,138280.17,0,0.08626903465217602,Low
5936,15778089,Stevenson,544,Spain,Male,37,2,0.0,2,0,0,135067.02,0,0.0279571039215594,Low
5937,15773723,Duncan,588,Spain,Female,22,9,67178.19,1,1,1,163534.75,1,0.1312323902283028,Low
5938,15697035,Garrett,740,Spain,Female,31,8,0.0,2,0,0,86657.48,0,0.028817870852337973,Low
5939,15679668,Yao,850,Spain,Male,38,7,115378.94,1,0,1,162087.82,0,0.06755142934479015,Low
5940,15709861,He,766,Germany,Male,30,4,127786.28,2,1,1,28879.3,0,0.053744851486764764,Low
5941,15791958,Mazzi,849,France,Female,41,6,0.0,2,1,1,169203.51,1,0.0455467599761582,Low
5942,15791030,Edwards,612,France,Female,33,0,64900.32,2,1,0,102426.12,0,0.045649466271282926,Low
5943,15695339,Lucchesi,517,Germany,Male,53,0,109172.88,1,1,0,54676.1,1,0.9059604132620483,High
5944,15658813,Siciliani,645,France,Female,55,7,0.0,2,1,1,18369.33,0,0.0702199186523741,Low
5945,15715709,Shih,696,Germany,Male,43,4,114091.38,1,0,1,159888.1,0,0.3583596144375062,Low
5946,15722533,Logue,716,France,Female,40,3,0.0,2,0,1,167636.15,0,0.06230930968045559,Low
5947,15683118,Rechner,590,France,Male,32,9,0.0,2,1,0,138889.15,0,0.018033149747478886,Low
5948,15672798,O'Brien,656,France,Female,45,7,145933.27,1,1,1,199392.14,0,0.24300646599708764,Low
5949,15680112,Stewart,473,Germany,Female,35,7,131504.73,1,1,0,189560.43,0,0.28585382455763286,Low
5950,15714575,Batt,742,Germany,Female,44,8,107926.02,1,0,1,17375.27,1,0.5072593644018641,Medium
5951,15806808,Hope,834,Germany,Female,57,8,112281.6,3,1,0,140225.14,1,0.9951129894697995,High
5952,15590637,Ahmed,721,France,Male,41,7,0.0,2,0,1,61018.85,0,0.023210034168151445,Low
5953,15657535,Pearson,590,Spain,Male,29,10,0.0,1,1,1,51907.72,1,0.08301808772586634,Low
5954,15696141,Kruglov,516,Spain,Female,31,7,0.0,1,1,0,47018.75,0,0.22525671097627453,Low
5955,15811947,Gordon,850,France,Male,33,0,124781.67,1,0,1,33700.52,0,0.05001468827044835,Low
5956,15649024,Trujillo,748,France,Female,39,9,132865.56,1,1,1,59636.43,1,0.12157779427179874,Low
5957,15594928,Pagnotto,798,Germany,Female,38,4,129055.13,1,1,0,157147.59,0,0.3926979865717979,Low
5958,15765532,Horton,612,Germany,Male,76,6,96166.88,1,1,1,191393.26,0,0.05642147663441602,Low
5959,15741719,DeRose,540,France,Female,40,3,165298.12,1,0,1,199862.75,0,0.1783455491130542,Low
5960,15665629,Chiang,719,Spain,Female,33,7,0.0,2,1,0,20016.59,0,0.031196285270318997,Low
5961,15728917,Gill,598,France,Male,48,6,120682.53,1,1,0,30635.52,1,0.5198498471759225,Medium
5962,15762993,Trevisano,796,Spain,Male,32,5,102773.15,2,0,1,117832.88,0,0.026733756179705526,Low
5963,15571193,Morrison,579,Germany,Male,42,0,144386.32,1,1,1,22497.1,1,0.38217929152599023,Low
5964,15653521,Onuora,850,Germany,Female,40,7,104449.8,1,1,1,747.88,0,0.34909950320014277,Low
5965,15802220,Ikenna,599,Spain,Male,35,6,137102.65,1,0,0,76870.81,0,0.09451037663627498,Low
5966,15644132,Mancini,724,France,Female,30,9,142475.87,1,1,1,107848.24,0,0.066977980206233,Low
5967,15600832,Moss,508,France,Female,43,9,0.0,1,1,0,103726.71,0,0.5063477043979793,Medium
5968,15797919,Ting,773,Spain,Male,37,2,103195.2,2,1,0,178268.36,0,0.06428237112124904,Low
5969,15603743,Tai,526,France,Male,28,1,112070.44,1,0,1,126281.83,0,0.050034407567849555,Low
5970,15579714,Pan,542,France,Female,29,7,0.0,2,0,1,196651.72,0,0.03672464717780794,Low
5971,15634295,Wilson,470,France,Male,35,1,96473.59,1,0,0,5962.3,0,0.08689788627071578,Low
5972,15786680,Bianchi,805,Spain,Male,37,5,0.0,2,1,0,21928.81,0,0.028871724773541625,Low
5973,15623499,Holman,548,Germany,Male,49,9,108437.89,1,0,0,127022.87,1,0.8007254917118114,High
5974,15691823,Obidimkpa,672,France,Male,37,5,153195.59,1,1,1,162763.01,0,0.05597004131649791,Low
5975,15809279,Wallace,773,France,Male,45,8,96877.21,1,1,1,113950.51,0,0.16394948161534587,Low
5976,15758039,Ash,614,France,Male,44,6,0.0,2,0,1,104930.46,0,0.05292741496885367,Low
5977,15807163,Ku,537,France,Female,38,10,0.0,1,0,0,52337.97,1,0.294473064080367,Low
5978,15631639,Uspensky,704,France,Female,40,6,95452.89,1,0,1,179964.55,0,0.22245683885944387,Low
5979,15713770,Shih,586,Spain,Male,41,3,63873.56,1,1,0,83753.64,0,0.27097232883630246,Low
5980,15698167,Kumm,677,France,Female,24,0,148298.59,2,0,0,182913.95,0,0.0797794370277069,Low
5981,15781710,Carey,558,Spain,Female,31,7,0.0,2,1,0,166720.28,0,0.03747751503811072,Low
5982,15801296,Farber,634,Germany,Female,37,7,143258.85,2,1,0,192721.98,0,0.11514709802193336,Low
5983,15704378,Calabrese,655,Germany,Male,37,9,121342.24,1,1,1,180241.44,0,0.20319398741213,Low
5984,15767891,Findlay,619,Germany,Female,28,6,99152.73,2,1,0,48475.12,0,0.09720747381816569,Low
5985,15640667,Yu,662,France,Female,41,4,0.0,2,1,0,126551.48,0,0.0664233802718972,Low
5986,15702145,Edments,705,Spain,Male,33,7,68423.89,1,1,1,64872.55,0,0.06386371121131494,Low
5987,15679738,Brown,527,Spain,Female,35,8,0.0,1,1,0,98031.53,1,0.2585757429203945,Low
5988,15636634,Lindon,630,Germany,Female,25,7,79656.81,1,1,0,93524.22,0,0.1456183311947836,Low
5989,15809227,Chukwudi,850,France,Male,35,2,0.0,2,1,1,56991.66,0,0.010329642722133797,Low
5990,15601811,Caldwell,668,France,Female,53,10,110240.04,1,0,0,183980.56,1,0.8530847184926779,High
5991,15625494,Li Fonti,573,France,Female,32,9,125321.84,2,1,1,130234.63,0,0.04412620633713582,Low
5992,15723737,Pitcher,680,France,Male,27,3,0.0,1,1,0,32454.26,0,0.13361208036242242,Low
5993,15682955,Capon,758,France,Female,32,2,84378.9,1,1,1,75396.43,0,0.07772151882267445,Low
5994,15758856,Kable,597,France,Male,45,7,0.0,2,0,0,167756.45,0,0.10501195511318889,Low
5995,15746065,Lo Duca,580,Germany,Male,35,10,136281.41,2,1,1,24799.47,0,0.05981176659051665,Low
5996,15783865,Kulikova,622,France,Male,59,5,119380.37,1,1,1,60429.43,0,0.18041039167337605,Low
5997,15745455,Navarrete,638,Germany,Male,62,4,108716.59,2,1,1,74241.09,0,0.20901158165581715,Low
5998,15583033,Huguley,640,France,Female,20,4,0.0,2,0,1,78310.82,0,0.01734461432104712,Low
5999,15644212,Han,644,Spain,Male,28,0,0.0,2,1,0,119419.37,0,0.016740620427908536,Low
6000,15735688,Horsley,753,France,Female,31,6,106596.29,1,0,0,91305.77,0,0.11359111507232456,Low
6001,15658577,Massie,629,France,Female,37,10,99546.25,3,0,1,25136.95,1,0.8616374715167043,High
6002,15606887,Singh,775,France,Female,30,5,0.0,1,1,0,193880.6,1,0.283749535751829,Low
6003,15783026,H?,701,France,Female,41,2,0.0,1,1,0,47856.78,0,0.39760892362645023,Low
6004,15579892,Doyle,708,Spain,Male,19,7,112615.86,1,1,1,4491.77,0,0.03653072474733896,Low
6005,15802088,Grant,521,Spain,Female,22,10,0.0,1,1,1,101311.95,0,0.13263229868361084,Low
6006,15589323,Law,636,France,Female,24,9,0.0,2,0,1,38830.72,0,0.0167154616619317,Low
6007,15636395,King,529,France,Female,31,5,0.0,2,1,0,26817.23,0,0.02660909081126885,Low
6008,15712772,Onwubiko,757,France,Male,28,3,75381.15,1,1,1,199727.72,0,0.07077892146465758,Low
6009,15700937,Romano,767,Spain,Female,24,5,0.0,2,1,1,67445.85,0,0.017862560579282434,Low
6010,15766659,Okwudilichukwu,525,Spain,Male,33,5,0.0,2,1,0,161002.29,0,0.020485703126034007,Low
6011,15814033,Milano,759,Spain,Male,38,1,0.0,2,1,0,20778.39,0,0.03194243774748467,Low
6012,15783007,Parker,520,Germany,Female,45,1,123086.39,1,1,1,41042.4,1,0.6166964241171574,Medium
6013,15654183,Aitken,738,France,Female,26,3,0.0,2,1,0,67484.16,0,0.027933866637408433,Low
6014,15609899,Obiora,548,Spain,Male,37,4,0.0,1,1,0,121763.68,0,0.20679121824043248,Low
6015,15747323,Vasilyeva,535,Spain,Male,48,9,109472.47,1,1,0,157358.43,1,0.5224427067399515,Medium
6016,15582591,Chiabuotu,615,Spain,Male,59,4,155766.05,1,1,1,110275.17,0,0.18577611112999703,Low
6017,15738835,Slater,850,Germany,Male,38,7,101985.81,2,0,0,43801.27,0,0.10940566952574818,Low
6018,15782404,Hughes,487,France,Female,34,2,96019.5,1,0,0,9085.0,0,0.11845341547526343,Low
6019,15697480,Menkens,731,France,Male,30,7,0.0,2,0,1,143086.09,0,0.0108377773755675,Low
6020,15697045,Pisani,726,Spain,Female,35,9,0.0,2,0,1,100556.98,0,0.022340825779832513,Low
6021,15781234,Y?an,609,France,Female,35,2,147900.43,1,1,0,140000.29,0,0.15700966770317618,Low
6022,15579891,Milani,714,France,Male,52,4,100755.66,1,1,1,186775.25,0,0.2762615045258526,Low
6023,15805690,Chin,694,Spain,Female,35,7,0.0,1,1,0,133570.43,1,0.26650646235093456,Low
6024,15612139,Fu,786,France,Female,33,0,83036.05,1,0,1,154990.58,1,0.0863686934954146,Low
6025,15568834,Howells,698,Spain,Male,27,6,125427.37,2,0,0,27654.44,0,0.04301872089615331,Low
6026,15709917,Ni,601,France,Female,46,3,98202.76,1,0,0,137763.93,0,0.5281360257642455,Medium
6027,15718843,Maslova,769,Spain,Male,41,1,72509.91,1,1,0,25723.73,0,0.2916428131244401,Low
6028,15799494,Forster,850,Germany,Male,44,3,140393.65,2,0,1,186285.52,0,0.13801749779254677,Low
6029,15673439,Sun,646,Spain,Female,50,5,142644.64,2,1,1,142208.5,1,0.29146197193948475,Low
6030,15669011,Bocharova,659,France,Female,44,9,23503.31,1,0,1,169862.01,1,0.5852975210121485,Medium
6031,15581388,Y?an,487,Spain,Male,33,8,145729.71,1,1,0,41365.85,0,0.08936629641843623,Low
6032,15743153,Singh,740,Germany,Female,40,2,122295.17,2,1,1,30812.84,0,0.17875580125574914,Low
6033,15579787,Nkemakonam,686,France,Male,39,4,0.0,2,1,0,155023.93,0,0.0321855223747853,Low
6034,15759966,Chiemenam,612,Spain,Female,36,5,119799.27,2,1,0,159416.58,0,0.10143779708599623,Low
6035,15601045,Angelo,655,Spain,Male,37,8,163708.58,2,0,0,76259.23,0,0.06361271644909539,Low
6036,15764021,Frolov,617,France,Male,34,1,61687.33,2,1,0,105965.25,0,0.027360178796532873,Low
6037,15687218,West,674,France,Female,27,4,79144.34,1,0,1,50743.83,0,0.08566164768856453,Low
6038,15626452,Beatham,711,Spain,Male,32,5,0.0,2,1,1,147720.27,0,0.01048410425129989,Low
6039,15700964,Pollard,624,Germany,Female,27,7,104848.68,1,1,1,167387.36,0,0.18441585315230288,Low
6040,15768887,Hsing,597,Spain,Male,26,5,0.0,2,0,1,95159.13,0,0.011882723346132856,Low
6041,15735358,Dowse,682,Spain,Male,46,4,0.0,1,1,1,4654.28,0,0.35287550601552237,Low
6042,15749472,Lucciano,775,France,Male,45,8,0.0,1,1,0,130376.68,0,0.5058627878667455,Medium
6043,15685872,Godfrey,727,France,Female,29,1,146652.01,1,1,1,173486.39,0,0.070726692874698,Low
6044,15760851,Gratton,629,France,Male,31,6,0.0,2,1,0,93881.75,0,0.017339183497137485,Low
6045,15734588,Manning,684,France,Male,46,0,0.0,2,1,1,36376.97,0,0.058600072373688715,Low
6046,15784594,Mazzi,549,Germany,Female,37,1,130622.34,2,1,1,128499.94,0,0.11306425567168239,Low
6047,15606435,Wall,593,Germany,Male,69,2,187013.13,2,0,1,105898.69,0,0.021283516106359104,Low
6048,15790247,Sims,536,Spain,Male,40,9,0.0,2,1,1,11959.03,0,0.026902744410957913,Low
6049,15676433,Allan,707,France,Female,36,6,0.0,1,0,0,98810.78,0,0.23505162368612437,Low
6050,15625905,Griffen,592,Spain,Male,41,0,0.0,2,1,0,65906.07,0,0.04448610806709307,Low
6051,15626414,Russell,703,France,Male,44,6,98862.54,1,1,0,151516.7,0,0.28946818674535135,Low
6052,15623220,Brown,723,Spain,Female,45,4,0.0,2,1,0,37214.39,0,0.1319580151816816,Low
6053,15752857,Palerma,452,Germany,Male,52,1,98443.14,2,0,0,92033.98,0,0.60044074364921,Medium
6054,15677908,Gilbert,552,Spain,Male,42,4,0.0,2,0,0,195692.3,0,0.08212269410657208,Low
6055,15773013,Uvarov,633,France,Female,47,0,0.0,1,1,1,6342.84,1,0.5252195265195426,Medium
6056,15623972,Wisdom,479,Germany,Female,23,9,123575.51,1,0,1,95148.28,0,0.16360889372385615,Low
6057,15738627,Hussain,768,France,Male,25,6,0.0,2,1,1,21215.67,0,0.008206296386360447,Low
6058,15643392,Woods,742,France,Male,31,4,105239.1,1,1,1,19700.24,0,0.04275977254099957,Low
6059,15684868,Cameron,668,Germany,Male,56,9,110993.79,1,1,0,134396.64,1,0.923075138847981,High
6060,15627854,Mai,707,Spain,Male,44,3,0.0,2,1,1,135077.01,0,0.04384035114237225,Low
6061,15669253,Gibson,754,Spain,Male,39,7,157691.98,2,1,0,133600.89,1,0.08722003335204712,Low
6062,15758023,Grigoryeva,544,Germany,Male,47,5,105245.21,1,0,0,99922.08,1,0.7433242594186146,Medium
6063,15574558,Gunter,718,Spain,Male,32,8,0.0,2,1,1,41399.33,0,0.009715215020531446,Low
6064,15635256,Arcuri,762,France,Male,31,7,117687.35,1,1,1,159344.43,0,0.0389754254577086,Low
6065,15680399,Tung,772,France,Male,23,2,0.0,2,1,0,18364.19,0,0.01794082124650347,Low
6066,15674720,Smith,691,Germany,Female,37,7,123067.63,1,1,1,98162.44,1,0.22692019564014929,Low
6067,15580249,Lori,502,France,Male,45,0,0.0,1,0,0,84663.21,0,0.49205030717982423,Medium
6068,15675431,Chidimma,563,France,Female,34,6,0.0,2,0,0,36536.93,0,0.022358562551525157,Low
6069,15698285,Ting,676,France,Female,41,4,101457.14,1,1,1,79101.67,0,0.14077370307985843,Low
6070,15810775,Tsao,576,Spain,Male,52,2,100549.43,2,1,1,16644.16,0,0.1838368964587811,Low
6071,15678173,Collee,629,Spain,Male,35,4,174588.8,2,0,1,158420.14,0,0.06664404257769298,Low
6072,15665222,Lettiere,625,Spain,Male,52,8,121161.57,1,1,0,48988.28,0,0.6125365679056297,Medium
6073,15803908,Fu,628,France,Male,45,9,0.0,2,1,1,96862.56,0,0.04947418147315302,Low
6074,15586039,Bergamaschi,471,Germany,Female,36,5,90063.74,2,1,1,96366.7,0,0.06740952948499557,Low
6075,15802570,Dyer,811,France,Female,45,5,0.0,2,1,1,146123.19,0,0.08425788477443626,Low
6076,15781451,Buccho,504,France,Male,42,3,134936.97,2,0,0,135178.91,0,0.11940347631527687,Low
6077,15721019,Jones,687,France,Female,24,3,110495.27,1,1,0,158615.41,0,0.1528513316847344,Low
6078,15738588,Nebechi,660,Germany,Female,37,2,133200.09,1,0,0,71433.88,0,0.38193669329607666,Low
6079,15730657,Ibekwe,548,France,Female,41,4,82596.8,1,0,1,55672.09,0,0.19473331294860707,Low
6080,15739292,Gorshkov,609,Germany,Male,31,9,103837.75,1,1,1,150218.11,0,0.12234800206475469,Low
6081,15725945,Nweke,659,Spain,Female,42,2,0.0,1,0,0,162734.31,1,0.5357856647992438,Medium
6082,15813159,Hairston,526,France,Male,52,8,93590.47,1,0,1,21228.71,1,0.3190214573546374,Low
6083,15636820,Loggia,725,Germany,Male,40,8,104149.66,1,1,0,62027.9,0,0.4260525881083555,Low
6084,15603880,Morgan,519,Germany,Male,38,1,114141.64,1,1,1,60988.21,1,0.30136385845130126,Low
6085,15619494,Abdulov,562,Germany,Female,31,9,117153.0,1,1,1,108675.01,0,0.16560283294871292,Low
6086,15596992,Norris,482,Germany,Male,45,7,156353.46,1,1,0,72643.95,1,0.5466878744074714,Medium
6087,15735025,Clark,535,Spain,Male,37,3,175534.78,2,1,1,9241.52,0,0.06810001679543155,Low
6088,15730759,Chukwudi,561,France,Female,27,9,135637.0,1,1,0,153080.4,1,0.13656414315365284,Low
6089,15752912,Perkin,661,France,Female,30,7,0.0,2,1,0,72196.57,0,0.02530291434550627,Low
6090,15711316,Ch'ang,771,France,Male,27,2,0.0,2,1,1,199527.34,0,0.01166508985640762,Low
6091,15738785,Kang,545,France,Male,26,7,0.0,2,0,1,156598.23,0,0.013003411955552654,Low
6092,15777896,Chukwudi,850,Germany,Female,33,2,83415.04,1,0,1,74917.64,0,0.10333072619936619,Low
6093,15628963,Frolova,601,Germany,Male,43,3,141859.12,2,1,1,111249.62,0,0.1493985444391692,Low
6094,15742126,Chiu,712,Germany,Male,38,7,132767.66,2,1,1,59115.77,0,0.08209739115830123,Low
6095,15575623,Simpson,589,France,Female,31,10,110635.32,1,1,0,148218.86,0,0.14467451818096574,Low
6096,15741652,McLean,600,Spain,Male,37,8,177657.35,1,1,1,77142.32,0,0.09358805272534342,Low
6097,15738884,Hu,642,Germany,Male,41,4,157777.58,1,1,0,67484.6,0,0.3303045294158595,Low
6098,15615050,Savage,575,Germany,Male,47,9,107915.94,2,1,1,63452.18,1,0.26772715161779487,Low
6099,15803005,Wallace,570,Germany,Female,57,5,86568.75,1,0,1,103660.31,0,0.37999780243756154,Low
6100,15743498,Winter,532,Germany,Male,52,9,137755.76,1,1,0,163191.99,1,0.8409812000990727,High
6101,15720463,Ho,796,France,Male,30,2,137262.71,2,1,0,62905.29,0,0.044288831078363566,Low
6102,15588695,Su,833,Spain,Male,32,6,0.0,1,1,1,44323.22,1,0.0883961775982364,Low
6103,15665802,Li Fonti,642,Spain,Female,36,6,0.0,2,1,1,97938.59,0,0.02356232521586789,Low
6104,15571144,Ives,655,France,Male,28,10,0.0,2,0,1,126565.21,0,0.009998092037917539,Low
6105,15750731,Trevisani,736,Germany,Male,50,9,116309.01,1,1,0,185360.4,1,0.8349931092166782,High
6106,15605134,Bond,617,France,Female,34,0,131244.65,2,1,0,183229.02,0,0.07420209707858881,Low
6107,15626044,Lettiere,762,Germany,Male,28,3,125155.83,2,1,1,106024.02,0,0.04524260062622427,Low
6108,15737910,Houghton,703,Germany,Male,35,5,140691.08,2,1,0,167810.26,0,0.07236743224240082,Low
6109,15761076,Lei,507,France,Male,41,3,58820.32,2,1,1,138536.09,0,0.050998757165060415,Low
6110,15710105,Stirling,581,Germany,Female,26,3,105099.45,1,1,1,184520.0,1,0.19580221066058554,Low
6111,15577402,Grant,593,France,Male,31,9,0.0,2,0,1,20492.16,0,0.009473182581254184,Low
6112,15803337,Baresi,648,France,Male,23,9,168372.52,1,1,0,134676.72,0,0.13649001553796242,Low
6113,15654372,Pearce,462,Germany,Male,34,1,94682.56,2,1,0,138478.2,0,0.0656600110976897,Low
6114,15585867,Rutledge,596,Spain,Male,36,2,0.0,2,0,1,125557.95,0,0.016635245744010214,Low
6115,15662488,Udegbunam,627,France,Female,44,5,0.0,2,1,0,82969.61,1,0.10195072101884439,Low
6116,15604813,Zaytseva,494,France,Male,40,7,0.0,2,0,1,158071.69,0,0.03694745249989463,Low
6117,15611644,Onyemauchechukwu,627,France,Male,73,0,146329.73,1,0,1,43615.67,0,0.03250471071962321,Low
6118,15674928,Mullah,850,Spain,Male,37,2,0.0,2,1,0,119969.99,0,0.02364121146159618,Low
6119,15656100,Candler,632,France,Female,49,5,167962.7,1,0,0,140201.21,0,0.7679643428471361,High
6120,15764293,Konovalova,490,France,Male,33,1,0.0,2,1,1,80792.83,0,0.0117259609639501,Low
6121,15636423,Lei,715,France,Male,40,7,0.0,1,1,1,141359.11,0,0.17323411190542007,Low
6122,15607629,Hollis,679,France,Male,48,8,0.0,2,1,0,23344.94,0,0.13369967982268083,Low
6123,15577313,Lionel,619,France,Male,44,3,116967.68,1,1,0,5075.17,1,0.3446388240664238,Low
6124,15714493,Francis,465,Spain,Female,33,6,0.0,2,1,1,95500.98,0,0.02077780213073934,Low
6125,15643359,Carter,736,Spain,Male,32,7,0.0,1,0,1,79082.62,0,0.08035751626240753,Low
6126,15687913,Mai,501,Germany,Female,34,7,93244.42,1,0,1,199805.63,0,0.2707059092453133,Low
6127,15790935,Johnson,535,France,Female,29,5,0.0,2,0,1,52709.55,0,0.018384137301210517,Low
6128,15708693,Sherman,759,France,Female,33,2,0.0,2,1,0,56583.88,0,0.0282694719041708,Low
6129,15672016,Sabbatini,819,France,Male,35,1,0.0,2,0,1,3385.04,0,0.011287440169895802,Low
6130,15727605,Shih,533,Germany,Male,43,4,80442.06,2,0,1,12537.42,0,0.10636415894053503,Low
6131,15651144,Yao,632,Germany,Female,35,2,150561.03,2,0,0,64722.61,0,0.10316792231793832,Low
6132,15749401,Ko,686,France,Male,60,9,0.0,3,1,1,75246.21,1,0.7302575807972176,Medium
6133,15691874,Kazakova,687,France,Female,34,9,125474.44,1,1,0,198929.84,0,0.14375554107049002,Low
6134,15620735,Chiganu,667,Germany,Female,33,4,127076.68,2,1,0,69011.66,0,0.12979473870546904,Low
6135,15769781,Nucci,699,Spain,Female,25,8,0.0,2,1,1,52404.47,0,0.01522686440413158,Low
6136,15624611,Marsden,497,Spain,Male,37,8,128650.11,2,1,1,163641.53,0,0.03935484238721671,Low
6137,15773071,Serena,780,Spain,Female,33,6,145580.61,1,1,1,154598.56,0,0.08417863121414602,Low
6138,15720371,McLean,652,France,Female,51,3,0.0,1,1,0,173989.47,1,0.8716991397433334,High
6139,15717984,Longo,477,France,Male,47,9,144900.58,1,1,0,61315.37,1,0.47402827032812156,Medium
6140,15806407,Wilson,652,France,Female,37,4,0.0,2,1,0,143393.24,0,0.04738177013235093,Low
6141,15785042,Hsiung,488,France,Female,31,8,97588.6,1,0,0,124210.53,0,0.12448927485840032,Low
6142,15809302,Wright,572,France,Male,24,1,0.0,2,1,1,151460.84,0,0.010390089064674956,Low
6143,15677550,Folliero,755,France,Female,38,1,0.0,2,1,0,20734.81,0,0.048461880156157364,Low
6144,15654096,Johnston,779,Germany,Female,24,10,122200.31,2,1,0,43705.56,0,0.12953971156188457,Low
6145,15617320,Palermo,693,Spain,Female,46,3,151709.33,1,1,0,180736.24,0,0.45621906374337184,Medium
6146,15653065,Nwabugwu,530,Spain,Female,22,7,0.0,2,1,0,104170.48,0,0.031479986401080795,Low
6147,15649112,Endrizzi,738,Spain,Female,33,3,122134.4,2,0,1,27867.59,0,0.05600353422935802,Low
6148,15690526,Tuan,690,Germany,Male,31,2,137260.45,2,1,0,55387.28,0,0.08167455294984748,Low
6149,15806945,Udobata,611,France,Female,30,9,88594.14,1,1,0,196332.45,0,0.1693261103704536,Low
6150,15670066,Ibezimako,643,Spain,Male,34,6,0.0,2,1,1,116046.22,0,0.01174652962935167,Low
6151,15625761,Maclean,632,Germany,Male,41,8,127205.32,4,1,0,93874.87,1,0.9603349264957769,High
6152,15761525,Shaw,727,Spain,Female,31,10,96997.09,2,0,0,76614.04,0,0.06302688381110218,Low
6153,15735080,Cummins,508,France,Female,64,2,0.0,1,1,1,6076.62,0,0.25211686519849474,Low
6154,15619537,Lavrentiev,550,France,Male,31,5,142200.19,2,1,1,122221.71,0,0.027086460407722935,Low
6155,15598162,Saunders,754,Germany,Female,39,3,160761.41,1,1,1,24156.03,0,0.23775520458224994,Low
6156,15694300,Fiorentino,759,France,Male,26,4,0.0,2,1,0,135394.62,0,0.017747061079917383,Low
6157,15637235,Knight,794,Spain,Male,33,8,0.0,2,0,0,91340.02,0,0.017467940391238647,Low
6158,15612444,Manfrin,549,France,Male,29,3,0.0,2,1,0,146090.38,0,0.017896609196237177,Low
6159,15626457,Zetticci,671,France,Male,31,0,116234.61,1,1,0,172096.08,0,0.06591442220029704,Low
6160,15627995,Angelo,756,Germany,Female,26,5,155143.52,1,0,1,135034.57,1,0.17597127482834393,Low
6161,15706128,Zhdanov,632,France,Female,21,1,0.0,2,1,0,84008.66,0,0.020794549466935312,Low
6162,15666430,Peck,579,France,Male,38,8,0.0,2,0,0,91763.67,0,0.02591557464799215,Low
6163,15627385,Uwaezuoke,748,France,Male,34,5,84009.47,1,1,1,137001.1,0,0.05193084299748548,Low
6164,15581323,White,488,Germany,Female,28,7,139246.22,2,1,0,106799.49,0,0.09134674103889859,Low
6165,15608109,Greco,710,Germany,Male,58,7,170113.0,2,0,1,10494.64,0,0.09421829558907245,Low
6166,15801942,Chu,619,Spain,Female,41,8,0.0,3,1,1,79866.73,1,0.6659425898127518,Medium
6167,15567431,Kodilinyechukwu,773,France,Male,64,2,145578.28,1,0,1,186172.85,0,0.15915754950023858,Low
6168,15810167,Scott,657,Spain,Male,75,7,126273.95,1,0,1,91673.6,0,0.01830433819034313,Low
6169,15644501,Enyinnaya,579,France,Female,26,10,162482.76,1,1,1,18458.2,0,0.06967403729320917,Low
6170,15785290,Hao,542,France,Male,29,9,0.0,1,1,0,8342.35,0,0.11962172920561437,Low
6171,15611157,McElhone,709,France,Female,32,2,87814.89,1,1,0,138578.37,0,0.14863798272081075,Low
6172,15673837,Ko,617,Spain,Male,61,3,113858.95,1,1,1,38129.22,0,0.17514386797963005,Low
6173,15656822,Day,568,Germany,Male,43,5,87612.64,4,1,1,107155.4,1,0.9562838785465175,High
6174,15580560,Harris,769,France,Female,73,1,0.0,1,1,1,29792.11,0,0.06549268235416958,Low
6175,15760641,Gerald,608,Germany,Male,26,1,106648.98,1,0,1,7063.6,0,0.166526785790171,Low
6176,15587584,Nebeuwa,503,Spain,Male,31,4,0.0,2,1,1,21645.06,0,0.011051349774599909,Low
6177,15604146,Kaodilinakachukwu,608,Germany,Female,38,8,103653.51,2,1,1,137079.86,0,0.11164934083999846,Low
6178,15813974,Maruff,731,Germany,Male,37,3,116880.53,1,0,0,172718.35,1,0.35596583660439557,Low
6179,15746986,Howe,850,Germany,Female,40,4,97990.49,2,0,0,106691.02,0,0.15571363695909368,Low
6180,15759741,Knepper,591,Germany,Female,34,4,150635.3,1,1,1,72274.84,0,0.16219448069493148,Low
6181,15734892,Fennell,579,Spain,Male,37,4,0.0,2,1,1,32246.63,0,0.015410684610015164,Low
6182,15797194,T'ao,570,France,Male,39,10,129674.89,2,1,0,80552.36,0,0.07138401458354197,Low
6183,15723786,Morris,709,France,Female,37,9,0.0,2,1,0,16733.59,0,0.03646064823702412,Low
6184,15642726,Holmes,611,France,Male,53,3,83568.26,1,0,0,1235.49,0,0.7366407982642267,Medium
6185,15664339,Yu,775,Spain,Male,48,4,178144.91,2,0,0,50168.41,1,0.4879985232843739,Medium
6186,15754526,Walker,699,Germany,Male,36,6,147137.74,1,1,1,33687.9,0,0.15875892609365516,Low
6187,15703037,Edwards,618,France,Male,37,5,0.0,1,0,1,178705.45,1,0.20500651708190623,Low
6188,15751412,Harvey,704,France,Male,36,3,114370.41,1,0,1,66810.48,0,0.06343518920150294,Low
6189,15609558,McDonald,835,Germany,Female,47,5,108289.28,2,1,1,45859.55,1,0.29616861997193483,Low
6190,15572408,Chambers,714,Germany,Male,39,3,149887.49,2,1,0,63846.36,0,0.11644232744540367,Low
6191,15613923,Reed,581,Spain,Female,43,4,170172.9,1,0,1,100236.02,0,0.24751216021573572,Low
6192,15747000,Shih,592,France,Male,27,3,0.0,2,1,1,19645.65,0,0.0106052081719009,Low
6193,15731781,Onyemachukwu,551,France,Male,43,7,0.0,2,1,0,178393.68,0,0.0718141507785099,Low
6194,15727198,Teng,689,Germany,Female,28,2,64808.32,2,0,0,78591.15,0,0.04422808344517116,Low
6195,15794273,Hand,604,France,Female,56,0,62732.65,1,0,1,124954.56,0,0.41001718052566555,Low
6196,15804950,Onyemauchechukwu,514,France,Female,41,7,0.0,2,1,1,3756.65,0,0.0390668395319386,Low
6197,15576304,Bailey,698,France,Male,29,5,95167.55,1,1,1,152723.23,0,0.0415141499677643,Low
6198,15645200,Chiang,581,Germany,Female,54,2,152508.99,1,1,0,187597.98,1,0.9130283872068663,High
6199,15779627,Maclean,573,Germany,Male,31,0,134644.19,1,1,1,70381.49,0,0.1484068637797506,Low
6200,15750755,Yobachi,449,Spain,Female,33,8,0.0,2,0,0,156792.89,0,0.045677094353562764,Low
6201,15569654,Munro,850,Germany,Female,31,3,51293.47,1,0,0,35534.68,0,0.11844477762982336,Low
6202,15753079,Chidi,612,France,Male,41,5,0.0,3,0,0,151256.22,0,0.6563637586773513,Medium
6203,15684995,Chamberlain,690,Spain,Male,49,8,116622.73,1,0,1,51011.29,0,0.22625723652174856,Low
6204,15790763,Trujillo,599,Spain,Female,49,2,0.0,2,1,0,111190.53,0,0.2713435658689471,Low
6205,15766458,Tang,498,France,Male,33,1,198113.86,1,1,0,69664.35,0,0.11356065339658952,Low
6206,15616221,Wilson,497,France,Female,29,4,85646.81,1,0,0,63233.02,1,0.12142467786579567,Low
6207,15776124,Mann,802,Spain,Male,51,7,0.0,1,0,1,40855.79,0,0.4156508925961982,Low
6208,15665811,Parry,644,France,Male,33,9,141234.98,1,1,0,95673.05,0,0.08899703538888033,Low
6209,15729804,Manfrin,714,France,Male,34,10,0.0,2,1,1,80234.14,0,0.0093275321740155,Low
6210,15714062,Millar,690,France,Female,40,9,77641.99,1,0,0,189051.59,1,0.42242523546007044,Low
6211,15592197,Simmons,522,Spain,Male,30,3,0.0,2,1,0,145490.85,0,0.019806666868303756,Low
6212,15793116,Beneventi,502,Germany,Female,40,7,117304.29,1,0,0,196278.32,0,0.5841783824973733,Medium
6213,15638231,Chung,730,Spain,Female,62,2,0.0,2,1,1,162889.1,0,0.10886805842358487,Low
6214,15697678,Maxwell,590,Germany,Male,36,6,92340.69,2,1,1,174667.58,0,0.05420131984667859,Low
6215,15800412,Dale,458,Germany,Male,35,9,146780.52,2,1,1,3476.38,0,0.05763873769500749,Low
6216,15597610,Stevens,553,Spain,Male,41,6,144974.55,1,1,1,19344.92,0,0.10785020175024877,Low
6217,15726634,Wei,479,France,Male,47,1,0.0,1,1,0,95270.83,0,0.6594646866251197,Medium
6218,15670866,Chiu,693,France,Male,31,2,0.0,2,1,1,107759.31,0,0.010584363109554611,Low
6219,15667462,Duncan,707,Spain,Male,43,10,0.0,2,1,0,118368.2,0,0.053187707431445595,Low
6220,15662574,Brady,636,Spain,Male,37,1,115137.26,1,1,0,52484.01,0,0.12638401810949504,Low
6221,15716926,Macleod,807,France,Male,33,10,101952.97,2,1,0,178153.65,0,0.03722758643208061,Low
6222,15603554,Berkeley,513,France,Female,45,0,164649.52,3,1,0,49915.52,1,0.9815887967906549,High
6223,15716800,Kaur,582,France,Male,31,2,0.0,2,1,1,33747.03,0,0.009614539142868061,Low
6224,15679429,Bell,694,France,Male,32,0,91956.49,1,1,1,59961.81,0,0.03996664146225001,Low
6225,15616122,Nwokike,777,France,Male,39,8,0.0,2,1,1,18613.52,0,0.017720133844286463,Low
6226,15742172,Williamson,598,Germany,Male,32,9,123938.6,2,1,0,198894.42,0,0.06382177468533759,Low
6227,15792305,Mountgarrett,762,Germany,Male,46,6,123571.77,3,0,1,57014.17,1,0.9648556016947695,High
6228,15636016,Wreford,588,France,Female,34,3,120777.88,1,1,1,131729.52,0,0.07462194009799694,Low
6229,15733138,Paterson,663,Germany,Male,42,5,90248.79,1,1,1,79169.73,0,0.2590834653931534,Low
6230,15669741,Hou,777,France,Male,36,7,0.0,1,1,0,106472.34,0,0.16697850124834865,Low
6231,15616954,Smith,592,France,Male,71,4,0.0,2,0,1,17013.54,0,0.013730761349168086,Low
6232,15729238,Peng,631,Germany,Male,48,1,106396.48,1,1,1,150661.42,1,0.5611334932802478,Medium
6233,15718242,Wollstonecraft,725,Germany,Female,47,1,104887.43,1,0,0,86622.56,1,0.8029510196933036,High
6234,15682914,Bolton,850,France,Male,34,2,72079.71,1,1,1,115767.93,0,0.054762953288752914,Low
6235,15654274,Corrie,540,France,Male,37,6,0.0,2,1,0,141998.89,0,0.02633364887059153,Low
6236,15691457,Boyle,674,Spain,Male,36,2,0.0,2,1,1,182787.17,0,0.016186912805393933,Low
6237,15719649,Lambie,553,France,Male,38,3,99844.68,1,0,0,187915.7,0,0.18291845737185877,Low
6238,15778897,Cartwright,630,France,Female,28,1,0.0,2,1,1,133267.78,0,0.019381736651827856,Low
6239,15589437,Lu,466,France,Male,26,3,156815.71,1,1,1,137476.09,0,0.05231791727564296,Low
6240,15682369,Pisano,613,France,Male,47,6,146034.74,1,1,1,77146.14,0,0.21865435395284852,Low
6241,15626507,Chukwubuikem,558,France,Male,27,1,152283.39,1,1,0,183271.15,0,0.07924173430087934,Low
6242,15571995,Harper,775,Germany,Female,33,1,118897.1,2,1,1,26362.4,0,0.09424824029740049,Low
6243,15673333,Wilson,698,Germany,Male,52,8,96781.39,1,1,1,153373.71,0,0.4706632446950356,Medium
6244,15748752,Ch'in,608,Germany,Male,33,1,102772.67,2,1,0,70705.58,0,0.08306479298815356,Low
6245,15725302,Streeton,670,Spain,Female,20,4,0.0,2,1,0,119759.24,0,0.022994058570998323,Low
6246,15722083,Ch'ang,591,Spain,Male,39,8,0.0,2,0,0,42392.24,0,0.02785367523739473,Low
6247,15771442,Pennington,633,France,Male,40,4,150578.0,1,0,1,34670.62,1,0.1282113289255465,Low
6248,15803633,T'ien,678,France,Female,46,1,0.0,2,0,0,82106.19,0,0.15035546857378737,Low
6249,15672185,Liu,590,France,Male,47,3,0.0,2,1,0,171774.5,0,0.1568038143211991,Low
6250,15806486,Cunningham,705,France,Female,48,0,0.0,2,0,0,149772.61,0,0.30257866645637105,Low
6251,15570895,Ch'in,608,France,Male,42,10,163548.07,1,1,0,38866.85,0,0.2211256687007218,Low
6252,15614520,Smith,682,France,Female,37,8,148580.12,1,1,0,35179.18,0,0.17581789636874812,Low
6253,15687492,Anderson,596,Germany,Male,32,3,96709.07,2,0,0,41788.37,0,0.0603601791641994,Low
6254,15675337,Forbes,395,Germany,Female,34,5,106011.59,1,1,1,17376.57,1,0.16452620300915413,Low
6255,15721047,Ansell,578,Germany,Male,37,1,135650.88,1,1,0,199428.19,0,0.22944030007709745,Low
6256,15589017,Chiu,547,Germany,Male,55,4,111362.76,3,1,0,16922.28,1,0.9952610462831071,High
6257,15611186,Yevdokimova,609,France,Male,37,1,39344.83,1,1,1,178291.89,1,0.14533776831997047,Low
6258,15617301,Chamberlin,774,Germany,Male,36,9,130809.77,1,1,0,152290.28,0,0.2488257870360143,Low
6259,15726046,Johnston,712,France,Female,27,2,133009.51,1,1,0,126809.15,0,0.12270291681710321,Low
6260,15585748,McDonald,585,Germany,Female,28,9,135337.49,2,1,1,40385.61,0,0.0699696248836194,Low
6261,15672826,Chen,666,France,Female,32,10,112536.57,2,1,1,34350.54,0,0.03744213432096972,Low
6262,15595162,Cattaneo,708,Spain,Female,35,8,122570.69,1,0,0,199005.88,0,0.19163761646121308,Low
6263,15650026,Barclay-Harvey,513,France,Male,44,1,63562.02,2,0,1,52629.73,1,0.08586698223574331,Low
6264,15745826,Dawson,445,France,Male,37,3,0.0,2,1,1,180012.39,0,0.02753638193981083,Low
6265,15708610,Costa,690,Germany,Male,44,9,100368.63,2,0,0,35342.33,0,0.23777903457564367,Low
6266,15624471,Chikwado,850,France,Male,37,6,0.0,2,1,0,109291.22,0,0.02488139559890988,Low
6267,15590097,Ch'eng,537,Spain,Female,33,7,136082.0,1,1,0,62746.54,0,0.13823333237598562,Low
6268,15689328,Harrison,705,Germany,Male,48,9,114169.16,1,0,0,173273.2,1,0.8159671383160118,High
6269,15582154,Crawford,670,France,Female,45,5,47884.92,1,1,1,54340.24,0,0.3453566725866705,Low
6270,15734626,Gibson,652,Spain,Female,36,1,0.0,2,1,1,19302.78,0,0.026524896878166566,Low
6271,15702806,Martin,696,Spain,Male,24,9,0.0,1,0,0,10883.52,0,0.15213593926491056,Low
6272,15620756,Stokes,747,France,Male,49,6,202904.64,1,1,1,17298.72,1,0.7143295596432648,Medium
6273,15611331,Niu,511,France,Female,46,1,0.0,1,1,1,115779.48,1,0.5020192884922697,Medium
6274,15576935,Ampt,743,Spain,Male,43,2,161807.18,2,0,1,93228.86,1,0.10851777597726518,Low
6275,15661275,Wynn,532,Germany,Male,52,3,110791.97,1,1,0,148704.77,1,0.8663194862800321,High
6276,15814940,Lawrence,642,Spain,Female,33,9,0.0,2,1,1,150475.14,0,0.02440855715450869,Low
6277,15768471,Wagner,554,Germany,Female,54,6,108755.0,1,1,0,40914.32,1,0.9341190010706123,High
6278,15697391,Argyle,604,Spain,Female,34,3,0.0,2,1,0,38587.7,0,0.02901943071930825,Low
6279,15793346,Ofodile,602,France,Female,72,3,0.0,2,1,1,171260.66,0,0.01470058424001835,Low
6280,15608338,Chiemenam,757,Spain,Female,55,9,117294.12,4,1,0,94187.47,1,0.9975063199156833,High
6281,15578546,Akobundu,491,Germany,Male,26,4,102251.14,1,1,1,145900.89,0,0.11277436697984644,Low
6282,15656921,Locke,850,France,Male,31,4,0.0,2,0,0,152298.28,0,0.01820904787966452,Low
6283,15761340,Bullen,521,France,Male,22,5,0.0,2,1,1,99828.45,0,0.01174257751290553,Low
6284,15591135,Forster,726,France,Male,37,2,132057.92,2,1,0,34743.98,0,0.057894370415113514,Low
6285,15623219,Smith,596,France,Male,33,8,0.0,1,1,0,121189.3,1,0.14015032810515873,Low
6286,15655229,Craig,850,Germany,Female,35,7,114285.2,1,0,1,129660.59,0,0.20564688916735938,Low
6287,15805884,Archer,637,France,Female,41,9,0.0,2,1,0,145477.36,0,0.07982525261909827,Low
6288,15668289,McWilliams,690,Spain,Male,32,2,76087.98,1,0,1,151822.66,0,0.0681562703189682,Low
6289,15568562,Moss,689,France,Male,40,8,160272.27,1,1,0,49656.24,0,0.18302367559603194,Low
6290,15773276,Townsend,633,Spain,Male,63,4,114552.6,1,1,0,73856.28,1,0.8201167007969307,High
6291,15622801,Brown,555,France,Female,27,8,102000.17,1,1,1,116757.0,0,0.06088385114508095,Low
6292,15779886,Munson,563,Spain,Male,24,7,0.0,2,0,0,16319.56,0,0.01628936226739506,Low
6293,15713673,T'ien,494,France,Female,33,1,137853.0,1,0,1,90273.85,0,0.07385076507386623,Low
6294,15783083,Shubin,534,France,Male,27,9,0.0,2,1,0,161344.13,0,0.01996968769423756,Low
6295,15742824,Isayeva,696,Germany,Male,42,7,162318.61,1,1,0,121061.89,0,0.3882507637034812,Low
6296,15621550,Hung,535,Spain,Female,50,1,140292.58,3,0,0,69531.22,1,0.992096799883659,High
6297,15799480,Webb,600,France,Male,34,0,0.0,2,0,1,3756.23,0,0.016260986614606475,Low
6298,15625247,Scott,807,France,Female,34,1,0.0,1,0,0,114448.13,0,0.18377361632377864,Low
6299,15755241,Rahman,714,France,Female,52,2,0.0,1,0,1,144045.08,1,0.6083761738232678,Medium
6300,15575679,Lori,590,France,Male,24,7,126431.54,1,1,0,58781.11,0,0.0938931820984886,Low
6301,15668235,Cooke,614,France,Female,41,3,123475.04,1,1,1,179227.52,0,0.19796779887517887,Low
6302,15683183,Volkova,766,Germany,Female,45,6,97652.96,1,1,0,127332.33,0,0.696450127216694,Medium
6303,15684592,Lamb,557,Spain,Male,42,4,0.0,2,0,1,86642.38,0,0.03724448215006842,Low
6304,15591169,Hawes,788,Germany,Female,49,4,137455.99,1,1,0,184178.29,1,0.8322388631725127,High
6305,15653455,Smith,648,France,Female,38,2,0.0,2,0,1,9551.49,0,0.03073262097708569,Low
6306,15732563,Swanton,726,Germany,Female,33,7,99046.31,2,1,1,56053.06,0,0.06516874311513864,Low
6307,15656471,Mitchell,773,France,Male,33,9,0.0,2,1,1,1118.31,0,0.007005277240194109,Low
6308,15598510,Colombo,583,Germany,Male,27,4,105907.42,2,1,1,195732.04,0,0.04524587027496461,Low
6309,15766427,Shaw,565,Germany,Male,52,5,97720.35,2,1,0,175070.94,1,0.6125985729458082,Medium
6310,15785342,Shipp,705,France,Male,25,9,0.0,2,0,1,112331.19,0,0.009298617159685031,Low
6311,15641595,Jonathan,685,Spain,Male,43,4,97392.18,2,1,0,43956.83,0,0.12980746374353982,Low
6312,15798429,Hernandez,741,France,Male,29,8,0.0,2,1,1,115994.52,0,0.009807449615718259,Low
6313,15648136,Green,658,Germany,Female,28,9,152812.58,1,1,0,166682.57,0,0.23272722447702876,Low
6314,15812482,Young,575,France,Male,27,3,139301.68,1,1,0,99843.98,0,0.08095777464342989,Low
6315,15790810,Han,844,France,Female,41,10,76319.64,1,1,1,141175.18,1,0.2054395063820985,Low
6316,15687421,Highland,559,Spain,Male,67,9,125919.35,1,1,0,175910.95,1,0.5898977242424938,Medium
6317,15765643,Hamilton,725,France,Male,37,6,124348.38,2,0,1,176984.34,0,0.053568014992911986,Low
6318,15654878,Yobanna,450,France,Male,29,7,117199.8,1,1,1,43480.63,0,0.04442789974005171,Low
6319,15686835,Crawford,738,Germany,Female,57,9,148384.64,1,0,0,155047.11,1,0.9488563347571806,High
6320,15768340,Beavers,642,Germany,Female,19,3,113905.48,1,1,1,176137.2,0,0.16718892005096103,Low
6321,15673599,Williamson,618,Spain,Male,32,5,133476.09,1,0,1,154843.4,0,0.054321963463301384,Low
6322,15689096,Beneventi,590,France,Male,47,0,117879.32,1,1,1,8214.46,0,0.28254355884402954,Low
6323,15684294,Chidumaga,735,France,Male,50,2,0.0,2,0,1,147075.69,0,0.08771658093419923,Low
6324,15615828,Mitchell,550,France,Male,34,8,122359.5,1,0,0,116495.55,0,0.07539238081196445,Low
6325,15746012,Chibugo,729,Spain,Female,28,0,0.0,2,1,1,31165.06,1,0.019637178216515505,Low
6326,15615797,Hyde,743,Germany,Male,59,5,108585.35,1,1,1,192127.22,1,0.5018771514136277,Medium
6327,15788494,Alekseeva,555,France,Male,31,8,145875.74,1,1,0,137491.23,0,0.08056868327698205,Low
6328,15793856,Abdulov,667,Spain,Female,36,3,121542.57,2,1,1,186841.71,0,0.06722894762344746,Low
6329,15629545,Buckley,790,Spain,Female,41,7,109508.68,1,0,0,86776.38,0,0.22440348572211352,Low
6330,15661198,Howard,727,Germany,Male,34,2,146407.11,1,1,1,72073.72,0,0.13562151129064742,Low
6331,15715117,Peel,744,France,Female,39,6,0.0,1,0,0,10662.58,0,0.3149888374394075,Low
6332,15701074,Herz,629,Germany,Male,35,8,112330.83,1,1,1,91001.02,0,0.15200386458236342,Low
6333,15793046,Holden,619,France,Female,35,4,90413.12,1,1,1,20555.21,0,0.09322418102398675,Low
6334,15623744,McLean,634,France,Male,34,8,105302.66,1,1,1,123164.97,0,0.042498330793448426,Low
6335,15611329,Findlay,608,Spain,Female,35,6,0.0,2,1,1,143463.28,0,0.028973073868226045,Low
6336,15740428,Wyatt,507,France,Female,35,1,0.0,2,0,0,92131.54,0,0.03318764186524296,Low
6337,15781534,Rapuluolisa,536,Germany,Female,35,4,121520.36,1,0,0,77178.42,0,0.33377991760597014,Low
6338,15618243,Buckland,730,Spain,Female,43,1,103960.38,1,1,1,193650.16,0,0.20259310640840728,Low
6339,15784161,Hargreaves,583,Germany,Male,39,8,102945.01,1,0,0,52861.89,0,0.3495602049804059,Low
6340,15700325,Onyeoruru,644,France,Female,24,8,92760.55,1,1,0,35896.75,0,0.11672720391781899,Low
6341,15659064,Salas,790,Spain,Male,37,8,0.0,2,1,1,149418.41,0,0.014526253136498512,Low
6342,15658364,Laney,807,Germany,Female,40,1,134590.21,1,1,1,46253.65,0,0.35314830662104535,Low
6343,15704340,Fu,581,France,Female,37,10,104255.03,1,1,0,86609.37,0,0.1575078330799688,Low
6344,15793455,Tien,627,Spain,Female,55,6,0.0,1,0,0,91943.94,1,0.9215012227379662,High
6345,15579777,Sazonova,850,France,Male,41,3,0.0,2,1,0,128892.36,0,0.03795796806273664,Low
6346,15632345,Tuan,754,France,Female,35,4,0.0,2,1,0,44830.71,0,0.03243579371374817,Low
6347,15814468,Wei,551,Germany,Male,50,1,121399.98,1,0,1,84508.44,1,0.626367037518599,Medium
6348,15754820,Bergamaschi,637,Germany,Male,35,8,147127.81,2,1,1,84760.7,0,0.05245286875448426,Low
6349,15707505,Taylor,699,Spain,Male,31,8,125927.51,2,1,0,147661.47,0,0.04496296666457019,Low
6350,15699507,Messersmith,542,France,Female,25,7,0.0,2,0,1,82393.08,0,0.016495499240328147,Low
6351,15799600,Coles,640,Germany,Male,48,1,111599.32,1,0,1,135995.58,0,0.5813369085198844,Medium
6352,15794472,Brookes,553,France,Female,27,3,0.0,2,0,0,159800.16,0,0.03911789636236057,Low
6353,15646632,Reid,741,France,Male,38,9,0.0,2,1,0,14379.01,0,0.024156980729181918,Low
6354,15676353,Etheridge,598,France,Male,35,8,114212.6,1,1,1,74322.85,0,0.05292671996775156,Low
6355,15566312,Jolly,660,Spain,Female,42,5,0.0,3,1,1,189016.24,1,0.7710047767117757,High
6356,15570414,Chizoba,618,Spain,Male,41,4,115251.64,1,0,0,136435.75,0,0.19433182801900942,Low
6357,15776743,Eberegbulam,647,France,Male,43,9,0.0,2,1,1,78488.39,0,0.035182661846212625,Low
6358,15674637,Pagnotto,491,France,Female,68,3,107571.61,1,0,1,113695.99,0,0.09266742367487403,Low
6359,15730418,Lucchesi,652,France,Female,32,2,0.0,2,1,0,54628.11,0,0.025815889444070136,Low
6360,15739972,Hughes,650,Germany,Female,45,9,152367.21,3,1,0,150835.21,1,0.9741270502422348,High
6361,15661591,Panicucci,413,Germany,Male,39,1,130969.77,2,1,1,158891.79,0,0.24768575418510735,Low
6362,15675585,Burns,416,Germany,Female,25,0,97738.97,2,1,1,160523.33,0,0.13205656282898798,Low
6363,15814750,Ricci,629,Spain,Male,34,8,0.0,2,1,1,180595.02,0,0.013737216869029779,Low
6364,15593454,Lambert,678,Spain,Female,40,4,113794.22,1,1,0,16618.76,0,0.25125000766661604,Low
6365,15663421,Esposito,527,Spain,Male,28,6,128396.33,2,1,0,79919.97,0,0.04819737155503499,Low
6366,15576196,Benson,743,Spain,Female,48,5,118207.69,2,0,0,186489.14,1,0.5427470688551376,Medium
6367,15677324,Botts,683,Germany,Male,73,9,124730.26,1,1,1,51999.5,0,0.0708067847881153,Low
6368,15568742,Parkes,536,France,Female,41,9,0.0,1,1,0,121299.14,0,0.43686315280939425,Low
6369,15693764,Mai,663,Spain,Male,52,0,136298.65,1,1,0,144593.3,1,0.5957527688339243,Medium
6370,15714260,Castiglione,646,France,Female,38,2,0.0,2,0,0,178752.73,0,0.06726537038620914,Low
6371,15798200,Manna,707,France,Male,35,2,0.0,3,1,1,94148.3,0,0.32194548482282626,Low
6372,15656627,Lin,602,France,Male,34,5,0.0,2,1,1,77414.45,0,0.010903175828652838,Low
6373,15791111,Fink,635,France,Female,47,2,125724.95,2,1,0,63236.97,0,0.40062118648506795,Low
6374,15638269,Baresi,597,France,Male,67,2,0.0,2,0,1,108645.85,0,0.01953233509296284,Low
6375,15807473,Morehead,503,France,Male,38,1,0.0,2,1,1,95153.24,0,0.02291804051441525,Low
6376,15708534,Afamefuna,524,Spain,Female,64,5,0.0,1,1,0,136079.64,1,0.8982518335360263,High
6377,15640686,Greco,700,France,Male,46,5,95872.86,1,1,0,98273.01,1,0.4045499037044716,Low
6378,15588904,Balashova,692,France,Male,33,9,0.0,1,1,0,113505.93,1,0.14382527661743372,Low
6379,15768763,Bogdanov,562,France,Male,37,2,0.0,1,0,1,52525.15,1,0.1287658477095765,Low
6380,15770543,Lowe,679,France,Male,37,7,74260.03,1,1,0,194617.98,0,0.173831278204889,Low
6381,15642162,Ponce,603,Germany,Male,35,1,123407.69,1,1,0,152541.89,1,0.24820191010570672,Low
6382,15714046,Trevisano,720,Spain,Male,33,3,123783.91,2,1,1,142903.44,0,0.028091241102293565,Low
6383,15575060,Gardner,797,France,Male,24,5,0.0,2,1,0,182257.61,0,0.0220968760088727,Low
6384,15812040,Lorenzo,594,France,Male,36,6,153880.15,1,0,0,135431.72,0,0.08918518864982092,Low
6385,15812073,Palmer,529,France,Female,31,7,0.0,2,1,1,175697.87,0,0.03039390601571676,Low
6386,15706810,Zuyeva,606,Germany,Female,32,1,106301.85,2,0,1,59061.25,0,0.08244953619290463,Low
6387,15584090,Jen,621,Spain,Female,40,7,0.0,2,0,1,131283.6,1,0.05180629917535369,Low
6388,15810807,Alekseeva,513,France,Female,43,9,0.0,2,1,0,152499.8,0,0.12803429503099104,Low
6389,15582033,Manfrin,753,Germany,Male,44,3,138076.47,1,1,0,15523.09,1,0.6108293840270327,Medium
6390,15687607,Chiemenam,605,France,Female,30,9,135422.31,1,0,1,186418.85,0,0.08944424548657792,Low
6391,15588406,Chiemenam,574,Spain,Female,37,7,0.0,2,1,0,32262.28,0,0.03305763457883754,Low
6392,15784099,Clark,726,France,Female,38,5,126875.62,1,1,0,128052.29,0,0.19209712840580728,Low
6393,15701352,Fanucci,611,Spain,Female,28,3,96381.68,2,1,0,181419.29,0,0.08541955885285231,Low
6394,15789371,Cattaneo,593,Germany,Female,41,4,119703.1,2,1,1,109783.29,0,0.16404752236350278,Low
6395,15602845,Udinesi,466,Germany,Male,41,2,152102.18,2,1,0,181879.56,0,0.10937794094800156,Low
6396,15707918,Bentley,741,Germany,Female,36,0,127675.39,2,1,0,74260.16,0,0.16118985360385774,Low
6397,15602812,Holmes,684,Germany,Female,44,2,133776.86,2,0,1,49865.04,0,0.2620800800890003,Low
6398,15675888,Austin,550,Spain,Female,33,9,72788.03,1,1,1,103608.06,0,0.09294591742602566,Low
6399,15591822,Mackenzie,593,Spain,Male,26,9,76226.9,1,1,0,167564.82,0,0.11384103162669529,Low
6400,15738501,Booth,601,Germany,Male,48,9,163630.76,1,0,1,41816.49,1,0.4387024970633344,Low
6401,15585907,Collier,676,Spain,Female,30,5,0.0,2,0,0,179066.58,0,0.045414364075390026,Low
6402,15579040,Hs?,556,France,Female,46,10,0.0,2,0,0,109184.24,0,0.16738596833336958,Low
6403,15804211,Oluchukwu,719,France,Male,36,3,155423.17,1,1,1,199841.32,0,0.05006088736545103,Low
6404,15736126,Sung,850,Germany,Male,55,0,98710.89,1,1,1,83617.17,1,0.49258945478360083,Medium
6405,15745399,Marino,649,Spain,Female,49,2,0.0,1,1,0,84863.85,1,0.7829285914561052,High
6406,15760749,Vinogradov,509,Spain,Male,41,7,126683.8,1,0,1,114775.53,0,0.10232667126042892,Low
6407,15637118,Burns,684,France,Male,33,4,140700.61,1,1,0,103557.93,0,0.08771503457227633,Low
6408,15657829,Fanucci,806,Germany,Male,30,8,168078.83,1,1,0,85028.36,1,0.14465931235999793,Low
6409,15738497,Chukwujamuike,729,Spain,Male,44,4,107726.93,2,1,0,153064.87,0,0.15972612018527818,Low
6410,15690695,Flynn,683,France,Female,33,9,0.0,2,1,1,38784.42,0,0.015269296756379912,Low
6411,15762351,Chao,689,Spain,Female,63,1,0.0,2,1,1,186526.12,0,0.07282201363428854,Low
6412,15791172,Yeh,672,Germany,Female,21,1,35741.69,1,1,0,28789.94,0,0.1042247100962692,Low
6413,15598982,Klein,602,Germany,Female,53,5,98268.84,1,0,1,45038.29,1,0.5671094778435944,Medium
6414,15734765,Mahmood,739,France,Female,20,4,133800.98,1,0,1,150245.81,0,0.07519429593227708,Low
6415,15642912,Tu,618,France,Female,21,2,125682.79,1,0,0,57762.0,0,0.1130216817681929,Low
6416,15769516,Shcherbakov,674,France,Female,42,9,0.0,2,1,0,4292.72,0,0.06449384987877885,Low
6417,15789379,Zetticci,762,France,Male,26,6,130428.78,1,1,0,173365.89,0,0.08616947489570309,Low
6418,15695103,Carr,790,Spain,Male,37,6,0.0,2,1,1,119484.01,0,0.015087241394164976,Low
6419,15801924,Browne,754,Spain,Female,27,8,0.0,2,0,0,121821.16,0,0.031222317695519516,Low
6420,15767804,Feng,729,France,Male,44,6,0.0,2,1,0,151733.43,0,0.07241153493564774,Low
6421,15718039,Ferguson,606,Germany,Female,47,0,137138.2,2,0,1,53784.22,0,0.3834312499654704,Low
6422,15579994,Shaw,616,France,Male,23,8,73112.95,1,1,1,62733.05,0,0.05697280669127764,Low
6423,15595037,Palermo,772,France,Male,47,9,152347.01,1,0,1,17671.78,0,0.19839749192098619,Low
6424,15600720,Moore,652,Spain,Male,41,8,115144.68,1,1,0,188905.43,0,0.1804159798460641,Low
6425,15782608,Huang,743,France,Male,43,5,0.0,2,0,0,113079.19,1,0.056108734408461966,Low
6426,15566894,Gray,793,France,Male,39,3,137817.52,1,0,0,83997.79,0,0.13627272258742068,Low
6427,15749123,Sokolova,743,Spain,Male,45,7,157332.26,1,1,0,125424.42,0,0.35470047084936396,Low
6428,15668943,Henderson,746,France,Male,37,2,0.0,2,1,0,143194.05,0,0.024982390940758464,Low
6429,15577423,Mosley,627,Germany,Female,39,5,124586.93,1,1,0,93132.61,1,0.4224998351367907,Low
6430,15623102,Nnaemeka,713,Spain,Male,38,6,116980.78,2,0,1,76038.38,0,0.04414868149095626,Low
6431,15728012,Everett,678,Spain,Female,40,3,128398.38,1,1,0,168658.3,0,0.26361455262353495,Low
6432,15683363,Goddard,540,Spain,Male,39,1,0.0,1,0,1,108419.41,0,0.19259334900318006,Low
6433,15699335,Kuo,615,Germany,Female,33,3,137657.25,2,1,1,171657.57,0,0.08280404341237749,Low
6434,15574369,Bianchi,415,Spain,Male,53,5,167259.44,1,1,1,22357.25,0,0.2780943724901016,Low
6435,15703167,Rouse,628,France,Female,45,8,0.0,2,1,0,193903.06,0,0.19132205430166635,Low
6436,15754874,Nwoye,700,France,Male,26,4,119009.57,1,1,0,141926.43,0,0.0777440532274686,Low
6437,15723216,Greco,623,Germany,Male,33,2,80002.33,1,1,1,104079.62,0,0.07199335227673824,Low
6438,15725094,Fang,623,France,Female,37,4,140211.88,1,1,1,93832.33,0,0.1008063991734852,Low
6439,15647974,Chiemenam,679,France,Female,44,3,118742.74,2,1,0,1568.91,0,0.24188223664459554,Low
6440,15583371,Artemiev,632,Spain,Male,37,1,138207.08,1,1,0,60778.11,1,0.1274800409408614,Low
6441,15772559,Burrows,790,France,Female,47,10,148636.21,1,0,1,16119.96,1,0.33943057224409035,Low
6442,15711251,Chizuoke,514,France,Male,45,1,178827.79,1,1,0,60375.18,0,0.4191669513832475,Low
6443,15719212,T'ien,491,France,Male,33,5,83134.3,1,1,0,187946.55,0,0.13318996259252905,Low
6444,15764927,Rogova,753,France,Male,92,3,121513.31,1,0,1,195563.99,0,0.03155958154635416,Low
6445,15731412,Trevisano,693,Germany,Female,37,6,95900.04,1,1,1,38196.24,0,0.212930461182246,Low
6446,15719170,Sagese,679,France,Female,30,1,112543.42,1,1,1,179435.21,0,0.06794584942930998,Low
6447,15596011,Artyomova,529,Spain,Male,34,9,0.0,1,1,1,93208.22,0,0.09219175766105743,Low
6448,15614834,Long,619,Spain,Female,31,3,141751.82,1,0,1,61531.86,0,0.09239849790278769,Low
6449,15600510,Hsueh,680,Spain,Female,37,6,124140.57,2,1,0,92826.35,0,0.09333730263414772,Low
6450,15625706,White,693,Germany,Male,45,2,116546.59,2,0,0,23140.28,1,0.34535981680778793,Low
6451,15781409,Lazarev,834,France,Female,28,6,0.0,1,1,0,74287.53,0,0.1866229533759009,Low
6452,15722583,Benjamin,636,Spain,Female,29,6,157576.47,2,1,1,101102.39,0,0.06082793685139057,Low
6453,15677243,Wan,538,Spain,Male,43,5,0.0,2,1,0,126933.73,0,0.06645873457420663,Low
6454,15815070,Romano,566,Germany,Female,44,5,141428.99,2,0,0,68408.74,0,0.2850035962325708,Low
6455,15705899,Craig,597,Spain,Male,35,0,127510.99,1,1,1,155356.34,0,0.048323690872048054,Low
6456,15701522,Yermolayeva,711,France,Female,29,9,0.0,2,0,1,3234.8,0,0.015364485224825827,Low
6457,15755978,Tseng,606,France,Male,31,10,0.0,2,1,0,195209.4,0,0.02007003968602488,Low
6458,15722090,Tseng,615,Spain,Male,51,6,81818.49,1,1,1,169149.38,0,0.3319628590621525,Low
6459,15783526,Le Hunte,589,France,Male,36,1,100895.54,1,1,1,68075.14,0,0.0619820135691698,Low
6460,15632125,Blake,606,Germany,Male,45,5,63832.43,1,1,1,93707.8,0,0.2336493945276063,Low
6461,15688395,Lane,582,France,Male,29,4,0.0,2,0,0,156153.27,0,0.01999155357415983,Low
6462,15666975,Sparks,710,France,Female,36,4,116085.06,1,1,0,58601.61,0,0.16381048592488626,Low
6463,15682211,Tu,467,France,Male,57,1,0.0,2,1,1,114448.77,0,0.06545763987623215,Low
6464,15637411,Tochukwu,749,France,Male,30,1,0.0,2,0,1,126551.65,0,0.010122821705137801,Low
6465,15591512,Whittaker,564,Germany,Female,33,2,115761.51,1,0,1,112350.21,1,0.1929263251097096,Low
6466,15606855,Wang,730,Spain,Male,26,6,0.0,2,1,1,185808.7,0,0.012051136442100024,Low
6467,15763683,Northern,678,Germany,Male,32,4,139626.01,1,1,1,118235.52,1,0.11685176047239806,Low
6468,15641782,Humphries,540,France,Female,31,7,0.0,1,0,1,183051.6,1,0.20079076312598032,Low
6469,15677184,Cremonesi,767,France,Female,35,6,115576.44,1,0,1,27922.45,0,0.0926671315287836,Low
6470,15775042,Ku,615,France,Female,23,4,0.0,2,1,0,196476.19,0,0.047136269934579415,Low
6471,15616630,Tobenna,583,Germany,Female,41,5,77647.6,1,1,0,190429.52,0,0.36610852849718917,Low
6472,15800233,Okwuadigbo,850,France,Female,40,5,0.0,2,1,0,35034.15,0,0.05189276192743199,Low
6473,15588419,Johnston,651,Germany,Female,34,10,148962.46,1,1,0,66389.43,1,0.3058990305711829,Low
6474,15595557,Li,798,France,Male,22,8,0.0,2,1,0,107615.43,0,0.017463166337919958,Low
6475,15626143,Talbot,695,France,Male,37,2,0.0,2,1,1,99692.65,0,0.016375644350465835,Low
6476,15566030,Tu,497,Germany,Male,41,5,80542.81,1,0,0,88729.22,1,0.2999158137852891,Low
6477,15701412,T'ien,739,France,Male,40,4,0.0,2,0,0,173321.65,0,0.055931199786126894,Low
6478,15702464,Ross,549,France,Female,34,4,0.0,2,0,0,139463.57,0,0.03511797040861781,Low
6479,15573348,Maclean,850,France,Male,35,9,102050.47,1,1,1,3769.71,0,0.05215688965796264,Low
6480,15704160,Wan,648,Spain,Male,49,5,0.0,1,1,0,149946.43,1,0.7289827418034248,Medium
6481,15693704,Tsou,679,France,Female,24,6,114948.76,2,0,1,135768.25,0,0.04648177372426841,Low
6482,15664752,Jack,606,Germany,Male,39,8,136000.45,2,1,0,31708.53,0,0.13420032594645417,Low
6483,15628292,Lucchesi,850,France,Male,32,4,156001.68,2,1,1,151677.31,0,0.024846567645866714,Low
6484,15621195,Ch'eng,619,Germany,Male,41,3,147974.16,2,1,0,170518.83,0,0.13697222141005302,Low
6485,15668629,Saunders,719,Spain,Male,44,2,0.0,2,1,0,196582.19,0,0.08711494648500058,Low
6486,15635197,Glover,640,Germany,Male,26,5,90402.77,1,1,1,3298.65,0,0.10578488628268397,Low
6487,15592761,Tung,710,France,Male,40,5,0.0,2,0,0,162878.96,0,0.045156408026513675,Low
6488,15574283,Padovano,580,France,Male,31,2,0.0,2,0,1,64014.24,0,0.011145854442858615,Low
6489,15598097,Johnstone,550,France,Male,44,9,0.0,2,1,0,26257.01,0,0.0614984923881984,Low
6490,15711352,Endrizzi,841,France,Female,31,3,162701.65,2,1,1,126794.56,0,0.037523524179289836,Low
6491,15620751,Secombe,760,France,Male,34,2,0.0,2,1,0,164162.44,0,0.01868431586793575,Low
6492,15656717,Elewechi,687,France,Female,30,6,0.0,2,0,0,179206.92,0,0.04640274717182873,Low
6493,15643121,Chu,753,Germany,Female,35,5,82453.96,2,0,0,18254.75,0,0.06916442702735345,Low
6494,15723671,Lucciano,661,France,Male,35,9,100107.99,1,1,0,83949.68,0,0.08518137644439154,Low
6495,15752846,Pinto,699,France,Male,28,7,0.0,2,1,1,22684.78,0,0.008603573708612497,Low
6496,15640852,McGregor,617,Germany,Female,39,5,83348.89,3,1,0,7953.62,1,0.8453284455041888,High
6497,15789313,Ugorji,595,Germany,Female,44,4,96553.52,2,1,0,143952.24,1,0.3472381062882331,Low
6498,15793688,Bancks,669,France,Male,50,9,201009.64,1,1,0,158032.5,1,0.9338203869750062,High
6499,15770405,Warlow-Davies,613,France,Female,27,5,125167.74,1,1,0,199104.52,0,0.14065645191228437,Low
6500,15702561,Dale,782,France,Male,32,9,0.0,1,1,1,87566.97,0,0.07135792348832003,Low
6501,15625964,Buckley,582,France,Female,43,5,153313.67,1,0,0,170563.73,0,0.3686659174237801,Low
6502,15761364,Nkemjika,679,France,Male,30,9,0.0,2,1,0,157871.55,0,0.017136259034144417,Low
6503,15590286,Fairley,611,France,Female,40,2,125879.29,1,1,0,93203.43,0,0.2409417491448855,Low
6504,15587978,Boothby,455,Germany,Female,37,6,170057.62,1,0,1,54398.56,0,0.11855620432111208,Low
6505,15773242,Chukwuhaenye,621,France,Male,32,1,0.0,2,1,1,168779.47,0,0.011209791821189271,Low
6506,15761053,Lock,596,Germany,Male,48,2,131326.47,1,0,0,1140.02,1,0.8163084228191493,High
6507,15702095,Clarke,585,Spain,Female,56,1,128472.8,1,1,0,186476.91,1,0.8550240942054028,High
6508,15764253,Ramsey,742,France,Male,32,6,160485.16,1,1,0,29023.03,0,0.09554589777955715,Low
6509,15700801,Eipper,850,Germany,Male,42,6,84445.68,3,0,1,60021.34,1,0.8103766175248908,High
6510,15730590,Ko,738,Germany,Female,40,1,115409.18,2,0,0,180456.8,0,0.2686361256709889,Low
6511,15643916,Munro,619,Spain,Male,46,8,62400.48,1,1,1,132498.39,1,0.2982868665235809,Low
6512,15720636,McGregor,628,France,Female,50,4,143054.56,1,0,1,109608.81,1,0.4095639661693875,Low
6513,15795429,Henderson,487,France,Male,24,7,133628.09,2,1,1,98570.01,0,0.025405760983245942,Low
6514,15609254,Fernandez,513,Spain,Female,41,9,107135.04,2,1,1,160546.58,0,0.1254343937666127,Low
6515,15625141,Porter,563,Spain,Male,26,7,0.0,2,0,0,6139.74,0,0.01453029703480161,Low
6516,15810898,Pan,803,France,Female,65,2,151659.52,2,0,1,6930.17,0,0.12507008203505812,Low
6517,15775797,Esposito,607,Spain,Female,32,7,0.0,3,0,1,10674.62,0,0.4596915557013856,Medium
6518,15795246,Kaeppel,628,Germany,Female,51,9,155903.82,2,1,1,71159.84,0,0.31586994076623415,Low
6519,15795275,Lamb,521,Spain,Female,49,4,82940.25,2,0,0,62413.01,1,0.42920893592366605,Low
6520,15571869,Lei,669,Germany,Female,50,4,112650.89,1,0,0,166386.22,1,0.8927242127859526,High
6521,15694143,Conti,686,France,Female,41,10,0.0,1,1,0,133086.45,0,0.4241650078868311,Low
6522,15748231,Hargreaves,700,Germany,Male,35,4,95853.39,2,1,0,192933.37,0,0.07520827432514735,Low
6523,15632185,Yermolayev,663,France,Female,42,1,82228.67,2,1,0,71359.78,0,0.13511655436752218,Low
6524,15806249,Kerr,671,Spain,Female,31,4,0.0,2,0,1,79270.02,0,0.019465098629134456,Low
6525,15743293,Waters,651,Germany,Female,35,1,163700.78,3,1,1,29583.48,1,0.7945200860465396,High
6526,15598157,Onyeorulu,728,France,Male,34,4,106328.08,1,1,0,88680.65,0,0.0799348478809456,Low
6527,15700946,Kolesnikova,574,France,Female,34,7,152992.91,1,1,1,134691.2,0,0.07000519031923376,Low
6528,15722692,Kazakova,464,France,Male,38,3,116439.65,1,1,0,75574.48,0,0.14374500442958477,Low
6529,15696506,MacDonald,604,Spain,Male,27,9,101352.78,1,0,0,30252.3,0,0.07077688459760675,Low
6530,15728823,Sharwood,836,Spain,Female,37,10,0.0,2,1,0,111324.41,0,0.035726362042910985,Low
6531,15808851,Bufkin,511,Germany,Female,75,9,105609.17,1,0,1,105425.18,0,0.07321023626664182,Low
6532,15675231,Nwankwo,518,France,Female,45,8,0.0,2,1,1,36193.07,0,0.06892958553429016,Low
6533,15732299,Boniwell,756,France,Male,67,4,0.0,3,1,1,93081.87,0,0.4665312454942257,Medium
6534,15706269,Willis,489,France,Female,47,8,103894.38,2,1,1,107625.46,0,0.20093299943533174,Low
6535,15590078,Burns,622,Spain,Male,27,9,139834.93,1,1,1,152733.89,0,0.050694793483319664,Low
6536,15776985,Kung,652,France,Female,36,6,112518.71,2,0,1,110421.31,0,0.05736958369505161,Low
6537,15756743,Howells,625,France,Female,37,7,115895.42,1,1,0,48486.25,0,0.17600160947198715,Low
6538,15782364,Bevan,521,Spain,Female,39,3,146408.68,1,0,0,72993.67,0,0.21353885098265404,Low
6539,15604093,Neitenstein,546,France,Male,34,4,165363.31,2,1,1,25744.13,1,0.03517576326094834,Low
6540,15749328,Johnson,697,France,Female,45,1,0.0,2,1,0,46807.62,1,0.12878465621608928,Low
6541,15656322,Sandover,571,Germany,Male,33,3,71843.15,1,1,0,26772.04,0,0.11459217324236738,Low
6542,15685564,Nnamutaezinwa,748,Spain,Male,35,5,105492.53,1,1,1,150057.2,0,0.04653390330846801,Low
6543,15785831,Sinclair,591,France,Male,35,7,183027.25,1,1,1,56028.79,0,0.0967909951101982,Low
6544,15796218,Wei,814,Germany,Male,29,1,131968.57,2,1,1,147693.92,0,0.03369065684018954,Low
6545,15716218,Higgins,709,France,Female,45,3,104118.5,1,0,1,174032.0,0,0.34997842652880623,Low
6546,15572735,Chang,433,Spain,Male,27,2,0.0,2,1,1,153698.65,0,0.012764042881504447,Low
6547,15633840,Henderson,781,France,Male,20,0,125023.1,2,1,1,108301.45,0,0.018884799390228198,Low
6548,15608760,Cox,656,France,Female,30,4,74323.2,1,1,1,22929.08,0,0.08578628083752116,Low
6549,15627848,Tsui,683,France,Male,38,7,109346.13,2,1,0,102665.92,0,0.06124836952331054,Low
6550,15792029,Lee,620,France,Male,32,6,0.0,2,1,0,56139.09,0,0.015783575974910435,Low
6551,15617331,Sergeyeva,637,Germany,Female,39,3,109698.41,1,1,1,88391.29,1,0.2932578413943226,Low
6552,15651740,Napolitani,525,Spain,Female,30,5,0.0,2,0,1,149195.44,0,0.028581497388305087,Low
6553,15636407,Beatham,793,Germany,Female,34,5,127758.09,1,1,0,143357.03,0,0.32888275432597264,Low
6554,15607526,Lu,638,Germany,Male,50,1,102645.48,1,1,0,168359.98,1,0.8329524954022719,High
6555,15632576,Yashina,520,France,Male,31,4,93249.4,1,1,0,77335.75,0,0.08813855887538141,Low
6556,15581505,Bales,641,France,Male,35,5,0.0,2,1,0,93148.93,0,0.01939325674975727,Low
6557,15612207,Hill,840,Germany,Female,51,1,87779.83,1,0,1,36687.11,1,0.5622664810037716,Medium
6558,15707242,Ibeamaka,504,Spain,Male,40,5,0.0,2,0,0,146703.36,0,0.0511281915282856,Low
6559,15721937,Romilly,686,France,Male,38,0,138131.34,1,0,1,115927.85,0,0.07049331880394044,Low
6560,15773852,Hayes,533,Germany,Male,38,4,70362.52,2,1,1,104189.46,0,0.0429837266943415,Low
6561,15719778,Chiu,577,France,Female,32,1,0.0,2,1,0,9902.39,0,0.0258324694486977,Low
6562,15650538,Sun,445,Germany,Female,48,7,168286.58,1,1,0,16645.77,1,0.6527230419204384,Medium
6563,15797475,Brennan,720,France,Male,44,3,86102.27,1,1,0,180134.88,1,0.3703064541107296,Low
6564,15780359,Storey,643,Germany,Male,25,4,115142.9,1,1,1,148098.95,0,0.10338725141064875,Low
6565,15737104,Lawson,652,Germany,Female,47,0,126597.89,2,1,1,38798.79,1,0.41618891287904436,Low
6566,15789936,T'ao,663,France,Female,33,2,0.0,2,1,0,153295.0,0,0.03470917397538041,Low
6567,15709523,Yao,525,Germany,Female,30,0,157989.21,2,1,1,100687.67,0,0.06616889849007165,Low
6568,15593425,Bracewell,662,Spain,Female,54,1,187997.15,1,0,0,111442.71,1,0.9002472903207208,High
6569,15776725,Kerr,724,Germany,Male,54,8,172192.49,1,1,1,136902.01,0,0.21777770542255884,Low
6570,15604706,Blake,581,Germany,Male,38,1,133105.47,1,1,0,105732.9,1,0.3419197768698786,Low
6571,15790958,Sanders,685,Spain,Male,38,4,0.0,2,1,1,35884.91,0,0.017588193820376647,Low
6572,15747534,Torkelson,595,France,Male,46,10,0.0,1,1,0,73489.15,1,0.5550817053318062,Medium
6573,15574237,Hsueh,588,France,Female,21,8,0.0,2,1,1,110114.19,0,0.015292475959816353,Low
6574,15690332,Wang,647,Germany,Male,35,3,192407.97,1,1,1,40145.28,0,0.04127349452741542,Low
6575,15661290,Hightower,785,Germany,Female,38,9,107199.75,1,0,0,146398.51,0,0.44051668020208024,Low
6576,15651883,Genovesi,794,Germany,Female,55,6,115796.7,1,1,0,160526.36,1,0.9396227071625163,High
6577,15808905,Levan,823,France,Male,37,5,164858.18,1,1,1,173516.71,0,0.06481242565979561,Low
6578,15715532,Lai,687,Germany,Male,38,4,117633.28,1,0,1,88396.6,0,0.21220293614240832,Low
6579,15786078,Loginov,850,France,Female,28,9,0.0,2,1,0,185821.41,0,0.03230332151924851,Low
6580,15652401,Lafleur,496,France,Female,36,7,0.0,2,0,0,108098.28,0,0.035220463421664565,Low
6581,15673074,Obidimkpa,527,Germany,Female,30,6,126663.51,1,1,1,162267.91,0,0.20916497572145218,Low
6582,15598744,Ch'ang,576,Germany,Female,71,6,140273.47,1,1,1,193135.25,1,0.17115157562617955,Low
6583,15785975,Mason,525,Spain,Female,60,7,0.0,2,0,1,168034.9,0,0.12045147653221391,Low
6584,15613180,Miranda,727,Germany,Male,21,8,153344.72,1,1,1,163295.87,0,0.06854197552484645,Low
6585,15584229,Simon,671,Germany,Female,23,9,123943.18,1,1,1,159553.27,0,0.1829314533583568,Low
6586,15773804,Golubeva,625,France,Male,39,5,0.0,1,1,0,99800.87,0,0.25527025478138826,Low
6587,15699515,Manfrin,643,Germany,Male,33,7,98630.31,2,1,1,40250.82,0,0.043616833454656556,Low
6588,15705313,Stange,707,France,Female,33,2,58036.33,1,1,1,83335.78,0,0.10060559019452507,Low
6589,15693817,Ferrari,539,Spain,Male,28,5,0.0,2,1,0,48382.4,0,0.016697287138921643,Low
6590,15673790,Taylor,498,Germany,Male,45,7,109200.74,2,0,1,165990.44,0,0.2317836462198094,Low
6591,15674868,Wei,696,Spain,Female,30,0,0.0,2,1,1,9002.8,0,0.027734958529502824,Low
6592,15692110,Ch'eng,758,France,Female,33,7,0.0,1,1,0,188156.34,0,0.27263352610755476,Low
6593,15645904,Parsons,685,France,Female,33,6,0.0,2,0,1,186785.01,0,0.03296793037188093,Low
6594,15581332,Pan,655,Germany,Female,30,1,83173.98,2,1,1,184259.6,0,0.03414148143128962,Low
6595,15808544,Cameron,747,France,Female,40,3,0.0,1,0,0,57817.84,1,0.3827527557894227,Low
6596,15734948,Igwebuike,601,Spain,Male,24,7,0.0,2,0,0,144660.42,0,0.019476805185955844,Low
6597,15654531,Tuan,477,France,Male,22,5,82559.42,2,0,0,163112.9,1,0.04416802363050141,Low
6598,15637774,Fraser,558,France,Male,32,5,73494.21,1,0,0,136301.1,0,0.10307613770332746,Low
6599,15677141,Turnbull,586,Spain,Male,29,2,132450.24,1,1,1,36176.63,0,0.04794306587316238,Low
6600,15739578,Chiazagomekpere,850,France,Male,49,6,128663.9,1,1,0,65769.3,1,0.5776304977567475,Medium
6601,15697360,Yudina,505,France,Female,36,2,79951.9,1,0,1,174123.16,1,0.21366630346999574,Low
6602,15655213,Udinese,591,Germany,Female,51,8,132508.3,1,1,1,161304.68,1,0.6055347593450465,Medium
6603,15580872,Chinweike,761,Germany,Female,38,1,120530.13,2,1,0,109394.62,0,0.17477591801151499,Low
6604,15683213,Bergamaschi,554,France,Female,35,10,74988.59,2,0,1,190155.13,0,0.05975040409281079,Low
6605,15801188,Milliner,774,France,Female,47,6,94722.88,1,0,1,61450.96,0,0.30365426097867454,Low
6606,15645029,Knowles,771,Spain,Female,33,5,0.0,2,1,0,8673.43,0,0.03061277727147438,Low
6607,15633181,Swinton,792,France,Male,31,6,71269.89,2,0,1,125912.77,0,0.017967347360701203,Low
6608,15598259,Gregory,673,Germany,Female,41,9,98612.1,1,1,0,151349.35,0,0.5139858756490241,Medium
6609,15576000,Chibueze,765,France,Male,40,6,138033.55,1,1,1,67972.45,0,0.10258150919404953,Low
6610,15766047,Sukhorukova,748,France,Female,41,2,91621.69,1,1,1,71139.31,0,0.16030935792992806,Low
6611,15596339,French,422,France,Male,54,3,140014.42,1,0,1,86350.97,0,0.35406453081128414,Low
6612,15715199,Estrada,568,Spain,Male,27,5,126815.97,2,0,1,118648.12,0,0.03092138112594571,Low
6613,15615938,Fleming,502,France,Female,64,3,139663.37,1,0,1,100995.11,0,0.16262559616863886,Low
6614,15679991,Kennedy,524,France,Female,28,7,0.0,2,0,1,147100.72,0,0.027128636488884073,Low
6615,15626135,Combes,689,France,Male,34,1,165312.27,1,1,0,155495.63,0,0.0900700697203043,Low
6616,15792934,Carruthers,661,France,Male,26,8,0.0,2,0,0,196875.87,0,0.025580064477849475,Low
6617,15744046,Andrejew,606,Spain,Male,33,8,0.0,2,1,1,63176.77,0,0.010996148771968597,Low
6618,15700826,Ko,678,Germany,Female,54,1,123699.28,2,0,1,105221.76,0,0.3590080784901345,Low
6619,15756301,Daniels,636,Germany,Female,29,3,97325.15,1,0,1,131924.38,0,0.18600730431216408,Low
6620,15586517,Toscano,647,France,Male,32,5,97041.16,1,1,1,23132.73,0,0.04195054634144296,Low
6621,15751297,Wilson,732,France,Male,36,5,0.0,2,1,0,161428.25,0,0.02260037290428349,Low
6622,15710365,Thomson,646,France,Male,50,0,104129.24,2,1,0,181794.86,1,0.4333335036398421,Low
6623,15679307,Kazantseva,559,France,Female,43,1,0.0,1,0,1,86634.3,0,0.3604878584672916,Low
6624,15610753,Cremonesi,581,France,Male,28,3,104367.5,1,1,1,29937.75,0,0.04377101552284785,Low
6625,15811036,Ferri,565,France,Male,46,7,135369.71,1,0,1,140130.22,0,0.22048623982469848,Low
6626,15610912,Ferri,657,Spain,Female,41,6,112119.48,1,1,0,17536.82,0,0.24277226146454306,Low
6627,15619932,Lombardi,847,France,Male,66,7,123760.68,1,0,1,53157.16,0,0.09479321998937038,Low
6628,15746199,Eluemuno,558,France,Female,41,6,0.0,1,1,1,143585.29,1,0.31041785534345523,Low
6629,15584967,Chiganu,596,Spain,Male,57,6,0.0,2,1,1,72402.0,0,0.047950045489994333,Low
6630,15734365,Hsueh,579,France,Male,39,5,0.0,2,0,1,39891.84,0,0.02063471176359692,Low
6631,15726960,O'Brien,741,France,Female,36,3,0.0,2,1,1,89804.83,0,0.022974781098026607,Low
6632,15665177,Booth,613,France,Male,44,3,0.0,2,0,1,136491.72,0,0.05665142829773205,Low
6633,15779915,O'Loghlin,694,Spain,Male,31,5,0.0,1,1,0,35593.18,0,0.15430386961645604,Low
6634,15729110,Lavrov,729,Spain,Female,42,7,0.0,2,1,0,58268.2,1,0.07608452256189696,Low
6635,15575399,Somadina,480,France,Female,42,1,152160.21,2,1,0,101778.9,0,0.15386813352708872,Low
6636,15678374,Colombo,666,France,Female,59,5,0.0,2,1,1,185123.09,0,0.10248049033014782,Low
6637,15792679,Troupe,575,France,Male,24,2,0.0,2,1,1,119927.81,0,0.011369025441684777,Low
6638,15668767,Kenenna,850,France,Male,36,3,0.0,2,1,0,195033.07,0,0.02484323771721196,Low
6639,15761886,Franklin,740,France,Male,36,4,172381.8,1,1,1,86480.29,0,0.08843676176143017,Low
6640,15583076,Deleon,588,Germany,Male,41,6,106116.56,2,1,0,198766.61,0,0.13783221707906015,Low
6641,15815615,Kung,681,France,Male,36,5,141952.07,1,1,1,185144.08,0,0.06134655627348213,Low
6642,15591942,Zito,611,Spain,Female,33,7,0.0,2,1,1,3729.89,0,0.01882807812669658,Low
6643,15724924,Giordano,589,France,Female,37,6,138497.84,1,0,1,18988.58,0,0.10258074941138241,Low
6644,15762123,Davide,717,Spain,Female,34,1,0.0,2,1,0,119313.74,0,0.03145304034563836,Low
6645,15567893,Lei,556,Germany,Male,33,3,124213.36,2,1,0,62627.55,0,0.08516707088130916,Low
6646,15648989,Moss,850,France,Male,37,4,126872.6,1,1,0,197266.58,0,0.11806015061738855,Low
6647,15662021,Lucciano,685,Spain,Female,42,2,0.0,2,0,0,199992.48,0,0.10979163647486377,Low
6648,15691627,Tai,713,France,Female,37,8,0.0,1,1,1,16403.41,0,0.15782841463429412,Low
6649,15731751,Osinachi,437,France,Female,26,1,120923.52,1,0,1,78854.57,0,0.06815485738594643,Low
6650,15635277,Coates,605,Spain,Male,47,7,142643.54,1,1,0,189310.27,0,0.4429643338733314,Low
6651,15655252,Larionova,758,Germany,Male,41,10,79857.64,1,1,1,78088.17,0,0.13544072653220035,Low
6652,15803941,Seleznev,600,France,Male,46,10,95502.21,1,0,0,19842.18,0,0.3690508825439687,Low
6653,15714380,Butcher,827,France,Male,38,5,0.0,2,0,0,103305.01,0,0.02621990601564603,Low
6654,15666559,Gould,608,Germany,Male,23,8,197715.93,2,1,1,116124.28,0,0.013589495774130227,Low
6655,15799998,Cunningham,608,France,Female,30,8,85859.76,1,0,0,142730.27,0,0.16172207023237564,Low
6656,15703763,Sanderson,554,France,Male,44,7,85304.27,1,1,1,58076.52,0,0.18180209629648528,Low
6657,15795640,Mai,683,Germany,Female,35,1,132371.3,2,0,0,186123.57,0,0.1301998242273462,Low
6658,15780056,Reid,660,Spain,Male,33,4,0.0,1,1,0,29664.45,0,0.16238907130778887,Low
6659,15777873,Downer,628,France,Female,31,5,0.0,1,0,0,147963.07,1,0.246805055718281,Low
6660,15584749,Humphries,668,Germany,Male,39,4,79896.0,1,1,0,38466.39,0,0.20844025699546756,Low
6661,15765258,Bochsa,776,France,Female,29,5,0.0,2,1,1,143301.49,0,0.021579719062896907,Low
6662,15623346,Czajkowski,820,France,Male,36,4,0.0,2,1,0,31422.69,0,0.019701712635935183,Low
6663,15614054,Pankhurst,665,France,Male,36,1,0.0,2,0,1,121505.61,0,0.014813506937148493,Low
6664,15766185,She,850,Germany,Male,31,4,146587.3,1,1,1,89874.82,0,0.10912237583385682,Low
6665,15667632,Birdseye,703,France,Female,42,7,0.0,2,0,1,72500.68,0,0.047328233949451626,Low
6666,15599024,Hope,506,Spain,Male,32,8,0.0,2,0,1,182692.8,0,0.019675092350599895,Low
6667,15798709,Gill,588,Spain,Male,32,3,109109.33,1,0,1,4993.94,0,0.0528744672903522,Low
6668,15741921,Moon,622,Spain,Female,26,8,0.0,2,1,1,124964.82,0,0.020326592002871128,Low
6669,15793671,Watt,606,France,Male,34,5,0.0,1,1,0,161971.42,0,0.15828947297511733,Low
6670,15797900,Chinomso,517,France,Male,56,9,142147.32,1,0,0,39488.04,1,0.828786464031384,High
6671,15667932,Bellucci,758,Spain,Female,43,10,0.0,2,1,1,55313.44,0,0.05306450540122609,Low
6672,15795933,Barese,677,France,Female,49,3,0.0,2,1,1,187811.71,0,0.1455661169018116,Low
6673,15660403,Fleming,827,Spain,Female,35,0,0.0,2,0,1,184514.01,0,0.025837639719438425,Low
6674,15736299,Bell,729,France,Female,36,8,109106.8,1,0,0,121311.12,0,0.1419898391365668,Low
6675,15759034,Li Fonti,654,France,Male,36,2,112262.84,1,1,0,12873.39,0,0.11444993500213406,Low
6676,15724663,Christmas,654,Spain,Female,36,5,0.0,2,0,0,157238.05,0,0.04580946328818433,Low
6677,15594556,Chuter,619,Spain,Male,52,8,0.0,2,1,1,123242.11,0,0.07632221861914723,Low
6678,15737169,Johnson,642,Spain,Male,26,8,144238.7,1,1,1,184399.76,0,0.04977893385590061,Low
6679,15632472,Scott,472,Spain,Female,32,1,159397.75,1,0,1,57323.18,0,0.06943259335548507,Low
6680,15722813,Byrne,470,Spain,Male,30,4,125385.01,1,1,0,68293.93,0,0.08888603823637702,Low
6681,15588450,Chukwudi,633,France,Female,60,8,69365.25,1,1,1,10288.24,0,0.2901658686328998,Low
6682,15736717,Ma,602,France,Male,31,7,155271.83,1,1,1,179446.31,0,0.05196724198213364,Low
6683,15680683,Simmons,640,Spain,Male,29,5,197200.04,2,1,0,141453.62,0,0.09140937582753458,Low
6684,15710316,Fang,454,Spain,Female,48,5,144837.79,1,1,1,93151.77,0,0.274496324321193,Low
6685,15746333,Blake,562,France,Female,57,3,0.0,3,1,0,6554.97,1,0.9828713152836086,High
6686,15606861,Tien,636,France,Male,34,8,0.0,2,1,0,38570.13,0,0.015007124747113392,Low
6687,15641285,Yusupova,621,Spain,Male,50,3,163085.79,1,0,1,131048.36,0,0.3386383411178355,Low
6688,15662908,Davidson,795,Germany,Male,38,7,125903.22,2,1,1,127068.92,0,0.07289120388504111,Low
6689,15814267,Zhdanova,550,France,Male,22,6,154377.3,1,1,1,51721.52,0,0.04381068671308175,Low
6690,15614923,Nielson,630,Spain,Male,41,7,107511.52,1,0,1,46156.87,0,0.10793024763865011,Low
6691,15579223,Niu,573,Germany,Male,30,8,127406.5,1,1,0,192950.6,0,0.2171096648679347,Low
6692,15651389,Kay,561,Spain,Male,24,8,143656.55,1,0,1,180932.46,0,0.052003788673158156,Low
6693,15677087,Green,662,France,Female,39,5,138106.75,1,0,0,19596.73,0,0.21259691516143386,Low
6694,15665784,She,637,France,Male,27,9,128940.24,1,1,0,46786.92,0,0.09164674963536842,Low
6695,15576706,Ajuluchukwu,651,Germany,Male,37,9,114453.58,1,0,1,175820.91,0,0.24114794314788635,Low
6696,15615473,Sabbatini,646,France,Female,33,2,0.0,2,0,0,198208.0,0,0.04733906595720727,Low
6697,15587299,Board,567,France,Female,48,3,0.0,1,1,0,55362.45,0,0.7480750052418261,Medium
6698,15655389,Leckie,638,France,Male,41,1,131762.94,1,1,1,47675.29,0,0.12172052361789161,Low
6699,15784491,Ho,725,France,Female,31,6,0.0,1,0,0,61326.43,0,0.18903700100492324,Low
6700,15809999,Gordon,709,France,Female,41,3,150300.65,2,1,0,71672.86,0,0.13736110156438502,Low
6701,15681115,Iroawuchi,787,Spain,Male,39,10,108935.39,1,1,1,101168.3,0,0.06631479506708549,Low
6702,15629390,Liao,653,France,Male,37,7,135847.47,1,1,0,144880.81,0,0.10385812440000292,Low
6703,15792668,Hamilton,661,Germany,Male,37,7,109908.06,2,1,0,115037.67,1,0.09799591674844867,Low
6704,15583863,Chimaobim,681,Germany,Male,49,8,142946.18,1,0,0,187280.51,1,0.7800218738821462,High
6705,15681878,Fan,436,Germany,Male,45,3,104339.11,2,1,1,183540.22,1,0.2466803314056362,Low
6706,15782875,Cayley,663,France,Male,33,5,157274.36,2,1,1,28531.81,0,0.033372875182166736,Low
6707,15732235,Kuykendall,662,France,Male,64,0,98848.19,1,0,1,42730.12,0,0.12011114285988729,Low
6708,15735909,McDonald,607,Germany,Female,39,8,105103.33,1,1,0,104721.5,1,0.3891183082084251,Low
6709,15653448,Duncan,754,France,Male,34,7,0.0,2,1,1,65219.85,0,0.009290617595396247,Low
6710,15587647,Browne,850,Germany,Female,66,0,127120.62,1,0,1,118929.64,1,0.40770850806609554,Low
6711,15701037,Barton,578,France,Male,39,2,0.0,2,1,0,70563.9,0,0.03068955461694408,Low
6712,15727499,Boyle,666,Germany,Female,36,3,129118.5,2,0,0,139435.12,0,0.13685916359468872,Low
6713,15724838,Moretti,599,France,Female,43,4,0.0,1,1,0,170347.1,0,0.5781420199704875,Medium
6714,15666711,Ukaegbulam,586,France,Female,46,0,0.0,3,0,1,131553.82,1,0.8968097576152629,High
6715,15588933,Nwankwo,825,France,Female,36,3,146053.66,1,1,1,138344.7,0,0.07596507535343623,Low
6716,15763111,Niu,808,Spain,Female,67,10,124577.15,1,0,1,169894.4,0,0.12568159587841213,Low
6717,15805676,Hsu,515,Spain,Male,29,4,151012.55,2,1,0,9770.97,0,0.045648686210509826,Low
6718,15586674,Shaw,663,Spain,Female,58,5,216109.88,1,0,1,74176.71,1,0.8187219797068845,High
6719,15744553,Ho,444,France,Male,34,2,144318.97,1,1,0,112668.06,0,0.09107984680115289,Low
6720,15776629,Christie,650,France,Female,39,4,0.0,2,0,0,186275.7,0,0.08099650103217641,Low
6721,15647207,Onwuemelie,609,France,Male,26,7,0.0,2,1,0,98463.99,0,0.01688175772601767,Low
6722,15715638,Ch'ang,824,Germany,Male,77,3,27517.15,2,0,1,2746.41,0,0.009009427727823585,Low
6723,15750602,Clendinnen,662,France,Male,29,5,147092.65,1,1,0,10928.3,0,0.09887629484130965,Low
6724,15766810,Onyemauchechi,699,Germany,Female,51,2,92246.14,2,0,1,91346.03,0,0.3523533314021123,Low
6725,15756625,Crawford,752,France,Female,41,8,0.0,2,1,0,139844.04,1,0.07553425260800584,Low
6726,15639552,Mellor,603,Germany,Female,40,8,148897.02,1,0,0,105052.9,0,0.4088787172674005,Low
6727,15633213,Rizzo,628,Spain,Male,50,8,0.0,1,0,0,144366.83,1,0.781124385930803,High
6728,15610416,Christie,745,France,Female,36,9,0.0,1,1,0,19605.18,1,0.24981182365853313,Low
6729,15715208,Watkins,804,Germany,Female,33,10,138335.96,1,1,1,80483.76,0,0.15938328763890325,Low
6730,15619608,Ojiofor,454,Germany,Female,50,10,92895.56,1,1,0,154344.0,1,0.8750633669820064,High
6731,15628697,Tung,631,Spain,Male,46,9,160736.63,1,0,1,93503.02,0,0.22818697048289174,Low
6732,15643826,McKay,503,France,Male,32,4,0.0,2,1,1,153036.97,0,0.013442207066638723,Low
6733,15718588,Meng,548,France,Female,37,9,0.0,2,0,0,98029.58,0,0.03668117345775243,Low
6734,15709741,Hussain,668,France,Male,28,4,107141.27,1,1,0,193018.71,0,0.08960579743567759,Low
6735,15723318,Mactier,619,France,Female,55,0,0.0,3,0,0,60810.64,1,0.983502188811015,High
6736,15717328,Hsueh,842,France,Female,37,4,132446.08,2,1,0,87071.18,1,0.07270534616804956,Low
6737,15771299,Nnachetam,707,France,Female,57,1,92053.0,1,1,1,164064.44,1,0.3661020778151467,Low
6738,15706223,Barnes,715,Spain,Male,38,2,96798.79,2,1,1,4554.67,0,0.0451644547283377,Low
6739,15612358,Christie,573,Germany,Male,35,9,134498.54,2,1,1,119924.8,0,0.053457780019974026,Low
6740,15769191,Lipton,509,France,Male,55,8,132387.91,2,1,1,170360.11,0,0.116953916723911,Low
6741,15618816,Yu,670,Germany,Female,40,2,147171.2,1,0,1,69850.04,0,0.3638810150364385,Low
6742,15730810,Storey,613,Spain,Male,44,9,100524.69,1,1,1,47298.95,0,0.14983564551772016,Low
6743,15783463,Read,678,France,Female,26,1,0.0,2,1,0,45443.68,0,0.02456463908165345,Low
6744,15616213,Levy,555,Germany,Female,51,9,138214.5,1,1,0,198715.27,1,0.8698774322173601,High
6745,15611287,Chiu,777,France,Female,30,4,0.0,2,0,1,115611.97,0,0.019098972997094562,Low
6746,15786454,Moore,552,Spain,Male,55,3,0.0,1,1,1,40333.94,0,0.34024056397603514,Low
6747,15768682,Amies,640,Spain,Male,39,3,0.0,1,1,1,105997.25,0,0.16994810743850844,Low
6748,15766172,Tsao,541,France,Male,34,3,128743.55,1,1,0,134851.12,0,0.08639410182713554,Low
6749,15637646,Rowley,756,France,Male,31,10,122647.32,1,0,0,61666.87,0,0.08179017324696289,Low
6750,15653404,Aliyev,684,Spain,Female,24,9,79263.9,1,0,1,196574.48,0,0.14744182080872453,Low
6751,15690546,Riley,618,France,Female,42,2,0.0,4,0,0,111097.39,1,0.8992869190542443,High
6752,15735636,Toscano,604,France,Female,53,2,121389.78,1,1,1,48201.64,1,0.3131500518525902,Low
6753,15605424,Oluchukwu,624,Spain,Male,38,7,123906.55,1,1,0,135096.78,0,0.12273384491677927,Low
6754,15568449,Fu,661,Spain,Male,38,7,143006.7,1,1,1,15650.89,0,0.07497852083324959,Low
6755,15688085,Warner,627,Spain,Female,28,3,157597.61,1,0,1,34097.22,0,0.08450468601739552,Low
6756,15683483,Fleming,812,Spain,Male,38,3,127117.8,2,1,1,174822.74,0,0.03780736656803707,Low
6757,15659567,Ch'iu,473,France,Female,39,9,117103.26,2,1,1,85937.52,1,0.07832451111403425,Low
6758,15766667,Langler,717,Spain,Male,36,2,102989.83,2,0,1,49185.57,0,0.0328562069370112,Low
6759,15624975,Angelo,693,Spain,Male,28,1,145118.83,1,0,1,77742.38,0,0.050125553107194416,Low
6760,15660878,T'ien,705,France,Male,92,1,126076.24,2,1,1,34436.83,0,0.01799765260442167,Low
6761,15586557,Milani,661,France,Male,41,5,0.0,1,0,1,88279.6,0,0.19182410391285123,Low
6762,15746183,Pye,573,France,Female,27,4,0.0,2,1,1,157549.6,0,0.024676865533474947,Low
6763,15631457,Asher,639,France,Male,37,5,98186.7,1,0,1,173386.95,0,0.09215549009219029,Low
6764,15754053,Chung,718,France,Female,67,7,0.0,3,1,1,82782.08,0,0.5008768922830189,Medium
6765,15645839,Yudin,570,France,Male,37,6,0.0,1,1,1,187758.5,0,0.16244945785448212,Low
6766,15689955,Arcuri,461,France,Female,40,7,0.0,2,1,0,176547.8,0,0.10147791190299996,Low
6767,15593510,Capon,638,Germany,Female,33,5,129335.65,1,1,1,56585.2,1,0.21649178238220781,Low
6768,15654964,Piccio,608,Spain,Male,48,7,75801.74,1,1,0,125762.95,0,0.5921219227363921,Medium
6769,15594039,Lung,599,Spain,Male,42,6,0.0,2,1,0,113868.4,0,0.05133280850967453,Low
6770,15625929,Trevisan,762,France,Female,44,7,159316.64,1,0,0,24780.13,0,0.38893558562731456,Low
6771,15815295,John,662,France,Female,38,2,96479.81,1,1,0,120259.41,0,0.18734406568577402,Low
6772,15621818,Anayolisa,747,Germany,Male,29,7,117726.33,1,1,1,175398.34,0,0.12789183907274762,Low
6773,15652700,Ritchie,539,France,Male,39,6,0.0,2,1,1,86767.48,0,0.022237394123297224,Low
6774,15636860,Ch'eng,625,France,Male,43,4,122351.29,1,1,0,71216.6,0,0.27880282361995695,Low
6775,15569432,Macleod,656,France,Female,48,9,0.0,2,1,1,85240.61,1,0.09939758617972554,Low
6776,15751455,Boyle,469,France,Female,48,5,0.0,1,1,0,160529.71,1,0.8150690399324385,High
6777,15800583,Chukwuemeka,621,Spain,Female,43,8,0.0,1,0,0,102806.6,0,0.4980263326373341,Medium
6778,15770214,Bryant,754,France,Female,27,7,0.0,2,1,0,144134.64,0,0.036172580334604715,Low
6779,15613463,Hackett,679,Germany,Female,50,6,132598.38,2,1,1,184017.98,0,0.36241669064182547,Low
6780,15587066,Kovaleva,535,France,Male,38,2,119272.29,1,0,0,195896.59,1,0.21376152281540636,Low
6781,15693752,Reed,487,France,Male,37,2,0.0,2,1,1,126722.57,0,0.018725886764498052,Low
6782,15714874,Major,850,France,Female,42,3,0.0,2,1,1,176883.42,0,0.05113083939776728,Low
6783,15657809,Lo,585,France,Male,55,10,106415.57,3,1,1,122960.98,1,0.9492452312583968,High
6784,15651955,Hanson,603,France,Male,31,4,0.0,2,0,1,9607.1,0,0.010549024182850123,Low
6785,15570912,Ogbonnaya,728,Germany,Female,32,9,127772.1,2,1,1,152643.48,0,0.08350321959920141,Low
6786,15640266,Windsor,621,Spain,Male,41,5,104631.67,1,1,1,95551.22,0,0.10248595372290115,Low
6787,15652069,Calabrese,833,France,Male,30,1,0.0,2,1,0,141860.62,0,0.014292811194267037,Low
6788,15596074,Keating,502,France,Male,37,10,0.0,1,1,1,76642.68,0,0.11401501870807905,Low
6789,15800268,Costa,825,Germany,Male,37,6,118050.79,1,0,1,52301.15,0,0.21510568036346536,Low
6790,15809847,Tan,668,France,Male,46,0,0.0,2,0,0,29388.02,0,0.10699533119085751,Low
6791,15599074,Ma,487,Spain,Female,40,6,136093.74,1,0,1,193408.43,0,0.13668061914663412,Low
6792,15599591,Martin,600,Germany,Female,39,7,88477.36,2,1,0,58632.37,0,0.12040210833763847,Low
6793,15776096,Halpern,606,Spain,Male,34,3,161572.24,1,0,1,191076.22,0,0.06591577981837062,Low
6794,15611669,Nyhan,623,Germany,Male,50,7,126608.37,1,0,1,645.61,1,0.6479247097412079,Medium
6795,15694098,Jackson,575,France,Female,54,9,68332.96,1,1,1,144390.75,0,0.4064538142618358,Low
6796,15713347,Reynolds,577,Spain,Male,48,6,179852.26,1,1,0,193580.32,0,0.6042395218933561,Medium
6797,15713094,Tai,651,France,Female,25,8,0.0,2,1,1,126761.2,0,0.016571061254018072,Low
6798,15811978,Trevisani,693,Germany,Male,46,2,104763.41,1,1,1,62368.33,0,0.4685904772971152,Medium
6799,15799925,Uwakwe,800,France,Male,60,6,88541.57,2,1,1,131718.12,0,0.10366048649132033,Low
6800,15692575,Kerr,760,France,Male,38,6,162888.73,1,1,0,91098.76,1,0.14788142565797996,Low
6801,15743149,Findlay,711,France,Female,35,8,0.0,1,1,1,67508.01,0,0.12783006417055118,Low
6802,15776947,Ugorji,637,Spain,Male,43,8,0.0,1,1,0,12156.93,1,0.41800486927684016,Low
6803,15700656,Balashova,662,France,Male,32,9,0.0,2,0,0,65089.38,0,0.01374841778631074,Low
6804,15594515,Cheng,568,France,Female,44,7,0.0,2,0,0,62370.67,1,0.08690479638317006,Low
6805,15787884,Martin,692,France,Female,30,7,0.0,2,1,1,18826.34,0,0.015676213331154317,Low
6806,15577988,Skinner,614,France,Female,35,1,0.0,2,1,1,3342.62,0,0.024361125840172047,Low
6807,15795586,McDonald,478,France,Male,35,1,92474.05,1,1,0,178626.07,0,0.13306194906400778,Low
6808,15677739,Dellucci,562,France,Male,36,6,0.0,2,1,0,32845.32,0,0.017437751324797576,Low
6809,15720134,Reynolds,709,Germany,Male,30,9,115479.48,2,1,1,134732.99,0,0.04365990408584622,Low
6810,15688868,Birdsall,684,France,Female,26,5,87098.91,1,0,0,106095.82,0,0.12871879110754145,Low
6811,15642996,Tsai,546,Germany,Female,42,9,86351.85,2,1,0,57380.13,0,0.1590702077844417,Low
6812,15771222,Oguejiofor,779,France,Female,42,5,0.0,2,0,0,25951.91,0,0.07072210081589937,Low
6813,15605059,Mackie,576,Germany,Male,63,3,148843.56,1,1,0,69414.13,1,0.9296073113064688,High
6814,15568088,Jamieson,481,Germany,Male,44,3,163714.52,1,1,0,96123.72,0,0.47778859243926824,Medium
6815,15665943,Mai,445,France,Male,25,6,0.0,2,1,0,119425.94,0,0.016442444769001897,Low
6816,15795571,Patterson,606,Spain,Male,36,0,94153.56,1,0,1,120138.27,0,0.06797923966802485,Low
6817,15662243,Taylor,559,France,Male,50,5,162702.35,1,0,0,150548.5,1,0.6709161446062849,Medium
6818,15593128,Vinogradoff,608,France,Female,56,10,129255.2,2,1,0,142492.04,1,0.80569507442358,High
6819,15589739,North,698,France,Male,41,3,90605.29,1,1,1,14357.0,0,0.1167658336961589,Low
6820,15787602,Carter,568,Spain,Male,39,5,0.0,2,1,1,129569.92,0,0.022544337949601027,Low
6821,15685019,Graham,528,France,Male,29,3,102787.42,1,1,0,55972.56,0,0.08597566989138532,Low
6822,15704209,Noble,802,France,Female,39,7,120145.96,2,0,1,59497.01,1,0.08382410801760988,Low
6823,15605264,Walker,669,Germany,Male,47,0,63723.78,2,1,1,181928.25,0,0.12489590702184292,Low
6824,15708265,Chibugo,581,Spain,Female,24,10,159203.71,1,1,1,102517.83,1,0.08126189574435663,Low
6825,15740264,Yobachi,640,France,Male,38,9,0.0,2,1,0,88827.67,0,0.025950413384402585,Low
6826,15615477,Ignatyeva,529,Spain,Female,44,1,0.0,2,0,0,14161.3,0,0.12255670600535701,Low
6827,15727361,Chiemela,547,France,Female,51,1,0.0,2,1,1,56908.41,0,0.11813363783122595,Low
6828,15760216,Pokrovskaya,718,France,Female,49,10,0.0,1,1,0,184474.72,1,0.8342656772539174,High
6829,15806134,Storey,707,Germany,Male,34,9,162691.16,2,1,0,94912.78,0,0.06243453474623937,Low
6830,15601351,Moroney,735,France,Male,43,9,127806.91,1,1,1,73069.59,0,0.13550529100697994,Low
6831,15669262,Maslov,765,France,Male,43,9,157960.49,2,0,0,136602.8,0,0.14446671566978744,Low
6832,15696989,Chukwueloka,469,Germany,Female,52,8,139493.25,3,0,0,150093.32,1,0.9926953076179028,High
6833,15688498,Chu,594,Germany,Female,21,2,87096.82,2,1,0,168186.11,0,0.06277351772783679,Low
6834,15686964,Spence,675,France,Female,34,10,84944.58,1,0,0,146230.63,0,0.17222811556143033,Low
6835,15625035,Mills,703,France,Male,50,8,160139.59,2,1,1,79314.1,0,0.16390672508963125,Low
6836,15618391,Doyle,810,France,Male,33,6,0.0,2,1,1,77965.67,0,0.009530649711851968,Low
6837,15591344,Donnelly,715,Spain,Male,42,6,0.0,2,1,1,128745.69,0,0.030360880278542716,Low
6838,15605455,Tai,664,France,Male,40,9,0.0,2,1,0,194767.3,0,0.04870698262014611,Low
6839,15680804,Abbott,850,France,Male,29,6,0.0,2,1,1,10672.54,0,0.009371888646157756,Low
6840,15768282,Perez,724,Germany,Male,36,6,94615.11,2,1,1,10627.21,0,0.048459280804648876,Low
6841,15685826,Hsiung,563,France,Male,30,7,90727.79,1,1,0,122268.75,0,0.0782133747615553,Low
6842,15793491,Cherkasova,714,Germany,Male,26,3,119545.48,2,1,0,65482.94,0,0.0820801355075174,Low
6843,15797787,Denisov,614,France,Male,36,1,118311.76,1,1,0,146134.68,0,0.10204765903452456,Low
6844,15611171,Fowler,740,France,Male,33,1,129574.98,1,1,1,123300.38,0,0.04029846256771328,Low
6845,15601627,Siciliano,587,France,Male,33,8,148163.57,1,0,0,122925.4,0,0.07954168946687944,Low
6846,15734085,Crocker,465,Germany,Male,24,5,117154.9,1,1,1,127744.02,0,0.10677255994068807,Low
6847,15809309,Longo,689,Spain,Female,40,5,154251.67,1,0,1,118319.5,0,0.15751523055683758,Low
6848,15809462,Polyakova,656,France,Male,30,3,0.0,2,0,1,17104.0,0,0.010897686573647042,Low
6849,15634628,Brown,579,France,Female,33,1,65667.79,2,0,0,164608.98,0,0.05648035618019356,Low
6850,15775678,Uspensky,716,France,Female,44,1,0.0,1,1,1,152108.47,0,0.3870994865579151,Low
6851,15579526,O'Meara,551,France,Male,42,1,50194.59,1,1,1,23399.58,0,0.23256241233213218,Low
6852,15779103,Cantamessa,527,Germany,Female,39,9,96748.89,2,1,0,94711.43,0,0.17043850418293732,Low
6853,15738715,Alexander,600,France,Female,37,4,0.0,3,1,0,7312.25,1,0.6217574593549374,Medium
6854,15593943,Chinagorom,685,France,Female,43,1,132667.17,1,1,1,41876.98,0,0.22303859347450009,Low
6855,15754574,Tomlinson,738,Spain,Male,36,5,0.0,2,1,1,96881.32,0,0.013419599604326812,Low
6856,15737814,Lo,622,France,Male,41,2,127087.06,1,1,0,102402.91,1,0.1935338621271034,Low
6857,15670889,Nwachukwu,528,France,Male,34,1,125566.9,1,1,1,176763.27,0,0.060062039221908295,Low
6858,15629299,Yang,546,Germany,Female,52,1,106074.89,1,1,1,23548.45,1,0.6825450573493579,Medium
6859,15771569,Bage,576,Germany,Male,46,4,137367.94,1,1,1,33450.11,0,0.4870564659935205,Medium
6860,15811927,Marcelo,733,France,Female,38,3,157658.36,1,0,0,19658.43,0,0.19238583607336054,Low
6861,15785654,Ofodile,727,Germany,Male,45,6,114422.85,2,1,1,104678.78,1,0.21695626718594413,Low
6862,15665524,Savage,605,Spain,Male,41,5,103154.66,1,0,0,143203.78,0,0.19611845110512152,Low
6863,15736287,Piccio,586,France,Male,33,9,0.0,1,1,0,6975.02,0,0.1291938247335624,Low
6864,15765732,Simmons,564,Spain,Female,24,6,149592.14,1,1,1,153771.8,0,0.07951756883399654,Low
6865,15797381,DeRose,593,Germany,Female,48,3,133903.12,2,1,1,85902.39,1,0.3140755238924718,Low
6866,15598536,Onuchukwu,736,Germany,Female,26,0,84587.9,1,0,1,188037.76,0,0.10599251156445777,Low
6867,15664506,Goodwin,675,Spain,Male,32,8,197436.82,1,1,1,52710.7,0,0.10902571526719143,Low
6868,15575619,Teakle,656,Spain,Female,32,1,104254.27,1,1,1,17034.37,0,0.07300154944880924,Low
6869,15587394,Thomson,462,France,Male,39,4,140133.08,2,0,0,131304.45,0,0.07808922876178877,Low
6870,15654457,Cross,685,Spain,Female,30,2,0.0,3,1,1,172576.43,1,0.5250600220368814,Medium
6871,15762793,Jones,850,Germany,Female,36,0,136980.23,2,1,1,99019.65,0,0.07059247189864272,Low
6872,15658067,Walker,636,Germany,Female,48,3,120568.41,1,1,0,190160.04,1,0.8464984175293051,High
6873,15642816,De Salis,850,France,Female,27,7,43658.33,2,1,1,3025.49,0,0.015571292059528327,Low
6874,15693088,Oliver,628,France,Female,37,9,0.0,2,1,1,34689.77,0,0.022658946778347507,Low
6875,15793883,Lo Duca,798,France,Male,28,3,0.0,2,1,0,2305.27,0,0.013548952678259613,Low
6876,15665283,Brookes,610,France,Female,57,7,72092.95,4,0,1,113228.82,1,0.9762800244657163,High
6877,15680421,Challis,591,France,Female,42,10,0.0,2,0,0,171099.22,0,0.1325481247329539,Low
6878,15695148,Ibeabuchi,614,Spain,Female,37,9,0.0,2,1,1,62023.1,0,0.027167421220513552,Low
6879,15636592,Iroawuchi,651,France,Male,35,0,181821.96,2,0,1,36923.67,1,0.06690077861717882,Low
6880,15772618,Tyler,665,France,Male,25,7,90920.75,1,0,1,112256.57,0,0.040213400691839304,Low
6881,15724453,Fan,570,France,Male,23,2,0.0,1,0,0,198830.98,0,0.25221372186318697,Low
6882,15565878,Bates,631,Spain,Male,29,3,0.0,2,1,1,197963.46,0,0.013406310727590675,Low
6883,15609160,Marsden,586,France,Male,32,1,0.0,2,0,0,31635.99,0,0.013613394519594677,Low
6884,15678460,Dodgshun,691,France,Male,30,9,0.0,1,1,0,49594.02,0,0.12803465309239837,Low
6885,15662571,Maclean,639,France,Male,35,8,0.0,2,1,0,170483.9,0,0.020519797125819295,Low
6886,15606849,Blackall,698,France,Female,27,1,94920.71,1,1,1,40339.9,0,0.06065916363585866,Low
6887,15670738,Mazzanti,733,Germany,Male,45,2,113939.36,2,1,0,3218.71,0,0.35181281463540875,Low
6888,15662641,Amadi,850,France,Male,19,8,0.0,1,1,1,68569.89,0,0.060172333148941416,Low
6889,15727539,Schoenheimer,618,France,Female,31,4,0.0,2,1,0,29176.04,0,0.027754471853790045,Low
6890,15651020,Fiorentino,473,France,Female,25,6,110666.42,2,0,0,46758.42,0,0.05180519164182243,Low
6891,15673877,Murray,490,France,Male,39,1,0.0,3,1,0,171060.01,1,0.7403571148576075,Medium
6892,15760865,Fan,754,Germany,Female,48,7,141819.02,1,1,0,93550.53,1,0.7966649928408466,High
6893,15705009,Cartwright,649,France,Female,56,8,156974.26,1,1,0,89405.26,1,0.8668527726412288,High
6894,15657540,Cremonesi,578,France,Male,50,5,151215.34,2,1,0,169804.4,0,0.41498440063552067,Low
6895,15707441,White,690,Spain,Male,26,8,116318.23,1,1,1,83253.05,0,0.041143509976320984,Low
6896,15694765,Sabbatini,610,Germany,Male,49,6,113882.33,1,1,0,195813.81,1,0.8196756115204434,High
6897,15649086,Patterson,596,France,Male,42,7,0.0,2,1,1,121568.37,0,0.03292539298536872,Low
6898,15650488,Bromley,492,France,Female,48,6,127253.98,1,1,1,92144.09,1,0.30081081732846665,Low
6899,15760924,Doherty,575,Spain,Male,41,2,100062.39,1,0,0,126307.25,0,0.18832451311808435,Low
6900,15700263,Ifeatu,569,France,Male,66,2,0.0,1,1,0,130784.2,1,0.8223272842343088,High
6901,15806922,Bergamaschi,674,Spain,Female,41,4,126605.14,1,1,1,166694.93,0,0.1664262484915484,Low
6902,15637522,Shubina,507,France,Female,31,0,106942.08,1,0,1,44001.11,0,0.07136536241641224,Low
6903,15636548,Lung,457,Spain,Male,44,7,0.0,2,0,0,185992.36,0,0.11987755863061672,Low
6904,15566891,Kinder,584,Germany,Female,41,3,88594.93,1,1,0,178997.89,0,0.48571750131995367,Medium
6905,15627185,Terry,744,Germany,Male,29,6,123737.04,2,1,0,141558.04,0,0.07389210214288111,Low
6906,15754012,Shepherdson,687,France,Female,35,1,110752.15,2,1,1,47921.22,0,0.05460214194683357,Low
6907,15627514,Short,688,Spain,Female,46,3,0.0,2,0,1,104902.68,0,0.090935787155241,Low
6908,15661433,Zetticci,519,France,Male,34,5,0.0,1,1,0,68479.6,0,0.15292584198853773,Low
6909,15610653,Belov,733,Spain,Female,38,5,0.0,2,1,1,1271.51,0,0.02403105731299153,Low
6910,15667002,Knight,666,Spain,Male,43,5,0.0,2,1,0,29346.1,0,0.05603888216030824,Low
6911,15709199,Burson,511,Spain,Female,40,1,0.0,1,1,1,184118.73,0,0.36947877847829186,Low
6912,15710087,Nicholls,705,Germany,Female,54,3,125889.3,3,1,0,96013.5,1,0.9941123814012628,High
6913,15679884,Hs?eh,544,France,Male,48,10,78314.63,3,1,1,103713.93,1,0.9397487908465478,High
6914,15784180,Ku,564,France,Female,36,7,206329.65,1,1,1,46632.87,1,0.29282238406425676,Low
6915,15808849,T'ien,702,France,Male,40,7,145536.9,1,0,1,135334.24,0,0.10210905974470712,Low
6916,15751549,H?,658,Germany,Male,31,2,77082.65,2,0,0,13482.28,0,0.03254770081916124,Low
6917,15588235,Vasilieva,654,France,Female,24,8,145081.73,1,1,1,130075.07,0,0.07200227769135215,Low
6918,15640418,Omeokachie,649,Germany,Female,41,4,115897.73,1,1,0,143544.48,0,0.5114450188809438,Medium
6919,15721116,Napolitano,597,Spain,Male,24,0,108058.07,2,1,1,187826.11,0,0.029012542315865718,Low
6920,15599084,Hopwood,782,France,Male,33,7,191523.09,1,1,1,167058.75,0,0.10008028072506736,Low
6921,15773394,Bergamaschi,644,France,Male,38,3,0.0,2,1,1,79928.41,0,0.01871508907063529,Low
6922,15625713,Lindeman,679,Spain,Female,39,7,91187.9,1,0,1,6075.36,0,0.13358843264847356,Low
6923,15766417,McKinley,678,France,Female,60,2,0.0,2,1,1,43821.56,0,0.06718352312839984,Low
6924,15622578,Sergeyev,806,France,Male,34,5,113958.55,1,0,1,32125.98,0,0.052959012717421296,Low
6925,15799924,Sanchez,668,Spain,Male,43,1,147167.25,1,0,0,141679.73,0,0.2441150924944002,Low
6926,15618363,Muomelu,659,Germany,Male,29,9,82916.48,1,1,1,84133.48,0,0.06783149760113089,Low
6927,15637138,Murray,660,France,Male,34,1,0.0,2,1,0,9692.58,0,0.016065551434432394,Low
6928,15781665,Ibekwe,601,France,Female,37,5,0.0,1,0,0,20708.6,0,0.24707746264803182,Low
6929,15804853,McVey,781,France,Female,48,0,57098.96,1,1,0,85644.06,1,0.7367671628423881,Medium
6930,15651627,White,628,Germany,Male,39,1,115341.19,1,1,1,107674.3,1,0.27833068441363656,Low
6931,15680685,Patterson,751,France,Male,30,3,165257.2,1,0,0,134822.05,0,0.0918508594693596,Low
6932,15808930,Mai,531,France,Female,37,1,0.0,1,1,0,4606.97,0,0.2981971469934121,Low
6933,15570970,Han,647,France,Female,42,9,0.0,2,1,1,51362.82,0,0.04601316343571779,Low
6934,15679961,Davidson,708,Spain,Male,46,7,68799.72,1,1,1,39704.14,0,0.24280680587453188,Low
6935,15705458,Parkin,550,Spain,Male,39,2,116120.19,2,1,1,195638.13,0,0.05061089566595974,Low
6936,15750396,McKissick,670,France,Male,33,1,0.0,2,1,1,86413.11,0,0.010486566068991402,Low
6937,15679928,Horsfall,592,France,Female,31,2,84102.11,2,0,1,116385.24,0,0.039552898177813656,Low
6938,15711181,Clapp,589,France,Female,50,4,0.0,2,0,1,182076.97,0,0.2159745038427543,Low
6939,15698324,Azikiwe,725,France,Female,33,4,0.0,1,1,1,67879.8,0,0.11816086984835479,Low
6940,15807433,Zubarev,570,France,Female,43,9,0.0,2,0,1,11417.26,0,0.05503444234777095,Low
6941,15636590,Pisano,575,France,Male,46,1,0.0,2,1,1,65998.26,0,0.06030263615449031,Low
6942,15628950,Coates,501,Germany,Male,25,6,104013.79,1,1,0,114774.35,0,0.17620825866668882,Low
6943,15617206,Trentino,431,Germany,Male,42,8,120822.86,2,1,0,126153.24,0,0.18142481018643855,Low
6944,15603741,MacDonnell,719,Spain,Male,40,4,128389.12,1,1,1,176091.31,0,0.10081384070872998,Low
6945,15742607,Ermakov,850,Germany,Male,36,7,102800.72,1,1,1,87352.43,0,0.14219013487228968,Low
6946,15747821,K?,554,Germany,Female,31,6,135470.9,1,1,0,107074.81,0,0.26300340693329616,Low
6947,15612043,Hammonds,418,France,Male,36,7,90145.04,1,1,1,69157.93,0,0.045295395426489964,Low
6948,15809558,Peppin,715,Spain,Male,31,7,0.0,1,1,1,149970.59,0,0.08144607488046178,Low
6949,15803750,Ball,750,Spain,Female,33,3,161801.47,1,0,1,153288.97,1,0.11025790199214497,Low
6950,15704681,Yeh,766,Germany,Male,37,2,99660.13,2,0,1,147700.78,0,0.06363146484343687,Low
6951,15667392,L?,652,Spain,Female,38,6,123081.84,2,1,1,188657.97,0,0.08078228098876682,Low
6952,15738889,Shih,658,France,Male,42,8,102870.93,1,0,1,103764.55,1,0.12344891162230145,Low
6953,15598838,Greco,659,France,Female,37,1,151105.68,1,1,1,140934.57,0,0.08734316187867647,Low
6954,15579109,Napolitano,574,Germany,Male,35,5,163856.76,1,1,1,15118.2,0,0.10944489507572872,Low
6955,15799042,Zaytseva,611,France,Male,38,7,0.0,1,1,1,63202.0,0,0.1261114623885449,Low
6956,15697042,Genovesi,738,Spain,Male,35,8,127290.61,1,1,0,16081.62,0,0.09759155714060185,Low
6957,15696605,Angelo,571,France,Male,49,4,180614.04,1,0,0,523.0,0,0.6238947902240186,Medium
6958,15802274,Waters,686,France,Female,44,7,55053.62,1,1,0,181757.19,0,0.5545813230058911,Medium
6959,15596808,Maclean,679,Spain,Male,33,4,96110.22,1,1,0,1173.23,0,0.09495136015430951,Low
6960,15705403,Seleznyova,617,Spain,Female,46,3,106521.49,1,0,1,86587.37,0,0.29037250980201745,Low
6961,15732903,Fontenot,673,France,Male,39,7,82255.51,2,1,0,109545.56,0,0.057697451267177555,Low
6962,15581968,Reid,745,France,Female,33,1,0.0,2,1,1,174431.01,0,0.02027060629529935,Low
6963,15683892,Fraser,677,Germany,Female,26,3,102395.79,1,1,0,119368.99,0,0.263823324901272,Low
6964,15595447,Tuan,613,Spain,Male,39,8,118201.41,1,1,0,23315.59,0,0.14678891000250852,Low
6965,15569249,Howarth,576,France,Female,55,6,44582.07,3,0,1,67539.85,1,0.8986600519285867,High
6966,15656188,Davis,584,Spain,Female,30,5,0.0,2,1,1,185201.58,0,0.025500860747035517,Low
6967,15689661,Gorbunov,663,France,Male,22,6,0.0,2,0,1,131827.15,0,0.0114904560067342,Low
6968,15644934,Gentry,466,France,Male,26,9,105522.06,1,1,0,10842.46,0,0.07179577163346794,Low
6969,15721793,Chiu,510,Germany,Female,50,7,123936.54,1,1,1,23768.01,0,0.6250999421205201,Medium
6970,15687413,Sunderland,619,Spain,Female,38,6,0.0,2,1,1,117616.29,0,0.033450660603175586,Low
6971,15761286,Fan,696,Germany,Female,66,7,119499.42,2,1,1,174027.3,0,0.1464678892022553,Low
6972,15658240,Parry,554,France,Female,44,9,135814.7,2,0,0,115091.38,0,0.21843415483849563,Low
6973,15706232,Niu,595,France,Male,52,9,0.0,1,1,1,106340.66,1,0.388480543902872,Low
6974,15583394,Zuyev,659,Germany,Male,39,8,106259.63,2,1,1,198103.32,0,0.07382964632311444,Low
6975,15715643,Ijendu,662,France,Male,44,8,0.0,2,1,1,175314.87,0,0.04462773858521205,Low
6976,15644856,Bird,556,Spain,Male,38,2,115463.16,1,1,0,150679.65,0,0.13277879364519413,Low
6977,15785488,Palmer,701,Spain,Female,39,9,0.0,2,1,1,110043.88,0,0.033145937220389485,Low
6978,15711571,Y?,587,Spain,Male,42,5,120233.83,1,1,0,194890.33,0,0.22657859639952302,Low
6979,15778604,Nicholson,571,France,Female,47,7,0.0,2,0,0,112366.98,0,0.1945252375302203,Low
6980,15751180,Adams,539,France,Female,40,7,81132.21,1,1,0,167289.82,0,0.36023835822920874,Low
6981,15748360,Cocci,644,Germany,Female,34,10,122196.99,2,1,1,182099.71,0,0.08845718475940514,Low
6982,15770039,Kuo,572,Germany,Male,39,4,112290.22,1,1,0,49373.97,1,0.3906304274904277,Low
6983,15685096,Trevisani,753,France,Female,50,4,0.0,2,1,1,861.4,0,0.08966266759054387,Low
6984,15669501,Kuo,706,France,Male,35,5,0.0,2,1,1,81718.37,0,0.011474756174725625,Low
6985,15622631,H?,588,France,Male,44,8,154409.74,1,1,0,49324.03,1,0.27859669154291467,Low
6986,15586699,Thomson,825,France,Male,32,9,0.0,2,0,0,9751.03,0,0.01295095097204224,Low
6987,15702377,Knorr,627,Spain,Male,48,1,132759.8,1,1,0,78899.22,0,0.5047327411097954,Medium
6988,15577170,Manfrin,532,France,Male,60,5,76705.87,2,0,1,13889.73,0,0.09017252059792312,Low
6989,15769451,Hayes,764,France,Female,44,1,0.0,2,1,1,11467.38,0,0.07282320780340067,Low
6990,15811877,Shao,700,France,Female,36,4,0.0,2,1,0,130789.15,0,0.03762945144405114,Low
6991,15648725,Sinclair,660,France,Male,41,3,0.0,2,1,1,108665.89,0,0.02848962671510468,Low
6992,15752801,Bradshaw,518,Germany,Male,29,9,125961.74,2,1,0,160303.08,1,0.07711357727033594,Low
6993,15808175,Castiglione,557,France,Female,39,7,49572.73,1,1,0,115287.99,1,0.30168000804889533,Low
6994,15681342,Hurst,639,France,Female,35,1,103015.12,2,1,1,139094.12,0,0.049753139838483,Low
6995,15589210,Adamson,557,France,Female,24,4,0.0,1,0,0,20515.72,0,0.18316901605407288,Low
6996,15696826,James,633,France,Female,32,1,104001.38,1,0,1,36642.65,0,0.07391773383733852,Low
6997,15614962,Pavlova,623,Spain,Female,50,2,87116.71,1,1,1,104382.11,0,0.3779580371396714,Low
6998,15689061,Davey,611,France,Male,68,5,82547.11,2,1,1,146448.01,0,0.0318319797367048,Low
6999,15640074,Barrett,666,Spain,Female,47,5,0.0,1,0,0,166650.9,1,0.7904934430798323,High
7000,15776156,Dolgorukova,521,France,Male,27,4,121325.84,1,1,1,164223.7,1,0.05173109622002027,Low
7001,15739548,Johnson,775,France,Male,28,9,111167.7,1,1,0,149331.01,0,0.07632410232161696,Low
7002,15662854,Manna,681,Germany,Male,48,5,139714.4,2,0,0,73066.72,0,0.44853085760575384,Low
7003,15687688,Hou,564,Germany,Female,32,10,139875.2,2,1,0,15378.23,0,0.10264946289807098,Low
7004,15715750,Okeke,646,Germany,Female,44,2,113063.83,1,0,0,53072.49,1,0.6623269744740642,Medium
7005,15571121,Kodilinyechukwu,670,France,Female,50,8,138340.06,1,0,1,3159.15,0,0.37541778504238515,Low
7006,15726466,Esposito,751,France,Male,43,1,114974.24,1,1,0,125920.54,0,0.25117980754522196,Low
7007,15660390,Boyle,544,France,Female,33,6,0.0,2,1,1,124113.04,0,0.019331193448873758,Low
7008,15663942,Hsiung,639,France,Female,38,5,0.0,2,0,0,93716.38,0,0.04009149593391067,Low
7009,15638610,Kennedy,635,Germany,Female,65,5,117325.54,1,1,0,155799.86,1,0.9163134404401309,High
7010,15644446,Norton,672,France,Female,28,6,0.0,1,0,1,8814.69,0,0.1162061811307118,Low
7011,15585892,Zakharov,639,France,Female,35,8,0.0,1,0,0,164453.98,0,0.2873352672177917,Low
7012,15609356,Chimaraoke,697,France,Female,25,1,0.0,2,0,0,87803.32,0,0.023731458768566176,Low
7013,15803378,Small,850,Spain,Male,44,8,0.0,2,1,1,183617.32,0,0.04191280436392273,Low
7014,15599440,McGregor,748,France,Female,34,8,0.0,2,1,0,53584.03,0,0.027326759870274896,Low
7015,15692408,Brown,463,Spain,Female,35,2,0.0,2,1,1,1950.93,0,0.021849745711342697,Low
7016,15683168,Frederickson,572,France,Female,30,6,0.0,1,0,1,175025.27,0,0.19654356648007532,Low
7017,15790254,Wood,741,Spain,Male,50,1,78737.61,1,1,1,13018.96,0,0.3666933916754293,Low
7018,15767729,Smith,646,Spain,Male,25,5,182876.88,2,1,1,42537.59,1,0.05141144675133178,Low
7019,15768600,Harris,805,Germany,Male,50,9,130023.38,1,1,0,62989.82,1,0.8309811220401715,High
7020,15699839,Hall,637,France,Male,36,2,152606.82,1,1,1,71692.8,0,0.05885845534359063,Low
7021,15786237,Pickworth,651,France,Male,28,7,0.0,2,1,0,823.96,0,0.013929707715518668,Low
7022,15694530,Porter,672,France,Male,28,4,167268.98,1,1,1,169469.3,0,0.061470013445726245,Low
7023,15796813,Storey,493,France,Male,54,3,167831.88,2,1,0,150159.95,1,0.7042098856387189,Medium
7024,15605791,Li,524,Germany,Male,29,9,144287.6,2,1,0,32063.3,0,0.07505208490897577,Low
7025,15714087,McGill,624,Germany,Female,45,5,151855.33,1,1,0,68794.15,0,0.6479002115559821,Medium
7026,15711446,Sinclair,569,Spain,Female,51,3,0.0,3,1,0,75084.96,1,0.9597525398738135,High
7027,15588123,Horton,677,France,Female,27,2,0.0,2,0,1,114685.92,0,0.019916893970543813,Low
7028,15748552,Sal,464,Germany,Male,37,4,155994.15,1,0,0,143665.44,0,0.23355161072747607,Low
7029,15618410,Murray,718,Germany,Male,26,7,147527.03,1,0,0,51099.56,0,0.2164278118430339,Low
7030,15672432,Giles,594,France,Female,53,4,0.0,1,1,0,5408.74,1,0.8630062108795498,High
7031,15610042,Brown,574,France,Male,33,8,100267.03,1,1,0,103006.27,0,0.07313372338022463,Low
7032,15580914,Okechukwu,478,Spain,Male,48,0,83287.05,2,0,1,44147.95,1,0.21408193755436059,Low
7033,15583680,White,615,Spain,Male,41,4,0.0,1,0,1,149278.96,0,0.2504169094351771,Low
7034,15813718,Kirillova,651,Spain,Male,45,4,0.0,2,0,0,193009.21,0,0.13518448033437133,Low
7035,15767264,Lawson,465,Germany,Male,53,1,117438.17,1,0,0,74898.8,1,0.8982790142020368,High
7036,15686461,Sarratt,558,France,Female,56,7,121235.05,2,1,1,116253.1,0,0.17848138653805593,Low
7037,15678882,Hay,540,Germany,Male,37,3,129965.18,1,0,0,19374.08,0,0.3250595287631634,Low
7038,15789611,Lin,568,Germany,Male,46,8,150836.92,1,0,0,64516.8,1,0.6360105600665561,Medium
7039,15668679,Ozerova,630,France,Male,31,0,0.0,2,1,1,34475.14,0,0.010266198060205579,Low
7040,15631685,Lambert,523,Germany,Male,60,1,163894.35,1,0,1,57061.71,0,0.3614761962308953,Low
7041,15655658,Bulgakov,678,France,Female,48,2,0.0,2,1,1,32301.88,0,0.09319557024232342,Low
7042,15753591,He,438,France,Male,38,2,0.0,2,1,0,136859.55,0,0.03303940183361833,Low
7043,15617348,Uchechukwu,544,France,Male,44,1,0.0,2,0,0,69244.24,0,0.06560906693076984,Low
7044,15704581,Robertson,595,Germany,Male,34,2,87967.42,2,0,1,156309.52,0,0.042107421650925084,Low
7045,15738487,Leworthy,678,France,Male,26,3,0.0,2,1,0,4989.33,0,0.015028283253273461,Low
7046,15648069,Onyemachukwu,850,France,Female,36,6,0.0,2,1,1,190194.95,0,0.025110733602976415,Low
7047,15737627,Rivero,589,Germany,Female,20,2,121093.29,2,1,0,3529.72,0,0.10217333305158893,Low
7048,15731586,Lai,785,Spain,Female,31,2,121691.54,2,0,0,81778.72,0,0.07748696910284779,Low
7049,15757467,Feng,563,Spain,Male,57,6,0.0,2,1,1,39297.48,0,0.044598596544816245,Low
7050,15597709,Hornung,602,France,Female,39,6,154121.32,2,1,0,176614.86,1,0.14623970148829873,Low
7051,15720529,Schiavone,591,France,Male,29,6,0.0,2,1,1,108684.65,0,0.01098923912104057,Low
7052,15596797,Barnet,643,Spain,Male,43,1,0.0,2,1,1,145764.4,0,0.037288912724726425,Low
7053,15681755,Dennys,605,France,Female,32,5,0.0,2,1,1,42135.28,0,0.015952858486666503,Low
7054,15815271,Ritchie,755,Germany,Male,43,6,165048.5,3,1,0,16929.41,1,0.9420716274054665,High
7055,15682860,Lo,769,Spain,Male,38,6,0.0,2,0,0,104393.78,0,0.02832513661637789,Low
7056,15621546,Yuriev,620,France,Female,33,9,127638.35,1,1,1,192717.57,0,0.09959521197387468,Low
7057,15705918,Howarth,725,France,Male,31,8,0.0,2,1,1,59650.42,0,0.008723825686654526,Low
7058,15684512,Gibson,818,Germany,Female,72,8,135290.42,2,1,1,63729.72,0,0.07950265114291351,Low
7059,15671769,Zikoranachidimma,624,France,Female,71,4,170252.05,3,1,1,73679.59,1,0.9058965439883032,High
7060,15642934,Mason,669,Germany,Female,35,4,108269.2,2,1,0,174969.92,0,0.13946391087447743,Low
7061,15594305,Rizzo,712,France,Female,32,1,0.0,2,1,0,1703.58,0,0.025930906775378723,Low
7062,15789201,Thomson,603,Germany,Female,35,9,145623.36,1,1,0,163181.62,0,0.31906278529265486,Low
7063,15706762,Ignatyev,597,France,Female,41,4,145809.53,2,1,1,52319.26,0,0.10118568590791477,Low
7064,15766183,Ferguson,580,Germany,Male,76,2,130334.84,2,1,1,51672.08,0,0.0450314047307489,Low
7065,15777994,Woods,718,France,Female,39,3,0.0,2,1,1,145355.11,0,0.04068500285035358,Low
7066,15568162,Sung,527,Spain,Male,53,8,0.0,1,1,1,51711.57,0,0.368276617612092,Low
7067,15680643,Lo,729,Spain,Female,42,1,0.0,2,1,1,149535.97,0,0.06017069436322614,Low
7068,15761854,Burn,746,France,Female,24,4,0.0,1,0,1,94105.0,0,0.12076101424565638,Low
7069,15730793,Russell,699,Germany,Female,54,3,111009.32,1,1,1,155905.79,1,0.5915119783289129,Medium
7070,15692137,Jen,759,France,Female,46,2,0.0,1,1,1,138380.11,0,0.44069230021520683,Low
7071,15608595,Lo Duca,748,France,Female,39,3,157371.54,1,0,1,97734.3,0,0.133202638040563,Low
7072,15709459,Oluchi,698,Spain,Female,63,5,0.0,1,1,1,173576.71,0,0.3907822309540261,Low
7073,15775750,Yao,686,France,Male,37,9,134560.62,1,1,0,27596.39,0,0.1181862017382186,Low
7074,15585855,Gould,679,France,Male,40,1,0.0,1,1,1,16897.19,0,0.20327188668785506,Low
7075,15752139,Salter,682,Germany,Male,36,5,72373.62,2,1,0,36895.99,0,0.037888976884967986,Low
7076,15768295,Warner,778,France,Female,34,7,109564.1,1,0,1,113046.81,0,0.067564048139418,Low
7077,15766906,Salier,742,France,Female,25,4,132116.13,2,1,0,129933.5,0,0.06143686026606018,Low
7078,15725776,Lazar,649,Germany,Male,24,7,101195.23,1,0,0,133091.32,0,0.19692141524448595,Low
7079,15682576,Onyenachiya,763,France,Male,67,1,149436.73,2,0,1,106282.74,0,0.059931840900940274,Low
7080,15704081,Findlay,595,Germany,Male,30,9,130682.11,2,1,1,57862.88,0,0.05212980167067687,Low
7081,15719940,Gibbons,628,Germany,Female,51,10,115280.49,2,0,0,12628.61,1,0.7236806853912372,Medium
7082,15672894,McCawley,625,France,Female,36,8,129944.39,2,0,0,198914.8,0,0.06447013939541667,Low
7083,15667451,Taylor,733,France,Male,36,5,0.0,2,1,1,109127.54,0,0.012942911693828465,Low
7084,15636767,Yang,665,Spain,Female,32,10,0.0,1,1,1,22487.45,0,0.12225891726935391,Low
7085,15571415,Okwudiliolisa,805,Germany,Male,56,6,151802.29,1,1,0,46791.09,1,0.8949853661527916,High
7086,15575605,Napolitano,725,France,Male,38,6,0.0,2,1,1,158697.28,0,0.017235845022322636,Low
7087,15649160,Vavilov,554,France,Female,38,3,138731.95,1,1,1,194138.36,0,0.11380143621388514,Low
7088,15615832,Teague,675,Spain,Female,35,8,155621.08,1,0,1,35177.31,0,0.07557174880658067,Low
7089,15600975,Chiemenam,556,France,Female,54,4,150005.38,1,1,0,157015.5,1,0.8423822175495408,High
7090,15690772,Hughes,635,Spain,Female,48,2,0.0,2,1,1,136551.25,0,0.1294356613488725,Low
7091,15565714,Cattaneo,601,France,Male,47,1,64430.06,2,0,1,96517.97,0,0.11775526246597182,Low
7092,15763108,Davis,600,Germany,Male,53,7,106261.63,1,1,0,93629.66,1,0.8703670387435527,High
7093,15723884,Nekrasova,758,Spain,Male,40,3,0.0,2,0,0,96097.65,0,0.039437681174662655,Low
7094,15644453,Loggia,606,Germany,Female,41,4,132670.53,1,1,0,156476.36,1,0.5011391886740582,Medium
7095,15655464,Combes,640,France,Female,67,3,0.0,1,0,1,42964.63,0,0.16057396121627027,Low
7096,15783883,Onwuka,753,Germany,Female,38,1,117314.92,1,1,0,122021.33,1,0.4178946010028525,Low
7097,15787693,Kharlamov,559,Spain,Male,38,3,145874.35,1,1,0,56311.39,1,0.13225803429450372,Low
7098,15664793,Scott,754,Spain,Female,50,7,146777.44,2,0,1,150685.52,0,0.343349728885082,Low
7099,15642391,Lettiere,621,Germany,Male,51,4,109978.83,1,0,0,177740.58,1,0.8963654536860826,High
7100,15756538,Osonduagwuike,654,France,Female,37,5,0.0,1,0,1,71492.28,0,0.17207719963520907,Low
7101,15668830,Wan,650,Spain,Male,24,8,108881.73,1,1,0,104492.83,0,0.08786197647146975,Low
7102,15796569,Donaldson,831,Spain,Female,44,10,0.0,1,0,1,47729.33,0,0.3542484189664702,Low
7103,15677112,Chukwufumnanya,519,France,Male,39,2,112957.26,2,1,0,97593.16,0,0.08335171708362106,Low
7104,15815040,Ma,552,Germany,Female,42,8,103362.14,1,0,1,186869.58,1,0.5123750328533476,Medium
7105,15590434,Alexander,577,Spain,Male,41,4,89015.61,1,0,1,135227.23,0,0.14195831517332427,Low
7106,15597536,Nkemjika,576,Spain,Male,45,5,133618.01,1,0,0,135244.87,0,0.3321898859224454,Low
7107,15723989,Carroll,646,France,Male,40,5,93680.43,2,1,1,179473.26,0,0.0701058773378919,Low
7108,15767358,Obioma,711,Germany,Female,45,1,97486.15,2,1,0,50610.62,0,0.39642329135741133,Low
7109,15594812,Campbell,806,Spain,Female,37,2,137794.18,2,0,1,75232.02,0,0.056366672409450036,Low
7110,15688210,Sims,670,France,Female,39,8,101928.51,1,0,0,89205.54,0,0.18031235346935295,Low
7111,15681509,McKay,679,Spain,Female,28,9,0.0,2,0,1,61761.77,0,0.018576904138068794,Low
7112,15572390,Huang,850,Spain,Female,39,6,0.0,2,1,0,103921.43,0,0.04244963768049124,Low
7113,15801441,Campbell,670,Germany,Female,35,2,79585.96,1,0,1,198802.9,0,0.17741810445339914,Low
7114,15783859,Boni,733,France,Female,24,3,161884.99,1,1,1,9617.24,0,0.07369199279452307,Low
7115,15575243,Gorbunova,764,France,Female,39,1,129068.54,2,1,1,187905.12,0,0.0831544023082657,Low
7116,15773421,Genovese,673,France,Female,42,4,0.0,2,1,0,121440.8,0,0.07957119301988848,Low
7117,15788776,Landor,588,Germany,Male,49,6,132623.76,3,1,0,36292.94,1,0.9859574594956184,High
7118,15765257,Meng,564,Spain,Male,31,5,121461.87,1,1,1,20432.09,1,0.04600557489787521,Low
7119,15661412,Wardell,715,France,Male,32,8,175307.32,1,1,0,187051.23,0,0.18963728509021538,Low
7120,15636478,Williams,621,France,Male,31,7,136658.61,1,1,1,148689.13,0,0.04596372118179098,Low
7121,15603683,Ofodile,796,Spain,Female,23,3,146584.19,2,0,0,125445.8,0,0.08758832370950356,Low
7122,15651868,Clark,672,France,Male,34,6,0.0,1,0,0,22736.06,0,0.13083723568989186,Low
7123,15815443,Lo,527,Spain,Female,46,10,131414.76,1,1,0,54947.51,0,0.5110164766106596,Medium
7124,15682686,Chukwuemeka,722,France,Female,38,3,0.0,2,0,1,167984.72,0,0.042148790736383904,Low
7125,15697460,Lai,596,Germany,Male,34,4,99441.21,2,0,1,4802.27,0,0.05345551844428302,Low
7126,15748432,Arcuri,746,France,Female,32,4,0.0,2,1,1,72909.75,0,0.017283638345898217,Low
7127,15698271,Graham,523,France,Female,26,4,0.0,2,1,0,185488.81,0,0.04711184763581924,Low
7128,15808662,Krylov,624,France,Male,44,3,0.0,2,1,0,88407.51,0,0.07064608343271427,Low
7129,15690372,Henry,553,Spain,Male,38,1,181110.13,2,1,0,184544.59,0,0.08976060538152814,Low
7130,15781875,Jamieson,850,Spain,Male,33,3,100476.46,2,1,1,136539.13,0,0.023850606793174137,Low
7131,15801473,Moore,599,Germany,Male,33,2,51949.95,2,1,0,85045.92,0,0.028090298851147867,Low
7132,15704509,Tan,492,France,Male,35,8,121063.49,1,0,0,85421.48,0,0.08496457997301969,Low
7133,15694666,Thornton,707,Spain,Male,48,8,88441.64,1,1,1,119903.2,1,0.2284498677226292,Low
7134,15731166,Macleod,743,France,Female,30,1,127023.39,1,1,1,138780.89,0,0.06436616929199238,Low
7135,15728523,Rizzo,522,France,Male,41,5,144147.68,1,1,1,14789.9,0,0.13447101823349195,Low
7136,15788442,Chukwukadibia,681,Spain,Female,57,2,173306.13,1,0,1,131964.66,0,0.4128565447034343,Low
7137,15689781,Ts'ai,826,France,Female,49,0,0.0,1,0,0,178709.98,1,0.8359724815444781,High
7138,15764226,Lu,630,Germany,Female,28,8,106425.75,1,1,1,20344.84,0,0.18578613198971047,Low
7139,15809837,Kent,430,Germany,Female,66,6,135392.31,2,1,1,172852.06,1,0.09571104335121192,Low
7140,15805212,Black,806,France,Female,67,1,0.0,2,0,1,103945.58,0,0.028458919898983276,Low
7141,15716082,Chukwubuikem,703,Spain,Male,39,6,152685.4,1,0,0,183656.12,0,0.12659733036113505,Low
7142,15643056,McMillan,755,Germany,Female,38,1,82083.52,1,0,1,10333.78,0,0.19365965529789772,Low
7143,15654859,Ngozichukwuka,612,Spain,Female,63,2,131629.17,2,1,0,122109.58,1,0.799252358092029,High
7144,15761158,Y?an,719,France,Female,54,7,0.0,2,1,1,125041.52,0,0.0886275222978737,Low
7145,15577515,Sung,554,Germany,Female,55,0,108477.27,1,0,1,140003.0,1,0.604017898030958,Medium
7146,15723827,Macartney,683,France,Male,30,4,114779.35,1,0,0,183171.47,0,0.10504091615925679,Low
7147,15646594,Ali,749,France,Male,41,5,57568.94,1,1,1,61128.29,0,0.14242737078524065,Low
7148,15712877,Morley,724,Spain,Male,36,1,0.0,2,1,0,52462.25,0,0.022847285487999965,Low
7149,15598802,Martin,770,Spain,Male,30,8,0.0,2,0,1,50839.85,0,0.01030827257747919,Low
7150,15699340,Okorie,680,France,Male,37,4,0.0,2,1,0,61240.87,0,0.02237402484056953,Low
7151,15691150,Ku,699,France,Female,32,4,110559.46,1,1,1,127429.56,0,0.06750908060770408,Low
7152,15608688,Andreyeva,442,France,Male,34,4,0.0,2,1,0,68343.08,0,0.015731631801816033,Low
7153,15737998,Cheng,529,France,Male,46,8,0.0,1,0,0,126511.94,1,0.6011717883763739,Medium
7154,15735837,Hsia,574,Spain,Male,36,3,0.0,2,1,1,8559.66,0,0.014538575614865181,Low
7155,15659100,Lane,605,France,Male,33,9,128152.82,1,0,0,147822.81,0,0.08611051257443761,Low
7156,15609070,Findlay,515,Germany,Male,45,7,120961.5,3,1,1,39288.11,1,0.9663150582639535,High
7157,15650313,Okonkwo,632,Germany,Male,65,6,129472.33,1,1,1,85179.48,0,0.26391634837908284,Low
7158,15627699,Pirogova,558,France,Male,32,10,105000.23,1,1,0,190019.61,0,0.07874713649862461,Low
7159,15591010,McDonald,434,Germany,Male,55,8,109339.17,2,1,0,96405.88,1,0.7303450690291533,Medium
7160,15798895,Okonkwo,525,France,Female,59,6,55328.4,1,1,0,83342.73,1,0.9212371152321591,High
7161,15745375,Nnanna,640,Germany,Male,23,3,72012.76,1,1,0,161333.13,0,0.10003877842895514,Low
7162,15775235,Ku,690,France,Female,36,6,110480.48,1,0,0,81292.33,0,0.13236704817610145,Low
7163,15780088,Porter,607,Spain,Male,34,9,132439.99,1,1,0,177747.72,0,0.086375893239434,Low
7164,15649379,Somayina,850,France,Female,46,3,0.0,2,1,1,187980.21,0,0.08247412006202086,Low
7165,15713983,Mao,780,Germany,Male,34,5,94108.54,2,1,0,177235.21,0,0.07471546911743297,Low
7166,15709252,Fuller,616,Germany,Female,28,10,105173.99,1,0,1,29835.37,1,0.2235861579559458,Low
7167,15699238,Craig,618,Spain,Female,40,8,0.0,2,1,0,80204.38,0,0.0632176458855199,Low
7168,15732884,Trevisano,676,France,Male,29,7,131959.86,1,0,0,189268.81,0,0.08974414466835867,Low
7169,15587297,Ruiz,507,France,Male,33,7,0.0,2,1,1,85411.01,0,0.011841624409210796,Low
7170,15684722,Fraser,490,France,Male,34,5,122952.9,2,0,0,154360.97,0,0.047774856520115046,Low
7171,15621244,Gallo,678,France,Male,36,0,107379.68,1,1,1,84460.18,0,0.04989908974792447,Low
7172,15744273,Waterhouse,637,Germany,Male,30,6,122641.56,2,1,0,65618.01,0,0.08298065724067082,Low
7173,15682540,Cremonesi,602,France,Female,33,8,0.0,2,1,1,112928.74,0,0.01906982819378846,Low
7174,15636521,Feng,744,Spain,Female,30,1,124037.28,1,1,1,142210.94,0,0.073935669776937,Low
7175,15785339,H?,640,France,Female,50,9,117565.03,2,0,0,82559.77,0,0.4707420089590942,Medium
7176,15638983,Jara,684,France,Female,38,5,133189.4,1,0,0,127388.06,0,0.17666791738217286,Low
7177,15654625,Wilson,495,Germany,Male,39,8,120252.02,2,1,1,10160.23,0,0.11029369039514557,Low
7178,15697310,O'Callaghan,559,Germany,Female,28,3,152264.81,1,0,0,64242.31,0,0.23113953987324504,Low
7179,15678210,Robson,684,France,Male,38,5,105069.98,2,1,1,198355.28,0,0.03616860604419205,Low
7180,15575438,Pease,613,France,Male,42,7,115076.06,1,1,1,79323.61,0,0.12137917520178865,Low
7181,15632789,Maclean,794,France,Male,30,8,0.0,2,1,1,24113.91,0,0.008662757013512823,Low
7182,15621423,Lavrentyev,736,France,Female,42,7,117280.23,3,0,0,41921.06,1,0.9369915832732281,High
7183,15573520,Rhodes,692,Germany,Male,49,6,110540.43,2,0,1,107472.99,0,0.277881525159214,Low
7184,15740458,Murphy,703,Spain,Male,36,7,135095.47,1,1,0,143859.66,0,0.09198001678381224,Low
7185,15762799,Alexander,720,Germany,Male,23,0,187861.18,2,1,1,104120.17,0,0.013979112694591678,Low
7186,15686885,Nekrasov,777,Germany,Male,44,3,124655.59,2,0,1,79792.3,0,0.18727167877783296,Low
7187,15565996,Arnold,653,France,Male,44,8,0.0,2,1,1,154639.72,0,0.04208857584208525,Low
7188,15662152,Trevisan,552,France,Female,38,9,134105.01,1,0,0,57850.1,0,0.1754185206362304,Low
7189,15711742,Mason,708,France,Female,34,4,0.0,1,1,1,62868.33,0,0.11712717590974002,Low
7190,15701885,Tucker,647,France,Female,40,9,0.0,2,0,1,92357.21,0,0.04507131361415354,Low
7191,15774262,Hobson,597,Germany,Male,52,8,83693.34,2,1,1,161083.53,0,0.16359704187377308,Low
7192,15567839,Gordon,501,France,Male,42,9,114631.23,1,0,1,91429.74,0,0.12862608175056844,Low
7193,15644400,Anderson,709,France,Male,44,9,128601.98,1,1,0,117031.2,0,0.28500566020027646,Low
7194,15797246,Terry,621,Germany,Female,34,2,91258.52,2,1,0,44857.4,0,0.09218665505154162,Low
7195,15778290,Lappin,799,France,Male,70,8,70416.75,1,1,1,36483.52,0,0.05917783618742797,Low
7196,15708714,Santiago,675,France,Female,33,6,0.0,2,1,0,34045.61,0,0.024414999542928497,Low
7197,15586183,Wallace,561,France,Female,35,5,0.0,2,1,0,59981.62,0,0.028207302049610607,Low
7198,15761733,King,707,France,Female,42,10,0.0,2,1,1,152944.39,0,0.06264949424798244,Low
7199,15773934,Fang,670,France,Male,33,6,88294.6,1,1,0,66979.06,0,0.08650704385502805,Low
7200,15705343,May,649,Spain,Female,32,7,0.0,1,1,0,28797.32,0,0.22174943939738184,Low
7201,15593959,Travis,524,France,Male,28,1,93577.3,1,1,1,51670.82,0,0.04567835631238953,Low
7202,15664615,Nnachetam,689,Germany,Female,30,5,136650.89,1,1,1,41865.72,1,0.18777591450998748,Low
7203,15671014,Zhdanova,573,Spain,Female,72,8,98765.84,1,1,1,96015.53,0,0.038989989700771936,Low
7204,15657778,Jefferson,657,France,Male,33,1,84309.57,2,0,0,103914.4,0,0.03024525423095524,Low
7205,15585192,Cremonesi,686,Spain,Male,39,10,136258.06,1,0,0,89199.51,0,0.12297938528819463,Low
7206,15592914,Fang,683,France,Female,29,9,0.0,2,1,1,48849.89,0,0.01580780973845387,Low
7207,15770995,Sinclair,753,Germany,Female,47,1,131160.85,1,1,0,197444.69,0,0.754135289123577,High
7208,15570990,Begley,520,Spain,Female,30,4,145222.99,2,0,0,145160.96,0,0.10560943129886569,Low
7209,15596165,Degtyarev,547,Germany,Male,25,4,98141.57,2,1,1,52309.8,0,0.0385318399634162,Low
7210,15788131,Atkins,653,France,Male,47,6,0.0,1,1,0,50695.93,1,0.6132770870593778,Medium
7211,15800773,Ikenna,648,Spain,Female,28,9,102282.61,1,1,1,157891.11,0,0.08478168771817396,Low
7212,15690153,Sun,639,France,Female,37,4,116121.84,2,0,1,181850.74,0,0.10726440325488604,Low
7213,15638989,Lettiere,711,France,Female,25,5,190066.54,1,0,0,51345.39,1,0.30679871454454494,Low
7214,15623210,Smith,484,Germany,Female,55,8,149349.58,3,0,0,137519.92,1,0.9952721628911038,High
7215,15652658,Finch,721,France,Male,36,1,155176.83,2,1,1,49653.37,0,0.03581579369176135,Low
7216,15684440,Monaldo,548,Germany,Male,32,2,98986.28,1,1,1,55867.38,0,0.12854916950046175,Low
7217,15730287,Ugonna,679,France,Male,41,8,147726.98,3,1,0,172749.4,1,0.9062434386548465,High
7218,15720353,Chiang,553,France,Male,41,1,0.0,2,1,0,90607.31,0,0.04106812709603244,Low
7219,15767231,Sun,757,France,Male,36,7,144852.06,1,0,0,130861.95,0,0.0972278984807581,Low
7220,15761554,Blackburn,581,France,Male,54,4,89299.81,1,0,0,5558.47,1,0.7906366719818567,High
7221,15706637,Chang,718,Spain,Male,40,9,0.0,2,0,0,121537.91,0,0.0396391506322168,Low
7222,15690492,Palermo,625,France,Male,41,6,97663.16,2,1,0,57128.78,0,0.08195960981586939,Low
7223,15694237,McEwan,744,Spain,Male,39,4,95161.75,1,1,0,19409.77,0,0.16117986724935346,Low
7224,15729771,Davide,799,Germany,Male,31,9,154586.92,1,0,1,88604.89,1,0.12427627883797289,Low
7225,15609823,Chieloka,751,Spain,Female,34,8,127095.14,2,0,0,479.54,0,0.06394896270354314,Low
7226,15793366,Humphreys,781,Germany,Male,35,7,92526.15,2,1,1,173837.54,0,0.045470970169644305,Low
7227,15614813,Cocci,777,Germany,Female,46,0,107362.8,1,1,0,487.3,0,0.784021402864389,High
7228,15566495,Hanson,704,Spain,Female,24,2,0.0,1,1,0,35600.25,1,0.24041390565321444,Low
7229,15707602,Macleod,539,France,Female,47,2,127286.04,2,1,1,166929.43,1,0.2855367453011386,Low
7230,15635244,Ritchie,716,France,Female,29,6,0.0,2,1,1,98998.61,0,0.017324352460031098,Low
7231,15805627,Nebechukwu,670,France,Male,37,2,0.0,2,1,1,54229.74,0,0.01517343862473319,Low
7232,15607986,Nnamutaezinwa,555,France,Male,40,10,139930.18,1,1,1,105720.09,0,0.10720259816196183,Low
7233,15799785,Ikemefuna,679,Germany,Female,30,4,77949.69,1,1,1,121151.46,0,0.0875559396429453,Low
7234,15699963,Scott,571,France,Male,38,1,121405.04,1,1,1,154844.22,0,0.08148157351329699,Low
7235,15624595,Chiang,512,Spain,Female,35,5,124580.69,1,1,1,18785.48,0,0.0834886755924182,Low
7236,15629750,Artyomova,697,France,Male,35,5,133087.76,1,1,0,64771.61,0,0.1043355026787013,Low
7237,15651460,Hsieh,424,Spain,Male,34,7,0.0,1,1,1,16250.61,0,0.05833738307907646,Low
7238,15753550,Levien,684,France,Female,43,7,0.0,2,1,0,131093.99,0,0.09326977588140162,Low
7239,15594133,Erskine,697,Spain,Male,62,7,0.0,1,1,0,129188.18,1,0.9006633681476395,High
7240,15772329,Fiorentino,580,Germany,Male,45,8,103741.14,1,1,0,47428.73,1,0.6389893360705814,Medium
7241,15591552,Okonkwo,600,France,Female,32,7,98877.95,1,1,0,132973.21,0,0.12440242421279926,Low
7242,15750921,Monds,521,France,Male,37,5,105843.26,2,1,1,84908.2,0,0.04037193137103979,Low
7243,15701687,Campbell,664,Spain,Male,44,7,77526.66,3,0,0,57338.56,1,0.8887068787887688,High
7244,15728906,Ibekwe,634,France,Male,77,5,0.0,2,1,1,161579.85,0,0.005487205650109101,Low
7245,15670029,Marcelo,445,France,Female,33,7,0.0,2,1,0,122625.68,0,0.03220763133480319,Low
7246,15763579,Castro,702,Germany,Female,36,2,105264.88,2,1,1,52909.87,0,0.09276635607524565,Low
7247,15728010,Capon,485,France,Male,37,5,0.0,2,0,1,170226.47,0,0.028612421652687046,Low
7248,15663194,Voronova,582,Germany,Female,40,3,110150.43,1,1,1,191757.65,1,0.42713936956771426,Low
7249,15736510,Loggia,605,Spain,Female,57,2,0.0,3,1,0,66652.75,1,0.984102561964447,High
7250,15745804,Law,628,France,Male,25,7,0.0,2,1,1,195977.75,0,0.012193083104847614,Low
7251,15631451,Grant,604,Spain,Female,28,6,0.0,2,1,1,69056.26,0,0.01827115412882563,Low
7252,15746995,Greco,724,Germany,Male,31,9,138166.3,1,1,0,12920.43,0,0.24819339530763126,Low
7253,15730673,Dietz,567,Germany,Male,40,7,122265.24,1,1,0,138552.74,0,0.419677875865703,Low
7254,15734649,Martel,779,Spain,Female,55,0,133295.98,1,1,0,22832.71,1,0.8522656697085019,High
7255,15701081,Jarvis,785,France,Male,36,2,0.0,1,0,1,61811.1,0,0.10018278939776576,Low
7256,15632503,Meng,563,France,Female,32,0,148326.09,1,1,0,191604.27,1,0.14053890933203117,Low
7257,15585928,Hay,821,Germany,Female,31,2,68927.57,1,1,1,25445.0,0,0.10751753477517577,Low
7258,15648681,Voronoff,747,France,Female,47,5,139914.6,4,0,1,129964.56,1,0.9905095224457744,High
7259,15747757,Trevascus,600,Germany,Female,58,8,118723.11,1,0,0,6209.51,1,0.9563464608950689,High
7260,15718921,Ho,625,Spain,Male,32,7,106957.28,1,1,1,134794.02,0,0.044442895396000166,Low
7261,15571081,Hansen,773,France,Female,41,7,190238.93,1,1,1,57549.65,0,0.2908173415551547,Low
7262,15734578,Craig,726,France,Female,53,1,113537.73,1,0,1,28367.21,0,0.3997368070754216,Low
7263,15579583,Hall,641,Spain,Female,40,4,101090.27,1,1,1,51703.09,0,0.14369215635056942,Low
7264,15622729,Sun,649,France,Female,46,2,0.0,2,1,1,66602.7,0,0.08322658951358743,Low
7265,15662189,Durant,434,Spain,Male,33,3,0.0,1,1,1,2739.71,0,0.0904984560096394,Low
7266,15692718,Jackson,738,France,Female,38,7,0.0,2,0,0,69227.42,0,0.03881483358837608,Low
7267,15762716,Chigozie,762,Spain,Female,60,10,168920.75,1,1,0,31445.03,1,0.8773474338814694,High
7268,15724851,Farmer,507,Germany,Male,31,9,111589.67,1,1,0,150037.19,0,0.2171790471631902,Low
7269,15587266,Douglas,606,Germany,Female,27,6,172310.33,1,0,1,111448.92,0,0.0830069077214948,Low
7270,15675926,Ardis,655,Germany,Male,34,7,118028.35,1,1,0,51226.32,1,0.2528837885718048,Low
7271,15706268,Smith,697,Germany,Male,51,1,147910.3,1,1,1,53581.14,0,0.5415489593502744,Medium
7272,15581871,Butler,504,Germany,Male,42,7,131287.36,2,1,1,149697.78,0,0.12691776743822653,Low
7273,15666166,Pettry,653,France,Female,74,0,121276.32,1,1,1,160348.31,0,0.033582315777713485,Low
7274,15671582,John,660,Spain,Male,38,6,109869.32,1,1,1,154641.91,0,0.06552054751835967,Low
7275,15680901,Potter,652,France,Female,34,6,97435.85,2,1,1,104331.76,0,0.04336471652811625,Low
7276,15642336,Shaw,669,France,Female,42,9,0.0,2,0,0,135630.32,0,0.08167165657341582,Low
7277,15653147,Boyle,594,France,Male,35,2,133853.27,1,1,1,65361.66,0,0.058415568022493765,Low
7278,15571284,Elmore,756,Germany,Male,32,0,109528.16,2,1,1,56176.31,0,0.05986548079755076,Low
7279,15591360,Udinesi,642,France,Female,33,4,84607.34,2,0,1,60059.47,0,0.03732030859117201,Low
7280,15810485,Sun,486,Germany,Male,37,1,101438.0,1,0,0,51364.56,0,0.33982411608818225,Low
7281,15611973,Tuan,804,France,Male,55,7,0.0,2,1,1,118752.6,0,0.0528325847545252,Low
7282,15735572,Lawrence,629,France,Male,59,9,113657.83,1,1,1,116848.79,1,0.17080840746247358,Low
7283,15567860,Burrows,581,Spain,Female,44,7,189318.16,2,1,0,45026.23,1,0.319912545016817,Low
7284,15795690,Shao,667,France,Male,31,3,99513.91,1,1,1,189657.26,0,0.04992665486646834,Low
7285,15706464,White,667,Spain,Male,35,4,97585.32,2,0,0,57213.46,0,0.04599206860690362,Low
7286,15725028,Chialuka,679,France,Male,29,3,0.0,2,1,1,63687.06,0,0.01011292677992694,Low
7287,15751167,Toscano,680,France,Female,43,4,0.0,2,1,1,58761.33,0,0.054496410292534436,Low
7288,15633944,McKay,644,Spain,Male,32,3,136659.74,1,1,1,14187.78,0,0.05600371394889894,Low
7289,15672637,Voronkov,571,France,Female,30,4,85755.86,1,1,0,145115.95,0,0.16480247121432395,Low
7290,15680895,Sal,627,Spain,Female,35,7,0.0,1,1,0,187718.26,0,0.302275654028223,Low
7291,15793825,Ikechukwu,536,France,Male,39,4,0.0,2,1,0,27150.35,0,0.03358953245631284,Low
7292,15611318,Kruglova,599,Spain,Male,33,4,51690.89,1,1,0,111622.76,1,0.1381676872953592,Low
7293,15768474,Clements,744,Spain,Male,34,3,0.0,2,1,0,27244.35,0,0.01933305555021061,Low
7294,15716276,Kennedy,709,France,Female,34,2,111669.68,1,1,0,57029.66,0,0.14507982984961473,Low
7295,15623668,Johnson,653,Germany,Male,31,2,154741.45,2,0,0,25183.01,0,0.06649754847069307,Low
7296,15696361,Chung,648,Germany,Male,31,7,125681.51,1,0,1,129980.93,0,0.13197698495919657,Low
7297,15607988,Garland,663,Germany,Female,37,8,155303.71,1,1,0,118716.63,0,0.32004000631451124,Low
7298,15637891,Docherty,613,Germany,Female,43,4,140681.68,1,0,1,20134.07,0,0.4489199770854068,Low
7299,15789865,Nnaife,620,France,Male,28,9,71902.52,1,0,1,190208.23,0,0.09127024952390216,Low
7300,15627190,Lettiere,661,France,Male,51,6,146606.6,1,1,1,68021.9,0,0.25364631846625046,Low
7301,15788224,Sanderson,669,Germany,Male,45,1,123949.75,1,0,0,110881.56,0,0.6596468698972601,Medium
7302,15702149,Fomin,767,Germany,Female,33,1,144753.21,1,1,1,132480.75,0,0.16308127958554347,Low
7303,15708236,Wright,491,France,Female,72,6,91285.22,1,1,1,7032.95,0,0.03282687075969007,Low
7304,15568469,Buckley,653,France,Male,43,0,0.0,2,1,0,27862.58,0,0.07348504289850481,Low
7305,15764444,Pan,679,Germany,Male,58,8,125850.53,2,1,1,87008.17,0,0.19736169622747787,Low
7306,15794204,Manna,687,France,Male,28,7,108116.66,1,1,1,27411.19,0,0.04194848729091682,Low
7307,15807546,Chinwendu,837,France,Female,38,2,0.0,2,1,1,46395.21,0,0.02108833431743194,Low
7308,15782159,Ndubuagha,850,France,Male,28,8,67639.56,2,1,1,194245.29,0,0.015861711401376873,Low
7309,15618703,White,663,Spain,Female,53,6,150200.23,1,0,1,151317.27,1,0.33651505085638983,Low
7310,15793317,Hale,547,Spain,Female,22,7,141287.15,1,1,0,118142.79,0,0.1468481530951625,Low
7311,15740487,Ross,627,France,Female,41,6,0.0,3,1,1,138700.75,1,0.691075782483496,Medium
7312,15722479,Ikenna,707,France,Male,37,1,0.0,2,0,1,6035.51,0,0.017006547302175917,Low
7313,15688264,Nkemdilim,629,France,Female,43,0,0.0,2,1,1,41263.69,0,0.07138559004964702,Low
7314,15583067,McMillan,687,France,Female,36,4,97157.96,1,0,1,63185.05,0,0.08878303263297602,Low
7315,15686670,Duke,588,France,Female,36,2,0.0,2,1,0,92536.0,1,0.03500748437486449,Low
7316,15593345,Bradbury,502,Germany,Female,33,6,125241.17,2,1,1,158736.07,0,0.08191288728567177,Low
7317,15811690,Bayley,793,Germany,Male,54,2,128966.13,1,0,0,18633.4,1,0.927735830236829,High
7318,15734008,Bartlett,727,Germany,Male,59,5,152581.06,1,1,0,71830.1,1,0.9114202873286847,High
7319,15771856,Cremin,632,Spain,Female,32,1,0.0,2,1,0,19525.65,0,0.031461441933966876,Low
7320,15762045,Gilchrist,474,Germany,Female,37,5,142688.57,2,1,1,110953.33,0,0.07640717261795155,Low
7321,15778142,Shih,850,Germany,Female,31,1,130089.56,2,1,1,4466.21,0,0.07029381824371281,Low
7322,15689268,Fitzpatrick,584,France,Male,36,9,0.0,1,1,1,105818.51,0,0.09890929320626393,Low
7323,15721507,Pagan,713,France,Female,32,1,117094.02,1,0,0,149558.83,1,0.13237928813615857,Low
7324,15750476,Hendrick,742,Spain,Male,24,8,0.0,2,1,0,4070.28,0,0.015586529970856695,Low
7325,15810723,Sanderson,607,France,Female,39,10,0.0,3,1,0,132741.13,1,0.7309259433422743,Medium
7326,15787229,Samsonova,761,Spain,Female,34,2,0.0,2,1,0,61251.25,0,0.03245350739093834,Low
7327,15570508,Azubuike,600,France,Male,49,7,90218.9,1,1,0,91347.76,0,0.553968699781455,Medium
7328,15617065,Pan,650,Spain,Male,42,4,194532.66,1,1,0,171045.31,1,0.3550758558927829,Low
7329,15689786,Massie,850,Germany,Male,56,1,169743.83,1,0,0,155850.4,1,0.8715875962787789,High
7330,15648876,Sandover,501,France,Female,34,5,0.0,1,1,0,27380.99,0,0.19641567355026648,Low
7331,15802106,Craig,418,France,Male,34,8,155973.88,1,1,0,154208.96,0,0.1450694595227065,Low
7332,15773869,Onwudiwe,797,Spain,Male,59,4,129321.44,1,1,1,93624.55,0,0.1781012535405286,Low
7333,15711635,Chu,788,Germany,Female,42,6,138650.49,2,1,0,64746.07,0,0.2578227711576403,Low
7334,15795527,Zetticci,699,Spain,Male,43,2,136487.86,2,1,0,82815.93,0,0.13441959994052757,Low
7335,15759133,Vaguine,616,France,Male,18,6,0.0,2,1,1,27308.58,0,0.009147691264663357,Low
7336,15679394,Owen,651,France,Female,41,4,38617.2,1,1,1,104876.8,0,0.2362123480220926,Low
7337,15801072,Hurst,654,France,Female,28,7,0.0,2,1,0,151316.37,0,0.033661538155955885,Low
7338,15646082,Harding,676,France,Female,34,8,82909.14,1,1,0,91817.38,1,0.14795136209050436,Low
7339,15796111,Smith,708,Germany,Female,54,8,145151.4,1,0,1,125311.17,1,0.5659856944677469,Medium
7340,15670646,Moore,499,Spain,Female,42,0,147187.84,1,1,1,14868.94,1,0.22937905913998197,Low
7341,15578722,Bradley,689,France,Male,39,4,0.0,2,1,0,196112.45,0,0.04116635731054369,Low
7342,15815095,Burfitt,850,Spain,Male,54,7,108185.81,2,0,0,24093.4,1,0.6422172524221331,Medium
7343,15730360,Mackenzie,502,France,Male,30,4,0.0,2,1,1,66263.87,0,0.010492184227216362,Low
7344,15763194,Milanesi,643,France,Male,34,7,0.0,2,0,1,100304.13,0,0.01172221600740082,Low
7345,15720725,Shubin,762,France,Male,28,2,0.0,2,1,0,167909.52,0,0.017865579804611287,Low
7346,15567834,Nieves,719,France,Male,49,5,105918.1,1,1,1,16246.59,0,0.24196629851256546,Low
7347,15720644,Martin,789,France,Male,27,6,0.0,2,1,0,103603.65,0,0.01690172002694198,Low
7348,15811742,Jen,553,Spain,Male,42,7,0.0,2,1,0,7680.23,0,0.04506092291926236,Low
7349,15813363,Woods,448,Spain,Male,25,2,0.0,2,0,0,95215.73,0,0.01693858782401459,Low
7350,15717629,Docherty,632,Germany,Male,42,6,59972.26,2,0,1,148172.94,0,0.06337951966271511,Low
7351,15713160,Lin,669,Spain,Male,25,7,157228.61,2,1,0,124382.9,0,0.04786805254677006,Low
7352,15568878,Cheng,654,Spain,Male,34,5,0.0,2,1,0,159311.46,0,0.018512745321237686,Low
7353,15809800,Korovina,726,France,Female,38,4,0.0,2,0,0,6787.48,0,0.03665165695026353,Low
7354,15736420,Macdonald,596,France,Male,21,4,210433.08,2,0,1,197297.77,1,0.032596104230623375,Low
7355,15757933,Hardy,733,Germany,Female,30,1,102452.71,1,1,0,21556.95,0,0.3312321145518816,Low
7356,15623072,Shaw,529,Spain,Female,35,5,0.0,2,1,0,56518.0,0,0.033677715424327376,Low
7357,15683993,Knight,493,France,Female,37,8,142987.46,2,1,0,158840.99,0,0.10584529199146764,Low
7358,15570947,Bruny,615,Spain,Female,29,7,143330.56,2,1,1,126396.01,0,0.057056788454156196,Low
7359,15797767,Ikedinachukwu,600,France,Female,49,6,0.0,1,0,1,148087.88,1,0.5921862690846994,Medium
7360,15731989,Moran,666,France,Male,36,4,120165.4,2,1,0,33701.5,0,0.04980123645185907,Low
7361,15591035,Macleod,644,Spain,Male,54,6,0.0,1,0,1,84622.37,0,0.3463875687130435,Low
7362,15586479,Yin,692,France,Female,36,4,0.0,1,1,0,185580.89,1,0.30499664445992086,Low
7363,15605872,Felix,707,France,Male,73,6,66573.17,1,1,1,62768.8,0,0.02453203985327997,Low
7364,15666012,Rippey,603,France,Male,40,4,102833.46,2,1,1,38829.11,0,0.06030708045356828,Low
7365,15641733,Mishina,671,France,Female,34,5,164757.56,1,1,0,110748.88,0,0.15859229154794183,Low
7366,15593178,Graham,568,Spain,Female,36,10,153610.61,1,1,1,54083.8,1,0.06622209574964734,Low
7367,15649183,Johnston,598,Spain,Female,35,8,0.0,3,0,1,88658.73,0,0.523934448851104,Medium
7368,15736399,Korovin,606,Spain,Male,42,10,0.0,2,1,0,177938.52,0,0.05324662659580556,Low
7369,15751137,Lei,850,Germany,Female,36,3,169025.83,1,1,0,174235.06,0,0.174350772244428,Low
7370,15757188,Chimaijem,644,Spain,Female,26,4,153455.72,2,1,1,82696.84,0,0.04705716279860468,Low
7371,15726167,Scott,655,France,Male,37,4,0.0,2,1,1,142415.97,0,0.016147212530762175,Low
7372,15624850,Grant,850,France,Male,30,10,153972.89,2,1,0,62811.03,0,0.03825509713610595,Low
7373,15717700,McIntyre,683,Spain,Male,34,9,114609.55,2,0,1,25339.29,0,0.026946457752412844,Low
7374,15716347,Griffin,663,Germany,Male,37,7,143625.83,2,0,1,176487.05,0,0.056822819624797134,Low
7375,15696287,Converse,682,Germany,Female,38,1,116520.28,1,1,1,49833.5,1,0.31614085031980166,Low
7376,15638871,Ch'ang,639,France,Male,77,6,80926.02,2,1,1,55829.25,0,0.00999736405006978,Low
7377,15765093,Coates,704,France,Male,23,6,166594.78,1,1,1,155823.2,0,0.050188911292892054,Low
7378,15592999,Reid,691,France,Female,40,0,115465.98,1,1,1,60622.61,0,0.16397822322651454,Low
7379,15641715,Ts'ui,599,France,Male,34,8,0.0,2,1,1,174196.68,0,0.0130849645711366,Low
7380,15607746,Belstead,573,France,Female,36,1,0.0,1,1,1,56905.38,0,0.15226895186855507,Low
7381,15625311,Dickinson,589,Germany,Female,41,7,92618.62,1,1,1,101178.85,0,0.2926806107727857,Low
7382,15573077,Nwora,620,Germany,Female,25,8,141825.88,1,1,1,73857.94,1,0.15528445411121536,Low
7383,15735106,Bishop,647,Spain,Male,28,6,149594.02,2,1,0,102325.19,0,0.044127152738599316,Low
7384,15672912,Loggia,737,Spain,Female,39,7,130051.66,2,0,0,55356.39,1,0.1175413822544157,Low
7385,15589881,Rowe,634,France,Female,41,7,0.0,2,1,1,131284.93,0,0.046543769965434335,Low
7386,15660144,Balashov,660,France,Male,38,4,0.0,2,0,0,88080.43,0,0.025675093337437983,Low
7387,15664083,Ulyanova,666,Germany,Female,37,2,158468.76,1,0,1,93266.01,0,0.19785547442543588,Low
7388,15690898,Bogolyubova,696,France,Male,44,8,161889.79,1,0,0,75562.47,0,0.28364136600426415,Low
7389,15808023,Remington,836,France,Female,29,9,133681.78,1,1,1,153747.73,0,0.07082104811695092,Low
7390,15676909,Mishin,667,Spain,Female,34,5,0.0,2,1,0,163830.64,0,0.03801653067557033,Low
7391,15764922,Tu,596,Spain,Male,20,3,187294.46,1,1,0,103456.47,0,0.12298158381652229,Low
7392,15766734,Castiglione,430,France,Male,31,5,0.0,1,1,0,95655.16,0,0.14100900856340837,Low
7393,15795079,Nnaife,596,Spain,Male,67,6,0.0,2,1,1,138350.74,0,0.019619232560333495,Low
7394,15757434,Yang,599,France,Male,28,7,119706.22,1,0,0,31190.42,0,0.07903840151638686,Low
7395,15673747,Ayers,519,France,Female,22,8,0.0,1,0,1,167553.06,0,0.1878864895061026,Low
7396,15808386,Cocci,721,Germany,Female,45,7,138523.2,1,0,0,59604.45,1,0.7072986436653445,Medium
7397,15603565,Mackenzie,603,Spain,Female,56,5,90778.76,2,1,0,162223.67,1,0.8028734986335462,High
7398,15744044,Fiorentini,572,Germany,Male,47,4,99353.42,1,1,0,196549.85,1,0.7739492545797892,High
7399,15577771,Akabueze,453,Germany,Female,40,1,111524.49,1,1,1,120373.84,1,0.36476050945492744,Low
7400,15769548,Hyde,668,France,Female,37,7,128645.67,1,1,0,92149.64,0,0.1575480919581294,Low
7401,15802071,Levi,762,Germany,Male,35,1,117458.51,1,0,1,178361.48,1,0.19241496539463643,Low
7402,15677395,Nwabugwu,633,France,Female,39,9,129189.15,2,0,0,170998.83,0,0.15083914996940245,Low
7403,15632010,Chia,647,Spain,Male,33,7,121260.19,2,1,0,77216.48,0,0.04505394598339763,Low
7404,15779492,Trevisano,796,Spain,Male,56,6,94231.13,1,0,0,121164.6,1,0.8124384258048487,High
7405,15694677,Bennetts,733,France,Male,39,1,0.0,2,1,1,141841.31,0,0.020076256061486386,Low
7406,15704315,Teng,556,France,Male,34,8,163757.06,1,1,1,104000.06,0,0.053312103113741155,Low
7407,15742009,Hsueh,489,Spain,Male,58,4,0.0,2,1,1,191419.32,0,0.07610499471823357,Low
7408,15766663,Mahmood,639,France,Male,22,4,0.0,2,1,0,28188.96,0,0.015728263171687348,Low
7409,15742297,Sinclair,715,France,Male,35,2,141005.47,1,1,1,60407.93,0,0.05614203192984269,Low
7410,15688059,Chin,807,Germany,Female,42,9,105356.09,2,1,1,130489.37,0,0.1802459383341878,Low
7411,15752344,She,714,Spain,Male,34,5,0.0,2,1,0,193040.32,0,0.023321062662402667,Low
7412,15698749,He,626,Germany,Female,23,6,85897.95,1,1,0,109742.8,0,0.19356917672975266,Low
7413,15631693,Hill,697,France,Male,36,7,0.0,2,1,1,74760.32,0,0.011577250052794783,Low
7414,15604536,Vachon,850,Germany,Female,31,4,164672.66,1,0,1,61936.1,0,0.1328745324123214,Low
7415,15802869,Ball,737,Germany,Female,45,2,99169.67,2,1,1,78650.95,0,0.2642834890295045,Low
7416,15635598,Hsieh,812,France,Male,29,6,0.0,2,0,0,168023.6,0,0.019213583358973343,Low
7417,15592326,Baker,583,France,Male,36,8,0.0,2,0,1,5571.59,0,0.012950247946126016,Low
7418,15736533,Monaldo,730,Germany,Female,37,5,124053.03,1,1,0,118591.67,0,0.3729506276439197,Low
7419,15647191,Lucchesi,677,France,Male,36,4,0.0,2,1,0,7824.31,0,0.018916083860646273,Low
7420,15622507,Hamilton,748,Germany,Female,40,3,103499.09,2,0,0,38153.19,0,0.20575726231534658,Low
7421,15765487,Kuo,753,Germany,Female,38,9,151766.71,1,1,1,180829.99,0,0.20366763265790222,Low
7422,15646521,Fan,634,Spain,Female,36,1,0.0,1,1,1,143960.72,0,0.18281454479715828,Low
7423,15746258,Wright,622,France,Male,29,7,101486.96,1,1,1,8788.35,0,0.042666802028014324,Low
7424,15692430,Milano,699,Germany,Male,36,2,123601.56,2,1,0,103557.85,0,0.08991067650415259,Low
7425,15625501,Wall,570,Germany,Male,38,1,127201.58,1,1,0,147168.28,1,0.32742857198152486,Low
7426,15640521,Chidumaga,552,Germany,Male,33,3,144962.74,1,1,0,58844.84,1,0.23333296890350969,Low
7427,15790630,Olisaemeka,619,France,Female,48,4,0.0,1,0,0,18094.96,1,0.7586770031622797,High
7428,15664720,Kovalyova,714,Spain,Male,33,8,122017.19,1,0,0,162515.17,0,0.09170283523579922,Low
7429,15750055,Onio,503,Spain,Male,32,9,100262.88,2,1,1,157921.25,0,0.027433769412154623,Low
7430,15644878,Hill,685,Spain,Female,43,6,117302.62,1,0,0,68701.73,0,0.31956857947745404,Low
7431,15754578,Okeke,606,France,Female,35,0,135984.15,2,1,0,186778.89,0,0.08581680133239003,Low
7432,15705379,Upjohn,678,France,Male,38,3,0.0,2,1,0,66561.6,0,0.026018820105528705,Low
7433,15761047,H?,724,Germany,Male,31,2,160997.54,2,0,1,64831.36,0,0.04244713851857942,Low
7434,15671293,Marcus,779,Germany,Female,37,2,128389.63,1,1,1,6589.16,1,0.2915089846496876,Low
7435,15687527,Yobachukwu,638,Spain,Male,35,1,0.0,2,1,0,165370.66,0,0.019947512673889133,Low
7436,15647898,Russell,610,Spain,Female,50,5,130554.51,3,1,0,184758.17,1,0.9916254457664869,High
7437,15671534,Hovell,646,Germany,Female,57,6,90212.0,1,1,0,13911.27,1,0.9406710864434327,High
7438,15591248,Chukwumaobim,628,France,Female,29,9,71996.29,1,1,1,34857.46,0,0.08541456858467657,Low
7439,15676156,Boyle,528,France,Female,32,4,85615.66,2,1,0,156192.43,0,0.07536167286078742,Low
7440,15812918,Scott,432,France,Female,27,6,62339.81,2,0,0,53874.67,0,0.031217175407384053,Low
7441,15604130,Johnstone,622,Spain,Female,47,6,142319.03,1,0,0,100183.05,0,0.5388463402815441,Medium
7442,15700549,Alvares,721,France,Male,54,5,0.0,2,1,1,4493.12,0,0.046905965930865205,Low
7443,15715519,McDavid,614,Spain,Male,36,5,0.0,2,1,0,130610.78,0,0.023688250782182865,Low
7444,15707042,Dellucci,634,France,Female,24,2,87413.19,1,1,0,63340.65,0,0.13621360265299448,Low
7445,15605276,Brothers,742,France,Female,29,4,0.0,2,1,1,180066.59,0,0.024226899718454906,Low
7446,15630592,Sanders,516,France,Female,45,4,0.0,1,1,0,95273.73,1,0.6344851352762633,Medium
7447,15636626,Morrison,718,France,Male,35,3,97560.16,1,1,1,53511.74,0,0.048113072935197634,Low
7448,15740411,Molle,636,Germany,Male,30,8,141787.31,2,1,1,109685.61,0,0.044949420184367074,Low
7449,15593834,Genovese,691,Spain,Male,36,7,129934.64,1,0,0,75664.56,1,0.09841430599559155,Low
7450,15804235,Zetticci,698,France,Female,37,2,166178.02,2,1,1,71972.95,0,0.07199118163733852,Low
7451,15679801,Hsueh,712,Spain,Female,39,5,163097.55,2,1,1,23702.42,0,0.08658577958614569,Low
7452,15673907,Alexander,659,France,Male,20,8,0.0,2,0,0,112572.02,0,0.012879458003951273,Low
7453,15636562,Muravyova,573,Spain,Male,44,8,0.0,2,0,0,62424.46,0,0.062173855642469696,Low
7454,15702571,Wright,778,Germany,Female,35,1,151958.19,3,1,1,131238.37,1,0.7590389493429093,High
7455,15627365,Calabresi,732,France,Male,46,0,0.0,2,1,1,184350.78,0,0.06821686772269639,Low
7456,15748499,Johnson,550,Germany,Male,33,4,118400.91,1,0,1,13999.64,1,0.17428510004668116,Low
7457,15598614,Lucchesi,790,Spain,Male,20,8,0.0,2,1,0,168152.76,0,0.014566217549826326,Low
7458,15668889,Galgano,665,Germany,Female,43,2,116322.27,4,1,0,35640.12,1,0.9801564864733168,High
7459,15800049,Grigoryeva,728,Spain,Female,43,5,0.0,1,1,1,120088.17,0,0.33909980441125886,Low
7460,15583724,Raymond,645,Spain,Female,29,4,0.0,2,1,1,74346.11,0,0.01876278986066377,Low
7461,15622083,Paterson,647,Germany,Male,30,6,143138.91,2,1,0,2955.46,0,0.07568561834234479,Low
7462,15645571,Genovese,596,Spain,Male,32,4,0.0,2,0,1,146504.35,0,0.013766163419038906,Low
7463,15598266,Martin,610,France,Male,40,9,0.0,1,1,1,149602.54,0,0.19465175045447175,Low
7464,15667934,Moretti,512,France,Male,36,0,129804.17,1,1,0,53020.9,0,0.1089107498117308,Low
7465,15569682,Leckie,768,Germany,Male,37,9,108308.11,1,1,0,41788.25,1,0.32535268988778726,Low
7466,15772941,Lane,666,Germany,Male,30,3,110153.27,1,0,1,74849.46,0,0.14475818356248818,Low
7467,15586174,Brodney,700,Germany,Female,30,4,116377.48,1,1,1,134417.31,0,0.1735328733788145,Low
7468,15803682,Angelo,651,Germany,Female,37,10,117791.06,2,1,1,75837.58,0,0.11252559238562877,Low
7469,15627328,Millar,542,Spain,Female,26,2,0.0,2,1,1,54869.54,0,0.01909757250880406,Low
7470,15717065,Balashov,686,France,Female,35,8,105419.73,1,1,0,35356.46,0,0.13695063767308288,Low
7471,15602456,Afanasyev,850,Germany,Female,47,4,99219.47,2,1,1,122141.13,0,0.28145876772149475,Low
7472,15721569,Chialuka,658,Germany,Female,55,8,119327.93,1,0,1,119439.66,0,0.5572990039358002,Medium
7473,15573798,Yermolayev,448,France,Female,36,6,83947.12,2,1,0,81999.53,0,0.06484907437289389,Low
7474,15638272,Tien,609,Spain,Male,32,4,99883.16,1,1,1,120594.85,0,0.04553700038666988,Low
7475,15799859,Lucchesi,704,France,Male,50,4,165438.26,1,1,0,120770.75,1,0.6052400855873599,Medium
7476,15599152,Lai,698,France,Male,31,1,156111.24,1,0,0,134790.74,0,0.0805204920291995,Low
7477,15737909,Bates,759,France,Male,44,2,111095.58,2,1,0,100137.7,0,0.15260602136642812,Low
7478,15646190,Saunders,677,France,Female,56,0,119963.45,1,0,0,158325.87,1,0.8885273605015963,High
7479,15711249,Chukwuemeka,544,Spain,Male,22,4,0.0,2,1,0,70007.67,0,0.01812735720672305,Low
7480,15671987,Meagher,567,Spain,Male,35,8,153137.74,1,1,0,88659.07,0,0.08565596138032909,Low
7481,15812766,Golubeva,490,Spain,Male,40,6,156111.08,1,0,0,190889.13,0,0.16676373588172147,Low
7482,15778589,Collier,626,France,Male,34,7,113014.7,2,1,1,56646.28,0,0.028926381028134777,Low
7483,15750104,Chan,718,Germany,Male,43,5,132615.73,2,1,0,32999.1,0,0.2348869798247782,Low
7484,15784526,Chen,616,France,Male,44,5,102016.38,1,0,1,178235.37,1,0.24854747325089227,Low
7485,15646563,Wright,772,France,Female,35,9,0.0,1,0,1,25448.31,0,0.1418800912465572,Low
7486,15744423,Cocci,561,France,Male,32,5,0.0,2,1,0,84871.99,0,0.016765891051864733,Low
7487,15593694,Williams,814,France,Male,49,8,0.0,2,0,0,157822.54,0,0.18680558264277902,Low
7488,15785367,McGuffog,651,France,Female,56,4,0.0,1,0,0,84383.22,1,0.9250615550476825,High
7489,15687765,Chukwujamuike,538,Germany,Female,42,4,80380.24,1,1,0,119216.46,0,0.40320911927166414,Low
7490,15789014,Scott,600,France,Female,26,6,108909.12,1,1,0,82547.01,0,0.11066540390166678,Low
7491,15703177,Bell,654,France,Female,35,2,90865.8,1,1,1,86764.46,0,0.0853929285394059,Low
7492,15660263,Olisaemeka,622,France,Male,40,4,99799.76,2,1,0,197372.13,0,0.08707049686904231,Low
7493,15776545,Napolitani,682,France,Male,28,10,200724.96,1,0,1,82872.64,1,0.4508875052557597,Medium
7494,15683276,Sargood,610,Spain,Female,37,10,140363.95,2,1,1,129563.86,0,0.06980555262048616,Low
7495,15599272,Harrington,795,France,Female,36,1,151844.64,1,1,1,135388.89,0,0.07111346068771351,Low
7496,15589541,Sutherland,557,France,Female,27,2,0.0,2,0,1,4497.55,0,0.017235594046507777,Low
7497,15608804,Allan,824,Germany,Male,49,8,133231.48,1,1,1,67885.37,0,0.5315790766910273,Medium
7498,15645820,Folliero,698,France,Male,27,7,0.0,2,1,0,111471.55,0,0.016671239815384715,Low
7499,15659031,Mordvinova,630,France,Female,36,8,126598.99,2,1,1,134407.93,0,0.06089131719702211,Low
7500,15790113,Schofield,609,Germany,Female,71,6,113317.1,1,1,0,108258.22,1,0.8647692921474655,High
7501,15652289,Williams,694,France,Male,47,4,0.0,2,1,0,197528.62,0,0.1668365456366295,Low
7502,15605341,Baird,681,France,Female,58,8,93173.88,1,1,1,139761.25,0,0.29209480115475406,Low
7503,15697844,Whitehouse,721,Spain,Female,32,10,0.0,1,1,0,136119.96,1,0.2328112664941124,Low
7504,15652048,Thompson,563,Germany,Male,44,7,105007.31,2,1,1,197812.16,0,0.14997498105754364,Low
7505,15587038,Ogochukwu,654,Spain,Female,32,2,0.0,1,1,1,51972.92,1,0.13784653610610853,Low
7506,15660528,Niu,659,Spain,Male,27,4,0.0,2,1,0,99341.87,0,0.017554984057769698,Low
7507,15700300,Okoli,674,Germany,Female,44,4,131593.85,1,0,1,171345.02,1,0.5128578358954815,Medium
7508,15642001,Lorenzen,576,Germany,Male,44,9,119530.52,1,1,0,119056.68,1,0.5811508133981963,Medium
7509,15580366,Okechukwu,566,Germany,Male,54,4,118614.6,2,1,1,172601.62,0,0.2551163843686051,Low
7510,15657228,Anderson,545,Germany,Male,37,9,95829.13,2,0,1,104936.88,0,0.06947371481155915,Low
7511,15729377,Ku,798,France,Male,36,1,0.0,2,1,1,159044.1,0,0.011956428531884765,Low
7512,15686913,Kung,757,France,Male,38,0,0.0,1,1,0,83263.06,0,0.20166187523758183,Low
7513,15631267,Lu,641,France,Male,50,6,153590.73,2,1,1,130910.78,0,0.15422789813078763,Low
7514,15632275,Trevisano,718,France,Male,29,2,0.0,1,1,0,126336.72,0,0.13509496286433315,Low
7515,15715907,Onwubiko,699,France,Male,64,9,113109.52,1,1,0,27980.8,1,0.7280456489038053,Medium
7516,15764841,Vidler,623,France,Female,35,0,130557.24,1,1,1,47880.71,0,0.09700952571548103,Low
7517,15748649,Shen,644,France,Male,40,8,93183.19,1,1,0,73882.49,0,0.18057384962703504,Low
7518,15771409,McGregor,586,France,Male,58,7,151933.63,1,1,0,162960.05,1,0.7841439127010177,High
7519,15779207,Nnamdi,500,Germany,Male,30,2,125495.64,2,1,1,68807.47,0,0.05868872861471226,Low
7520,15814116,Castiglione,583,France,Female,42,7,0.0,2,1,0,144039.05,0,0.0959458969688861,Low
7521,15665087,Bergamaschi,595,Germany,Female,26,8,118547.72,1,1,1,151192.18,0,0.18738897907406485,Low
7522,15611189,Allingham,670,Spain,Male,43,1,97792.21,1,0,0,120225.62,0,0.26502891219335867,Low
7523,15729718,Stelzer,610,France,Male,41,6,0.0,3,0,0,56118.81,1,0.5362525598875676,Medium
7524,15733602,Rubin,814,Spain,Female,72,2,0.0,2,0,1,130853.03,0,0.013636884691919348,Low
7525,15620103,Ho,660,France,Female,40,8,167181.01,1,1,1,185156.94,0,0.19954963119762517,Low
7526,15770406,Watson,580,Germany,Male,35,9,121355.19,1,0,1,35671.45,0,0.1787701125736646,Low
7527,15800554,Perry,850,France,Female,81,1,0.0,2,1,1,59568.24,0,0.007845079953317943,Low
7528,15611409,Sun,676,Spain,Male,35,0,0.0,2,0,0,139911.58,0,0.02069078516479142,Low
7529,15646535,Harrell,578,France,Male,46,5,113226.47,1,1,0,56770.76,0,0.4133763031954364,Low
7530,15575430,Robson,579,France,Female,33,1,118392.75,1,1,1,157564.75,0,0.07816165190618987,Low
7531,15711299,Wilson,711,Germany,Female,52,8,145262.54,1,0,1,131473.31,0,0.6252629091852594,Medium
7532,15642063,Kelechi,692,France,Male,40,6,163505.16,1,0,0,90424.09,0,0.20006655294635461,Low
7533,15706602,Bates,760,Spain,Female,33,1,118114.28,2,0,1,156660.21,0,0.056940090956468105,Low
7534,15592773,Eberegbulam,630,Germany,Female,51,0,108449.23,3,0,0,88372.69,1,0.9898089503708012,High
7535,15786539,Olisaemeka,808,France,Male,32,1,0.0,2,1,1,46200.71,0,0.007810631126357218,Low
7536,15737542,Davey,611,Germany,Female,36,10,103294.56,1,1,0,160548.12,0,0.34657238064700713,Low
7537,15590234,De Luca,697,France,Female,42,1,0.0,1,1,0,1262.83,1,0.48724611019720093,Medium
7538,15773776,Ho,655,France,Female,38,6,0.0,1,1,1,188639.28,0,0.24029782762090435,Low
7539,15728082,Vasiliev,601,Spain,Male,28,6,0.0,2,1,0,14665.28,0,0.016015177139678996,Low
7540,15609987,Smith,755,France,Male,42,2,119919.12,1,1,0,156868.21,0,0.2180950030765534,Low
7541,15735330,Sung,553,France,Male,37,1,0.0,1,1,0,30461.55,0,0.19316906127339697,Low
7542,15649430,White,723,France,Male,28,4,0.0,2,1,1,123885.88,0,0.010455590859090246,Low
7543,15768777,Wang,507,Spain,Female,34,4,0.0,2,1,1,60688.38,0,0.019569759922381486,Low
7544,15777893,Davide,777,France,Male,43,1,0.0,2,1,0,21785.91,0,0.061310203969554035,Low
7545,15791326,Nnamdi,566,France,Male,34,3,0.0,1,0,0,188135.69,0,0.2219566082804609,Low
7546,15615176,Welsh,732,France,Male,26,7,0.0,2,1,0,154364.66,0,0.017649996205976213,Low
7547,15735221,Sousa,697,France,Female,42,10,0.0,2,1,0,61312.15,0,0.07079105575213787,Low
7548,15617991,Andrews,555,France,Male,29,4,128744.04,1,1,1,47454.93,0,0.047620175825038746,Low
7549,15658504,Chiawuotu,584,Germany,Female,62,9,137727.34,2,0,1,121102.9,0,0.24210447248535152,Low
7550,15785705,Thomson,705,Germany,Female,44,10,106731.58,1,1,0,137419.87,1,0.6656574621904856,Medium
7551,15801817,Carpenter,688,France,Female,38,7,123544.21,1,1,1,157664.02,0,0.11838231018981724,Low
7552,15752578,Yefimova,626,France,Female,37,2,133968.96,2,1,0,148689.65,0,0.10498868398852167,Low
7553,15781574,Ma,636,Spain,Male,76,9,126534.6,1,1,1,39789.62,0,0.017290201080156935,Low
7554,15792107,Black,719,Spain,Female,35,8,0.0,1,1,1,165162.4,0,0.1771428310734571,Low
7555,15569917,Obijiaku,706,Spain,Male,30,6,87609.68,2,0,0,137674.55,1,0.039836278532170026,Low
7556,15721504,King,731,Spain,Male,41,3,0.0,2,1,0,101371.72,0,0.04417461232867643,Low
7557,15757306,Miller,738,Spain,Male,49,3,0.0,3,1,1,65066.48,1,0.8421308052155487,High
7558,15647295,Chin,426,France,Male,34,9,0.0,2,1,0,107876.91,0,0.02870904370465643,Low
7559,15642098,Cox,622,Spain,Female,36,0,108960.0,2,1,0,111180.3,1,0.08819469514065216,Low
7560,15696120,Wallace,701,Spain,Female,30,2,0.0,2,1,0,115650.63,0,0.03089058773133082,Low
7561,15675176,Price,512,France,Male,51,6,144953.31,1,1,1,165035.17,0,0.2639567935217735,Low
7562,15700046,Yuan,635,France,Male,41,4,103544.88,2,1,0,193746.55,0,0.08891696638300187,Low
7563,15782089,Mullen,685,France,Male,33,6,0.0,1,1,0,58458.26,0,0.13820874185253484,Low
7564,15706394,Howell,609,France,Male,53,7,0.0,2,0,1,52332.85,0,0.0593945481185884,Low
7565,15759387,McIntosh,598,Germany,Male,38,1,101487.18,1,1,1,75959.1,1,0.25128826838545615,Low
7566,15623369,Clifton,708,France,Male,52,10,105355.81,1,1,0,123.07,1,0.6001251182362566,Medium
7567,15732943,Okwuoma,574,Spain,Male,36,4,77967.5,1,1,0,167066.95,1,0.1429305704341984,Low
7568,15750545,Chidiebere,629,France,Male,44,5,0.0,4,0,0,117572.59,1,0.9111329418665733,High
7569,15809909,Fan,422,Spain,Female,54,4,0.0,2,1,1,7166.71,0,0.06505098640899083,Low
7570,15642448,Onyemauchechukwu,656,Spain,Male,28,8,120047.77,1,1,1,137173.39,0,0.04345374401591859,Low
7571,15791944,Harker,697,France,Male,32,7,175464.85,3,1,0,116442.42,1,0.9232093221033737,High
7572,15768342,Bolton,718,France,Male,52,8,79475.3,3,1,1,32421.32,1,0.9178582954585114,High
7573,15567919,Lazarev,586,Germany,Male,37,8,167735.69,2,0,1,104665.79,0,0.0426226159739499,Low
7574,15674750,Alexeyeva,481,Spain,Female,37,8,0.0,2,1,0,44215.86,0,0.034804288638201696,Low
7575,15778345,Stevens,749,France,Female,33,1,74385.98,1,1,0,20164.47,0,0.17075424771249584,Low
7576,15687634,Glover,561,Germany,Male,49,5,94754.0,1,1,1,26691.31,0,0.5192105390873888,Medium
7577,15666096,Ibekwe,676,Spain,Male,27,4,0.0,1,0,1,107955.67,0,0.09077677171890139,Low
7578,15581700,Paterson,615,Germany,Male,43,3,86920.86,1,1,1,150048.37,0,0.29190463580219644,Low
7579,15656417,Marsh,582,France,Female,39,1,132077.48,2,1,0,192255.15,0,0.11176169106356108,Low
7580,15649101,Reeves,601,France,Male,40,10,127847.86,1,0,0,173245.68,0,0.18267440746853972,Low
7581,15781975,Rees,708,France,Male,34,3,0.0,1,0,1,121457.88,1,0.0864433061670875,Low
7582,15700511,Hanson,708,Germany,Male,42,9,176702.36,2,1,1,104804.74,0,0.04601309585985005,Low
7583,15770255,Onwughara,797,Germany,Female,33,10,83555.58,1,0,0,69767.14,0,0.1933674422510398,Low
7584,15643574,Odinakachukwu,682,France,Male,26,8,0.0,2,1,0,178373.43,0,0.019415292094368194,Low
7585,15595010,Huang,694,Spain,Female,39,9,0.0,2,0,0,99924.04,0,0.0488216475765799,Low
7586,15580579,Trevisani,490,France,Female,40,1,0.0,1,1,1,49594.19,1,0.2701629474382499,Low
7587,15748532,Dale,828,Spain,Male,42,10,0.0,1,1,1,186071.14,0,0.21130131524187165,Low
7588,15773789,Pavlova,594,Spain,Female,38,7,96858.35,1,1,0,77511.45,0,0.1723688340084853,Low
7589,15600027,Meng,579,Spain,Male,33,1,0.0,2,1,1,54816.57,0,0.012250953989393867,Low
7590,15620832,Dean,723,France,Female,35,0,0.0,2,0,1,61290.99,0,0.022892528554856954,Low
7591,15568819,Chiganu,619,Germany,Female,42,8,132796.04,3,1,1,191821.35,1,0.9325942075102984,High
7592,15748691,Lung,794,Spain,Female,30,1,154970.54,1,0,1,156768.45,0,0.09250295574844208,Low
7593,15583552,Donaldson,674,Germany,Male,44,3,88902.21,1,1,0,73731.32,0,0.5155410646361567,Medium
7594,15588019,Li Fonti,418,France,Male,28,7,98738.92,1,1,0,122190.22,0,0.15767608692171567,Low
7595,15713250,Izmailova,502,France,Male,33,8,0.0,2,1,1,123509.01,0,0.011753383767299804,Low
7596,15569595,Walker,678,France,Female,50,6,0.0,1,1,0,8199.5,0,0.7925984360107462,High
7597,15794868,Nnonso,599,Germany,Male,40,10,137456.28,2,1,1,14113.11,0,0.1196780507630091,Low
7598,15576680,Stevenson,736,France,Male,29,4,0.0,2,0,0,51705.01,0,0.01517350123233497,Low
7599,15613699,Schnaars,430,France,Female,60,7,73937.02,1,1,0,161937.62,1,0.923585590162063,High
7600,15609758,Geoghegan,537,France,Female,45,7,158621.04,1,1,0,120892.96,1,0.49624938173143635,Medium
7601,15762392,Ilyina,683,Spain,Male,30,1,113257.2,1,1,1,65035.02,0,0.04713165762883169,Low
7602,15693382,Muir,828,France,Male,31,9,0.0,1,0,1,164257.37,0,0.08512222128008062,Low
7603,15791769,Gardener,691,France,Female,29,9,116536.43,1,1,0,51987.99,0,0.136837012487404,Low
7604,15712483,Chidi,608,Spain,Female,28,4,0.0,2,1,0,10899.63,1,0.027724469614673654,Low
7605,15636454,Fu,691,France,Female,60,6,101070.69,1,1,0,177355.8,1,0.8792267347984258,High
7606,15710138,Sun,718,Spain,Male,39,6,0.0,2,0,1,63889.1,0,0.020445198416360263,Low
7607,15571571,Ting,680,Germany,Female,31,3,127331.46,3,1,1,176433.6,0,0.7740499957415666,High
7608,15638751,Ashton,838,Spain,Female,41,5,0.0,2,1,0,81313.51,0,0.0527513562058146,Low
7609,15598574,Uwakwe,695,Spain,Female,31,5,0.0,2,0,1,13998.88,0,0.018892273204235387,Low
7610,15796787,Vassiliev,681,France,Male,46,0,105969.42,1,1,0,5771.56,0,0.43255476220961026,Low
7611,15615670,Kazakova,762,France,Male,36,5,119547.46,1,1,1,42693.65,0,0.0560235440716273,Low
7612,15705506,Perry,751,Spain,Male,38,7,0.0,2,0,0,90839.61,0,0.026820343178361614,Low
7613,15599535,Howell,678,Spain,Male,28,5,138668.18,1,1,1,54144.01,0,0.04969720187576265,Low
7614,15768449,Ricci,634,France,Female,37,7,51582.5,2,1,1,184312.88,0,0.048066048072458845,Low
7615,15725002,Smith,749,France,Male,37,7,0.0,2,1,0,20306.79,0,0.02191148205907628,Low
7616,15611682,Rossi,590,Spain,Male,37,6,169902.92,1,1,1,128256.18,0,0.08200428764487473,Low
7617,15749964,Jones,610,France,Female,27,4,87262.4,2,1,0,182720.07,0,0.07535718294691297,Low
7618,15678779,Quezada,502,France,Male,33,7,0.0,2,0,1,4082.52,0,0.009874693864094555,Low
7619,15752601,McCulloch,578,France,Female,40,7,0.0,2,0,0,102233.73,0,0.055882017853964176,Low
7620,15758477,Tobeolisa,547,France,Female,32,2,0.0,2,1,0,132002.83,0,0.030309667769322906,Low
7621,15629133,Black,579,France,Female,27,9,0.0,2,1,0,126838.7,0,0.02946054389064189,Low
7622,15604963,Fraser,661,France,Male,39,5,0.0,2,0,0,181461.46,0,0.04567947691328014,Low
7623,15796413,Green,794,France,Male,46,6,0.0,2,1,0,195325.74,0,0.13544286038892103,Low
7624,15812470,Allan,719,France,Male,61,5,0.0,2,0,1,29132.43,0,0.044260457628241906,Low
7625,15587443,Akudinobi,728,France,Female,69,1,0.0,2,1,1,131804.86,0,0.03020285572562337,Low
7626,15689692,Walker,598,Germany,Male,19,3,150348.37,1,1,1,173784.04,0,0.07777313141319951,Low
7627,15779586,Olisaemeka,822,Germany,Female,46,3,115074.02,2,1,0,26249.86,0,0.5137092974717755,Medium
7628,15667588,Arcuri,670,Spain,Female,40,3,0.0,1,1,1,182650.15,0,0.30891223365296466,Low
7629,15624423,Liu,850,France,Male,28,8,99986.98,1,1,0,196582.55,0,0.09572917843809547,Low
7630,15591107,Flemming,723,Germany,Female,68,3,110357.0,1,0,0,141977.54,1,0.8869535066046736,High
7631,15748986,Bischof,705,Germany,Male,42,8,166685.92,2,1,1,55313.51,0,0.08916797191105404,Low
7632,15793896,John,677,Spain,Male,40,7,95312.8,1,1,1,62944.75,0,0.10024811604537363,Low
7633,15620570,Sinnett,736,France,Male,43,4,202443.47,1,1,0,72375.03,0,0.5714641952004479,Medium
7634,15727811,Ts'ui,661,Germany,Female,47,0,109493.62,1,0,0,188324.01,1,0.8464845036387396,High
7635,15707681,Pokrovsky,501,Germany,Male,38,9,88977.39,2,0,1,133403.07,0,0.06881720288204811,Low
7636,15702030,Azarov,516,France,Female,29,2,104982.57,1,1,0,157378.5,0,0.14105446986644207,Low
7637,15673238,McCarthy,517,Germany,Female,59,8,154110.99,2,1,0,101240.08,1,0.7954905901689027,High
7638,15604196,Simpson,766,France,Male,32,6,185714.28,1,1,1,102502.5,0,0.10086237993504313,Low
7639,15769356,Stevenson,520,Germany,Female,23,3,116022.53,2,1,1,37577.66,0,0.0790563551921756,Low
7640,15665590,Moore,541,France,Male,46,6,0.0,2,1,1,83456.67,0,0.05579805017942488,Low
7641,15572361,Chill,790,Germany,Female,34,2,164011.48,1,1,0,199420.41,0,0.19174166926490785,Low
7642,15667460,Moore,797,France,Male,31,9,0.0,2,1,1,24748.89,0,0.008860000475211068,Low
7643,15654760,Su,811,France,Male,40,1,101514.89,1,1,1,121765.0,0,0.08890807611519133,Low
7644,15632669,Rees,722,Spain,Female,32,4,0.0,2,1,1,113666.48,0,0.019123977851718568,Low
7645,15613673,Lung,675,France,Male,28,9,0.0,1,1,0,134110.93,0,0.13011646336177227,Low
7646,15698522,Thomas,660,Germany,Male,39,9,134599.33,2,1,0,183095.87,0,0.11995039097742363,Low
7647,15741633,Fuller,566,Spain,Male,32,10,147511.26,1,1,1,159891.03,0,0.04519434367061673,Low
7648,15674583,Trevisani,768,France,Male,25,0,78396.08,1,1,1,8316.19,0,0.0457204341349091,Low
7649,15665374,Dumolo,610,Spain,Female,31,5,0.0,2,0,0,63736.36,0,0.026986238875143648,Low
7650,15588854,Wu,715,France,Female,31,3,110581.29,1,1,1,94715.24,0,0.06337341854645596,Low
7651,15810716,Kerr,750,Germany,Male,42,8,151836.36,2,1,0,68695.38,0,0.15958319062998635,Low
7652,15776921,Geoghegan,431,Germany,Male,45,5,83624.55,2,0,0,36899.62,0,0.17182121728655012,Low
7653,15569394,Bailey,704,France,Male,24,2,148197.15,2,1,0,182775.08,0,0.046710431289202235,Low
7654,15788215,Hsia,535,Spain,Female,30,5,122924.75,1,0,0,62390.59,1,0.13665384901901492,Low
7655,15641007,Holden,614,France,Female,38,4,72594.0,1,1,1,76042.48,0,0.15394168819617413,Low
7656,15594651,Milani,748,France,Male,38,4,115221.36,1,0,1,70956.75,0,0.08124560435184358,Low
7657,15575146,Jamieson,492,Germany,Male,51,8,117808.74,2,1,1,67311.12,0,0.30748482994627807,Low
7658,15608916,Ndubueze,573,France,Male,40,7,147754.68,1,1,1,110454.46,0,0.10420571912023925,Low
7659,15666297,Abramova,706,Spain,Female,53,3,0.0,3,0,0,88479.02,1,0.9682146907310415,High
7660,15598586,Wetherspoon,680,France,Male,31,10,113292.17,1,1,1,122639.73,0,0.03546651555461059,Low
7661,15665014,Middleton,458,Spain,Male,36,5,0.0,2,1,0,79723.78,0,0.021541937653109643,Low
7662,15701738,Arcuri,612,Germany,Male,44,2,115163.38,1,1,1,97677.52,1,0.4158237112260649,Low
7663,15650591,Calabrese,809,Germany,Male,50,10,118098.62,1,1,1,100720.02,1,0.517123243504588,Medium
7664,15652667,Hampton,590,France,Male,39,9,0.0,2,1,1,104730.52,0,0.02211038979882535,Low
7665,15679622,Clayton,602,France,Male,35,8,0.0,1,1,1,22499.29,0,0.08928692115683014,Low
7666,15730150,Otutodilichukwu,540,Spain,Male,37,0,120825.7,1,1,0,28257.89,0,0.13692750090747863,Low
7667,15813192,Chukwuemeka,494,France,Male,25,6,0.0,2,0,1,109988.09,0,0.01128370544947575,Low
7668,15606554,Douglas,797,France,Male,29,1,0.0,1,0,1,149991.32,0,0.06392558867779366,Low
7669,15611794,Galloway,526,Germany,Male,61,6,133845.28,2,1,1,45180.8,0,0.17572815652322746,Low
7670,15672357,Sochima,631,Spain,Male,38,7,0.0,2,1,0,181605.85,0,0.031637980526921405,Low
7671,15711759,Wilkins,576,France,Female,29,5,108541.04,1,1,1,126469.09,0,0.06410217528013636,Low
7672,15615296,Rice,405,France,Male,39,10,0.0,1,1,0,160810.85,1,0.7552966432926693,High
7673,15699294,Pope,555,France,Male,30,1,0.0,2,0,0,88146.86,0,0.014744000351331617,Low
7674,15788634,Romani,750,Spain,Female,37,2,113817.06,1,0,0,88333.74,0,0.15466235414803758,Low
7675,15660871,Ch'ang,665,France,Male,28,8,137300.23,1,1,0,90174.83,0,0.08366070449581633,Low
7676,15618258,Chizuoke,640,Spain,Male,37,5,158024.38,1,1,0,81298.09,0,0.11941663865989063,Low
7677,15722535,Ireland,457,France,Female,33,7,127837.54,1,0,1,60013.17,0,0.07580541409994776,Low
7678,15711977,Finch,695,France,Male,36,4,161533.0,1,1,0,100940.91,0,0.11632616209349263,Low
7679,15690169,Meng,645,France,Male,31,7,161171.7,2,1,0,12599.94,1,0.05038238634692614,Low
7680,15790689,Hibbins,647,Spain,Male,32,9,80958.36,1,1,1,128590.73,0,0.05478914551473846,Low
7681,15665181,Chung,808,Spain,Male,25,7,0.0,2,0,1,23180.37,0,0.010612387921897731,Low
7682,15633608,Black,641,France,Male,33,2,146193.6,2,1,1,55796.83,1,0.03319965580685247,Low
7683,15805261,Balashov,700,Spain,Male,29,8,0.0,2,0,1,152097.02,0,0.011523614365324421,Low
7684,15740356,Palmer,660,Germany,Male,26,4,115021.76,1,0,1,162443.05,0,0.1330183681731067,Low
7685,15808223,Lea,615,Spain,Male,41,1,126773.43,1,1,1,55551.26,0,0.12882968612853313,Low
7686,15769980,Singleton,705,Germany,Female,40,3,92889.91,1,1,1,109496.69,0,0.310111208920402,Low
7687,15675450,Burt,718,France,Male,48,9,0.0,2,1,1,72105.63,0,0.05534952879604483,Low
7688,15776494,Siciliano,754,France,Male,61,5,146622.35,1,1,1,41815.22,1,0.17911036949926065,Low
7689,15592412,Sun,713,Germany,Male,45,4,131038.14,1,1,0,74005.04,1,0.6540192045651573,Medium
7690,15777452,Sauve,587,France,Female,46,6,88820.29,1,0,0,70224.34,0,0.49486936695157374,Medium
7691,15692258,Thompson,569,Spain,Male,31,1,115406.97,1,0,0,145528.22,0,0.08627752123328059,Low
7692,15791045,Boni,568,France,Female,38,3,132951.92,1,0,1,124486.28,0,0.11276898305373197,Low
7693,15807889,Wood,634,Germany,Male,74,5,108891.7,1,1,0,10078.02,0,0.5285888344668647,Medium
7694,15602043,Buccho,770,Germany,Female,46,5,141788.63,2,0,0,164967.21,0,0.4578133728175644,Medium
7695,15807335,Spencer,676,Spain,Female,64,4,116954.32,1,1,1,91149.48,0,0.15561993632758922,Low
7696,15629985,Eidson,723,Germany,Female,47,10,90450.0,2,0,0,103379.31,1,0.47210196058218373,Medium
7697,15679453,Hung,614,Germany,Female,39,8,125997.22,1,1,1,128049.34,1,0.29296005471957093,Low
7698,15637315,Melvin,601,Spain,Female,41,3,0.0,2,1,0,54342.83,0,0.06002118834399746,Low
7699,15691513,Dawkins,592,France,Male,60,9,0.0,4,1,1,13614.01,1,0.8912700355378396,High
7700,15622289,Rizzo,605,Spain,Female,36,9,0.0,2,0,1,35521.63,0,0.022332082544777518,Low
7701,15715184,Capon,752,Spain,Female,31,4,144637.86,2,1,0,40496.72,0,0.083571221915897,Low
7702,15702801,Ts'ao,677,France,Female,29,3,86616.35,1,0,0,91903.9,1,0.12803068703728682,Low
7703,15719931,Johnstone,850,France,Male,31,8,0.0,2,1,0,178667.7,0,0.02059251487603583,Low
7704,15806081,Fleming,608,Germany,Female,48,2,127924.25,2,1,0,32202.61,0,0.5533549317676992,Medium
7705,15796336,Chang,786,Spain,Female,34,9,0.0,2,1,0,117034.32,0,0.03251968606511136,Low
7706,15647306,Gibbs,777,France,Female,29,9,131240.61,1,1,1,163746.09,1,0.0805735539494093,Low
7707,15742369,Rita,667,Spain,Male,31,5,0.0,2,1,1,20346.69,0,0.010208513645631686,Low
7708,15655859,Munro,848,Spain,Male,35,5,120046.74,2,1,0,84710.65,0,0.05186583126960853,Low
7709,15675650,Duncan,486,France,Female,39,8,97819.36,1,0,1,120531.31,0,0.1434556547897605,Low
7710,15574119,Okwuadigbo,598,Spain,Female,64,1,62979.93,1,1,1,152273.57,0,0.26251691584729314,Low
7711,15754168,McIntosh,506,France,Female,40,3,0.0,1,1,1,144345.58,0,0.33791836652844576,Low
7712,15763029,Ch'iu,612,Germany,Male,46,9,161450.03,1,1,1,96961.0,1,0.38320125359080287,Low
7713,15765048,Watt,545,France,Male,30,3,0.0,2,1,0,170307.43,0,0.02153157882977759,Low
7714,15786215,Udinese,793,France,Male,56,8,119496.25,2,1,0,29880.99,0,0.6483550765284422,Medium
7715,15707559,Clark,682,France,Female,30,9,0.0,2,1,1,195104.91,0,0.024199799389068074,Low
7716,15582129,Hsia,517,France,Male,62,1,43772.66,3,1,0,187756.24,1,0.9907130204715328,High
7717,15687540,Obiuto,684,France,Male,32,9,100249.41,2,0,1,67599.69,0,0.02475046885206217,Low
7718,15787196,T'ien,692,Spain,Male,46,2,0.0,2,1,1,105983.09,0,0.05749638438680183,Low
7719,15670898,McKenzie,740,France,Female,60,5,108028.08,2,0,0,25980.42,1,0.7927415044655463,High
7720,15775433,Tang,666,Germany,Male,71,1,53013.29,2,1,1,112222.64,0,0.025248595128520346,Low
7721,15700693,Tu,693,France,Male,68,2,0.0,2,1,1,59864.96,0,0.014926730163162101,Low
7722,15677955,Tsui,757,Germany,Male,33,1,122088.67,1,1,0,42581.09,0,0.2713981772922494,Low
7723,15570086,Lynch,684,Germany,Male,18,9,90544.0,1,0,1,4777.23,0,0.10059965763172828,Low
7724,15794875,Hung,691,Spain,Male,35,6,0.0,2,0,1,178038.17,0,0.0186079699667832,Low
7725,15673591,Oluchukwu,842,France,Male,44,3,141252.18,4,0,1,128521.16,1,0.9683681412904431,High
7726,15631756,Tuan,482,France,Female,35,5,147813.05,2,0,0,109029.72,0,0.07103988798828258,Low
7727,15757617,Lewis,735,France,Male,55,6,134140.68,1,1,0,2267.88,0,0.7177938289007929,Medium
7728,15612729,Chidiebere,681,France,Female,63,7,0.0,2,1,1,55054.48,0,0.050846177720568556,Low
7729,15637857,Woolacott,616,France,Female,31,8,0.0,1,0,1,76456.17,0,0.12816954551519402,Low
7730,15681007,Yen,850,France,Female,35,2,128548.49,4,1,0,75478.95,1,0.9398589709634605,High
7731,15593622,Service,635,France,Male,43,10,122198.21,2,0,1,179144.54,0,0.1200756824032763,Low
7732,15629273,Lin,638,Germany,Male,42,8,145177.84,1,1,0,193471.74,1,0.39629334276994327,Low
7733,15765846,Chuang,820,Spain,Female,31,2,94222.53,1,1,0,103570.8,0,0.13030195382714393,Low
7734,15596013,Akhtar,694,Germany,Female,58,1,143212.22,1,0,0,102628.56,1,0.9407305291497136,High
7735,15722473,Faulkner,713,France,Male,41,3,0.0,2,1,0,55772.04,0,0.03730079751992439,Low
7736,15774936,Liang,543,Germany,Male,41,6,143350.41,1,1,1,192070.16,1,0.26925468397773267,Low
7737,15685640,Dancy,649,France,Female,41,3,130931.83,1,1,1,144808.37,0,0.17533386719725444,Low
7738,15566563,Duigan,777,France,Female,30,4,137851.31,1,1,0,5008.23,1,0.13322705735986803,Low
7739,15768746,McLean,561,France,Male,33,6,0.0,2,0,0,173680.39,0,0.02453757025272991,Low
7740,15689952,Zuyeva,724,Spain,Male,41,5,0.0,1,0,1,115753.94,0,0.19047512525359225,Low
7741,15725906,Hankinson,665,Spain,Female,51,8,0.0,1,1,1,38928.48,1,0.4637680244278013,Medium
7742,15634501,Wei,441,France,Male,60,1,140614.15,1,0,1,174381.23,0,0.20704509839097768,Low
7743,15571940,Afamefula,579,Spain,Male,22,3,118680.57,1,1,1,49829.8,0,0.04833359952957217,Low
7744,15741643,Chiang,777,Germany,Male,35,7,122917.69,1,1,1,76169.68,0,0.1537807537215985,Low
7745,15806822,Myers,739,France,Female,36,0,0.0,2,0,0,133465.57,0,0.03880254313775105,Low
7746,15701166,Chinedum,660,France,Male,40,5,131754.11,2,1,1,38761.61,0,0.061621687720668075,Low
7747,15718531,Ukaegbunam,554,France,Female,35,8,0.0,2,1,1,176779.46,0,0.03098322911586603,Low
7748,15628308,Akubundu,850,France,Female,24,6,0.0,2,1,1,13159.9,0,0.01636445676618777,Low
7749,15585287,Sal,842,Germany,Female,35,9,119948.09,1,1,0,48217.97,1,0.3636807901396793,Low
7750,15781619,Stevenson,785,France,Female,38,1,0.0,1,1,0,134964.85,1,0.30864237976346076,Low
7751,15805162,Sutherland,550,France,Male,25,0,0.0,2,1,1,184221.11,0,0.011633121386251558,Low
7752,15588535,Ts'ao,750,Spain,Female,39,6,0.0,2,0,0,19264.33,0,0.04750272419567996,Low
7753,15775307,Sung,490,Spain,Female,38,3,97266.1,1,1,1,92797.23,0,0.11317753202600957,Low
7754,15777616,Pisani,605,Germany,Male,28,10,113690.83,1,1,0,33114.24,0,0.24287489164816603,Low
7755,15692291,Hs?eh,563,Spain,Female,42,6,99056.22,2,1,0,154347.95,1,0.20574094726177997,Low
7756,15680843,Sherrod,675,France,Male,34,8,0.0,2,1,1,184842.21,0,0.013094852618161632,Low
7757,15606232,Holloway,621,Spain,Female,36,7,116338.68,1,1,1,155743.48,0,0.09734654404031108,Low
7758,15641585,Newton,850,France,Male,40,6,97339.99,1,0,1,88815.25,0,0.10006496265649321,Low
7759,15684358,Kang,711,France,Male,41,3,0.0,2,1,1,193747.57,0,0.03450002742436122,Low
7760,15806389,Walton,549,Germany,Female,55,1,137592.31,2,0,1,116548.02,1,0.3456263307597122,Low
7761,15641860,Bradley,764,Germany,Male,34,6,108760.27,2,1,0,166324.79,1,0.07635311566940711,Low
7762,15814237,Watkins,627,Germany,Male,30,3,128770.88,2,1,1,40199.01,0,0.058643407539736854,Low
7763,15808780,Tien,850,France,Female,34,2,0.0,2,0,0,51919.04,0,0.020320692325761485,Low
7764,15767064,Davide,614,Spain,Female,36,1,44054.84,1,1,1,73329.08,0,0.16940585488395324,Low
7765,15751177,Milne,685,Germany,Female,44,2,119657.53,1,1,0,145387.05,1,0.6613608514321905,Medium
7766,15613427,Barling,683,Germany,Female,49,7,108797.63,2,0,0,140763.18,0,0.6110347009002616,Medium
7767,15647259,Barnett,643,Spain,Male,35,2,0.0,2,0,0,67979.35,0,0.019583223427448834,Low
7768,15748660,Ellis,561,Germany,Female,49,1,102025.32,1,1,0,133051.64,1,0.8601856641645812,High
7769,15726695,Hsia,601,Spain,Female,20,9,122446.61,2,1,0,86791.9,0,0.058216038097919254,Low
7770,15757473,Chukwujamuike,766,France,Female,27,7,158786.67,2,0,1,47579.25,0,0.05168986404745196,Low
7771,15809509,Venables,699,France,Male,29,3,125689.29,1,1,1,151623.71,0,0.04144185229290195,Low
7772,15715512,Hsia,850,Germany,Male,29,1,154640.41,1,1,1,164039.51,0,0.0904127357226008,Low
7773,15614168,Alexander,792,Germany,Female,50,4,146710.76,1,1,0,16528.4,1,0.863317159387423,High
7774,15679818,Yuan,636,Germany,Male,67,7,136709.35,1,0,1,66753.1,1,0.21657744942164103,Low
7775,15609928,Johnston,850,Germany,Male,43,5,129305.09,2,0,1,19244.58,0,0.21831879117051564,Low
7776,15731246,Hobler,628,Spain,Male,40,10,0.0,2,1,0,103832.58,0,0.04520728552748651,Low
7777,15685243,Jamieson,736,France,Female,63,10,0.0,2,0,1,502.7,0,0.05434923840405643,Low
7778,15638730,Macleod,711,France,Female,21,0,82844.33,2,0,1,1408.68,0,0.04253248004883886,Low
7779,15697034,Norris,583,Spain,Female,22,2,0.0,2,0,1,5985.36,0,0.02017822140774228,Low
7780,15699225,Pirozzi,757,France,Male,46,0,0.0,2,1,0,37460.05,0,0.11322041622240471,Low
7781,15677387,Folliero,749,Germany,Female,33,10,76692.22,1,0,1,30396.43,0,0.09791026730528213,Low
7782,15759184,Russell,705,France,Male,34,7,117715.84,1,1,0,2498.67,0,0.08350511780108497,Low
7783,15595991,Hsiung,585,France,Male,54,8,87105.32,1,1,1,55346.14,0,0.19792575578239033,Low
7784,15681332,Tate,437,France,Female,43,6,0.0,1,1,0,148330.97,1,0.5827685602811403,Medium
7785,15756299,Davis,741,France,Female,64,2,69311.16,1,1,1,59237.72,0,0.22276108114387505,Low
7786,15750547,Bair,738,France,Male,26,9,0.0,2,1,1,48644.94,0,0.008743997064744264,Low
7787,15566380,Drury,586,Spain,Female,33,10,66948.67,2,1,1,140759.03,0,0.03757628012218767,Low
7788,15675963,Padovano,627,France,Female,57,9,0.0,2,1,1,107712.42,0,0.07715787709492468,Low
7789,15674671,Conway,551,Spain,Male,76,2,128410.71,2,1,1,181718.73,0,0.021843050739245286,Low
7790,15621466,Waters,606,Germany,Male,38,3,99897.53,1,0,0,37054.65,0,0.32047196127035027,Low
7791,15607176,Kang,674,France,Male,22,3,0.0,1,1,1,173940.59,0,0.08936800785137823,Low
7792,15570299,Martin,584,Germany,Female,31,6,152622.34,1,1,0,99298.8,0,0.21539185942260697,Low
7793,15613197,Ugochukwutubelum,590,France,Male,40,8,0.0,2,1,0,62933.03,0,0.03356445305450288,Low
7794,15798885,Burns,585,France,Male,56,4,138227.19,2,1,1,55287.84,0,0.1313267844652302,Low
7795,15714883,Genovese,508,France,Female,25,2,111395.53,1,0,1,48197.06,0,0.07054732269813202,Low
7796,15604497,Beale,458,Germany,Male,44,7,84386.57,1,1,0,178642.73,0,0.46787204225687434,Medium
7797,15773949,Cherkasova,692,France,Female,36,3,0.0,2,1,1,8282.22,0,0.022388730303149283,Low
7798,15774164,Coles,502,Germany,Male,33,5,174673.65,2,1,0,33300.56,0,0.024561617597220396,Low
7799,15774127,Potter,518,France,Male,46,3,0.0,2,1,0,76515.79,0,0.1125050680085923,Low
7800,15619016,McMinn,660,Germany,Male,46,5,109019.65,2,1,1,33680.56,0,0.22150682951285594,Low
7801,15795759,Bergamaschi,698,Germany,Female,52,1,107906.75,1,1,0,168886.39,1,0.8970272928815359,High
7802,15798844,Chijindum,678,France,Male,54,7,128914.97,1,0,0,191746.23,1,0.8117238333507251,High
7803,15717962,Ch'iu,773,Spain,Male,63,9,111179.83,1,1,1,93091.02,0,0.14955603460271585,Low
7804,15691504,Yusupova,619,Germany,Female,52,8,124099.13,1,0,0,23904.52,0,0.8954779116966955,High
7805,15693893,Davis,684,Germany,Male,59,9,122471.09,1,0,1,15807.07,0,0.4504060036910709,Medium
7806,15672499,Iadanza,635,France,Male,34,3,134692.4,2,1,1,83773.02,0,0.031408395633856015,Low
7807,15750410,Jordan,680,France,Female,25,4,123816.5,1,1,1,90162.35,0,0.057831330829685904,Low
7808,15568904,Kruglova,608,Germany,Male,34,3,106288.54,1,1,1,36639.25,0,0.14965037804453404,Low
7809,15649033,Echezonachukwu,603,Germany,Female,55,7,127723.25,2,1,0,139469.11,1,0.8330462400438223,High
7810,15780989,Hajek,579,Spain,Male,43,2,145843.82,1,1,1,198402.37,1,0.13336912262720804,Low
7811,15771059,Welch,756,Germany,Female,34,2,148200.72,1,0,0,194584.48,0,0.22770251402182987,Low
7812,15687852,Vinogradoff,611,France,Male,30,2,104145.65,1,0,0,159629.64,0,0.07986591630187144,Low
7813,15695280,Hung,532,Germany,Male,24,8,142755.25,1,0,0,34231.48,0,0.24418115579978947,Low
7814,15592751,Okwudiliolisa,684,Germany,Female,63,3,81245.79,1,1,0,69643.31,1,0.9132030757954704,High
7815,15598338,Mays,647,Germany,Female,33,3,168560.46,2,0,0,90270.16,0,0.05680985029250998,Low
7816,15735784,Gardner,583,France,Male,38,8,0.0,1,1,0,47848.56,0,0.20393275241322206,Low
7817,15629128,Mamelu,774,Germany,Male,42,2,132193.94,2,1,1,162865.52,0,0.12099942049892533,Low
7818,15642870,Ross,677,France,Male,58,9,0.0,1,0,1,168650.4,0,0.3623488488582363,Low
7819,15637977,Barese,542,Germany,Male,25,8,139330.1,1,0,0,54372.37,0,0.19493378978846204,Low
7820,15600792,Swayne,613,Spain,Male,29,0,0.0,2,0,1,133897.32,0,0.014128774572795872,Low
7821,15576131,Phillips,666,France,Male,40,5,0.0,2,1,0,147878.05,0,0.03921675834588556,Low
7822,15686588,Manfrin,777,France,Female,28,2,134571.5,1,0,1,118313.38,0,0.07124457052466512,Low
7823,15761018,Tan,581,Germany,Male,50,2,143829.2,2,1,0,181224.24,1,0.5161585765893492,Medium
7824,15616029,Adams,705,France,Male,32,7,0.0,2,1,0,7921.57,0,0.013725155276528716,Low
7825,15761149,Teng,673,France,Female,44,8,133444.97,1,0,1,5708.19,0,0.24123733725827165,Low
7826,15802758,Chinwendu,594,Germany,Female,23,4,104753.84,2,1,0,56756.52,1,0.10600504737835674,Low
7827,15647838,Davison,648,Germany,Female,51,2,116574.84,1,1,0,4121.04,1,0.8963829505423827,High
7828,15735968,Hsing,605,France,Male,41,10,0.0,2,0,1,97213.09,0,0.028580023718059424,Low
7829,15581286,Castro,734,France,Female,40,9,176914.8,1,1,1,12799.23,0,0.2512250075751637,Low
7830,15625445,Parkin,572,France,Female,36,8,68348.18,2,0,1,50400.32,0,0.034314814740752264,Low
7831,15600173,Manna,595,France,Female,33,9,0.0,2,1,1,41447.86,0,0.01565253244047513,Low
7832,15635143,Fennescey,749,France,Male,42,2,56726.83,2,0,1,185543.35,0,0.06715816992656932,Low
7833,15664849,Colon,573,Spain,Male,46,3,65269.23,1,0,1,189988.65,1,0.4059329452683918,Low
7834,15762455,Yeh,624,Spain,Male,33,6,66220.17,1,0,1,170819.01,0,0.09828004203811903,Low
7835,15797165,Bergamaschi,703,France,Male,56,9,0.0,1,0,0,85547.33,1,0.8784873669212753,High
7836,15788189,Matveyeva,665,France,Female,41,8,96147.55,1,1,0,137037.97,0,0.2744366668302566,Low
7837,15780492,Ignatyeva,648,France,Male,42,4,0.0,2,1,0,19283.14,0,0.04356950556148033,Low
7838,15678497,Lederer,850,Spain,Male,48,2,0.0,1,1,0,169425.3,1,0.720424446132917,Medium
7839,15588560,Nwabugwu,569,Germany,Female,32,8,145330.43,1,1,1,132038.65,0,0.15745620180718523,Low
7840,15606003,Abramowitz,566,France,Female,21,3,0.0,2,1,1,3626.47,0,0.013839608057789922,Low
7841,15611756,Chapman,537,Germany,Female,47,4,124192.28,2,1,1,50881.51,0,0.3505455908855654,Low
7842,15789563,Fiorentino,706,Germany,Female,46,7,111288.18,1,1,1,149170.25,1,0.5429289331661772,Medium
7843,15702416,Cecil,734,France,Male,43,7,107805.67,1,0,0,182505.68,0,0.32011403342282185,Low
7844,15766288,Ikechukwu,586,Germany,Female,36,5,103700.69,1,1,0,194072.56,1,0.37387008881159006,Low
7845,15667633,Allen,612,France,Female,38,1,0.0,2,1,1,9209.21,0,0.033901595647493496,Low
7846,15622774,Kao,648,France,Male,34,0,0.0,1,1,1,167931.81,0,0.06975304686442664,Low
7847,15755416,Hart,557,France,Female,27,3,87739.08,1,1,1,123096.56,0,0.0769723633194752,Low
7848,15769915,Charlton,643,Spain,Female,20,0,133313.34,1,1,1,3965.69,0,0.06407378832068786,Low
7849,15643908,Turnbull,433,France,Female,49,10,0.0,1,1,1,87711.61,0,0.5146275812818538,Medium
7850,15627395,Manners,643,Germany,Male,41,7,154902.66,1,1,1,49667.28,0,0.23032150975038532,Low
7851,15679663,Chiazagomekpere,488,France,Female,36,0,0.0,2,1,0,136675.22,0,0.04308672411574561,Low
7852,15651581,Lavrentyev,758,Germany,Male,68,6,112595.85,1,1,0,35865.44,1,0.8497073449515029,High
7853,15596379,Wallace,743,Germany,Male,39,3,119695.75,1,0,1,26136.13,0,0.2910280391314877,Low
7854,15746674,Miller,730,France,Female,47,7,0.0,1,1,0,33373.26,1,0.7198777474152427,Medium
7855,15801256,Bazhenov,746,Spain,Male,49,7,0.0,2,0,1,10096.25,0,0.06372604462127518,Low
7856,15663808,Ifesinachi,666,Germany,Female,59,8,152614.51,2,1,1,188782.3,0,0.20508597088183297,Low
7857,15598521,Ma,580,Germany,Female,33,7,131647.01,2,0,0,79775.19,0,0.09899856570040116,Low
7858,15621457,Chu,850,France,Male,27,6,96654.72,2,0,0,152740.16,0,0.041904221750183004,Low
7859,15764726,Kerr,563,France,Male,22,3,137583.04,1,0,1,5791.85,0,0.05426350767093784,Low
7860,15646374,Wynne,766,Germany,Female,28,3,62717.84,2,1,1,13182.43,0,0.029662109528609225,Low
7861,15716501,Moon,659,France,Male,32,9,95377.13,1,0,1,187551.24,0,0.06377889010488859,Low
7862,15589948,Disher,607,Spain,Male,28,1,135936.1,2,1,1,110560.14,0,0.0326588435187567,Low
7863,15811343,Cattaneo,644,Germany,Male,35,5,161591.11,3,1,1,63795.62,0,0.7867776451685896,High
7864,15659677,Beluchi,746,France,Male,47,8,142382.03,1,1,1,62086.62,0,0.21010153879155039,Low
7865,15594436,Mazzi,588,Spain,Male,33,2,0.0,2,1,1,12483.56,0,0.01238329383021476,Low
7866,15748995,Ifeajuna,691,Spain,Male,30,9,0.0,2,0,1,10963.04,0,0.009536221021924158,Low
7867,15677062,Howe,666,France,Female,38,6,127043.09,1,1,1,8247.0,0,0.11337914413702264,Low
7868,15697201,Yocum,640,Spain,Female,46,3,0.0,1,1,1,156260.08,0,0.500840591165088,Medium
7869,15666453,Moore,611,Germany,Female,29,4,78885.88,2,1,1,26927.69,0,0.03506667795878849,Low
7870,15693771,Y?an,651,Spain,Female,45,8,95922.9,1,1,0,84782.42,1,0.4274400988081292,Low
7871,15569867,Chinweuba,529,France,Female,29,8,0.0,2,1,0,19842.11,0,0.02550383981609921,Low
7872,15711602,Lowrie,676,France,Female,36,3,91711.59,1,1,1,95393.43,0,0.0903216247393026,Low
7873,15717736,Shen,639,Germany,Female,46,10,110031.09,2,1,1,133995.59,0,0.3213884715454052,Low
7874,15750441,Lavarack,782,France,Male,36,5,81210.72,2,0,1,108003.38,0,0.026173240733155887,Low
7875,15732791,Davide,641,Germany,Male,32,5,122947.92,1,1,1,99154.86,0,0.12856783717721204,Low
7876,15775104,Gomes,697,France,Female,38,1,182065.85,1,1,0,49503.5,0,0.2749095526005233,Low
7877,15757607,Matveyeva,623,France,Male,45,0,0.0,1,1,0,196533.72,1,0.5922031832524244,Medium
7878,15793070,Fiorentino,494,Spain,Female,41,2,69974.66,2,1,0,188426.13,1,0.15955001007823852,Low
7879,15760456,Eberechukwu,731,France,Female,38,10,123711.73,2,1,0,171340.68,1,0.13242215557382148,Low
7880,15665385,Gibney,657,France,Male,44,6,76495.04,1,1,0,79071.89,0,0.34128241779128426,Low
7881,15612418,Virgo,744,France,Female,38,9,0.0,2,0,0,20940.76,0,0.038096038461750366,Low
7882,15727138,Kulikova,774,Spain,Male,46,9,0.0,2,1,1,34774.26,0,0.04591873707675798,Low
7883,15732061,Liu,850,Germany,Female,45,1,121874.89,1,0,0,6865.41,1,0.7587228485819606,High
7884,15776051,Kao,551,France,Female,45,6,0.0,2,1,1,51143.43,0,0.06810052702742705,Low
7885,15616530,Foran,638,France,Male,36,6,188455.19,1,0,0,47031.4,1,0.2018209063841292,Low
7886,15632344,Jones,792,France,Female,42,0,99045.93,2,1,0,47160.01,0,0.17266049510542972,Low
7887,15744979,Fowler,666,France,Female,36,8,0.0,1,0,1,158666.99,0,0.19358960678405068,Low
7888,15745433,Conti,716,Germany,Female,30,2,205770.78,2,0,0,65464.66,0,0.14469173626970816,Low
7889,15683657,Stephenson,594,France,Female,31,0,79340.95,1,1,0,78255.86,0,0.1294556671639145,Low
7890,15718572,Willis,600,Germany,Male,57,9,138456.03,2,1,1,103548.25,0,0.18290527319281655,Low
7891,15665783,Ts'ui,565,France,Male,49,7,0.0,2,1,1,89609.26,0,0.06790014751979587,Low
7892,15652782,Chibuzo,678,Germany,Male,48,2,101099.9,2,0,1,193476.04,0,0.3110147405230781,Low
7893,15707025,Fang,648,Spain,Female,31,5,0.0,2,1,1,5199.02,0,0.017888096769884492,Low
7894,15647807,Wyckoff,642,France,Male,40,8,109219.83,1,1,0,52827.51,0,0.17868595268240467,Low
7895,15718281,Muir,706,Germany,Male,67,1,123276.69,2,1,1,86507.88,1,0.13993716143917692,Low
7896,15660571,Halpern,668,Spain,Male,43,10,113034.31,1,1,1,100423.88,0,0.1176322120179443,Low
7897,15727857,Flynn,635,Spain,Male,41,1,0.0,2,1,0,175611.5,0,0.04459682322342334,Low
7898,15639252,Shao,603,Spain,Male,30,6,129548.5,2,1,1,19282.85,0,0.0288709807081293,Low
7899,15628144,Soares,635,France,Female,72,4,74812.84,1,0,1,27448.33,0,0.050206728476390905,Low
7900,15683560,Gallo,642,France,Female,40,7,0.0,2,1,0,183963.34,0,0.07929952726005207,Low
7901,15653275,Lei,785,Spain,Female,54,1,0.0,2,1,0,45113.92,1,0.5074565890233661,Medium
7902,15622182,Daniels,628,Germany,Female,28,3,153538.13,2,1,0,110776.01,0,0.078480554352848,Low
7903,15613962,Kenechi,499,France,Female,38,9,0.0,2,0,1,183042.2,0,0.06296404644233783,Low
7904,15618437,Singleton,567,Spain,Male,34,10,0.0,2,0,1,161571.79,0,0.012694349530535448,Low
7905,15783338,Williams,449,Spain,Male,32,0,155619.36,1,1,1,166692.03,0,0.049227438658638864,Low
7906,15764491,Greece,701,Spain,Male,35,10,159693.9,2,1,1,71173.64,0,0.03304646557910064,Low
7907,15712960,Olisanugo,613,Spain,Male,37,3,171653.17,1,0,1,5353.12,0,0.08616432272840686,Low
7908,15688157,Padovano,683,Germany,Female,39,2,47685.47,2,1,1,86019.48,0,0.05098020847117681,Low
7909,15579287,Rossi,581,France,Male,35,4,0.0,2,0,1,86383.82,0,0.014641985338142836,Low
7910,15570931,Grant,620,France,Male,61,5,0.0,1,0,0,31641.52,1,0.9097907622321176,High
7911,15615177,Ebelegbulam,561,Spain,Male,28,6,123692.0,1,1,1,70548.96,0,0.045819302260737806,Low
7912,15809906,Mitchell,558,Germany,Male,26,1,148853.29,2,1,1,24411.02,0,0.04964095745314408,Low
7913,15652169,Buckley,642,France,Male,35,2,133161.95,1,0,1,122254.86,0,0.057545931729534296,Low
7914,15649450,Repina,805,Germany,Male,24,6,143221.35,2,1,0,186035.72,0,0.06579489970872877,Low
7915,15777179,Ellis,687,France,Male,35,9,0.0,2,0,1,73133.82,0,0.011913454371056969,Low
7916,15803538,Douglas,695,Spain,Male,56,1,0.0,3,1,0,187734.49,1,0.9818876059732483,High
7917,15610936,Becher,562,France,Male,33,6,0.0,2,1,0,111590.35,0,0.017106268235157228,Low
7918,15590094,Nwachukwu,613,Germany,Male,38,9,126265.88,2,0,0,15859.95,0,0.12505967249714986,Low
7919,15572706,Smith,589,France,Male,37,5,0.0,1,1,0,61324.87,0,0.1887839345274698,Low
7920,15634564,Aksyonov,593,Spain,Male,31,8,112713.34,1,1,1,176868.89,0,0.049270229638753334,Low
7921,15684296,Artyomova,714,France,Male,34,5,141173.03,1,0,1,98896.06,0,0.04805508714223178,Low
7922,15702293,Medvedeva,588,Spain,Female,35,7,0.0,2,1,1,108739.15,0,0.022358085750486166,Low
7923,15642099,Tsui,679,Spain,Male,39,6,0.0,2,1,0,12266.06,0,0.02970126367476275,Low
7924,15773273,Runyon,730,Spain,Male,38,5,118866.36,1,1,1,163317.5,0,0.064857182821381,Low
7925,15613337,Gallo,833,France,Male,47,2,0.0,2,1,1,182247.77,0,0.062403615790329714,Low
7926,15800482,Bradshaw,586,Spain,Female,33,7,0.0,2,1,1,168261.4,0,0.02599583327387441,Low
7927,15732644,Evans,567,Spain,Female,54,5,92316.31,2,1,0,158590.66,1,0.7641775449844189,High
7928,15713426,Hancock,637,Germany,Male,30,1,122185.53,1,1,0,102566.46,1,0.22001811612770697,Low
7929,15640789,Butler,711,France,Male,38,4,123345.85,1,1,0,141827.83,0,0.1239218441318201,Low
7930,15598892,Bradshaw,828,France,Male,30,4,73070.18,2,0,0,161671.15,0,0.03107828451126828,Low
7931,15606436,Bergamaschi,500,Spain,Male,38,7,0.0,2,0,0,192013.23,0,0.051653167553354466,Low
7932,15751227,Ebelegbulam,807,France,Male,47,1,95120.59,1,0,0,127875.1,0,0.44417258389787084,Low
7933,15812365,Greco,850,France,Male,40,8,102800.65,1,1,0,60811.56,0,0.190113551969048,Low
7934,15616088,Lucas,782,France,Female,70,7,97072.42,1,0,1,131177.22,0,0.0848169244712834,Low
7935,15803886,Barber,629,Spain,Male,31,6,132876.55,1,1,1,130862.11,0,0.048945359701888444,Low
7936,15587311,Dobbs,582,Spain,Male,33,6,0.0,2,0,1,72970.93,0,0.011999114335744965,Low
7937,15617401,Thomson,468,France,Male,22,2,0.0,2,1,0,28123.99,0,0.01567399503171974,Low
7938,15775886,Su,670,France,Male,36,3,0.0,1,1,0,140754.19,1,0.17035576072243014,Low
7939,15807305,Watkins,805,France,Male,39,2,0.0,1,0,0,166650.32,0,0.25657790764714095,Low
7940,15761717,Ch'ien,720,France,Male,26,10,51962.91,2,1,0,45507.24,0,0.01942255099150265,Low
7941,15628008,Monds,781,Spain,Female,29,6,98759.89,1,0,0,112202.64,0,0.12833676153999873,Low
7942,15583755,McClemans,592,Germany,Male,33,2,156570.86,1,1,1,37140.2,0,0.10372502669145515,Low
7943,15661409,Shen,542,France,Female,42,1,0.0,1,1,1,178256.58,1,0.4026862312973383,Low
7944,15774250,Gallo,532,France,Male,42,1,159024.71,1,1,0,100982.93,1,0.24863652043115597,Low
7945,15681476,Foveaux,520,France,Female,39,1,73493.17,1,0,1,109626.13,1,0.2062393173498128,Low
7946,15654870,Longo,759,France,Female,45,8,0.0,2,1,1,99251.24,0,0.07195390605383284,Low
7947,15790448,Calabresi,473,France,Female,35,6,69617.36,1,1,0,143345.69,0,0.23207966509344066,Low
7948,15785326,Randall,639,Spain,Female,35,5,136526.26,2,1,0,59653.03,0,0.08271743862513797,Low
7949,15592854,Garcia,705,France,Male,25,3,113736.27,1,0,1,196864.61,0,0.057606359787006074,Low
7950,15617486,Sullivan,530,France,Male,52,1,106723.28,1,0,0,109960.4,1,0.6759082481423877,Medium
7951,15806796,Higgins,516,Germany,Female,33,10,138847.9,1,1,1,127256.7,0,0.18117862711368263,Low
7952,15644699,Crawford,850,France,Female,40,0,0.0,2,1,0,1099.95,0,0.0599571233819998,Low
7953,15622305,Martin,746,Germany,Female,33,2,107868.14,2,1,1,146192.4,0,0.08102815605937595,Low
7954,15608209,Currey,622,Germany,Male,33,3,96926.12,2,1,0,48553.77,0,0.06778114953643673,Low
7955,15626898,Teng,743,France,Male,30,7,77599.23,1,0,0,144407.1,0,0.1041140510865964,Low
7956,15644297,Austin,732,Germany,Male,38,5,178787.54,1,1,1,195760.53,0,0.04623562658905598,Low
7957,15731569,Hudson,850,France,Male,81,5,0.0,2,1,1,44827.47,0,0.004830991312877859,Low
7958,15582149,Ts'ui,850,Germany,Female,34,3,129668.43,2,1,1,88743.99,0,0.058080629058702295,Low
7959,15802483,Hancock,686,France,Male,34,6,146178.13,2,1,1,88837.11,0,0.0282295454108567,Low
7960,15686999,Nicholas,556,France,Female,40,8,0.0,2,1,0,62112.7,0,0.05292426238729277,Low
7961,15772479,Napolitano,673,France,Male,37,4,0.0,2,0,0,163563.07,0,0.02731565163948487,Low
7962,15778884,Jamieson,809,France,Female,38,2,154763.21,2,1,1,174800.31,0,0.0671737733815493,Low
7963,15623630,Foster,634,Germany,Female,56,3,116251.24,1,0,1,42429.88,1,0.5775296145980792,Medium
7964,15774316,Moretti,630,France,Male,37,6,0.0,2,1,1,82647.65,0,0.015762842009663602,Low
7965,15695097,Chiedozie,564,Germany,Female,30,0,100954.88,2,0,0,134175.15,0,0.10368865711174717,Low
7966,15645404,Okwukwe,625,France,Female,51,4,124620.01,2,1,0,92243.94,1,0.5424071748041944,Medium
7967,15750574,Lumholtz,677,Spain,Female,34,4,0.0,2,1,1,6175.53,0,0.01964324634870144,Low
7968,15636812,Rose,583,France,Male,40,9,112701.04,1,0,0,29213.63,0,0.1710705083335697,Low
7969,15712068,Wan,592,Spain,Male,45,8,84692.5,1,0,1,67214.02,0,0.21135934516198931,Low
7970,15652030,De Bernales,637,Germany,Male,49,2,108204.52,1,1,0,169037.84,1,0.8100058952722577,High
7971,15577398,Ch'eng,850,France,Male,30,6,86449.39,1,1,1,188809.23,0,0.05656155128641363,Low
7972,15756848,Edmondson,633,Spain,Male,42,10,0.0,1,0,1,79408.17,0,0.2421209757363514,Low
7973,15806929,Ch'ien,751,Germany,Male,36,5,73194.99,1,1,1,89222.66,0,0.07395802578905228,Low
7974,15656005,Millar,592,Germany,Male,31,7,124593.23,1,1,0,86079.67,0,0.21433541899481817,Low
7975,15722632,Dickson,716,Germany,Male,50,2,119655.77,1,1,1,12944.17,1,0.604942415655241,Medium
7976,15794356,Toscani,641,Germany,Male,42,3,121765.37,2,1,1,166516.84,0,0.1443734464761843,Low
7977,15659656,Pan,849,France,Male,35,4,110837.73,1,0,0,126419.8,0,0.08938506552237603,Low
7978,15588341,Chigozie,647,Spain,Male,47,10,99835.17,1,0,1,89103.05,0,0.19969637514906752,Low
7979,15709142,Sagese,608,Germany,Female,30,2,91057.37,2,1,0,132973.17,0,0.08922568346595966,Low
7980,15627042,Reilly,555,France,Female,26,7,0.0,2,1,0,93122.41,0,0.027076521142348344,Low
7981,15627517,Taylor,497,Spain,Male,27,7,149400.27,1,0,0,167522.19,0,0.07962786767176605,Low
7982,15803032,Yen,599,Germany,Male,38,9,89111.63,1,0,0,157239.6,0,0.27407766516059623,Low
7983,15665129,Kapustin,545,Germany,Male,33,1,132527.9,2,0,1,107429.71,0,0.05866936176162579,Low
7984,15628272,Singh,774,France,Female,36,9,114997.42,1,1,0,75304.09,0,0.1572354464534807,Low
7985,15678206,Yeh,464,France,Male,46,6,161798.53,1,1,0,182944.47,0,0.42642819658919007,Low
7986,15678427,Genovese,696,Germany,Female,27,2,96129.32,2,1,1,5983.7,0,0.06693480342685251,Low
7987,15678067,Boyle,667,Spain,Male,45,3,0.0,2,0,0,163655.01,0,0.10360438834069464,Low
7988,15793331,Blair,812,France,Male,32,5,133050.97,2,1,0,89385.92,0,0.041096346160436906,Low
7989,15699532,Okagbue,516,France,Male,51,8,120124.35,2,0,1,168773.54,0,0.2178903863190661,Low
7990,15605827,Khan,645,France,Male,39,8,0.0,2,0,0,96864.36,0,0.027891746528755333,Low
7991,15643635,Robertson,664,Spain,Male,32,5,133705.74,1,0,0,134455.84,0,0.08405455275472723,Low
7992,15787710,Tikhonov,427,Spain,Female,39,9,0.0,2,1,0,28368.37,0,0.039991379393096056,Low
7993,15614137,MacDonald,685,France,Female,40,7,0.0,2,1,0,103898.59,0,0.05788460271984734,Low
7994,15754494,Ah Mouy,585,France,Female,33,4,152805.05,1,1,0,63239.65,0,0.12031757486900788,Low
7995,15713440,Barese,519,Germany,Female,21,1,151701.45,3,1,1,170138.68,1,0.8388667166442845,High
7996,15803479,Winter-Irving,708,France,Female,67,1,0.0,2,0,1,3837.08,0,0.029775088280909953,Low
7997,15709639,Wilson,717,France,Female,22,5,112465.06,1,1,1,92977.75,0,0.06049376963847254,Low
7998,15601719,Fiorentino,465,Germany,Male,24,6,156007.09,1,1,0,191368.37,0,0.17002978489973325,Low
7999,15772482,Iloerika,829,Germany,Male,28,3,132405.52,3,1,0,104889.2,1,0.8270857566470875,High
8000,15591489,Davison,826,France,Male,26,5,142662.68,1,0,0,60285.3,0,0.09827975660990057,Low
8001,15629002,Hamilton,747,Germany,Male,36,8,102603.3,2,1,1,180693.61,0,0.06162902606214352,Low
8002,15798053,Nnachetam,707,Spain,Male,32,9,0.0,2,1,0,126475.79,0,0.01746853471596365,Low
8003,15753895,Blue,590,Spain,Male,37,1,0.0,2,0,0,133535.99,0,0.02813167201127564,Low
8004,15595426,Madukwe,603,Spain,Male,57,6,105000.85,2,1,1,87412.24,1,0.11401946090542617,Low
8005,15645815,Mills,615,France,Male,45,5,0.0,2,1,1,164886.64,0,0.05975361845107364,Low
8006,15632848,Ferrari,634,France,Female,36,1,69518.95,1,1,0,116238.39,0,0.19564703270329523,Low
8007,15703068,Nixon,716,Germany,Male,41,8,126145.54,2,1,1,138051.19,0,0.10481323178370623,Low
8008,15791513,Manfrin,647,France,Male,41,4,138937.35,1,1,1,101617.64,1,0.11296535785240251,Low
8009,15587210,McCartney,591,Germany,Female,44,10,113581.98,1,1,0,1985.41,0,0.6935350310120902,Medium
8010,15793803,Robinson,574,France,Male,34,1,112572.39,1,0,0,165626.6,0,0.08721034082190503,Low
8011,15787756,Nkemdirim,467,Germany,Male,51,10,114514.71,2,1,0,177784.68,1,0.5944953678173234,Medium
8012,15723437,Sal,701,France,Female,35,2,0.0,2,1,1,65765.22,0,0.020410801270741002,Low
8013,15702715,Kao,747,France,Female,34,10,0.0,2,1,1,50759.8,0,0.01521246781515781,Low
8014,15809872,Ikechukwu,650,France,Male,32,2,84906.45,1,1,0,163216.48,0,0.09531736640347187,Low
8015,15644295,Hargreaves,731,Spain,Female,39,2,126816.18,1,1,1,74850.93,0,0.11786428742719371,Low
8016,15778694,Sievier,638,Germany,Female,26,1,105249.76,2,1,1,23491.09,0,0.07589229676378001,Low
8017,15759555,Murphy,569,Spain,Male,41,2,0.0,2,1,0,134272.57,0,0.047063802812157746,Low
8018,15631406,Munro,459,Germany,Male,50,5,109387.9,1,1,0,155721.15,0,0.8036119517489908,High
8019,15616676,Donnelly,632,Germany,Male,23,3,122478.51,1,1,0,147230.77,1,0.21912302650269533,Low
8020,15771154,North,683,France,Female,73,8,137732.23,2,1,1,133210.44,0,0.034392270113776484,Low
8021,15669491,Cruz,850,France,Female,46,2,157866.77,1,1,1,18986.12,0,0.28390533823846587,Low
8022,15697691,Sinclair,512,France,Female,41,6,0.0,1,1,1,100507.81,0,0.266883413532316,Low
8023,15665180,Vasiliev,616,France,Female,31,3,136789.14,1,1,0,59346.4,1,0.14685254148134483,Low
8024,15752588,Vasilyeva,664,France,Male,36,1,0.0,2,1,1,95372.64,0,0.01393271131941101,Low
8025,15743051,Hamilton,694,France,Male,30,10,144684.03,1,1,1,31805.49,0,0.04360686664743314,Low
8026,15571873,Sung,655,France,Male,24,9,107065.31,1,1,1,51959.82,0,0.041031575443070505,Low
8027,15679743,Genovesi,607,France,Female,33,8,91301.72,1,0,1,130824.57,0,0.08466288198832103,Low
8028,15769412,Atkinson,684,Spain,Male,39,4,207034.96,2,0,0,157694.76,1,0.2749692486841102,Low
8029,15775124,Watterston,763,Spain,Male,37,8,0.0,2,1,1,933.38,0,0.012648271066805236,Low
8030,15732113,Butters,671,Spain,Male,50,8,0.0,1,0,1,2560.11,0,0.42588584902328275,Low
8031,15578141,Chien,592,Spain,Male,38,3,0.0,1,1,1,12905.89,1,0.15708371600387314,Low
8032,15595874,Gorbunova,666,Spain,Female,36,6,0.0,2,1,0,176692.87,0,0.04450033858035217,Low
8033,15755642,Bulgakov,667,France,Male,34,5,0.0,2,1,1,102908.63,0,0.01077866074388207,Low
8034,15576526,Steele,850,Spain,Male,36,6,0.0,2,0,1,41291.05,0,0.013082365865441922,Low
8035,15792489,Polyakova,622,Spain,Male,42,9,0.0,2,1,0,119127.06,0,0.051788027671287463,Low
8036,15733705,Bull,577,France,Female,30,8,92472.1,2,0,1,126434.61,0,0.0412731105967416,Low
8037,15807221,Weaver,555,Spain,Male,21,1,0.0,2,0,0,103901.35,0,0.01363326534330334,Low
8038,15573045,Earl,547,France,Male,62,10,127738.75,2,1,1,85153.0,0,0.09778880722400034,Low
8039,15756824,Giordano,613,Germany,Female,50,5,101242.98,2,1,0,12493.61,0,0.63524133576312,Medium
8040,15773520,Begg,672,France,Female,43,4,92599.55,2,1,1,167336.78,0,0.15295290589425392,Low
8041,15627439,Pickering,624,Spain,Female,36,10,0.0,2,0,1,186180.42,0,0.044917031107215316,Low
8042,15701439,Fanucci,698,Spain,Female,50,1,0.0,4,1,0,88566.9,1,0.9808309573807431,High
8043,15785352,Chang,606,France,Male,37,6,82373.94,1,0,0,172526.9,1,0.18801823024897268,Low
8044,15616525,Sopuluchi,720,Spain,Male,31,4,141356.47,1,0,0,137985.69,0,0.092543987188416,Low
8045,15717489,Martin,835,France,Male,23,9,0.0,1,1,0,19793.73,1,0.19762866514367322,Low
8046,15795737,McNaughtan,771,Spain,Female,47,3,72664.0,2,1,1,107874.39,0,0.16532618032474994,Low
8047,15693877,Stewart,811,France,Female,47,3,123365.34,2,0,0,171995.34,0,0.435043693919915,Low
8048,15576111,Reagan,734,Germany,Male,33,5,121898.58,1,1,0,61829.89,0,0.26217596503209156,Low
8049,15595713,Heller,548,Spain,Male,33,6,0.0,1,1,1,31728.35,0,0.08875565270288363,Low
8050,15808868,Nwokeocha,652,France,Female,31,3,103696.97,3,0,0,155221.05,1,0.8736224452731849,High
8051,15708193,Liu,707,France,Male,33,2,0.0,2,0,0,130866.95,0,0.017596647346283696,Low
8052,15697801,Sokolova,605,Germany,Female,56,1,74129.18,2,1,1,62199.78,1,0.16183567563381163,Low
8053,15770121,Bancroft,623,France,Female,34,9,0.0,1,1,0,24255.21,0,0.2041276807279244,Low
8054,15800524,Nnanna,686,Germany,Male,29,3,185379.02,1,1,0,64679.07,0,0.06935349883532756,Low
8055,15686236,Trevisani,525,Germany,Female,47,1,118087.68,1,1,0,88120.78,1,0.8186826139408077,High
8056,15659807,Nwachinemelu,657,Spain,Male,41,8,109402.13,1,1,1,66463.62,0,0.09463954806839822,Low
8057,15736078,Ting,730,Germany,Female,33,7,130367.87,1,1,0,15142.1,1,0.36139764097420807,Low
8058,15620836,Lo Duca,816,Germany,Female,34,2,108410.87,2,1,0,102908.91,0,0.0964931526722028,Low
8059,15698184,Marshall,484,France,Female,50,2,90408.16,2,0,0,48170.57,0,0.44764832470999166,Low
8060,15717643,Band,728,France,Female,34,6,90425.15,2,1,1,11597.69,0,0.03423313629367111,Low
8061,15776596,Ferri,730,Spain,Female,39,6,140094.59,1,1,0,172450.04,1,0.2289886903636993,Low
8062,15814757,Carter,477,Spain,Male,31,9,0.0,2,0,1,184061.17,0,0.01897602113721784,Low
8063,15812607,Wilson,663,Germany,Female,46,6,95439.4,1,1,1,21038.58,1,0.517400908794449,Medium
8064,15663888,Connor,549,Germany,Male,34,6,204017.4,2,1,0,109538.35,0,0.016836238503968343,Low
8065,15748882,Reid,714,Spain,Male,29,9,0.0,2,1,0,129192.55,0,0.017266654807821916,Low
8066,15690829,Sandefur,430,Germany,Male,49,3,137115.16,1,1,0,146516.86,1,0.7625507406753754,High
8067,15695819,Bidwill,504,Germany,Male,43,5,134740.19,2,1,0,181430.91,0,0.20186865568960582,Low
8068,15696834,Cone,530,France,Female,29,5,0.0,2,0,0,121451.21,0,0.030138562428173997,Low
8069,15797710,Saunders,619,Germany,Male,29,4,98955.87,1,0,1,131712.51,0,0.14411421394908228,Low
8070,15700654,Liardet,617,Germany,Male,44,9,49157.09,2,1,0,53294.17,0,0.1087007533764677,Low
8071,15583764,Wilkes,791,Germany,Male,31,1,130240.33,1,0,0,96546.55,0,0.21853989594017675,Low
8072,15688849,Martin,609,France,Male,48,1,108019.27,3,1,1,184524.65,1,0.9720281842684589,High
8073,15661473,Boni,780,Germany,Male,51,4,126725.25,1,1,0,195259.31,1,0.8299355945558445,High
8074,15601030,Patel,777,Germany,Female,34,5,96693.66,1,1,1,172618.52,0,0.1888642213357524,Low
8075,15789557,Howell-Price,817,Germany,Female,27,7,129810.6,1,1,1,59259.44,0,0.19482983340992974,Low
8076,15745250,Simpson,850,France,Male,58,8,156652.13,1,0,0,25899.21,1,0.8590114241412472,High
8077,15590349,Rowland,732,France,Female,36,9,0.0,1,0,0,3749.0,1,0.20183350297241107,Low
8078,15741693,Barnard,693,France,Male,40,4,130661.96,1,1,1,101918.96,0,0.10031305817499851,Low
8079,15618446,Nnonso,576,France,Female,50,8,0.0,2,1,1,57802.62,0,0.09780805522800733,Low
8080,15766552,Rossi,643,France,Male,37,6,0.0,2,0,0,142454.77,0,0.023570466381381352,Low
8081,15668775,Pendred,757,France,Male,47,3,130747.1,1,1,0,143829.54,0,0.43766941308438934,Low
8082,15757895,Martin,569,Germany,Male,30,6,106629.49,1,0,1,44114.88,0,0.1410394357957166,Low
8083,15774551,K?,772,Spain,Male,36,3,112029.83,1,1,1,186948.35,0,0.05524806373377573,Low
8084,15684011,Miller,576,Germany,Male,29,7,130575.26,1,0,1,173629.78,0,0.13358439911897482,Low
8085,15736146,Afamefula,608,Germany,Male,28,4,96679.71,1,1,1,49133.45,0,0.11396378407259278,Low
8086,15656286,Sims,794,France,Male,33,0,0.0,2,0,0,178122.71,0,0.021385422283894506,Low
8087,15774847,Knight,593,France,Male,50,6,171740.69,1,0,0,20893.61,0,0.6866771663206641,Medium
8088,15619340,Obijiaku,597,Spain,Male,38,1,0.0,2,1,0,41303.29,0,0.029257371540184773,Low
8089,15815656,Hopkins,541,Germany,Female,39,9,100116.67,1,1,1,199808.1,1,0.405018441529246,Low
8090,15623357,Onio,692,Germany,Male,24,2,120596.93,1,0,1,180490.53,0,0.16357349039406188,Low
8091,15601324,Black,697,France,Female,48,1,0.0,2,1,1,87400.53,0,0.10957870918258773,Low
8092,15715510,Eluemuno,768,France,Male,29,2,95984.69,2,1,1,73686.75,0,0.022262302221507796,Low
8093,15663770,Doyle,802,France,Male,38,1,142557.11,1,1,1,172497.73,0,0.06661733835461103,Low
8094,15779267,Onyemere,584,France,Male,47,5,0.0,2,1,0,89286.29,0,0.13240189883786582,Low
8095,15597957,Rahman,614,Spain,Male,66,2,0.0,2,0,1,180082.7,0,0.034006426452064066,Low
8096,15584620,Su,850,Germany,Female,36,6,143644.16,1,1,0,22102.25,1,0.4248299891794476,Low
8097,15750772,Walker,671,France,Female,38,6,132129.72,1,0,1,76068.95,0,0.1127743282942041,Low
8098,15706557,Ferguson,626,France,Female,52,0,0.0,2,1,0,32159.46,1,0.3378071405301885,Low
8099,15594391,Samaniego,770,France,Female,68,2,183555.24,1,0,0,159557.28,1,0.8816426787617886,High
8100,15661656,Onwumelu,633,France,Male,38,2,91902.56,2,1,1,107673.35,0,0.04534148365705786,Low
8101,15631217,Young,663,France,Male,40,6,156218.19,1,0,1,33607.72,0,0.11520145393536997,Low
8102,15588955,Mazzi,581,Germany,Female,43,5,93259.57,3,1,0,141035.65,1,0.9531248913873965,High
8103,15758252,Toscano,561,Germany,Female,45,2,168085.38,2,0,1,115719.08,0,0.14462960313397338,Low
8104,15740223,Walton,479,Germany,Male,51,1,107714.74,3,1,0,86128.21,1,0.9883468477566347,High
8105,15805413,Chiang,769,France,Female,31,6,117852.26,2,1,0,147668.64,0,0.07972237772840211,Low
8106,15635116,Burgos,659,Spain,Male,60,2,0.0,1,1,0,177480.45,1,0.9118118303846349,High
8107,15764892,Spinelli,590,Spain,Female,51,10,84474.62,2,1,1,190937.09,0,0.2394159441585683,Low
8108,15795936,Lung,560,France,Male,50,3,0.0,2,1,0,84531.79,0,0.203838052983304,Low
8109,15655232,Noble,437,Germany,Male,35,6,126803.34,2,1,1,161133.4,0,0.05359884155485551,Low
8110,15640133,Pai,661,France,Female,34,0,0.0,2,1,0,185555.63,0,0.033199949869795374,Low
8111,15751524,Chigozie,677,Germany,Female,36,10,68806.84,1,1,0,33075.24,0,0.18535303762580613,Low
8112,15670552,Peavy,560,France,Female,31,3,115141.18,1,1,0,39806.75,0,0.12493505190580424,Low
8113,15623966,Yermakov,578,France,Female,35,2,0.0,2,0,1,26389.92,0,0.022108449445620317,Low
8114,15752193,Burton,421,Spain,Male,34,6,90723.36,1,1,1,12162.76,0,0.03418264018160655,Low
8115,15607269,Costa,492,Germany,Female,49,2,151249.45,2,1,1,167237.94,0,0.32018373081428303,Low
8116,15700752,Pugliesi,545,France,Female,32,6,0.0,2,1,1,52067.37,0,0.015939094785629687,Low
8117,15777901,Lindell,640,Germany,Female,43,9,94752.49,1,1,0,184006.36,1,0.6200659194341053,Medium
8118,15639117,Sorenson,624,Spain,Female,34,6,0.0,1,1,0,582.59,1,0.24211713794294892,Low
8119,15720203,Arcuri,577,Spain,Male,28,7,0.0,1,1,0,143274.41,0,0.15236977907634172,Low
8120,15586236,Banks,704,France,Male,31,5,132084.66,3,1,1,54474.48,1,0.7036177162995747,Medium
8121,15676645,Parry,523,France,Male,45,5,0.0,2,1,1,121428.2,0,0.05375378172361669,Low
8122,15715988,Cockett,793,France,Male,35,2,0.0,2,1,1,79704.12,0,0.011675835000758864,Low
8123,15603749,Galkina,564,France,Female,53,2,45472.28,1,1,1,41055.71,1,0.419156826060903,Low
8124,15608956,Su,711,France,Male,33,1,0.0,1,0,0,41590.4,0,0.12568546665122624,Low
8125,15733872,Marino,791,Germany,Female,33,10,130229.71,2,0,0,54019.93,1,0.12572163687359078,Low
8126,15666982,Spears,629,Germany,Female,38,9,123948.85,1,1,0,76053.07,0,0.4162494073283596,Low
8127,15602647,Cunningham,729,Germany,Male,39,6,127415.85,1,1,1,184977.2,1,0.24369696230734875,Low
8128,15623063,Taylor,651,Germany,Male,35,8,110067.71,1,1,0,127678.95,1,0.23502881890201904,Low
8129,15682928,Chiazagomekpere,695,Spain,Male,39,4,65521.2,1,1,1,1243.97,0,0.12071025618696588,Low
8130,15729246,Hardacre,847,Spain,Male,31,5,0.0,2,1,1,76326.67,0,0.009812486310627396,Low
8131,15588928,Maslow,704,France,Male,47,5,0.0,2,1,1,145338.61,0,0.056384047424968824,Low
8132,15803352,Scott,613,Germany,Male,33,3,155736.42,2,1,1,57751.21,0,0.04680116504415085,Low
8133,15607485,Wakelin,692,Spain,Female,29,4,0.0,2,0,0,138880.24,0,0.03360881451306029,Low
8134,15656249,Esposito,720,France,Female,34,3,118307.57,2,1,1,136120.29,0,0.04662743811396452,Low
8135,15761783,Shah,577,France,Male,41,6,0.0,1,1,1,167621.18,0,0.21406742867537787,Low
8136,15716605,Chukwufumnanya,710,Germany,Female,24,7,103099.17,2,1,0,173276.62,0,0.12084463820943898,Low
8137,15757425,Fleming,716,France,Female,38,1,0.0,2,1,1,99661.46,0,0.02885645877632609,Low
8138,15603096,Lori,410,France,Male,33,6,125789.69,1,0,0,66333.56,1,0.18880629547373487,Low
8139,15588580,Kennedy,584,Germany,Female,36,4,109646.83,1,1,1,70240.79,0,0.23374641332689308,Low
8140,15770539,Walters,792,France,Male,30,1,127187.86,1,1,1,113553.42,0,0.03515146053549616,Low
8141,15572022,Han,605,France,Female,36,6,0.0,1,0,1,690.84,0,0.15230049398104606,Low
8142,15571843,Lawrence,486,Spain,Male,24,1,0.0,1,1,0,98802.76,0,0.15909494036179228,Low
8143,15752502,Cooke,615,France,Male,41,4,130385.82,1,0,1,130661.95,0,0.12429455358097007,Low
8144,15609058,Wan,676,France,Male,23,1,107787.47,1,0,1,116378.82,0,0.03916265267089021,Low
8145,15775108,Lo Duca,571,France,Male,34,1,99325.04,2,0,1,186052.15,0,0.036579681709682794,Low
8146,15708904,Yermakova,850,France,Female,37,9,0.0,1,0,0,100101.06,0,0.24250474442530695,Low
8147,15600086,Combs,717,France,Male,48,7,123764.95,1,1,1,169952.82,0,0.23361372108407233,Low
8148,15814675,Chien,642,Germany,Female,39,8,128264.03,1,1,0,61792.76,1,0.44786548511879265,Low
8149,15572777,Meng,780,Spain,Male,47,7,86006.21,1,1,1,37973.13,0,0.22046260657250943,Low
8150,15585106,Calabresi,492,Germany,Female,38,8,57068.43,2,1,0,188974.81,0,0.08875006934297404,Low
8151,15738936,Stevenson,760,Germany,Male,29,5,103607.24,2,0,1,86334.64,0,0.04339297444468608,Low
8152,15750970,Davidson,500,Spain,Male,40,1,99004.24,1,1,1,152845.99,0,0.1222779075061045,Low
8153,15725772,Ch'in,654,Spain,Female,36,2,0.0,2,1,1,146652.11,0,0.02934933093632146,Low
8154,15692106,Rose,606,Spain,Female,25,3,147386.72,3,1,0,45482.04,1,0.8942612529633301,High
8155,15791533,Ch'ien,367,Spain,Male,42,6,93608.28,1,1,0,168816.73,1,0.732286323427421,Medium
8156,15715715,Artyomova,799,Spain,Male,38,2,0.0,2,1,1,59297.34,0,0.016684997814458567,Low
8157,15785576,Mayrhofer,434,Germany,Male,71,9,119496.87,1,1,0,125848.88,0,0.706287661084754,Medium
8158,15798834,Yefremov,719,Spain,Female,32,7,0.0,1,0,0,76264.27,0,0.21963399802271885,Low
8159,15744127,Kosovich,641,France,Female,37,2,0.0,2,1,0,3939.87,0,0.0350726408983641,Low
8160,15637427,Lu,461,Spain,Female,25,6,0.0,2,1,1,15306.29,0,0.015035534765602937,Low
8161,15576990,Taplin,790,Germany,Female,25,5,152885.77,1,1,0,58214.79,0,0.23028540274623704,Low
8162,15615352,Ebelechukwu,588,France,Male,31,4,99607.37,2,0,1,35877.03,0,0.025450953567782483,Low
8163,15647333,Fleming,621,France,Male,27,4,137003.68,1,1,0,21254.06,0,0.10392699743283425,Low
8164,15572050,Yefimov,768,Germany,Male,48,3,122831.58,1,1,1,24533.89,1,0.5963166704807683,Medium
8165,15581370,Andreyeva,681,Spain,Male,38,2,99811.44,2,1,0,23531.5,0,0.06360952619272045,Low
8166,15813503,Pickering,606,Spain,Male,37,8,154712.58,2,1,0,89099.18,0,0.06327345877701293,Low
8167,15769783,Allan,542,Spain,Male,37,8,0.0,1,1,1,807.06,0,0.1181455948046821,Low
8168,15793135,Wang,713,Germany,Female,24,7,147687.24,1,1,1,121592.5,0,0.148229351718807,Low
8169,15599182,Reynolds,597,Spain,Female,33,2,0.0,2,1,1,4700.66,0,0.02057485066149621,Low
8170,15689517,Hales,635,France,Male,27,3,127009.83,1,1,0,161909.95,0,0.08420347491838075,Low
8171,15641366,Y?an,599,Germany,Male,61,1,124737.96,1,0,1,90389.61,1,0.4870275349230926,Medium
8172,15588859,Rowley,496,Spain,Female,44,0,179356.28,2,1,0,2919.21,1,0.3140348017243473,Low
8173,15732293,Chia,759,Spain,Male,31,8,0.0,2,1,1,99086.74,0,0.01011729010010646,Low
8174,15568032,Moore,757,Germany,Male,31,1,127320.36,3,1,0,163170.32,0,0.8099281849724018,High
8175,15623525,Copeland,564,Spain,Male,31,0,125175.58,1,1,1,72757.33,0,0.047958066747521386,Low
8176,15606601,Rishel,561,France,Female,22,6,186788.96,2,1,0,73286.8,0,0.15295152848925897,Low
8177,15800811,Wan,702,France,Male,40,3,148556.74,1,0,1,146056.29,0,0.10566248471042203,Low
8178,15610711,Eluemuno,678,Germany,Female,40,8,128644.46,1,0,0,167673.37,0,0.5273336214422222,Medium
8179,15809654,Hsia,707,France,Female,46,7,127476.73,2,1,1,146011.55,0,0.21290331649268235,Low
8180,15576077,Kelly,610,France,Female,27,9,159561.93,1,0,1,103381.47,0,0.08497399598758461,Low
8181,15643378,Muir,744,France,Male,42,1,112419.92,1,1,1,83022.92,0,0.11604329757226857,Low
8182,15566790,McIntyre,598,France,Male,28,8,129991.76,2,0,1,46041.08,0,0.027735053617498943,Low
8183,15774402,Donaldson,562,Spain,Male,36,5,0.0,1,0,1,182843.24,0,0.16205252693079872,Low
8184,15694641,Wright,621,Spain,Female,59,2,0.0,2,1,1,171364.18,0,0.11620011529375805,Low
8185,15605916,Uvarova,659,France,Female,50,3,0.0,1,1,0,183399.12,1,0.8513221441505535,High
8186,15812356,Doherty,722,Germany,Female,40,6,89175.06,2,0,1,152883.95,0,0.14781257451032595,Low
8187,15644179,Allen,606,France,Female,39,3,0.0,2,1,0,50560.45,1,0.04510741148555957,Low
8188,15771674,Ma,603,Spain,Female,39,5,162390.52,2,1,0,54702.66,0,0.12097611299463328,Low
8189,15623314,Tucker,506,Germany,Female,59,3,190353.08,1,1,0,78365.75,0,0.6911538534545091,Medium
8190,15613292,Ch'eng,715,France,Male,21,8,0.0,2,1,0,68666.63,0,0.012443927974744093,Low
8191,15813871,Hs?,690,France,Male,47,2,0.0,2,1,0,151375.73,0,0.13712910367462794,Low
8192,15759480,H?,644,France,Female,40,10,139180.97,1,1,1,19959.67,0,0.16078573527786164,Low
8193,15587712,Chimaijem,589,France,Male,36,8,114435.47,1,1,0,26955.72,0,0.10364436019452232,Low
8194,15671165,Esomchi,592,France,Female,66,5,149950.19,1,1,1,76267.59,0,0.09290602299972954,Low
8195,15620746,Lorenzo,632,France,Male,42,4,126115.6,1,1,0,100998.5,0,0.2279797436545091,Low
8196,15706537,Pirogov,577,Germany,Female,59,7,111396.97,1,0,1,191070.01,0,0.6070041093253931,Medium
8197,15589312,Larkin,588,France,Male,30,3,115007.08,1,0,0,176858.5,0,0.1068419387492182,Low
8198,15741180,Eddy,617,France,Male,54,6,102141.9,1,1,1,45325.26,0,0.1993308843109562,Low
8199,15733888,Sells,668,Spain,Female,36,3,133686.52,1,1,0,190958.48,1,0.15256738849720253,Low
8200,15798532,Crawford,810,France,Male,32,9,120879.73,2,0,1,78896.59,0,0.023581453209652013,Low
8201,15577359,Bezrukov,767,Spain,Male,47,5,0.0,1,1,0,121964.46,1,0.6474189810651005,Medium
8202,15614936,Mancini,718,Spain,Female,49,10,82321.88,1,0,1,11144.4,0,0.3857555536236506,Low
8203,15747647,Iadanza,589,Spain,Female,27,4,0.0,2,1,0,144181.48,0,0.037343559545303426,Low
8204,15588566,Wilkinson,778,Spain,Male,33,5,116474.28,2,1,1,32757.55,0,0.02673999963676403,Low
8205,15570141,P'eng,724,France,Female,34,3,132352.69,1,1,0,80320.3,0,0.13141046669931272,Low
8206,15800793,St Clair,477,Germany,Female,39,4,182491.57,1,1,0,185830.72,0,0.1354709891701279,Low
8207,15572415,Preston,580,France,Male,34,6,0.0,2,1,1,160095.31,0,0.012186667005245743,Low
8208,15635125,Findlay,566,Spain,Male,63,2,120787.18,2,1,1,52198.84,0,0.11042870009374578,Low
8209,15636551,Nixon,711,France,Female,29,3,130181.47,2,1,0,31811.44,0,0.07373431990373575,Low
8210,15600912,Gorshkov,706,Germany,Male,32,5,88348.43,2,1,1,104181.78,0,0.031015234887195257,Low
8211,15768476,Chukwubuikem,703,Spain,Male,31,6,0.0,2,1,1,67667.19,0,0.010356172499187377,Low
8212,15650266,Medvedeva,679,Germany,Male,39,2,146186.28,2,1,1,193974.47,0,0.0524000309694532,Low
8213,15621004,Chukwuhaenye,603,France,Male,32,7,0.0,1,1,0,198055.94,1,0.2035739010255531,Low
8214,15748352,Endrizzi,598,Spain,Male,34,0,104488.17,1,0,1,43249.67,0,0.050103786525441125,Low
8215,15788920,Ch'ang,836,Germany,Female,32,4,109196.67,2,1,0,55218.02,0,0.10290757315770002,Low
8216,15743236,Piccio,687,France,Female,61,7,80538.56,1,1,0,131305.37,1,0.902049337323493,High
8217,15637717,Lockington,704,Germany,Male,41,4,109026.8,2,1,1,43117.1,0,0.11979973477369511,Low
8218,15635500,Seleznyov,605,Germany,Male,75,2,61319.63,1,0,1,186655.11,0,0.03233385544616348,Low
8219,15634792,Weston,516,France,Female,40,9,0.0,2,0,1,33266.29,0,0.040806463166586336,Low
8220,15607560,Groom,572,France,Female,39,2,0.0,2,1,1,555.28,0,0.031424205424571014,Low
8221,15727177,Manfrin,557,France,Male,42,6,177822.03,1,1,0,150944.31,1,0.4009017771033397,Low
8222,15774358,Robertson,443,Germany,Male,59,4,110939.3,1,1,0,72846.58,1,0.9411937267809493,High
8223,15791304,Ch'ang,604,Germany,Male,25,7,165413.43,1,1,1,35279.74,0,0.07233081454981383,Low
8224,15603328,Lucchesi,483,France,Male,27,1,77805.66,1,1,1,2101.89,0,0.0527993968477299,Low
8225,15804937,Cambage,702,France,Male,50,3,0.0,2,0,0,94949.84,0,0.199439495217082,Low
8226,15804142,Tan,670,Spain,Female,57,3,175575.95,2,1,0,99061.75,1,0.8475269188834591,High
8227,15608845,Tao,804,Spain,Female,38,3,124197.22,1,1,0,74692.06,0,0.17537866551791512,Low
8228,15702434,Hsieh,850,France,Female,30,3,0.0,2,1,0,116692.8,0,0.0225284125676083,Low
8229,15632609,Burdekin,554,France,Female,39,10,160132.75,1,1,0,32824.15,0,0.21507409491238788,Low
8230,15603550,Longo,588,Germany,Female,37,7,70258.88,2,1,0,139607.61,0,0.07386066637329962,Low
8231,15755239,Maughan,758,Germany,Male,32,4,162657.64,2,1,1,115525.13,0,0.03726971733245842,Low
8232,15670528,Franz,787,Germany,Male,43,0,132217.45,1,1,0,20955.03,1,0.6003037770869954,Medium
8233,15732704,Piazza,582,Spain,Male,25,9,148042.97,2,1,0,52341.15,0,0.04099499598044212,Low
8234,15589019,Morant,633,Spain,Female,33,4,92855.02,1,1,1,159813.18,0,0.09812913774466275,Low
8235,15677796,Becher,766,Germany,Male,47,9,129289.98,1,1,0,169935.46,1,0.7496182522165586,Medium
8236,15760177,Lombardi,564,Spain,Male,37,9,100252.18,1,1,1,146033.52,0,0.059519240014952395,Low
8237,15636595,Loton,602,Spain,Male,37,3,107592.89,2,0,1,153122.73,0,0.04698070297668455,Low
8238,15737275,Conti,649,France,Male,39,3,113096.41,1,1,1,60335.24,0,0.09203738729967467,Low
8239,15672905,Sani,679,Spain,Female,40,7,0.0,2,1,1,163757.29,0,0.05010206013867335,Low
8240,15753955,Lori,639,Spain,Male,34,7,149940.04,2,0,0,156648.81,0,0.045100398237540286,Low
8241,15708504,Wong,790,Germany,Male,50,8,121438.58,1,1,1,176471.78,1,0.5429292813292745,Medium
8242,15592451,Lombardi,565,France,Male,32,9,0.0,2,1,0,5388.3,0,0.013015231419174739,Low
8243,15790455,Obialo,478,France,Female,50,2,0.0,1,0,1,93332.64,1,0.5630602268330203,Medium
8244,15572174,Mazzi,825,France,Male,29,3,148874.01,2,0,1,71192.82,0,0.02694564443089786,Low
8245,15656330,Von Doussa,528,Spain,Female,32,0,68138.37,1,1,1,170309.19,0,0.12711530054397474,Low
8246,15569626,Miller,577,Spain,Male,35,5,110080.3,1,1,1,109794.31,0,0.047696859361295,Low
8247,15608726,Miracle,663,France,Male,24,7,0.0,2,1,1,166310.82,0,0.010781129611925679,Low
8248,15637366,Su,505,Germany,Female,25,5,114268.85,2,1,1,126728.27,0,0.0587611339349117,Low
8249,15778049,Wyatt,633,Germany,Male,29,6,117412.35,1,0,0,30338.94,0,0.24709105329325534,Low
8250,15727421,Anayolisa,586,France,Female,38,6,0.0,2,1,1,37935.83,0,0.025374997328258618,Low
8251,15688865,Wade,850,France,Female,35,9,0.0,2,0,0,25329.48,0,0.028821425772067442,Low
8252,15751032,Enemuo,629,Germany,Female,37,1,35549.81,2,0,0,49676.33,0,0.04877345984859559,Low
8253,15734737,Bruno,744,France,Male,56,9,0.0,2,1,1,169498.61,0,0.06313064709035238,Low
8254,15746515,Greece,750,France,Male,36,7,136492.92,3,1,1,26500.29,1,0.7488636446103606,Medium
8255,15664311,Yang,637,Germany,Male,28,3,123675.69,1,1,1,166458.41,0,0.13143210411101872,Low
8256,15708139,Brown,575,France,Female,40,1,139532.34,1,1,0,181294.39,0,0.28124892072227275,Low
8257,15768574,Anderson,671,Spain,Male,58,1,178713.98,1,1,1,21768.21,0,0.22740718757996417,Low
8258,15738018,Johnston,571,France,Male,40,5,0.0,2,0,0,72849.29,0,0.03458817629848011,Low
8259,15699753,Zakharov,590,France,Male,41,1,89086.31,1,1,0,24499.97,0,0.217089344336859,Low
8260,15703199,Golibe,619,Spain,Male,38,3,96143.47,1,0,0,98994.92,0,0.13680330104398475,Low
8261,15627830,Nikitina,640,Germany,Female,30,5,32197.64,1,0,1,141446.01,0,0.08844780126602565,Low
8262,15570855,Leonard,670,France,Male,38,7,0.0,2,1,1,77864.41,0,0.016311951745160154,Low
8263,15772503,Burns,737,France,Female,33,4,0.0,2,1,0,115115.32,0,0.03138042288627833,Low
8264,15584453,Burtch,555,Spain,Male,32,10,0.0,2,0,1,168605.96,0,0.012438772048145395,Low
8265,15710111,Clark,742,France,Male,33,6,0.0,2,0,0,38550.4,0,0.014756324251513242,Low
8266,15618562,Woodward,618,Germany,Female,40,0,140306.38,1,1,0,160618.61,1,0.4514826361586843,Medium
8267,15706764,Spencer,560,France,Female,35,1,0.0,2,1,0,3701.63,0,0.03079112760647182,Low
8268,15798737,Chao,654,France,Male,38,8,0.0,2,1,0,88659.44,0,0.02570718721817837,Low
8269,15712608,Costa,787,Germany,Female,42,2,74483.97,2,0,1,44273.91,0,0.09723173370568113,Low
8270,15636736,McLachlan,611,France,Female,53,7,0.0,2,0,1,156495.39,1,0.13850090408796312,Low
8271,15703544,Hung,559,Spain,Male,34,0,0.0,1,1,0,182988.94,0,0.14531760474003366,Low
8272,15815645,Akhtar,481,France,Male,37,8,152303.66,2,1,1,175082.2,0,0.03193986441097985,Low
8273,15705739,Toscani,753,Germany,Male,32,5,159904.79,1,1,0,148811.14,0,0.16905813851656631,Low
8274,15709643,Gray,675,France,Male,32,1,0.0,3,1,0,85901.09,0,0.39158787643401505,Low
8275,15669805,Warren,748,Germany,Female,31,1,99557.94,1,1,0,199255.32,0,0.28517362736219765,Low
8276,15737489,Ramsden,610,Spain,Female,46,5,116886.59,1,0,0,107973.44,0,0.4684407511896751,Medium
8277,15775131,Bartlett,580,Spain,Male,32,9,142188.2,2,0,1,128028.6,0,0.03203179725789154,Low
8278,15765283,Wenz,624,Germany,Female,40,3,149961.99,2,1,0,104610.86,0,0.15265361190848817,Low
8279,15628715,Kisch,709,France,Female,36,8,0.0,2,1,1,69676.55,0,0.019843736963225823,Low
8280,15813283,Mai,605,France,Female,34,2,0.0,1,0,0,35982.42,0,0.1882472100388452,Low
8281,15745716,McGregor,706,Spain,Male,53,7,0.0,2,0,1,117939.17,0,0.06754409118084649,Low
8282,15598485,Pinto,567,Spain,Male,40,8,28649.64,1,1,1,95140.62,0,0.17469835511729354,Low
8283,15696552,Newman,747,France,Female,21,4,81025.6,2,1,0,167682.57,0,0.05543276259350806,Low
8284,15754569,Pagnotto,664,France,Male,57,1,0.0,2,1,1,56562.57,0,0.04830874700749645,Low
8285,15701741,Williams,711,France,Female,39,3,152462.79,1,1,0,90305.97,0,0.18835553432070024,Low
8286,15572631,Ndubuisi,609,France,Male,25,10,0.0,1,0,1,109895.16,0,0.06814281033438273,Low
8287,15636069,Plummer,632,Spain,Male,28,7,155519.59,1,1,0,1843.24,0,0.09433489574613439,Low
8288,15682467,Chimezie,725,France,Female,36,1,118851.05,1,1,1,102747.02,0,0.08282976683776251,Low
8289,15790744,Nash,850,France,Female,34,9,92899.27,2,1,0,97465.89,0,0.05496489859042908,Low
8290,15625023,Onochie,682,France,Male,40,4,0.0,1,0,1,105352.55,0,0.1999758028823171,Low
8291,15731267,Rizzo,797,France,Male,37,4,75263.7,1,1,0,85801.77,0,0.14502507582257818,Low
8292,15742879,Boni,668,Spain,Male,38,1,147904.31,1,1,1,69370.05,0,0.0805398040929695,Low
8293,15757015,Davies,783,Germany,Female,41,5,106640.5,1,1,0,176945.96,0,0.5323841572913494,Medium
8294,15770711,Lu,766,Germany,Female,28,4,90696.78,1,0,1,21597.2,0,0.16874935468187044,Low
8295,15569430,Burrows,704,Spain,Female,36,2,175509.8,2,1,0,152039.67,0,0.18781430818944247,Low
8296,15617304,Ershova,722,France,Male,40,6,0.0,2,1,1,111893.09,0,0.024699283590447128,Low
8297,15704466,Udokamma,692,France,Female,34,7,0.0,2,1,0,195074.62,0,0.04156172441818673,Low
8298,15664681,Aitken,584,France,Female,35,2,114321.28,2,0,0,15959.01,0,0.07520248700651555,Low
8299,15605534,Turnbull,644,Germany,Female,51,4,95560.04,1,0,0,72628.84,1,0.8715478643890731,High
8300,15792473,Reilly,598,Germany,Female,50,5,88379.81,3,0,1,64157.24,1,0.9691605353681247,High
8301,15802625,Hardy,733,Germany,Male,48,7,85915.52,1,1,1,23860.5,0,0.3831458187309474,Low
8302,15766017,Brookman,615,Germany,Male,58,3,72309.3,1,1,1,85687.09,1,0.2735936694680348,Low
8303,15762172,Kerr,850,France,Female,39,2,0.0,2,1,0,179451.42,0,0.04901529236750509,Low
8304,15728333,McBurney,521,France,Male,43,8,0.0,1,1,1,93180.09,0,0.2634433954688239,Low
8305,15792868,Mickey,675,France,Male,69,1,0.0,2,1,0,157097.09,0,0.24765447524350148,Low
8306,15605698,Harrison,746,France,Male,58,3,0.0,3,1,1,80344.96,1,0.810075275741093,High
8307,15777060,Olszewski,770,France,Female,33,4,0.0,1,1,0,26080.54,1,0.23114618800936898,Low
8308,15626243,Chijioke,618,France,Male,30,3,133844.22,1,1,1,31406.93,0,0.054721783076764584,Low
8309,15719898,Young,556,France,Male,36,7,154872.08,2,1,1,32044.64,0,0.03464402972145422,Low
8310,15599976,Bellasis,749,France,Female,27,9,0.0,2,1,0,132734.87,0,0.03186070631368145,Low
8311,15752809,De Mestre,702,Spain,Male,43,6,116121.67,1,1,0,61602.42,0,0.24683231728352617,Low
8312,15589698,De Luca,555,Germany,Male,42,6,107104.5,1,1,1,41304.44,1,0.3412899812325815,Low
8313,15609977,Mundy,587,France,Male,47,6,71026.77,1,1,0,57962.41,0,0.5395951571780409,Medium
8314,15750121,Tung,639,France,Male,38,3,0.0,1,1,0,42862.82,0,0.21391877009341656,Low
8315,15734177,Donahue,643,France,Male,33,4,0.0,2,1,1,152992.04,0,0.012038343701563191,Low
8316,15781347,Okagbue,600,France,Female,41,1,0.0,2,1,1,91193.65,0,0.04783877476494477,Low
8317,15592025,Nnaemeka,651,France,Male,53,7,0.0,2,1,1,130132.41,0,0.05753043076229437,Low
8318,15670163,Verjus,666,France,Female,27,4,0.0,2,0,0,88751.45,0,0.02665083175034176,Low
8319,15765402,H?,520,France,Female,39,6,145644.05,1,0,0,104118.93,0,0.2065795308770743,Low
8320,15624343,Napolitani,650,Spain,Female,50,7,129667.77,1,0,0,42028.16,0,0.6567289325428051,Medium
8321,15602354,Ginikanwa,564,Germany,Male,33,3,109341.87,1,1,0,75632.78,0,0.24699910445962087,Low
8322,15579183,Spaull,586,France,Male,64,1,0.0,2,1,1,53710.23,0,0.030334591524182577,Low
8323,15584899,Siciliani,617,France,Female,35,5,0.0,2,0,1,13066.3,0,0.02284619778523909,Low
8324,15723658,Voronina,712,Spain,Female,30,6,0.0,2,1,0,152417.97,0,0.03693679907163168,Low
8325,15803965,Tang,654,France,Male,55,3,87485.67,1,1,1,3299.01,0,0.22482307519326492,Low
8326,15682489,Crumbley,605,France,Male,27,9,0.0,2,1,0,198091.81,0,0.02126901307196443,Low
8327,15813645,Hamilton,491,France,Female,36,0,53369.13,1,1,1,103934.12,0,0.12883729325508,Low
8328,15766787,Piazza,707,France,Female,35,9,0.0,2,1,1,70403.65,0,0.01874487823482226,Low
8329,15687171,Birch,638,Spain,Male,34,5,146679.77,1,1,0,102179.86,0,0.09610508972866352,Low
8330,15690744,Custance,683,France,Male,43,2,112499.42,2,1,0,30375.18,0,0.13612481485045363,Low
8331,15707974,Anayochukwu,815,Spain,Female,38,2,48387.0,1,1,0,184796.84,0,0.2899830780131499,Low
8332,15673084,Galkin,645,Spain,Male,38,1,68079.8,1,0,1,166264.89,0,0.11908906462680471,Low
8333,15814772,Adams,645,Germany,Male,49,4,160133.88,1,0,1,88391.97,0,0.4937106153434024,Medium
8334,15743709,Toomey,683,France,Male,30,4,66190.33,1,1,1,115186.97,0,0.059118856736231344,Low
8335,15610343,Marshall-Hall,705,France,Female,37,10,0.0,2,1,1,13935.53,1,0.02270301897876012,Low
8336,15737414,Shen,647,France,Male,35,4,123761.68,1,1,0,83910.4,0,0.09156486692436189,Low
8337,15788480,Pagnotto,786,Germany,Female,33,0,122325.58,1,0,0,34712.34,1,0.37663493201065357,Low
8338,15568519,Wood,534,France,Male,41,9,0.0,2,1,0,13871.34,0,0.038588104837784236,Low
8339,15792453,More,602,Spain,Female,42,1,138912.17,1,1,1,139494.75,0,0.18525940981289107,Low
8340,15658100,Piccio,695,France,Female,42,0,0.0,2,0,1,140724.64,0,0.06368906618152081,Low
8341,15695197,Tochukwu,553,Germany,Female,25,7,128524.19,2,1,0,20682.46,0,0.09488999473278305,Low
8342,15749807,Graham,516,Spain,Female,31,3,0.0,2,1,0,124202.26,0,0.0331679173120104,Low
8343,15773876,Tung,655,France,Female,34,3,0.0,2,1,0,159638.77,0,0.03614075283330228,Low
8344,15591698,P'eng,849,Germany,Female,49,9,132934.89,1,1,0,171056.65,1,0.8400660864492971,High
8345,15712813,Nevzorova,520,Germany,Male,43,3,150805.17,3,0,1,25333.03,1,0.9446195283597311,High
8346,15763898,Toscani,568,Spain,Female,46,3,0.0,2,1,1,29372.62,0,0.08640365755626586,Low
8347,15793324,McKenzie,695,Spain,Male,32,9,0.0,3,0,1,38533.79,0,0.27222265013867614,Low
8348,15757759,Okwuoma,807,Spain,Female,28,7,165969.26,3,1,0,156122.13,1,0.9219082626961193,High
8349,15796230,Morley,642,Germany,Female,36,2,124495.98,3,1,1,57904.22,1,0.8587806378828341,High
8350,15611729,Kerr,703,Germany,Male,39,1,141559.5,1,1,1,31257.1,1,0.24392390893612748,Low
8351,15709531,Harding,556,France,Male,38,2,114756.14,1,1,0,193214.05,0,0.15263445299626244,Low
8352,15650751,Butler,585,France,Female,30,6,0.0,2,1,1,137757.69,0,0.020230339442731598,Low
8353,15641413,Crawford,587,Germany,Female,49,7,155393.98,2,1,0,13308.2,1,0.5240586515371451,Medium
8354,15753840,Brown,524,Spain,Female,32,6,0.0,1,1,1,132861.9,1,0.14275522416004563,Low
8355,15669994,Greece,556,Germany,Female,31,1,128663.81,2,1,0,125083.29,0,0.10708188729845923,Low
8356,15695301,Matthews,504,Spain,Male,44,4,113522.64,1,1,1,12405.2,0,0.17200223876142107,Low
8357,15792004,Heath,731,Spain,Female,26,3,0.0,2,1,0,37697.29,0,0.030070007236343798,Low
8358,15603035,Vincent,651,France,Male,34,3,0.0,2,1,1,105599.65,0,0.011504915566358638,Low
8359,15717286,Sal,675,Spain,Female,40,8,79035.95,1,1,0,142783.98,1,0.3499316982908152,Low
8360,15577107,Milne,657,Spain,Female,22,6,0.0,3,0,1,168412.07,1,0.5238523415117782,Medium
8361,15754747,Bazile,686,Germany,Male,33,9,141918.09,2,0,1,184036.47,0,0.04377735134352769,Low
8362,15705676,Wardle,690,France,Female,35,9,107944.33,2,0,0,48478.47,0,0.07213301812622512,Low
8363,15751912,Lilly,567,France,Male,36,7,0.0,2,0,1,3896.08,0,0.012687866357325864,Low
8364,15677336,Aitken,557,Germany,Male,57,1,120043.13,1,1,0,132370.75,1,0.9446435550856634,High
8365,15684395,Enderby,446,Spain,Female,45,10,125191.69,1,1,1,128260.86,1,0.2564528897404287,Low
8366,15659949,Chiu,850,France,Male,31,1,96399.31,2,1,0,106534.15,0,0.032487607274846404,Low
8367,15812422,Ugorji,637,France,Male,41,2,0.0,2,0,1,102515.42,0,0.03357162824627896,Low
8368,15806941,Sharpe,499,France,Male,60,7,76961.6,2,1,1,83643.87,0,0.07956080133968259,Low
8369,15637690,Houghton,622,Germany,Female,34,7,98675.74,1,1,0,138906.85,1,0.29474260734180713,Low
8370,15632882,Konovalova,684,Germany,Male,37,1,126817.13,2,1,1,29995.83,1,0.09386365931085829,Low
8371,15807107,Patel,612,France,Male,32,3,121394.42,1,1,0,164081.42,0,0.08516557739800946,Low
8372,15661034,Ngozichukwuka,813,Germany,Female,29,5,106059.4,1,0,0,187976.88,1,0.36689302890606174,Low
8373,15811958,Medland,850,Germany,Male,44,2,112755.34,2,0,0,158171.36,0,0.24214453010722511,Low
8374,15785167,Padovano,795,Spain,Male,29,4,0.0,2,0,0,155711.64,0,0.019196437602470914,Low
8375,15646720,Tsui,628,Spain,Female,55,7,0.0,3,1,0,85890.75,1,0.9818724358687968,High
8376,15658614,H?,565,Germany,Female,38,7,145400.69,2,1,1,83844.79,0,0.09000326772681447,Low
8377,15704657,Denman,601,France,Male,39,3,72647.64,1,1,0,41777.9,1,0.18735404834615327,Low
8378,15567147,Ratten,802,Spain,Male,40,4,0.0,2,1,1,81908.09,0,0.024303594330815765,Low
8379,15701319,Baxter,614,Germany,Female,37,6,96340.81,2,1,1,139377.24,1,0.10793371229171991,Low
8380,15745266,Norman,434,Spain,Male,55,6,0.0,1,0,1,73562.05,1,0.31705952206735366,Low
8381,15650437,Shen,522,Germany,Male,32,8,124450.36,2,1,1,165786.1,0,0.05480356610520612,Low
8382,15764314,Reilly,550,Germany,Male,36,2,113877.23,2,1,0,174921.91,0,0.10142392313503405,Low
8383,15612594,Ifeanacho,599,Spain,Male,25,3,0.0,2,1,1,120790.02,0,0.010463606433728135,Low
8384,15593501,Graham,493,France,Female,36,5,148667.81,2,1,0,56092.51,0,0.08032256115935374,Low
8385,15804150,Lysaght,755,France,Male,34,3,0.0,2,1,1,158816.03,0,0.011281680909804354,Low
8386,15649297,T'ang,605,France,Female,62,4,111065.93,2,0,1,125660.99,0,0.1880798586671404,Low
8387,15641110,Abron,708,France,Male,41,0,0.0,1,1,0,128400.62,0,0.28874198739102613,Low
8388,15660608,Chimaraoke,699,France,Male,44,8,158697.61,1,1,0,107181.22,0,0.32308962151430015,Low
8389,15806570,Y?an,763,France,Female,53,4,0.0,1,1,0,77203.72,1,0.8713581254550601,High
8390,15715345,Sergeyeva,743,Spain,Male,25,6,0.0,2,1,0,129740.11,0,0.016622297399200996,Low
8391,15755521,Ma,660,France,Female,48,0,90044.32,2,0,1,187604.97,1,0.3344401080200812,Low
8392,15579074,Obiajulu,619,Germany,Male,38,10,84651.79,1,1,1,184754.26,0,0.14636273588555773,Low
8393,15641158,Belcher,739,Germany,Male,32,3,102128.27,1,1,0,63981.37,1,0.2382359470933287,Low
8394,15752507,K?,769,Germany,Male,60,9,148846.39,1,1,0,192831.67,1,0.9072575592783308,High
8395,15597983,Brown,692,France,Male,69,10,154953.94,1,1,1,70849.47,0,0.04976772285022488,Low
8396,15586069,Abernathy,560,France,Female,30,0,108883.29,1,1,0,27914.95,0,0.1263627837687134,Low
8397,15655082,Pape,607,France,Female,48,4,112070.86,3,1,0,173568.3,1,0.9906158886207265,High
8398,15720155,Tao,630,Germany,Male,29,6,131354.39,1,0,1,9324.31,1,0.17396845044665746,Low
8399,15582116,Ma,767,Germany,Female,45,7,132746.2,2,1,0,26628.88,1,0.43656864104612103,Low
8400,15749365,Earle,543,France,Female,34,8,0.0,2,0,1,145601.8,0,0.027811192695624883,Low
8401,15632069,Kazantsev,776,France,Male,39,8,125211.55,2,1,0,144496.07,0,0.06842983366272568,Low
8402,15663134,Uspenskaya,535,Spain,Male,58,1,0.0,2,1,1,11779.98,1,0.0739874508522396,Low
8403,15766683,Coombes,549,Germany,Male,36,6,139422.37,1,0,0,83983.39,1,0.23461099153324108,Low
8404,15707219,Hopman,844,France,Female,28,4,0.0,2,0,1,123318.37,0,0.016110126261930712,Low
8405,15709232,McKay,586,Germany,Female,47,5,157099.47,2,1,1,65481.86,0,0.25368730007928997,Low
8406,15801351,Milanesi,583,France,Male,40,3,0.0,2,1,0,47728.0,0,0.03636719097184059,Low
8407,15578747,Chineze,701,Spain,Male,26,5,83600.24,1,0,1,59195.05,0,0.05709373185554065,Low
8408,15675626,Dawson,726,France,Male,28,2,0.0,1,0,0,98060.51,0,0.129697378817624,Low
8409,15583736,Shih,829,Germany,Male,36,4,81795.74,2,1,0,90106.94,0,0.043673572782868125,Low
8410,15590011,Hughes,749,Spain,Male,38,9,129378.32,1,1,1,13549.34,0,0.065236699644195,Low
8411,15609913,Clark,743,France,Female,46,9,0.0,1,1,0,113436.08,0,0.6767153506735195,Medium
8412,15719479,Chukwuhaenye,619,Spain,Female,56,7,0.0,2,1,1,42442.21,0,0.07637649087470241,Low
8413,15575147,Wall,699,France,Male,22,9,99339.0,1,1,0,68297.61,1,0.08275064681470748,Low
8414,15597309,Howell,749,Spain,Male,36,7,0.0,2,0,0,80134.65,0,0.019646866071551743,Low
8415,15648367,Lo,600,Germany,Female,29,6,74430.1,2,1,1,96051.1,0,0.03288434714231594,Low
8416,15758031,Lazarev,760,Spain,Male,38,3,91241.85,1,0,1,80682.35,0,0.07499775589921472,Low
8417,15751771,Lowe,528,Germany,Male,32,2,99092.45,1,0,1,111149.98,0,0.14822901235131752,Low
8418,15689288,Folliero,630,France,Female,26,5,0.0,2,1,0,182612.38,0,0.039229543318629996,Low
8419,15731026,Han,683,Germany,Female,39,2,100062.16,2,1,0,109201.43,0,0.17037407468076637,Low
8420,15775809,Holloway,677,Germany,Female,26,6,98723.67,1,0,1,151146.67,0,0.1935937140634529,Low
8421,15743076,Pai,669,Spain,Male,29,9,0.0,1,1,1,93901.61,0,0.08058097226068489,Low
8422,15658258,Trejo,693,France,Male,43,6,128760.32,1,1,0,36342.79,0,0.2619658112376749,Low
8423,15756321,Johnston,612,Spain,Female,52,5,144772.69,1,0,0,98302.57,1,0.7187672440766271,Medium
8424,15706799,Macknight,719,Spain,Male,44,4,0.0,1,0,0,84972.9,1,0.448490492661227,Low
8425,15775703,Lo,702,France,Male,26,2,71281.29,1,1,1,108747.12,1,0.0560224538757033,Low
8426,15642636,Glossop,755,France,Male,29,9,117035.89,1,1,1,21862.19,0,0.04056679424703087,Low
8427,15704651,Bishop,514,France,Male,26,1,0.0,2,0,0,121551.93,0,0.016325783723552895,Low
8428,15806771,Yefremova,753,France,Female,40,0,3768.69,2,1,0,177065.24,1,0.0908376521344479,Low
8429,15566735,Obialo,548,Germany,Female,36,2,108913.84,2,1,1,140460.01,0,0.09842695487483367,Low
8430,15681671,Nkemjika,850,Germany,Male,28,2,101100.22,2,1,1,35337.31,0,0.04023576450441816,Low
8431,15775949,Trevisani,612,France,Female,38,7,110615.47,1,1,1,193502.93,0,0.1346219295399407,Low
8432,15586752,Parkes,628,Germany,Male,33,8,152143.89,1,1,1,32174.03,0,0.11903912598719445,Low
8433,15582519,Seleznyov,479,France,Male,47,6,121797.09,1,0,1,5811.9,1,0.2601502599087843,Low
8434,15658233,Naylor,724,France,Female,41,5,109798.25,1,0,1,149593.61,0,0.18973926397567978,Low
8435,15755330,Forbes,512,Germany,Male,41,7,122403.24,1,0,1,37439.9,1,0.3360640270655602,Low
8436,15605072,Douglas,638,France,Female,43,3,145860.98,1,1,1,142763.51,1,0.24804473455359766,Low
8437,15617538,Nwankwo,834,Spain,Male,40,7,0.0,2,0,0,45038.74,0,0.03873735221435761,Low
8438,15591428,Myers,781,France,Male,29,9,0.0,2,0,0,172097.4,0,0.023174448486672886,Low
8439,15692142,Rogova,707,Germany,Female,48,7,105086.74,1,1,1,180344.69,1,0.5844787958627847,Medium
8440,15692931,Hsing,670,France,Male,22,2,114991.45,1,1,1,37392.56,0,0.04509538232740862,Low
8441,15781127,Giordano,663,Spain,Female,33,8,96769.04,1,1,1,36864.05,0,0.0682681107310131,Low
8442,15677136,Okwukwe,624,France,Female,23,5,0.0,2,0,0,132418.59,0,0.030768559802271302,Low
8443,15677828,Chalmers,598,France,Female,34,4,0.0,2,0,0,60894.26,0,0.024337346094821806,Low
8444,15567897,Chiazagomekpere,619,Germany,Male,23,5,132725.1,1,1,1,143913.33,0,0.12184517109030886,Low
8445,15793641,Evseyev,792,France,Female,70,3,0.0,2,1,1,172240.27,0,0.025182424828451982,Low
8446,15678333,Parry-Okeden,683,France,Female,26,7,0.0,2,1,0,86619.77,0,0.027739449584524768,Low
8447,15630511,Picot,691,France,Female,33,6,0.0,2,1,0,164074.89,0,0.03853721134129625,Low
8448,15792627,Reid,765,Spain,Female,33,5,84557.82,1,1,1,69039.43,0,0.08561659626431209,Low
8449,15717191,Ferri,508,France,Male,49,1,93817.41,2,1,1,132468.76,1,0.20492514299325804,Low
8450,15625716,Genovesi,637,France,Female,33,9,113913.53,1,0,1,65316.5,0,0.08081725392096004,Low
8451,15710053,Neumayer,667,Germany,Female,44,5,140406.68,2,0,1,57164.19,0,0.2325635490389923,Low
8452,15580043,Murray,575,Spain,Female,22,8,105229.34,1,1,1,34397.08,0,0.06458480943316343,Low
8453,15601410,Tien,744,Spain,Female,46,1,0.0,3,1,1,177431.59,1,0.8991776534075369,High
8454,15684669,Parkes,567,France,Female,41,9,137891.35,1,1,0,142009.46,1,0.2927349730153213,Low
8455,15619083,Yip,502,France,Female,35,6,0.0,2,1,1,80618.47,0,0.021495647751784433,Low
8456,15692207,Ingle,609,France,Female,53,6,0.0,2,1,1,124218.27,0,0.09553150242728567,Low
8457,15730705,Chidubem,715,France,Male,37,9,165252.52,1,1,0,85286.3,0,0.13324509669882126,Low
8458,15749688,Lu,541,France,Male,32,8,0.0,2,0,0,40889.14,0,0.013694423521379092,Low
8459,15728542,Vorobyova,850,France,Female,71,4,0.0,2,1,1,107236.87,0,0.01857085643342957,Low
8460,15760063,Chiedozie,595,Spain,Male,23,7,0.0,2,1,1,168085.97,0,0.011847745100457448,Low
8461,15658982,Napolitani,650,Germany,Female,28,5,122034.4,3,0,1,146663.43,1,0.8107053307246181,High
8462,15758769,Coffey,625,France,Female,44,7,0.0,1,1,0,4791.8,0,0.5329867429408998,Medium
8463,15778481,Chigbogu,817,France,Male,59,1,118962.58,1,1,1,120819.58,0,0.19169616129857872,Low
8464,15661162,Akabueze,526,Spain,Male,49,2,0.0,1,1,0,114539.67,1,0.7450189878834653,Medium
8465,15568164,Istomin,850,France,Female,34,4,71379.53,2,1,1,154000.99,0,0.030650487715753322,Low
8466,15601569,Ndubueze,598,France,Female,40,2,171178.25,1,1,0,137980.58,1,0.4024557872494358,Low
8467,15772383,Toscani,613,France,Male,36,9,131307.11,1,0,0,83343.73,0,0.09041701454027574,Low
8468,15667456,Ross,709,Spain,Male,62,3,0.0,2,1,1,82195.15,0,0.049576794301796366,Low
8469,15672983,Fernando,678,Spain,Female,27,5,87099.85,2,1,0,149550.95,0,0.07380079145468049,Low
8470,15799534,McClaran,720,France,Male,71,5,183135.39,2,1,1,197688.5,0,0.07074550897812175,Low
8471,15582847,Yermakova,662,France,Male,26,0,0.0,2,0,1,72929.96,0,0.010822127080239184,Low
8472,15612478,Somadina,525,France,Male,51,10,0.0,3,1,0,171045.35,1,0.9704975255683143,High
8473,15709621,Wan,662,France,Male,31,3,0.0,2,0,1,27731.05,0,0.010868858312378058,Low
8474,15802009,Mazzi,770,France,Female,33,6,0.0,2,1,1,126131.9,0,0.018379063847671916,Low
8475,15698816,Tuan,721,Spain,Female,33,4,72535.45,1,1,1,103931.49,0,0.09715642518388029,Low
8476,15574830,Townsley,633,Germany,Male,58,2,128137.42,2,1,0,147635.33,1,0.8036261525234784,High
8477,15603082,Yashina,701,France,Male,51,9,0.0,2,0,0,61961.57,0,0.18949115956822624,Low
8478,15685947,Henderson,556,Germany,Male,42,0,115915.53,2,0,1,125435.47,1,0.196904176063954,Low
8479,15643048,Mueller,639,France,Male,66,0,0.0,2,0,1,42240.54,0,0.02003495598752462,Low
8480,15807568,Wright,632,France,Male,50,2,0.0,2,0,0,57942.88,0,0.18178515655728444,Low
8481,15597591,Lung,456,France,Male,29,5,107000.49,1,1,1,153419.62,0,0.04332070004287325,Low
8482,15747558,Bryant,729,Spain,Female,38,10,0.0,2,1,0,189727.12,0,0.061837985506624914,Low
8483,15756655,Madukaife,632,France,Female,34,2,0.0,2,0,0,165385.55,0,0.041986603794216905,Low
8484,15589949,Maclean,433,Spain,Male,34,9,152806.74,1,1,0,19687.99,0,0.06487807432509472,Low
8485,15601012,Abdullah,802,France,Female,60,3,92887.06,1,1,0,39473.63,1,0.88092379827292,High
8486,15724269,Yao,670,France,Male,25,7,0.0,2,1,1,144723.38,0,0.00906923741828565,Low
8487,15567506,Cheatham,738,Germany,Female,40,6,114940.67,2,1,1,194895.57,1,0.15167577174774585,Low
8488,15791877,Gallagher,706,Germany,Male,34,0,140641.26,2,1,1,77271.91,0,0.04839486606457768,Low
8489,15794360,Hao,592,Germany,Female,70,5,71816.74,2,1,0,105096.82,1,0.5611101950409804,Medium
8490,15686538,Nixon,522,France,Female,41,7,0.0,2,0,1,176780.39,0,0.09357011396165986,Low
8491,15585985,Wang,746,France,Male,48,5,165282.42,1,1,0,153786.46,1,0.531449461063367,Medium
8492,15699257,Kerr,651,Spain,Male,42,2,143145.87,2,1,0,43612.06,0,0.12136678989161272,Low
8493,15804104,Romani,494,France,Male,28,9,114731.76,2,0,1,79479.74,0,0.025283588779130287,Low
8494,15727619,Lock,753,Germany,Female,46,9,113909.69,3,1,0,92320.37,1,0.9812320319046457,High
8495,15740237,Millar,671,Germany,Male,36,2,116695.27,1,0,0,193201.86,0,0.31043491643703924,Low
8496,15801436,K'ung,696,France,Male,42,4,0.0,1,0,0,126353.13,1,0.3573427975114567,Low
8497,15705735,Onyekachi,577,Spain,Male,43,3,0.0,2,1,1,135008.92,0,0.04354071640838558,Low
8498,15649359,Somayina,587,France,Male,36,1,0.0,2,0,1,17135.6,0,0.016459185250757315,Low
8499,15624892,Dennis,712,Germany,Male,37,7,93978.96,2,1,0,60651.77,0,0.08327022349232725,Low
8500,15784918,Brown,498,Germany,Male,35,2,121968.11,2,0,1,188343.05,0,0.08981971943405825,Low
8501,15584785,Ogochukwu,660,France,Male,37,2,97324.91,1,1,0,23291.83,0,0.120428087884178,Low
8502,15797197,Macleod,678,Spain,Male,29,6,0.0,2,1,0,64443.75,0,0.01704302733808672,Low
8503,15574858,Page,530,France,Male,37,8,0.0,2,1,1,287.99,0,0.014400162602616926,Low
8504,15794101,Barese,559,France,Female,48,2,0.0,2,0,1,137961.41,0,0.13848761666778436,Low
8505,15743245,Agafonova,624,France,Male,42,3,145155.37,1,1,0,72169.95,1,0.2580671484610668,Low
8506,15791535,Caraway,592,France,Male,28,5,137222.77,1,0,0,39608.58,0,0.08252302190028694,Low
8507,15605215,Stevenson,767,France,Male,48,9,0.0,2,0,1,175458.21,0,0.08767910131176061,Low
8508,15771749,Duncan,653,Germany,Female,38,5,114268.22,2,1,1,89524.83,0,0.1158280286356883,Low
8509,15616833,Wang,678,Spain,Male,27,2,0.0,2,1,1,13221.25,0,0.011304333681311509,Low
8510,15750728,Kaur,586,Spain,Female,42,2,0.0,1,1,0,102889.34,0,0.4614035731925948,Medium
8511,15769353,Jenkins,550,France,Female,40,8,150490.32,1,0,0,166468.21,1,0.2909748800908125,Low
8512,15770091,Edwards,643,Germany,Male,28,9,160858.13,2,1,0,27149.27,0,0.061333805697417094,Low
8513,15716420,Kelly,612,Spain,Male,39,5,170288.38,1,1,1,59601.15,0,0.10364921857873148,Low
8514,15740602,Boyle,674,Germany,Female,27,4,111568.01,1,0,1,22026.18,0,0.21771430382560789,Low
8515,15796071,Loane,657,Spain,Male,29,7,83889.03,1,1,0,153059.62,0,0.09927280346354983,Low
8516,15811389,Padovano,724,Germany,Female,35,0,171982.95,2,0,1,167313.07,0,0.03727214134249017,Low
8517,15783875,Li Fonti,500,France,Female,34,4,0.0,2,1,0,12833.96,0,0.02555813148905911,Low
8518,15671800,Robinson,688,France,Male,20,8,137624.4,2,1,1,197582.79,0,0.013818930484796488,Low
8519,15677288,Geach,599,France,Male,50,3,121159.65,1,0,0,4033.39,1,0.608681050622454,Medium
8520,15633525,Payne,631,France,Male,29,7,0.0,2,0,1,125877.22,0,0.011959741646395702,Low
8521,15634606,Chinonyelum,634,Spain,Male,52,1,0.0,2,1,1,176913.42,0,0.08429244243981236,Low
8522,15579207,Watkins,545,France,Male,37,3,91184.01,1,1,0,105476.65,0,0.12694267151795705,Low
8523,15619892,Page,644,Spain,Male,18,8,0.0,2,1,0,59172.42,0,0.013349553231518383,Low
8524,15567778,Genovese,690,Germany,Female,54,1,144027.8,1,1,1,108731.02,1,0.5239954349062832,Medium
8525,15711750,Watson,711,France,Female,34,6,0.0,2,1,1,175310.38,0,0.024642891880965773,Low
8526,15751084,Mancini,712,France,Female,29,8,140170.61,1,1,1,38170.04,0,0.07134521692721978,Low
8527,15768945,Chibueze,627,France,Male,27,1,62092.9,1,1,1,105887.04,0,0.059161943421408646,Low
8528,15586931,Hunter,694,Spain,Male,39,3,0.0,1,1,1,95625.03,0,0.15404639344830628,Low
8529,15636353,Buchi,534,Spain,Male,35,4,0.0,2,0,0,9541.15,0,0.01965991077704188,Low
8530,15623858,Charteris,603,France,Male,45,9,0.0,1,0,0,148516.79,0,0.5502803488265103,Medium
8531,15703354,Aksenov,808,France,Female,33,2,103516.87,1,1,0,113907.8,0,0.11264202955991674,Low
8532,15663987,Wright,723,Spain,Male,30,1,0.0,3,1,0,164647.72,1,0.4452730837938183,Low
8533,15780805,Lu,585,France,Female,35,2,0.0,2,1,0,98621.04,1,0.03309154269760306,Low
8534,15768566,K?,706,France,Male,34,8,0.0,2,1,1,37479.97,0,0.008662814597670617,Low
8535,15643229,Hou,671,France,Female,31,6,0.0,2,1,1,15846.42,0,0.016153522277350993,Low
8536,15754940,Descoteaux,597,Spain,Male,43,2,85162.26,1,0,1,5104.08,1,0.20512243179514245,Low
8537,15676576,Stephenson,646,France,Female,43,8,143061.88,1,1,0,61937.6,0,0.3530958579543821,Low
8538,15800068,Cooper,801,Spain,Female,46,6,0.0,2,1,1,170008.74,0,0.09679626414868567,Low
8539,15648030,Crump,731,Spain,Female,33,5,137388.01,2,1,0,165000.68,0,0.09630924056661025,Low
8540,15668594,Diggs,620,Germany,Female,25,1,137712.01,1,1,1,76197.05,0,0.16472122636153477,Low
8541,15728709,Shih,484,Germany,Male,40,7,106901.42,2,0,0,118045.98,0,0.15221329720326152,Low
8542,15724181,Hudson,647,Spain,Male,47,5,105603.21,2,1,1,157360.9,0,0.1493600722310075,Low
8543,15647546,Carvosso,688,Germany,Female,40,8,150679.71,2,0,1,196226.38,0,0.08142304297974862,Low
8544,15702601,Wyatt,680,Germany,Male,30,4,108300.27,2,0,1,44384.57,1,0.05280774000923851,Low
8545,15567725,Kodilinyechukwu,689,France,Female,46,7,52016.08,2,1,1,72993.65,0,0.09947558029757116,Low
8546,15674179,Vorobyova,513,Germany,Male,34,7,60515.13,1,0,0,124571.09,0,0.1040935895936563,Low
8547,15686957,Piccio,553,Germany,Male,35,2,158584.28,2,1,0,43640.16,0,0.06860702733134282,Low
8548,15607690,Hsing,689,Germany,Male,47,2,118812.5,2,0,0,31121.42,0,0.4578392994523041,Medium
8549,15806546,Lucas,517,Spain,Male,46,4,0.0,1,1,0,22372.78,0,0.6161637925280334,Medium
8550,15632850,T'ang,731,France,Male,37,8,0.0,2,1,1,170338.35,0,0.016884983000271653,Low
8551,15709016,North,687,Germany,Female,47,1,91219.29,1,0,0,158845.49,1,0.803932005045848,High
8552,15638068,Thompson,507,Spain,Male,32,7,0.0,2,1,0,67926.18,0,0.01703255370036555,Low
8553,15749345,Simpson,468,France,Female,22,1,76318.64,1,1,1,194783.12,0,0.13405161999972123,Low
8554,15791321,Nwora,682,Spain,Female,58,4,0.0,1,1,0,176036.01,0,0.9372275150848464,High
8555,15699095,Chandler,603,France,Female,24,3,0.0,1,1,1,198826.03,1,0.23024161974508456,Low
8556,15638329,Uspensky,522,Germany,Male,25,1,111432.13,1,1,1,168683.57,0,0.11566924089301728,Low
8557,15575445,Ferguson,629,Spain,Male,41,10,150148.51,1,0,0,6936.27,0,0.16256609056810037,Low
8558,15752622,Kerr,729,France,Female,32,7,38550.06,1,0,1,179230.23,0,0.16559141895822335,Low
8559,15774507,Furneaux,574,France,Female,39,5,119013.86,1,1,0,103421.91,0,0.19444099227585948,Low
8560,15570857,Kambinachi,677,Germany,Female,39,0,111213.64,2,1,1,147578.26,0,0.15505664540694158,Low
8561,15599386,Black,627,Germany,Male,28,5,71097.23,1,1,1,130504.49,0,0.05393538054144621,Low
8562,15744913,Chizoba,788,Spain,Male,36,10,109632.85,1,1,1,16149.13,0,0.04998206913128094,Low
8563,15647292,Peng,697,France,Male,63,7,148368.02,1,0,0,118862.08,1,0.7981134957516276,High
8564,15728838,Leach,578,France,Male,45,1,148600.91,1,1,0,143397.14,1,0.36939048275035413,Low
8565,15584704,Chiazagomekpele,519,France,Male,48,10,71083.98,1,1,0,137959.0,0,0.6349630494838846,Medium
8566,15749068,Nickson,632,France,Female,40,9,139625.34,1,1,0,93702.96,1,0.2573888219964276,Low
8567,15622985,Lin,679,France,Female,39,4,0.0,1,0,0,172939.3,1,0.43204900165494436,Low
8568,15587676,Alexeieva,699,France,Male,30,9,0.0,1,1,1,108162.13,0,0.06947678638309637,Low
8569,15779496,Sykes,615,France,Male,64,0,81564.1,2,0,1,35896.09,0,0.07149799190342426,Low
8570,15733460,Martin,622,Spain,Male,36,9,0.0,2,1,1,104852.6,0,0.014392006593466811,Low
8571,15711457,Herz,755,France,Female,28,7,124540.28,1,0,1,188850.89,0,0.09782199825956882,Low
8572,15795290,Nikitina,767,France,Female,42,2,133616.39,1,1,0,28615.8,0,0.33142452713808096,Low
8573,15611223,Ko,752,Germany,Female,38,10,101648.5,2,1,0,172001.44,0,0.18827560776958133,Low
8574,15794159,Highett,633,France,Female,26,8,124281.84,1,1,1,60116.57,0,0.07405618490682635,Low
8575,15780677,Jackson,717,France,Female,59,4,0.0,2,1,1,170528.63,0,0.11068803174950424,Low
8576,15690175,Ball,585,Spain,Male,45,0,0.0,2,0,0,189683.7,0,0.14108755196596448,Low
8577,15722599,Nelson,751,France,Female,37,9,183613.66,2,0,0,49734.94,0,0.2127276562159238,Low
8578,15569976,Woronoff,754,Germany,Male,65,1,136186.44,1,1,1,121529.59,1,0.3475112696482879,Low
8579,15707011,Morrison,495,France,Male,47,10,137682.68,1,1,0,71071.47,0,0.4785244740325268,Medium
8580,15702277,Smith,650,France,Male,34,4,106005.54,1,0,1,142995.32,0,0.04819732163691642,Low
8581,15801915,Rendall,529,France,Female,31,6,152310.55,1,1,0,13054.25,0,0.12475456274994708,Low
8582,15580213,McIntyre,585,France,Female,43,2,0.0,2,1,0,89402.54,0,0.08837626002971864,Low
8583,15637947,Wei,668,Spain,Male,32,1,134446.04,1,0,1,111241.37,0,0.0502236397462468,Low
8584,15715888,Allardyce,591,France,Female,38,2,142289.28,1,0,1,119638.85,0,0.11585421752275206,Low
8585,15732967,Cremonesi,731,France,Male,19,6,0.0,2,1,1,151581.79,0,0.0089529697663973,Low
8586,15737047,Weatherford,754,France,Female,45,6,0.0,1,1,0,73881.68,1,0.6188767966942527,Medium
8587,15694039,Jen,650,Germany,Female,46,9,149003.76,2,1,0,176902.83,0,0.43827969555795543,Low
8588,15649457,Macleod,588,Germany,Male,41,2,131341.46,2,0,1,7034.94,0,0.15008685943930591,Low
8589,15742809,Mironova,712,Spain,Female,29,7,77919.78,1,1,0,122547.58,0,0.17138542209280136,Low
8590,15637829,Sharpe,691,France,Female,34,7,0.0,2,0,1,161559.12,0,0.025831031058690772,Low
8591,15633194,Osborne,771,France,Female,41,10,108309.0,4,1,1,137510.41,1,0.9633840090049,High
8592,15611635,Chu,678,Spain,Female,39,6,0.0,1,0,1,185366.56,0,0.30472234214778254,Low
8593,15638774,Chong,719,Spain,Female,40,9,0.0,2,1,0,182224.14,0,0.08038148851305277,Low
8594,15722037,Alvarez,610,Germany,Male,36,7,115462.02,1,0,1,42581.04,0,0.19308766511955686,Low
8595,15672930,Palerma,722,Spain,Male,37,9,0.0,2,1,0,31921.95,0,0.022150831402472523,Low
8596,15668774,Chiemenam,758,Germany,Female,23,5,122739.1,1,1,0,102460.84,1,0.30331684023838196,Low
8597,15780966,Pritchard,709,France,Female,32,2,0.0,2,0,0,109681.29,0,0.02870557465834233,Low
8598,15659694,Wallis,634,Germany,Female,53,3,113781.5,2,1,1,106345.05,1,0.3399643508539412,Low
8599,15624424,Palerma,678,Spain,Female,49,1,0.0,2,1,1,102472.9,0,0.1167334731297341,Low
8600,15708713,Hill,633,France,Male,35,3,0.0,2,1,1,36249.76,0,0.012612273127113346,Low
8601,15755405,Hudson,710,France,Male,43,9,128284.45,1,1,0,32996.89,1,0.27001546187398545,Low
8602,15647570,Chung,640,Germany,Male,45,8,120591.19,1,0,0,195123.94,0,0.6940148931071574,Medium
8603,15684348,Zhdanova,656,France,Male,63,8,0.0,2,0,1,57014.43,0,0.03405867608014276,Low
8604,15702541,Fraser,551,France,Female,59,2,166968.28,1,1,0,159483.76,1,0.9129520276211851,High
8605,15646942,Meng,786,Spain,Female,39,7,0.0,2,0,0,100929.59,0,0.048129931060647294,Low
8606,15748920,Cherkasova,561,France,Female,49,8,0.0,2,1,1,12513.07,0,0.09780739125809935,Low
8607,15694581,Rawlings,807,Spain,Male,42,5,0.0,2,1,1,74900.9,0,0.02823368419003322,Low
8608,15643215,Jen,602,Germany,Male,38,2,71667.97,2,0,0,137111.89,0,0.05300585104123558,Low
8609,15649060,Chien,727,Germany,Female,31,3,82729.47,2,1,0,60212.51,0,0.05709551332501921,Low
8610,15774258,Gorbunov,678,France,Male,40,1,0.0,2,1,1,187343.4,0,0.03218841280513807,Low
8611,15731553,Lucas,730,France,Male,23,8,0.0,2,1,0,183284.53,0,0.021662687142138513,Low
8612,15617029,Young,596,Spain,Female,30,1,0.0,2,1,0,8125.39,0,0.029831324484446465,Low
8613,15780716,Colombo,686,Germany,Male,39,3,129626.19,2,1,1,103220.56,0,0.09393702289042243,Low
8614,15577018,Tsao,684,Germany,Female,26,2,114035.39,1,0,0,96885.19,0,0.2743879322161106,Low
8615,15809515,Lewis,797,Germany,Male,32,1,151922.94,1,1,0,8877.06,0,0.21481487551172865,Low
8616,15789924,Hussain,658,France,Female,39,4,0.0,1,1,1,147530.06,0,0.24675428263199825,Low
8617,15725076,Anderson,653,Spain,Female,27,6,107751.68,2,1,1,33389.42,0,0.04222621057721706,Low
8618,15672481,Ulyanov,641,France,Male,37,6,0.0,2,1,0,45309.24,0,0.021374510424531784,Low
8619,15574115,Shaw,656,Spain,Female,41,6,101179.23,2,1,1,35230.61,0,0.08702269553527016,Low
8620,15661830,Lucciano,750,Spain,Female,36,6,0.0,2,1,1,59816.41,0,0.021463498945529538,Low
8621,15665879,Gordon,768,France,Female,40,8,0.0,2,0,1,69080.46,0,0.03795843456883476,Low
8622,15673820,Woodward,568,France,Male,33,7,0.0,2,1,0,143450.61,0,0.017718319312920998,Low
8623,15747772,Cunningham,706,Germany,Male,36,9,58571.18,2,1,0,40774.01,0,0.03430923691493795,Low
8624,15666197,Boni,430,Germany,Female,38,8,153058.64,1,1,0,99377.27,0,0.2882286265489342,Low
8625,15773639,Truscott,745,Germany,Male,35,4,98270.34,1,1,0,133617.43,0,0.23894812195674128,Low
8626,15581893,Ginikanwa,747,France,Male,43,1,130788.71,1,0,1,101495.0,1,0.15067306837441666,Low
8627,15672447,Bailey,657,Germany,Male,40,7,99165.84,1,0,1,119333.95,1,0.2771868192157586,Low
8628,15777830,Hutchinson,639,France,Female,42,4,0.0,2,0,0,167682.37,0,0.10442664647984218,Low
8629,15713890,Maclean,704,France,Male,44,3,0.0,2,0,1,152884.85,0,0.04765359657959892,Low
8630,15577598,Chiang,651,Spain,Male,23,4,115636.05,2,1,0,70400.86,0,0.05107127742291637,Low
8631,15786042,Willmore,706,Germany,Female,44,2,185932.18,2,1,0,65413.41,0,0.1377930305769379,Low
8632,15753462,Godson,632,Germany,Male,30,2,72549.0,2,0,1,182728.8,0,0.03069812688873188,Low
8633,15759690,Smith,751,France,Male,42,4,0.0,2,1,1,81442.6,0,0.030285819493367557,Low
8634,15801414,Bitter,767,France,Female,35,2,0.0,2,0,0,144251.38,0,0.041278892039205727,Low
8635,15656141,Ts'ao,741,France,Male,39,5,0.0,1,0,1,40207.06,0,0.14310677106671443,Low
8636,15608701,Chialuka,651,Germany,Male,29,3,121890.06,1,1,0,54530.51,1,0.2464732702492951,Low
8637,15582892,Scott,601,France,Male,46,2,99786.07,1,1,1,32683.88,1,0.2169171578226605,Low
8638,15632967,Feng,520,France,Male,34,3,0.0,2,1,1,104703.96,0,0.012836790682206497,Low
8639,15587573,Castiglione,626,Germany,Male,27,4,115084.53,2,0,1,26907.43,0,0.05906807447730338,Low
8640,15654891,He,811,France,Male,30,6,0.0,2,1,1,180591.32,0,0.011809266986222157,Low
8641,15611365,Fanucci,730,France,Female,32,9,127661.69,1,0,0,60905.51,0,0.14114935308144028,Low
8642,15749103,Ginikanwa,604,Germany,Female,47,4,118907.6,1,0,1,47777.15,1,0.6178788488170494,Medium
8643,15810203,Manning,499,Germany,Female,44,6,77627.33,2,1,0,108222.68,0,0.1916967098282321,Low
8644,15813660,Forlonge,754,Spain,Male,40,2,160625.17,1,0,1,3554.63,0,0.1022607854397198,Low
8645,15605673,Liang,716,Spain,Female,29,8,0.0,2,0,0,78616.92,0,0.02806323995009517,Low
8646,15669282,Uchechukwu,636,France,Female,20,10,124266.86,1,0,0,100566.81,0,0.10523840704491212,Low
8647,15792726,Sung,470,France,Female,25,8,127974.06,2,1,1,183259.35,0,0.043761251683583934,Low
8648,15593241,Tochukwu,444,France,Male,43,3,0.0,2,1,1,159131.21,0,0.04933751857949798,Low
8649,15683053,Reyna,809,Spain,Female,48,2,0.0,1,1,0,160976.85,1,0.7961942530539345,High
8650,15632736,Liang,850,Germany,Female,30,3,104911.35,2,1,1,42933.26,0,0.05802853079860736,Low
8651,15731865,Unwin,637,France,Male,27,1,0.0,2,1,0,91291.2,0,0.015562749524764632,Low
8652,15760450,Rutherford,512,France,Male,43,1,0.0,2,1,1,52471.36,0,0.045376986906478456,Low
8653,15787204,Howe,774,Spain,Female,43,1,110646.54,1,0,0,108804.28,0,0.3243835002897368,Low
8654,15650454,Tran,641,France,Male,57,5,0.0,2,1,1,122449.18,0,0.051188352408403456,Low
8655,15573730,Thompson,586,Germany,Male,42,6,126704.49,2,1,0,41682.3,0,0.2069554168707076,Low
8656,15705050,Linger,611,France,Male,30,9,0.0,2,1,1,148887.69,0,0.011312919167926334,Low
8657,15791342,Johnston,660,Spain,Male,31,1,84560.04,1,1,1,137784.25,0,0.05372344592895659,Low
8658,15684316,Udokamma,532,France,Male,43,9,0.0,2,0,0,190573.91,1,0.11271927382870385,Low
8659,15700540,Barrera,557,Germany,Female,38,2,129893.56,1,0,0,102076.03,0,0.35965242410657383,Low
8660,15770631,Sutherland,730,Spain,Male,25,5,167385.81,1,1,1,56307.51,0,0.04339916965639215,Low
8661,15790594,Bednall,535,France,Female,27,6,0.0,2,0,1,49775.58,0,0.01822682192311232,Low
8662,15604020,Otoole,773,Germany,Female,36,4,105858.71,1,0,1,4395.45,0,0.25236859311072235,Low
8663,15637599,Cremonesi,510,Germany,Female,44,4,123070.89,1,1,0,28461.29,1,0.6746275832299754,Medium
8664,15736578,Hamilton,539,France,Male,39,1,0.0,1,1,1,28184.7,0,0.17162160286987024,Low
8665,15666332,Donaldson,690,Spain,Female,48,2,0.0,2,1,1,3149.1,0,0.11055786787854034,Low
8666,15727291,McKay,821,France,Female,40,1,0.0,2,1,0,194273.12,0,0.07121932953322982,Low
8667,15785920,Black,687,Germany,Male,35,1,125141.24,2,1,1,148537.07,0,0.051344712047084025,Low
8668,15658987,Kane,557,France,Female,46,4,96173.17,2,1,1,116378.31,0,0.20065683942536225,Low
8669,15687719,She,532,Spain,Female,37,5,0.0,2,0,1,6761.84,0,0.02764534187998399,Low
8670,15799641,Bruno,540,Spain,Male,39,2,0.0,2,1,0,81995.92,0,0.034574429854677735,Low
8671,15758702,Watson,705,France,Female,55,8,0.0,2,1,1,14392.68,0,0.07591786009109014,Low
8672,15689526,Shih,542,Germany,Female,35,9,127543.11,2,1,0,468.94,1,0.13995733368607194,Low
8673,15586848,Rose,706,France,Male,38,1,0.0,2,1,0,122379.54,0,0.02760792171044732,Low
8674,15707637,Zikoranachukwudimma,765,France,Female,56,1,0.0,1,1,0,13228.93,1,0.9368285401495563,High
8675,15719426,Cole,529,France,Male,67,8,103101.56,2,1,1,154002.02,1,0.03793046911489476,Low
8676,15639265,Isaacs,714,France,Male,54,7,126113.28,1,1,0,112777.38,0,0.7196975523224906,Medium
8677,15576124,Muravyova,582,France,Male,41,1,40488.76,1,1,0,128528.83,0,0.28907132360710247,Low
8678,15757829,Timperley,609,Germany,Female,40,10,137389.77,2,1,0,170122.22,0,0.346689433837748,Low
8679,15633227,Kenechukwu,518,France,Female,28,9,85146.36,1,0,0,2803.89,0,0.11848838252178048,Low
8680,15753092,He,791,Germany,Male,35,5,129828.58,1,1,1,181918.26,1,0.15220688347856123,Low
8681,15782939,Storey,747,France,Male,42,4,80214.36,1,1,0,115241.96,1,0.2844966878575967,Low
8682,15746338,Onyekachukwu,565,France,Female,40,2,0.0,2,1,1,129956.13,0,0.04930927230824431,Low
8683,15590676,Kharlamova,735,France,Male,34,1,141796.43,1,1,0,45858.49,0,0.09736423785272182,Low
8684,15599329,Christopher,697,France,Female,49,7,195238.29,4,0,1,131083.56,1,0.9974148946664486,High
8685,15783097,Lombardo,813,Germany,Male,27,6,111348.15,1,1,0,46422.46,0,0.2419013336533714,Low
8686,15597885,Kerr,772,France,Male,43,6,0.0,2,1,1,57675.88,0,0.03122177286606282,Low
8687,15597467,Duncan,606,France,Female,71,8,0.0,2,1,1,169741.96,0,0.0400067280438614,Low
8688,15724764,Lawley,667,Germany,Female,42,10,64404.26,2,0,0,26022.37,0,0.11530294563168417,Low
8689,15778418,Burns,637,Germany,Male,40,9,154309.67,1,1,1,125334.16,1,0.2514478459483386,Low
8690,15684769,Whitson,542,France,Male,67,10,129431.36,1,0,1,21343.74,0,0.06363839384192858,Low
8691,15756167,Doyne,762,Spain,Female,43,5,134204.67,1,1,1,139971.01,0,0.18821527356174333,Low
8692,15632439,Pinto,698,France,Female,39,4,0.0,2,0,1,47455.82,0,0.033045238356253746,Low
8693,15755138,Chin,850,France,Female,32,8,0.0,2,1,1,55593.8,0,0.013400053326657073,Low
8694,15659092,Davide,621,France,Female,50,5,0.0,2,1,0,191756.54,1,0.3992605962326804,Low
8695,15742116,Torres,671,Germany,Female,48,9,116711.06,2,0,0,76373.38,0,0.5642735901195116,Medium
8696,15801994,Buccho,775,France,Male,31,9,0.0,2,1,0,169278.51,0,0.018373220823283035,Low
8697,15647572,Greece,504,Spain,Male,34,0,54980.81,1,1,1,136909.88,0,0.08145932722801305,Low
8698,15644551,Wimble,751,Spain,Female,37,3,99773.85,2,1,0,54865.92,0,0.08983497792535619,Low
8699,15709135,Pirozzi,691,Germany,Male,30,7,101231.77,2,0,0,156529.44,0,0.0679616543453116,Low
8700,15684469,Hsiung,841,Germany,Male,32,2,117070.21,1,1,0,113482.2,0,0.21098354708496422,Low
8701,15627637,Obioma,709,Germany,Male,23,8,73314.04,2,1,0,63446.47,0,0.03232421078924457,Low
8702,15667093,Onio,673,France,Male,37,2,0.0,1,1,1,13624.02,0,0.12431694095349008,Low
8703,15690589,Udinesi,541,France,Male,37,9,212314.03,1,0,1,148814.54,0,0.13088320100402115,Low
8704,15595350,Fermin,661,France,Female,31,3,136067.82,2,1,0,65567.91,0,0.07346566003541413,Low
8705,15777586,Moss,784,Spain,Female,42,2,109052.04,2,1,0,6409.55,0,0.1720910806571206,Low
8706,15804064,Docherty,742,France,Female,35,2,79126.17,1,1,1,126997.53,0,0.10291888847219358,Low
8707,15717770,Marcelo,850,Spain,Female,55,7,0.0,1,0,0,171762.87,1,0.9446493524310399,High
8708,15754443,Fadden,443,France,Female,35,9,108308.0,1,1,0,129031.19,1,0.14119674249819267,Low
8709,15776939,Zox,778,Germany,Female,48,3,102290.56,2,1,0,182691.31,0,0.594911488411363,Medium
8710,15713517,Otitodilinna,529,France,Male,39,6,102025.08,2,1,0,12351.01,0,0.07372022216496049,Low
8711,15683522,Kennedy,678,Germany,Female,37,2,113383.07,1,1,1,135123.96,0,0.24135303155511262,Low
8712,15673995,Tu,516,Spain,Female,65,9,102541.1,1,1,0,181490.42,0,0.7159100141122136,Medium
8713,15771054,Barnes,469,Spain,Male,35,5,0.0,2,1,0,186490.37,0,0.028116368097698068,Low
8714,15578788,Bibi,786,Spain,Male,40,6,0.0,2,0,0,41248.8,0,0.03685401107743563,Low
8715,15737408,L?,703,France,Female,41,6,109941.51,1,1,0,116267.28,0,0.2510678372336485,Low
8716,15750837,Landseer,579,Germany,Male,41,0,141749.68,1,0,1,9201.53,0,0.3681578130415936,Low
8717,15576022,Nwachinemelu,565,France,Male,38,5,0.0,2,0,1,80630.32,0,0.019276976330306582,Low
8718,15635502,Ch'iu,443,France,Male,44,2,0.0,1,1,0,159165.7,0,0.5066365302506002,Medium
8719,15627298,Vinogradova,589,France,Male,37,7,85146.48,2,1,0,86490.09,1,0.0474026245389285,Low
8720,15811415,Jenks,691,France,Female,44,6,134066.1,2,1,1,197572.41,0,0.10905199107613905,Low
8721,15645059,Crace,711,France,Female,28,8,0.0,2,0,0,105159.89,0,0.02761520145666552,Low
8722,15689671,Packham,775,Spain,Male,27,4,0.0,1,1,1,40807.26,0,0.08449867413908722,Low
8723,15718667,T'ien,621,France,Male,35,7,87619.29,1,1,0,143.34,0,0.10118136127250042,Low
8724,15803202,Onyekachi,350,France,Male,51,10,0.0,1,1,1,125823.79,1,0.780567750665721,High
8725,15593683,Solomina,668,Spain,Female,30,8,0.0,2,1,0,138465.7,0,0.03205042431783428,Low
8726,15703394,Hawes,633,Spain,Male,27,3,0.0,2,1,0,44008.91,0,0.017897448464938532,Low
8727,15570289,Benson,697,Germany,Male,43,8,103409.16,1,1,0,66893.28,1,0.527413501209791,Medium
8728,15567437,Emenike,734,Germany,Female,30,7,123040.38,1,1,1,76503.06,0,0.18220317482641682,Low
8729,15711687,Nero,434,France,Male,41,4,108128.52,1,0,1,56784.11,0,0.1232291078446134,Low
8730,15656592,Toscano,646,Germany,Male,48,8,169023.33,2,1,1,175657.55,0,0.12142238164897172,Low
8731,15634373,Yang,764,France,Male,30,5,0.0,2,0,1,105155.66,0,0.010499872454556507,Low
8732,15769125,Palerma,727,Spain,Female,41,10,0.0,2,0,1,47468.56,0,0.04095150682722964,Low
8733,15711386,Trentini,724,France,Female,29,6,0.0,2,0,1,64729.51,0,0.016609678274276115,Low
8734,15714241,Haddon,749,Spain,Male,42,9,222267.63,1,0,0,101108.85,1,0.707905878459409,Medium
8735,15642530,Coates,706,Germany,Female,47,10,144090.42,1,1,0,140938.95,1,0.7865865769244917,High
8736,15713599,Castiglione,728,France,Male,30,10,114835.43,1,0,1,37662.49,0,0.04070332206909206,Low
8737,15744770,Stone,636,France,Male,44,2,0.0,2,0,0,86414.41,0,0.06682241069546344,Low
8738,15780498,Maynard,634,France,Male,34,3,145030.92,1,1,1,41820.65,0,0.05921701990893336,Low
8739,15624397,Moore,627,France,Male,43,8,71240.3,1,0,1,127734.16,0,0.2086890841932956,Low
8740,15615219,Obielumani,518,France,Male,59,5,138772.15,1,0,1,123872.0,0,0.17520886824224774,Low
8741,15570908,Harding,687,Spain,Female,29,7,93617.07,1,0,1,113050.92,0,0.07733829356106026,Low
8742,15762855,Hill,622,Spain,Female,23,8,0.0,2,1,1,131389.39,0,0.020908670608688576,Low
8743,15661827,Brown,693,Spain,Female,45,4,0.0,2,1,1,26589.56,0,0.07503671395433811,Low
8744,15746035,Pagnotto,450,Spain,Male,25,9,74237.2,2,0,1,195463.35,0,0.02608794362449306,Low
8745,15691906,Esposito,664,Germany,Female,49,5,127421.78,2,1,0,108876.75,1,0.5903981191593399,Medium
8746,15793424,Tan,663,Spain,Female,28,8,61274.7,2,1,0,136054.45,0,0.04645830010512901,Low
8747,15577905,Hammond,660,France,Male,34,8,106486.66,2,0,1,182262.66,0,0.03733001558975543,Low
8748,15667216,Chung,579,France,Female,29,10,73194.52,2,1,1,129209.09,0,0.03253154166299872,Low
8749,15673971,Houghton,655,Germany,Female,44,6,146498.76,1,1,0,64853.51,1,0.6281862527331342,Medium
8750,15701238,Chia,683,France,Male,47,1,0.0,2,1,0,148989.15,0,0.13294374068115902,Low
8751,15644849,Zikoranachidimma,655,France,Female,32,2,0.0,1,1,1,71047.51,0,0.11715261535620893,Low
8752,15635531,Boag,575,Spain,Female,30,8,0.0,2,1,0,185341.63,0,0.03920360384292184,Low
8753,15632263,Pagnotto,574,Spain,Male,30,5,120355.0,1,1,0,137793.35,0,0.08811850525165556,Low
8754,15720110,Oluchukwu,795,France,Male,32,2,117265.21,1,1,1,198317.23,0,0.04985385597946969,Low
8755,15619045,Baxter,776,France,Female,43,4,0.0,2,0,1,162137.5,0,0.08012424890995601,Low
8756,15697510,Tien,707,Spain,Female,52,7,0.0,1,1,0,109688.82,1,0.8414926096127334,High
8757,15784923,Chimezie,705,Germany,Female,37,3,109974.22,1,1,1,36320.87,1,0.2607241446657965,Low
8758,15567383,Slone,678,Germany,Female,44,2,98009.13,2,0,1,31384.86,0,0.23733748151823,Low
8759,15732621,Martin,663,France,Male,34,10,0.0,1,1,1,114083.73,0,0.0712842146148341,Low
8760,15757981,Loggia,748,France,Male,66,8,0.0,1,1,1,163331.65,0,0.13982273105610282,Low
8761,15727819,Hartley,677,Spain,Female,34,10,171671.9,1,1,1,50777.77,0,0.09256926485002492,Low
8762,15738088,Parkin,634,Spain,Male,63,10,0.0,2,1,0,30772.86,1,0.49618102164678707,Medium
8763,15765173,Lin,350,France,Female,60,3,0.0,1,0,0,113796.15,1,0.9776668404149106,High
8764,15665159,Brooks,727,France,Male,61,0,128213.96,2,1,1,188729.08,1,0.16532613819821074,Low
8765,15618203,Tien,773,Germany,Male,51,8,116197.65,2,1,1,86701.4,0,0.2935079894183129,Low
8766,15791452,Dann,675,France,Male,39,1,0.0,2,1,0,153129.22,0,0.0306354866064022,Low
8767,15638159,Trentino,649,Spain,Female,36,6,86607.39,1,0,0,19825.09,0,0.15916656651904543,Low
8768,15585466,Russo,552,France,Male,29,10,0.0,2,1,0,12186.83,0,0.013363341884860824,Low
8769,15677310,Christie,761,Germany,Male,62,5,98854.34,1,0,0,86920.97,1,0.9343172191337942,High
8770,15646262,Ross,622,France,Male,31,7,0.0,1,1,0,35408.77,0,0.12875719312192804,Low
8771,15656901,Nnonso,615,France,Male,59,8,0.0,2,1,1,165576.55,0,0.05651572450532212,Low
8772,15621093,Teng,681,Germany,Male,31,4,97338.19,2,0,0,48226.76,0,0.05795219155545291,Low
8773,15592123,Buccho,768,France,Male,30,6,0.0,2,1,1,199454.37,0,0.011786470495219246,Low
8774,15589200,Madukaife,617,Spain,Male,34,9,0.0,2,1,0,118749.58,0,0.018907843310738522,Low
8775,15602934,Dunn,452,France,Female,33,6,131698.57,2,1,0,151623.91,0,0.07954191571156659,Low
8776,15812720,Hooker,807,Germany,Male,37,10,130110.45,2,0,1,172097.95,0,0.05636017640966873,Low
8777,15695383,Griffin,567,Spain,Male,44,9,0.0,2,1,0,87677.15,0,0.07084721926267089,Low
8778,15723064,Kistler,603,Spain,Male,24,1,165149.13,2,1,0,21858.28,0,0.055750702727214906,Low
8779,15761606,Law,617,Spain,Female,37,9,101707.8,1,1,0,123866.28,0,0.16873320935457653,Low
8780,15650322,Grigoryeva,701,France,Female,34,3,105588.66,1,0,1,74694.41,0,0.07428302265335052,Low
8781,15669782,Chu,820,Germany,Male,39,9,111336.89,1,1,0,16770.31,1,0.4894025670825933,Medium
8782,15751628,Onyemachukwu,438,France,Male,60,7,78391.17,1,0,1,49424.6,0,0.19159547820541184,Low
8783,15809057,Lu,600,Spain,Female,27,6,0.0,2,1,1,172031.22,0,0.027129879657497444,Low
8784,15617052,Watson,782,France,Male,34,9,0.0,1,1,0,183021.06,1,0.17110223864315663,Low
8785,15590810,Fallaci,638,Germany,Female,41,9,144326.09,1,1,0,73979.85,1,0.49281583644929466,Medium
8786,15801293,Ni,850,Germany,Male,27,1,101278.25,2,1,1,26265.18,0,0.0522357221843286,Low
8787,15770968,Leason,741,Germany,Female,19,8,108711.57,2,1,0,24857.25,0,0.09651755187569458,Low
8788,15572356,Tsai,689,Spain,Male,73,1,108555.07,1,0,1,167969.15,0,0.0232792573394139,Low
8789,15603247,Bruner,743,Germany,Female,35,1,146781.24,1,1,0,189307.7,0,0.2859408000801299,Low
8790,15619116,Wallace,493,France,Female,36,2,0.0,2,0,1,99770.3,0,0.02789095327909089,Low
8791,15691792,Young,416,Spain,Male,35,8,0.0,1,0,0,119712.78,0,0.5783218567987531,Medium
8792,15783276,Forbes,725,France,Female,25,9,0.0,2,1,1,168607.74,0,0.021232283469019318,Low
8793,15766137,Muir,497,France,Male,34,2,0.0,2,1,1,83087.13,0,0.012801931204139983,Low
8794,15574554,Pugh,537,Germany,Male,66,8,103291.25,2,1,1,130664.79,0,0.0893074863682168,Low
8795,15578671,Webb,706,Spain,Female,29,1,209490.21,1,1,1,133267.69,1,0.663150927779615,Medium
8796,15716608,Walker,651,Spain,Male,38,2,0.0,3,1,0,67029.82,1,0.5548401264388335,Medium
8797,15690670,Cox,720,France,Male,33,2,0.0,2,0,1,141031.08,0,0.011879880514144035,Low
8798,15630466,Maclean,797,France,Male,45,8,0.0,1,0,0,125110.02,0,0.4971658165268681,Medium
8799,15630349,Hollis,543,Spain,Male,23,5,0.0,2,1,0,117832.39,0,0.01788540077295648,Low
8800,15803801,Jamieson,454,France,Male,34,4,0.0,2,1,0,198817.72,0,0.027575185543418215,Low
8801,15647890,Su,691,France,Male,37,9,149405.18,1,1,1,146411.6,0,0.04932809251827409,Low
8802,15606115,P'eng,510,France,Female,52,6,191665.21,1,1,1,131312.56,1,0.6067763985052955,Medium
8803,15714642,Hawkins,792,Spain,Female,40,7,0.0,1,1,0,141652.2,0,0.44972930234168373,Low
8804,15741181,Ndubuagha,721,France,Male,41,6,135071.12,1,1,1,64477.25,0,0.10132118054640853,Low
8805,15773973,Hill,765,France,Male,41,2,0.0,2,0,1,191215.61,0,0.041580377261523575,Low
8806,15758546,Norton,850,Spain,Male,39,8,0.0,2,1,1,37090.44,0,0.017810941008511393,Low
8807,15598940,Achebe,681,Germany,Male,38,6,181804.34,2,1,1,57517.71,0,0.025683150927836334,Low
8808,15669783,Simpson,586,France,Female,60,3,47020.65,2,0,1,63241.21,1,0.09502909038267633,Low
8809,15624993,Chiang,753,France,Female,36,7,128518.98,1,1,1,44567.83,1,0.08735605208252707,Low
8810,15760568,Dalrymple,593,Germany,Female,38,5,142658.04,2,0,1,135337.11,0,0.10330326798487802,Low
8811,15699047,Chukwuemeka,674,France,Female,21,9,120150.39,2,1,1,33964.03,0,0.032140564455514053,Low
8812,15616168,Ojiofor,610,France,Female,35,7,81905.95,1,1,1,61623.19,0,0.09101166390459178,Low
8813,15773146,Rubeo,652,France,Male,26,3,137998.2,2,0,1,168989.77,0,0.03085102466841676,Low
8814,15770375,Fanucci,850,Germany,Female,26,8,123126.29,1,1,0,74425.41,0,0.29377130248016625,Low
8815,15589725,Zubarev,740,France,Female,51,4,0.0,2,1,1,178929.84,0,0.1438545162969238,Low
8816,15710034,T'ao,637,Germany,Male,43,1,135645.29,2,0,1,101382.86,1,0.20308382419289567,Low
8817,15800806,Pai,685,Spain,Male,31,7,122449.31,2,1,1,180769.55,0,0.030797084210855283,Low
8818,15570485,Udegbunam,558,Spain,Male,40,4,161766.87,1,0,0,92378.54,0,0.18525556970989052,Low
8819,15575391,Claypool,677,France,Female,37,3,0.0,2,1,1,38252.25,0,0.024099611504713684,Low
8820,15790750,Manfrin,592,Germany,Male,36,10,123187.51,1,0,1,146111.35,0,0.16579651179103608,Low
8821,15714832,Baker,652,Germany,Male,36,9,150956.71,1,0,0,72350.17,0,0.22232606878255734,Low
8822,15619953,Efremov,662,Spain,Female,42,6,105021.28,1,1,0,48242.38,0,0.27920461535206076,Low
8823,15673929,Chin,543,France,Male,64,4,0.0,2,1,1,148305.82,0,0.03296399815689521,Low
8824,15578835,Brookes,675,Spain,Female,50,1,133204.91,1,0,1,8270.06,0,0.3896382576266956,Low
8825,15752388,Doyle,643,Spain,Female,35,6,0.0,2,1,1,41549.64,0,0.021375187043693435,Low
8826,15797081,Ajuluchukwu,611,Germany,Female,49,9,115488.52,2,1,1,138656.81,1,0.38295697420941593,Low
8827,15570194,Ikemefuna,412,France,Male,29,5,0.0,2,0,0,12510.53,0,0.022715051881264346,Low
8828,15580149,Fowler,638,Spain,Male,41,7,0.0,2,1,0,43889.41,0,0.037852945848111066,Low
8829,15777708,Liao,824,Spain,Female,38,3,0.0,2,1,0,192800.25,0,0.05258680320404696,Low
8830,15769955,Onuora,683,France,Female,40,1,0.0,2,0,0,75762.0,0,0.05682227168593435,Low
8831,15810444,Aksenov,562,Germany,Female,39,6,130565.02,1,1,0,9854.72,1,0.4285911953080072,Low
8832,15645593,Trevisani,599,France,Female,41,2,91328.71,1,1,0,115724.78,0,0.2747194491037356,Low
8833,15765345,Wood,753,France,Male,35,4,0.0,2,1,1,106303.4,0,0.01238718665968501,Low
8834,15760873,Lombardo,594,France,Male,50,7,81310.34,1,1,1,183868.01,0,0.33379703924305343,Low
8835,15794178,Walpole,657,France,Male,34,3,107136.6,1,1,0,153895.46,0,0.07874108812135604,Low
8836,15589361,Chikwendu,716,Spain,Male,34,9,0.0,1,1,1,66695.71,0,0.08371106110339592,Low
8837,15662483,Ko,850,France,Male,43,7,0.0,2,1,1,173851.11,0,0.03499067042346236,Low
8838,15809736,Steigrad,664,France,Male,46,2,0.0,1,1,1,177423.02,1,0.38759762879732035,Low
8839,15731148,Isayeva,558,France,Male,33,0,108477.49,1,1,1,109096.71,1,0.03983233969990497,Low
8840,15774328,Boni,606,Germany,Male,40,1,144757.97,2,1,1,166656.18,0,0.10514606493360859,Low
8841,15646969,Anayolisa,776,Spain,Male,33,2,0.0,2,1,1,176921.0,0,0.012368737132067827,Low
8842,15718769,Fallaci,557,Spain,Male,36,1,113110.26,1,1,0,98413.1,0,0.10263604848089747,Low
8843,15610226,Fenton,614,France,Female,27,9,106414.57,2,0,0,77500.81,0,0.059872074675987624,Low
8844,15616270,Chao,620,Spain,Male,42,4,106920.91,1,0,1,119747.08,0,0.13499668951422428,Low
8845,15790717,Osinachi,695,Spain,Male,35,7,0.0,2,1,0,160387.98,0,0.020922944298948372,Low
8846,15635703,Chu,729,Germany,Female,39,1,131513.26,1,1,1,193715.0,0,0.2514646399156922,Low
8847,15616365,Obiuto,571,France,Female,53,2,0.0,2,1,0,28045.77,0,0.38210668005820486,Low
8848,15630244,Chu,457,France,Male,40,10,134320.23,2,1,0,150757.35,0,0.09531126709656552,Low
8849,15734714,Nash,559,France,Female,29,3,79715.36,1,1,0,82252.28,0,0.14091270875537623,Low
8850,15721433,Hixson,664,France,Female,38,4,74306.19,2,1,0,154395.56,0,0.08949790242828859,Low
8851,15590201,Fiorentini,500,Spain,Female,50,5,0.0,4,1,1,83866.35,1,0.9599385416804833,High
8852,15590828,Chidimma,782,Germany,Male,42,7,126428.38,1,1,0,39830.1,0,0.5058727969827118,Medium
8853,15752097,Chiazagomekpere,708,Spain,Male,38,8,99640.89,1,1,0,12429.22,0,0.12090077387047285,Low
8854,15800031,Laura,681,France,Male,43,3,66338.68,1,1,1,18772.5,1,0.20647157949052788,Low
8855,15630857,Wu,674,Spain,Female,39,6,0.0,2,1,1,9574.83,0,0.031886098931697346,Low
8856,15689953,Toscani,697,Spain,Male,43,10,128226.37,1,0,0,188486.94,0,0.2338914589344036,Low
8857,15759733,McMillan,774,France,Female,26,5,0.0,2,1,1,64716.08,0,0.01562932509478401,Low
8858,15810826,Chiekwugo,624,France,Male,36,6,0.0,2,0,0,84749.96,0,0.01990219392255604,Low
8859,15668009,Hendley,747,Spain,Male,37,1,0.0,2,0,1,180551.76,0,0.02392657840354131,Low
8860,15743456,Birnie,715,France,Female,32,10,0.0,2,1,0,60907.49,0,0.025098444101603057,Low
8861,15725762,Kemp,808,France,Male,24,4,122168.65,1,1,0,174107.04,0,0.0918037232878952,Low
8862,15761713,Johnstone,678,France,Female,43,7,178074.33,1,0,0,110405.9,0,0.5435553031763812,Medium
8863,15769246,Lo Duca,813,Germany,Male,59,2,135078.41,1,1,0,187636.06,1,0.8997863084725618,High
8864,15781129,Montgomery,687,Spain,Male,38,8,69434.4,2,1,1,66580.13,1,0.02807136029243577,Low
8865,15599124,Miller,832,France,Female,29,5,0.0,2,1,0,178779.52,0,0.03514040085160861,Low
8866,15639004,Chiemezie,668,France,Male,72,2,0.0,2,1,1,70783.61,0,0.005549989033077538,Low
8867,15810995,Wright,526,Germany,Male,34,3,122726.56,1,1,1,46772.36,0,0.17485795204139942,Low
8868,15653773,Shaw,457,France,Female,38,7,164496.99,1,1,1,163327.27,0,0.13730939505350367,Low
8869,15708357,Chapman,649,Spain,Female,38,8,0.0,1,1,0,103760.53,0,0.2905401438463389,Low
8870,15733597,Y?an,669,France,Female,41,0,150219.41,2,0,0,107839.03,0,0.12735106213067782,Low
8871,15789560,Clark,668,France,Male,42,8,187534.79,1,1,1,32900.41,1,0.2507869269476094,Low
8872,15699524,Howells,466,France,Female,30,3,0.0,1,1,0,193984.6,0,0.33263661785399395,Low
8873,15626475,Gamble,685,France,Male,30,2,0.0,2,1,1,140889.32,0,0.011074381766365524,Low
8874,15810839,Rogers,610,France,Male,34,0,103108.17,1,0,0,125646.82,0,0.06692589485980947,Low
8875,15684318,McMillan,582,Germany,Female,50,6,96486.57,2,1,1,20344.02,0,0.32687859793738233,Low
8876,15768120,Brown,702,Germany,Male,36,9,90560.48,2,1,0,174268.87,0,0.08119712737701834,Low
8877,15712807,Robertson,556,Spain,Male,46,3,131764.96,1,1,1,108500.66,1,0.18965366741119147,Low
8878,15696371,Thomas,812,Spain,Female,24,1,92476.88,1,0,0,83247.14,0,0.12603137595581265,Low
8879,15675794,Hsing,645,Germany,Male,47,9,152076.93,1,1,0,121840.2,1,0.6576478338400713,Medium
8880,15774277,Chiu,809,France,Male,43,2,0.0,2,1,1,132908.07,0,0.030900039510652465,Low
8881,15603764,Chang,560,France,Male,49,4,0.0,1,1,1,100075.1,1,0.4171300204993572,Low
8882,15618647,Kornilova,744,France,Male,29,1,43504.42,1,1,1,119327.75,0,0.057626807379236776,Low
8883,15614643,Chifo,731,Spain,Female,39,2,0.0,2,1,0,136737.13,0,0.060364264301856645,Low
8884,15707696,Lu,471,Spain,Female,28,5,0.0,2,1,1,22356.97,0,0.016668797065710953,Low
8885,15749583,Bellucci,686,Germany,Female,38,2,93569.86,3,0,0,10137.34,1,0.858954259741142,High
8886,15815125,Michael,668,Spain,Male,45,4,102486.21,2,1,1,158379.25,0,0.11821468945781335,Low
8887,15779620,Sinclair,575,France,Male,36,1,0.0,1,0,1,94570.56,0,0.11187101107824088,Low
8888,15768233,Chukwuebuka,435,Germany,Male,37,8,114346.3,1,0,1,980.93,1,0.2538398460629827,Low
8889,15637788,Schmidt,743,France,Male,23,3,110203.77,1,1,0,95583.45,0,0.08645306439182153,Low
8890,15777046,Parry,580,France,Female,39,9,128362.59,1,1,0,86044.98,0,0.19703866006217738,Low
8891,15788723,McIntyre,599,Germany,Female,49,10,143888.22,2,1,1,166236.38,1,0.36342968977125595,Low
8892,15790489,Lo Duca,534,Spain,Male,34,5,170600.78,1,0,1,5240.53,0,0.06860266127576434,Low
8893,15739476,Ferrari,680,France,Female,32,5,0.0,1,1,1,150684.23,0,0.1421842073632831,Low
8894,15612670,Berry,631,Spain,Female,46,10,0.0,2,1,1,129508.96,0,0.10876274125314672,Low
8895,15631222,Cattaneo,485,France,Female,39,2,75339.64,1,1,1,70665.16,0,0.16251768604309338,Low
8896,15658972,Foster,699,France,Female,40,8,122038.34,1,1,0,102085.35,0,0.2372153559835988,Low
8897,15724691,Gordon,712,France,Male,34,1,0.0,2,1,1,195052.12,0,0.011458431986577757,Low
8898,15740442,May,603,France,Male,51,8,186825.57,1,1,0,93739.71,1,0.7313439991650023,Medium
8899,15760427,Cameron,850,France,Male,40,6,124788.18,1,1,0,65612.12,0,0.20344124277586698,Low
8900,15677939,Ch'eng,584,France,Female,41,3,0.0,2,1,1,160095.48,0,0.061040175638207475,Low
8901,15611599,Curtis,604,France,Female,71,2,0.0,2,1,1,49506.82,0,0.017276013730538182,Low
8902,15633474,Whitehead,586,France,Male,51,2,138553.57,1,1,1,92406.22,0,0.24498962120982914,Low
8903,15671973,Chukwuemeka,467,Spain,Male,39,5,0.0,2,1,1,7415.96,0,0.019781301665262076,Low
8904,15790019,Onwughara,520,France,Male,35,9,105387.89,1,1,1,25059.06,0,0.0543483938628248,Low
8905,15737735,Grant,683,Spain,Male,40,4,95053.1,1,1,1,116816.54,1,0.1049176538153562,Low
8906,15661745,Browne,557,France,Male,36,3,0.0,1,0,1,144078.02,0,0.12444139464915814,Low
8907,15797065,Goloubev,613,Spain,Female,32,0,0.0,2,0,1,126675.62,0,0.024446655064097923,Low
8908,15710671,Gordon,786,France,Male,34,3,137361.96,1,0,0,183682.09,0,0.08793758953250787,Low
8909,15656522,Sutherland,593,Spain,Male,32,10,158537.42,1,1,0,166850.57,0,0.08902215003454213,Low
8910,15705085,Quesada,670,Spain,Female,29,9,0.0,2,1,0,27359.19,0,0.02733486140792782,Low
8911,15744873,Wright,657,Germany,Female,48,5,143595.87,1,0,0,101314.65,1,0.7876687144160422,High
8912,15781914,Simmons,718,Germany,Male,32,9,169947.41,2,1,1,27979.16,0,0.02637792378004338,Low
8913,15637354,Yobachukwu,623,France,Female,24,7,148167.83,2,1,1,109470.34,0,0.046892145356620354,Low
8914,15717307,Read,496,France,Male,31,5,0.0,2,1,0,93713.13,0,0.018489729293109665,Low
8915,15746695,Wunder,429,France,Female,39,6,48023.83,1,1,0,74870.99,0,0.2998470618116998,Low
8916,15804962,Nnaife,606,France,Male,36,1,155655.46,1,1,1,192387.51,1,0.0821697364917876,Low
8917,15665378,Shen,499,France,Female,46,6,0.0,2,1,0,73457.55,0,0.14538517051955646,Low
8918,15757865,Powell,642,France,Male,62,7,0.0,2,1,1,61120.75,0,0.03634898407296986,Low
8919,15578787,Goddard,641,France,Female,52,4,0.0,1,1,0,90964.54,1,0.8318359850660255,High
8920,15794323,Buckley,673,France,Male,32,8,121240.76,1,1,0,116969.73,0,0.07748667849369435,Low
8921,15697546,McIntyre,570,France,Female,36,3,0.0,2,1,0,92118.75,0,0.034358847407189155,Low
8922,15629519,Yen,472,France,Female,37,1,0.0,2,1,1,48357.9,0,0.026016625798690813,Low
8923,15624703,Okonkwo,550,Germany,Male,35,9,129847.75,2,1,0,197325.4,0,0.060794131306956926,Low
8924,15570002,Burlingame,625,Germany,Female,55,8,118772.71,4,0,0,135853.62,1,0.9978114646744863,High
8925,15808566,Hs?,516,France,Male,46,2,0.0,2,1,1,169122.54,0,0.07472064268125457,Low
8926,15805463,Board,682,Germany,Male,32,2,105163.88,2,1,1,164170.46,0,0.04651893804758182,Low
8927,15709136,Adams,620,France,Male,28,8,0.0,2,1,1,199909.32,0,0.014536229677552614,Low
8928,15801605,Rizzo,626,France,Female,39,0,0.0,2,1,1,83295.09,0,0.03956672069440618,Low
8929,15567855,Chukwufumnanya,623,France,Female,29,1,0.0,2,0,0,39382.06,0,0.023154532077523503,Low
8930,15675141,Fraser,569,France,Female,35,4,93934.63,1,1,0,184748.23,0,0.1936721072472642,Low
8931,15665759,Russell,724,France,Female,69,5,117866.92,1,1,1,62280.91,0,0.08928410353086548,Low
8932,15761487,Yefimova,678,France,Female,55,5,0.0,1,0,1,196794.11,1,0.6259382620736498,Medium
8933,15700394,Palermo,713,Spain,Female,26,4,122857.46,2,1,0,144682.17,1,0.0920233737108037,Low
8934,15631162,Bergamaschi,631,France,Male,32,10,0.0,2,0,1,196342.66,0,0.01739469190442253,Low
8935,15630641,Shao,846,France,Female,37,6,127103.97,1,1,1,41516.44,0,0.09287562215406182,Low
8936,15585066,Chimaraoke,660,France,Female,43,1,0.0,1,0,1,112026.1,1,0.35321955132056426,Low
8937,15722991,McGregor,567,France,Male,54,9,96402.96,1,0,0,52035.29,1,0.7569989379396551,High
8938,15737404,Kesteven,731,France,Male,31,1,132512.26,1,1,1,185466.85,0,0.0411327746672019,Low
8939,15722409,Ritchie,693,Spain,Male,47,8,107604.66,1,1,1,80149.27,0,0.1723085359934838,Low
8940,15806420,Jenks,772,France,Male,34,9,0.0,2,1,0,170980.86,0,0.020056486850412558,Low
8941,15658148,Udokamma,657,France,Male,38,7,0.0,2,1,0,185827.74,0,0.030996709563357504,Low
8942,15810660,Boyle,774,Germany,Male,34,4,120875.23,2,0,1,113407.26,0,0.05382503458097614,Low
8943,15709780,Azuka,667,France,Female,37,9,71786.9,2,1,1,67734.79,0,0.037996556765781085,Low
8944,15727350,Pai,516,France,Female,37,8,113143.12,1,0,0,3363.36,0,0.15838914863291165,Low
8945,15752312,Howells,551,Spain,Male,49,1,150777.72,2,1,1,135757.27,0,0.1716866358514459,Low
8946,15616745,Hs?,542,Spain,Male,35,2,174894.53,1,1,1,22314.55,0,0.08044833202546521,Low
8947,15572294,Kelly,623,France,Male,28,7,0.0,1,0,0,129526.57,0,0.13035053099333377,Low
8948,15674110,Walton,701,France,Female,43,2,160416.56,1,0,1,37266.43,0,0.20112950121081843,Low
8949,15662501,Ebelechukwu,583,France,Male,48,3,91246.53,1,1,0,60017.46,1,0.525333863050988,Medium
8950,15649239,Vasilieva,731,Spain,Male,46,10,0.0,2,1,0,153015.42,0,0.10435677586526104,Low
8951,15700424,Hsiao,461,France,Female,35,5,0.0,1,1,1,54209.02,0,0.1275131785982534,Low
8952,15636388,Abrego,702,Germany,Female,23,7,98775.23,1,1,0,114603.96,0,0.2872606568428507,Low
8953,15713975,Gibson,565,Germany,Female,47,10,139756.12,1,1,0,165849.49,1,0.8010949064897467,High
8954,15592925,Giordano,711,Spain,Male,42,3,177626.77,3,0,1,16392.72,1,0.9297760609262501,High
8955,15581626,Mancini,664,France,Male,54,8,0.0,1,1,1,162719.69,1,0.329296496991474,Low
8956,15641319,Afanasyeva,518,Spain,Male,50,4,0.0,1,0,0,107112.25,1,0.7856290893529555,High
8957,15723481,Wright,728,Spain,Male,42,8,0.0,2,0,1,41823.22,0,0.02913760806049655,Low
8958,15787825,Okwudiliolisa,585,Germany,Male,37,6,152496.82,1,1,1,99907.29,0,0.13517118091129904,Low
8959,15710726,Hughes,573,France,Male,52,8,0.0,2,0,1,178229.04,0,0.11534980730061205,Low
8960,15627195,Parrott,568,Germany,Male,26,1,112930.28,2,1,0,22095.73,0,0.08330627140863901,Low
8961,15657957,Hughes,602,Germany,Female,26,8,113674.2,1,1,0,197861.16,1,0.3234738058367725,Low
8962,15676117,Zinachukwudi,603,France,Male,44,9,0.0,1,1,0,138328.24,0,0.46018620224863077,Medium
8963,15607874,Keane,687,France,Male,38,0,144450.58,1,0,1,137276.83,0,0.07107263240954595,Low
8964,15796993,McCollum,741,France,Male,52,1,171236.3,2,0,0,21834.4,1,0.5104535571438631,Medium
8965,15649858,Simpson,469,Spain,Male,37,9,96776.49,1,1,1,119890.86,0,0.06539552207971772,Low
8966,15811032,Gambrell,477,Germany,Female,58,8,145984.92,1,1,1,24564.7,0,0.3957180159102195,Low
8967,15679963,Moretti,737,Germany,Male,43,8,96353.8,1,0,0,10209.8,0,0.47484942834995064,Medium
8968,15579131,Ricci,835,France,Male,25,7,0.0,2,1,1,83449.65,0,0.008783642754166205,Low
8969,15572428,Rieke,717,Germany,Female,33,0,115777.23,1,1,1,81508.1,0,0.17471312286304713,Low
8970,15622461,Ndubuagha,562,France,Female,51,7,122822.0,2,0,0,32626.21,0,0.5100970319316164,Medium
8971,15636105,Chung,758,Spain,Male,61,2,0.0,2,1,1,43982.41,0,0.052990578787947724,Low
8972,15583849,Ts'ai,408,France,Male,40,3,0.0,2,0,0,124874.23,0,0.17351817486035695,Low
8973,15718780,Cox,650,Spain,Female,32,4,79450.09,1,1,1,118324.75,0,0.093545084638163,Low
8974,15739271,Lei,582,Germany,Male,33,2,122394.0,1,1,1,22113.93,0,0.17094133069003323,Low
8975,15697129,Ulyanova,706,Spain,Female,43,1,0.0,2,1,0,31962.77,0,0.09026717778680064,Low
8976,15763415,Gray,567,Germany,Male,41,0,134378.89,1,1,1,105746.94,0,0.3015152834366777,Low
8977,15796617,McGregor,720,France,Male,29,2,0.0,2,1,0,39925.52,0,0.015654287532626755,Low
8978,15626628,Tretiakova,631,Spain,Female,31,2,88161.85,2,1,0,127630.88,0,0.06730236528068788,Low
8979,15765857,Genovesi,623,Spain,Male,41,2,142412.13,1,1,0,28778.98,0,0.20658505441374955,Low
8980,15742511,Gordon,514,France,Male,35,3,121030.9,1,1,0,10008.68,0,0.11505580499482229,Low
8981,15786433,Aitken,650,Germany,Female,35,3,165982.43,2,1,1,24482.16,0,0.06469959218329809,Low
8982,15685805,Ginikanwa,673,Spain,Female,35,6,0.0,2,1,0,98618.79,0,0.033929469964698825,Low
8983,15627971,Coates,504,France,Female,32,8,206663.75,1,0,0,16281.94,0,0.44548996486446074,Low
8984,15783025,Piazza,723,Germany,Male,37,3,94661.53,2,1,0,121239.65,0,0.09170136414292132,Low
8985,15726289,Cawood,645,France,Male,25,0,174400.36,1,1,0,42669.37,0,0.10569462536157938,Low
8986,15802118,Ignatieff,664,Spain,Male,41,7,123428.69,1,1,1,164924.11,0,0.09406935560621991,Low
8987,15607990,Gallo,760,Spain,Male,43,6,175735.5,1,1,1,157337.29,0,0.2192969407792002,Low
8988,15695932,Yelverton,766,Spain,Male,36,5,78381.13,1,0,1,153831.6,0,0.0793086416193895,Low
8989,15812279,William,634,France,Male,37,5,115345.86,2,0,0,168781.8,0,0.06952655619075715,Low
8990,15687558,Mault,640,Germany,Female,31,10,118613.34,1,1,0,168469.65,0,0.3114775054679254,Low
8991,15729065,Mackay,784,Germany,Male,28,2,109960.06,2,1,1,170829.87,0,0.046322346186390743,Low
8992,15698902,McIntyre,547,Germany,Female,42,1,142703.4,1,1,0,86207.49,1,0.5110734689594693,Medium
8993,15570192,Henry,608,Germany,Female,40,8,121729.42,1,0,0,61164.45,0,0.49205609615165674,Medium
8994,15809265,Kao,547,France,Female,35,4,0.0,1,1,1,133287.73,0,0.1532080472474967,Low
8995,15745201,Frewin,612,France,Female,43,4,139496.35,2,1,1,77128.23,0,0.1370848474540815,Low
8996,15580623,Yefremova,573,Spain,Male,28,8,0.0,2,0,0,77660.03,0,0.015393855112990766,Low
8997,15578156,Anenechukwu,615,Spain,Male,32,5,138521.83,1,1,1,56897.1,0,0.05230438895943414,Low
8998,15631063,Trentino,710,France,Female,33,2,0.0,2,1,0,72945.32,0,0.029666989339189796,Low
8999,15692577,Tomlinson,674,Germany,Female,38,10,83727.68,1,1,0,45418.12,0,0.27535474943525523,Low
9000,15810910,Royston,702,Spain,Female,38,9,0.0,2,1,1,158527.45,0,0.03535521703979118,Low
9001,15723217,Cremonesi,616,France,Male,37,9,0.0,1,1,0,111312.96,0,0.20845687137018665,Low
9002,15733111,Yeh,688,Spain,Male,32,6,124179.3,1,1,1,138759.15,0,0.04322749023740154,Low
9003,15610727,Ch'in,605,France,Male,36,7,128829.25,1,1,0,190588.59,0,0.1059867706907418,Low
9004,15792720,Martinez,676,France,Male,33,6,171490.78,1,0,0,79099.64,0,0.14324470438215942,Low
9005,15723153,Wearing,708,Spain,Male,33,3,0.0,2,1,0,138613.21,0,0.01935778380771088,Low
9006,15802823,Maclean,745,Spain,Female,38,7,0.0,2,1,1,194230.82,0,0.034211420660144605,Low
9007,15756118,T'ao,661,Spain,Male,20,8,0.0,1,1,0,110252.53,0,0.11852877404306818,Low
9008,15684934,Rose,726,France,Male,31,9,0.0,2,1,1,106117.3,0,0.009813213937787515,Low
9009,15776936,Whitworth,475,France,Male,40,7,160818.08,1,0,1,169642.13,1,0.13501702052525266,Low
9010,15729087,Suttor,751,Germany,Male,54,9,156367.6,2,0,1,116179.92,0,0.23416526507391455,Low
9011,15786463,Hsing,645,Germany,Female,59,8,121669.93,2,0,0,91.75,1,0.881810444620759,High
9012,15717498,Boni,775,France,Male,42,6,133970.22,2,0,1,187839.9,0,0.08013496475559563,Low
9013,15718406,Marshall,540,France,Male,41,3,0.0,2,1,0,121098.65,0,0.044654072895427374,Low
9014,15799468,Catchpole,591,France,Female,34,3,96127.27,1,0,0,30972.06,0,0.11391969607757857,Low
9015,15626383,Tang,596,Spain,Male,60,7,121907.97,1,0,1,30314.04,0,0.16760605359202072,Low
9016,15597385,Siddons,573,Spain,Male,41,5,0.0,2,0,1,14479.29,0,0.02793119205420068,Low
9017,15570271,Wan,577,Spain,Male,31,6,0.0,1,1,1,196395.25,0,0.12647983404863053,Low
9018,15690330,Efimov,830,Germany,Female,40,8,77701.64,1,0,1,19512.38,0,0.2640660027502111,Low
9019,15680611,Rose,663,France,Male,67,9,0.0,3,1,1,72318.77,0,0.34647683006782065,Low
9020,15810227,Fanucci,421,France,Male,34,2,0.0,2,1,1,96615.23,0,0.018003505657821425,Low
9021,15807194,Iweobiegbulam,718,Spain,Male,34,5,113922.44,2,1,0,30772.22,0,0.046967529990989465,Low
9022,15712199,Ijendu,655,Germany,Female,61,2,183997.7,2,1,1,161217.18,0,0.10076781324395981,Low
9023,15694995,O'Sullivan,712,France,Male,23,2,0.0,2,0,1,66795.78,0,0.010463652622553157,Low
9024,15723400,Hutchinson,663,France,Male,28,4,0.0,2,1,1,123969.64,0,0.010848029210922608,Low
9025,15654772,Kwemto,640,France,Female,47,6,89799.46,2,0,1,13783.77,1,0.19396398018909577,Low
9026,15574743,Chiu,577,Spain,Male,29,2,0.0,1,1,1,168924.41,0,0.09820764848161655,Low
9027,15807593,Berry,546,Spain,Female,36,7,85660.96,1,0,0,134778.01,0,0.17874054713426593,Low
9028,15686718,Hung,802,Germany,Male,37,9,115569.21,1,0,1,119782.89,0,0.18507058778992333,Low
9029,15695299,Mordvinova,590,France,Female,45,2,81828.22,1,1,0,52167.97,0,0.48208701782242547,Medium
9030,15722701,Bruno,594,Germany,Male,18,1,132694.73,1,1,0,167689.56,0,0.15337022556358368,Low
9031,15799635,Arbour,577,Spain,Male,51,2,108867.0,1,0,0,140800.66,1,0.657294685012381,Medium
9032,15742323,Barese,541,France,Male,39,7,0.0,2,1,0,19823.02,0,0.028816857670633897,Low
9033,15658435,Hingston,781,France,Female,27,5,0.0,2,0,0,72969.9,0,0.026447541633964112,Low
9034,15586029,Davis,806,Germany,Male,34,2,96152.68,2,1,0,143711.02,0,0.0545544654495823,Low
9035,15772337,Lawrence,723,Germany,Female,49,0,153855.52,1,1,1,180862.26,1,0.5152786446150351,Medium
9036,15807555,Chung,535,France,Male,45,2,0.0,2,1,0,125658.28,0,0.10125655656750793,Low
9037,15603378,Padovano,768,France,Female,36,3,141334.95,1,0,1,125870.5,0,0.08942018911519846,Low
9038,15792862,Blinova,653,Germany,Male,41,1,104584.11,1,1,0,15126.32,1,0.4848361015025064,Medium
9039,15657349,Carter,803,Germany,Female,50,8,98173.02,1,0,0,22457.25,1,0.903797629346293,High
9040,15777614,Webb,545,Spain,Female,44,1,0.0,2,1,1,82614.89,0,0.07723774876724901,Low
9041,15653952,T'an,581,Germany,Female,38,3,135157.05,1,1,1,32919.42,0,0.2681640218662951,Low
9042,15724336,Yates,513,Germany,Female,49,5,171601.27,1,1,0,126223.84,0,0.6972610367939198,Medium
9043,15689594,Su,731,France,Male,29,5,179539.2,1,0,0,112010.02,0,0.1996442794817262,Low
9044,15801920,Christian,727,Germany,Male,39,5,80615.46,2,0,0,180962.32,0,0.08999398946353518,Low
9045,15653347,Chiu,560,Spain,Male,47,1,0.0,1,0,0,128882.66,1,0.6779509272477141,Medium
9046,15749951,Sacco,766,Germany,Male,27,5,126285.73,1,1,0,177614.17,1,0.24416436530950744,Low
9047,15648178,Lettiere,630,Germany,Female,23,4,137964.51,1,0,1,174570.55,0,0.19067708617261778,Low
9048,15738662,Daluchi,652,Germany,Male,41,9,159434.03,1,1,0,178373.93,0,0.3288855883664603,Low
9049,15640855,T'ien,729,Germany,Male,40,5,113574.61,2,1,0,103396.08,0,0.158210960198117,Low
9050,15584288,Hung,629,France,Female,33,6,0.0,2,1,1,59129.72,0,0.017371376051113562,Low
9051,15760988,Liu,667,Germany,Male,33,9,124573.33,2,0,0,683.37,0,0.08261150736367813,Low
9052,15569624,Feng,671,Germany,Female,31,6,105864.6,2,1,0,145567.34,0,0.1130489494611398,Low
9053,15597949,Gilbert,768,Germany,Female,47,5,104552.61,1,1,0,48137.08,1,0.8057716626599873,High
9054,15604551,Robb,732,France,Female,35,3,0.0,2,1,0,90876.95,0,0.0349161552378937,Low
9055,15617476,Manfrin,546,France,Female,30,5,0.0,2,0,1,198543.09,0,0.03543671727472162,Low
9056,15645323,Chinwenma,630,France,Male,55,2,0.0,1,1,1,106202.07,1,0.3647975755493098,Low
9057,15793311,Smith,765,Germany,Female,46,8,119492.88,2,0,1,166896.01,1,0.3564050674328018,Low
9058,15764153,Rowe,704,France,Female,33,0,130499.09,2,1,1,74804.36,0,0.04738288694168871,Low
9059,15802560,Moran,470,Spain,Female,48,6,140576.11,1,1,1,116971.05,0,0.28653271835686916,Low
9060,15728608,Walker,688,Germany,Female,34,9,91025.58,2,0,1,163783.0,0,0.07897082719103049,Low
9061,15770474,Myers,685,France,Female,33,1,0.0,3,0,1,70221.13,1,0.37427042998881294,Low
9062,15724444,Wall,567,France,Female,38,1,125877.65,2,1,1,107841.77,0,0.07620035793810684,Low
9063,15753110,McKay,720,Spain,Male,64,3,45752.78,2,1,0,79623.28,1,0.4957606278554377,Medium
9064,15711521,Egobudike,609,France,Male,39,3,121778.71,1,1,1,138399.67,0,0.08925860426844776,Low
9065,15632816,Williams,521,Germany,Female,49,2,127948.57,1,1,1,182765.14,0,0.633457039892457,Medium
9066,15693637,Ochoa,556,France,Female,30,7,0.0,2,1,1,186648.19,0,0.02550212099649662,Low
9067,15725509,Otutodilinna,662,Germany,Male,30,5,115286.68,2,1,1,149587.92,0,0.04359572728018462,Low
9068,15684645,Ajuluchukwu,704,Germany,Male,41,9,62078.21,2,1,0,129050.67,0,0.07176784569796464,Low
9069,15692235,Bellucci,750,France,Female,38,1,0.0,2,1,0,47764.99,0,0.04486196694882771,Low
9070,15777459,Gordon,619,Spain,Female,32,4,175406.13,2,1,1,172792.43,1,0.12246065889561643,Low
9071,15656937,Johnston,468,Spain,Male,26,1,131643.25,1,1,0,64436.16,0,0.09167769781126646,Low
9072,15610643,De Luca,435,Germany,Male,44,3,151739.65,1,1,0,167461.5,0,0.46835402844691043,Medium
9073,15777315,Hill,529,France,Male,43,6,93616.35,2,0,0,98348.66,0,0.13049804916159938,Low
9074,15611058,Eluemuno,702,Germany,Female,60,5,138597.54,2,1,1,41536.59,1,0.2501613774968521,Low
9075,15630413,Howarth,608,France,Female,41,5,0.0,2,1,1,72462.25,0,0.039765953276798056,Low
9076,15635942,Thomson,576,France,Male,40,9,0.0,2,1,0,112465.19,1,0.04090501201769114,Low
9077,15648858,King,666,France,Female,27,1,85225.21,1,0,1,64511.44,0,0.07633007854848997,Low
9078,15810732,Grant,730,France,Female,36,8,148749.29,2,1,0,91830.75,0,0.08321658131190993,Low
9079,15705448,Gilbert,647,Germany,Male,52,7,130013.12,1,1,1,190806.36,1,0.5098712812724284,Medium
9080,15730488,Richmond,516,Spain,Female,27,1,0.0,1,0,1,112311.15,0,0.14564905865393332,Low
9081,15620443,Fiorentino,711,France,Female,81,6,0.0,2,1,1,72276.24,0,0.007870245755209811,Low
9082,15741078,Greece,736,France,Male,54,7,111729.47,2,0,1,84920.49,0,0.14962851572128405,Low
9083,15753161,Dickson,768,France,Female,36,5,180169.44,2,1,0,17348.56,0,0.20131193654732848,Low
9084,15711396,Henderson,427,Spain,Male,40,8,0.0,2,1,1,82870.75,0,0.038990784130539614,Low
9085,15593499,Stevens,686,Spain,Female,47,6,0.0,1,1,0,32080.69,1,0.7288680752270819,Medium
9086,15579189,Mitchell,690,France,Female,42,5,0.0,2,0,1,120512.08,0,0.05558258171500038,Low
9087,15743545,Nworie,647,Spain,Female,29,2,0.0,2,1,0,179032.68,0,0.03583409939488601,Low
9088,15791316,Boni,714,France,Male,35,3,0.0,2,1,1,95623.28,0,0.012572029758463846,Low
9089,15608246,Wentcher,736,Germany,Female,36,8,103914.17,1,1,1,110035.88,1,0.20095433611564356,Low
9090,15676526,Bentley,608,France,Female,34,4,88772.87,1,1,1,168822.01,0,0.10712403948977706,Low
9091,15813911,Hayes-Williams,809,France,Female,39,5,0.0,1,1,0,77705.75,0,0.3259716952264564,Low
9092,15630195,Johnstone,745,France,Female,40,6,131184.67,1,1,1,49815.62,0,0.14845831944561716,Low
9093,15736250,Johnstone,781,France,Male,38,2,117810.79,1,0,1,65632.33,1,0.08067919985535793,Low
9094,15671334,Nixon,527,France,Male,31,4,0.0,1,1,0,169361.89,0,0.19549158964353716,Low
9095,15574169,Trevisano,595,Germany,Female,32,0,92466.21,1,1,0,4721.3,0,0.2783317431920814,Low
9096,15718839,Tsui,850,Germany,Female,38,2,102741.15,2,0,1,23974.85,0,0.11882321973659289,Low
9097,15762331,Moss,569,France,Male,37,9,178755.84,1,1,0,199929.17,0,0.2096809767503894,Low
9098,15606901,Graham,728,France,Male,43,7,0.0,2,1,0,40023.7,0,0.05614211104069757,Low
9099,15713559,Onyemauchechukwu,473,Germany,Female,32,5,146602.25,2,1,1,72946.95,0,0.06716078298996478,Low
9100,15768881,Saunders,738,France,Male,29,2,0.0,2,1,1,170421.13,0,0.011742949366841504,Low
9101,15743075,Ko,659,France,Male,35,6,0.0,2,1,1,58879.11,0,0.011398533894857553,Low
9102,15660980,Cairns,597,Spain,Male,38,6,115702.67,2,1,1,25059.05,0,0.04439719371243215,Low
9103,15810942,Chiemela,445,Germany,Female,61,2,137655.31,1,0,1,29909.84,0,0.47699993316540074,Medium
9104,15728362,Robertson,671,France,Female,29,3,0.0,2,1,0,158043.11,0,0.035161810216047244,Low
9105,15683339,P'eng,656,Spain,Female,34,6,59877.33,1,1,0,14032.62,1,0.19598814456584424,Low
9106,15685476,Tseng,658,France,Male,31,5,100082.14,1,0,1,49809.88,0,0.043534356181477336,Low
9107,15663650,Russell,698,Germany,Male,52,10,107304.39,3,1,0,28806.32,1,0.9870052510228364,High
9108,15617434,Yen,655,Spain,Male,38,9,0.0,1,0,1,90490.33,0,0.13749801341000462,Low
9109,15622470,Yeh,772,Spain,Male,41,10,96032.22,1,1,1,75825.57,0,0.09133909153132218,Low
9110,15703682,Kalinina,681,Spain,Male,33,10,0.0,1,0,0,158336.36,0,0.1497890452257731,Low
9111,15727391,Collier,688,Germany,Male,29,9,144553.5,2,1,0,143454.95,0,0.06007571519727884,Low
9112,15711062,Thomas,633,Germany,Male,40,5,86172.81,2,1,1,117279.49,0,0.07922087020709809,Low
9113,15567339,Shaw,735,France,Male,73,9,0.0,1,1,1,114283.33,0,0.037849256149218156,Low
9114,15760662,Francis,521,Germany,Female,29,2,87212.8,1,1,1,994.86,0,0.14171217799985283,Low
9115,15605737,George,541,France,Male,36,5,0.0,2,1,0,124795.84,0,0.021531490694975473,Low
9116,15692977,Ikenna,612,Germany,Female,36,2,130700.92,2,0,0,77592.8,0,0.12157226413867127,Low
9117,15672082,Schatz,562,France,Male,62,3,0.0,2,1,0,105986.01,0,0.52684382950242,Medium
9118,15600280,Tao,703,France,Female,32,6,0.0,2,0,0,33606.52,0,0.023369087732909345,Low
9119,15804052,Scott,710,Spain,Male,23,6,0.0,2,1,1,134188.11,0,0.010414203498896562,Low
9120,15576065,Sims,731,Spain,Female,40,5,171325.98,1,1,1,159718.27,1,0.2209859265261391,Low
9121,15796838,Chibugo,703,Spain,Male,58,4,92930.92,1,0,1,85148.78,0,0.2194793565390168,Low
9122,15693526,Ku,618,France,Female,40,0,0.0,1,1,0,119059.13,0,0.40258185650066464,Low
9123,15748595,Stanton,689,France,Female,29,1,77556.79,2,1,1,122998.26,0,0.03155087557089049,Low
9124,15679029,Kung,718,France,Male,33,7,102874.28,1,0,0,117841.06,0,0.07434906727738365,Low
9125,15753639,Gibson,608,France,Male,37,5,146093.39,2,0,0,160593.41,0,0.06437289158604961,Low
9126,15604138,Iheanacho,749,Spain,Male,34,2,0.0,1,0,0,174189.04,1,0.21653978872837545,Low
9127,15666095,Costa,753,Spain,Male,51,4,79811.72,2,0,1,68260.27,1,0.15894555368690616,Low
9128,15643487,Sal,630,Spain,Male,39,10,105473.74,1,0,0,58854.88,1,0.14254620980958108,Low
9129,15764033,Lin,693,Germany,Female,43,1,121927.92,1,1,0,87994.95,1,0.6154663167719294,Medium
9130,15747288,Ferri,838,Spain,Female,40,6,61671.19,1,0,1,150659.35,1,0.2443069661379204,Low
9131,15790599,Yin,756,Germany,Female,39,5,149363.12,2,1,1,109098.39,0,0.09668006793090692,Low
9132,15737705,Avdeyeva,775,France,Female,27,4,152309.37,1,1,0,104112.0,0,0.11304761886655756,Low
9133,15737194,Tu,635,France,Female,33,5,0.0,2,1,0,122949.71,0,0.030473893553789166,Low
9134,15726776,Donnelly,705,Spain,Male,36,1,111629.29,1,1,1,21807.16,0,0.06193267554431357,Low
9135,15804357,Loggia,481,France,Male,40,3,0.0,1,1,1,32319.93,0,0.20171522384912435,Low
9136,15664432,Chao,727,Spain,Female,49,7,96296.78,1,1,0,190457.87,1,0.6985676829567837,Medium
9137,15688984,Belonwu,595,France,Male,20,4,95830.43,1,1,0,177738.98,0,0.079103469572959,Low
9138,15583026,Welch,535,France,Female,38,0,135919.33,1,1,0,80425.65,0,0.17616099495393273,Low
9139,15771668,Henderson,578,France,Male,59,10,185966.64,1,0,0,9445.42,1,0.8878218061202974,High
9140,15779904,Yobanna,597,France,Female,29,5,0.0,2,1,1,174825.57,0,0.027119834805089556,Low
9141,15784323,Gallo,449,France,Female,21,7,0.0,2,0,0,175743.92,0,0.04453291578650874,Low
9142,15756277,Wilson,850,Germany,Female,43,8,92244.83,2,1,0,54949.73,0,0.21690852484702342,Low
9143,15663312,Marino,494,France,Female,35,9,112727.06,2,1,0,183752.91,0,0.10785770667210909,Low
9144,15793197,Bailey,676,France,Female,34,8,100359.54,1,0,0,46038.28,0,0.11655763198009585,Low
9145,15731463,Gboliwe,818,Germany,Male,43,10,105301.5,1,1,1,78941.59,0,0.3068199815932665,Low
9146,15621768,Chukwuhaenye,712,Spain,Male,45,6,112994.65,1,0,0,198398.68,0,0.4030927539758538,Low
9147,15691323,Bianchi,672,Germany,Male,40,4,89025.88,2,1,0,188892.19,0,0.12658456029090145,Low
9148,15781326,Ford,636,France,Male,35,9,95478.17,1,0,0,169286.74,0,0.10650010454576272,Low
9149,15595640,Rizzo,698,France,Male,37,8,0.0,2,0,0,145004.39,0,0.024460763839727822,Low
9150,15814331,Lung,597,Germany,Female,43,7,119127.46,2,1,0,55809.92,0,0.29104894418476573,Low
9151,15602030,Ramirez,717,France,Male,28,4,128206.79,1,1,1,54272.12,0,0.046370218162182154,Low
9152,15747974,Sabbatini,614,France,Male,49,1,0.0,2,1,0,192440.54,0,0.25250106236608827,Low
9153,15611315,Ts'ao,708,Germany,Female,23,4,71433.08,1,1,0,103697.57,0,0.15230223721291586,Low
9154,15636977,Trevisan,507,Germany,Male,36,9,118214.32,3,1,0,119110.03,1,0.8922662278074419,High
9155,15690337,Chinwenma,581,France,Female,27,5,102258.11,2,1,0,194681.6,0,0.06813013415849281,Low
9156,15680666,Berry,579,Spain,Female,39,2,151963.26,2,1,0,158948.63,0,0.12360508561130858,Low
9157,15679551,Colombo,504,Spain,Female,46,2,163764.84,1,1,1,165122.55,1,0.36201496265943844,Low
9158,15778915,Harris,737,France,Female,32,7,128551.36,2,0,1,189402.71,0,0.05280690596600397,Low
9159,15568849,Bryan,540,Spain,Female,31,10,118158.74,1,1,1,158027.57,0,0.0892456715494577,Low
9160,15747762,Chigozie,609,France,Male,32,7,118520.41,1,0,0,3815.48,0,0.07773960093235899,Low
9161,15753679,Mullawirraburka,778,France,Male,24,4,0.0,2,1,1,162809.2,0,0.010959579595459637,Low
9162,15750049,Steele,621,France,Male,40,10,163823.37,1,0,0,89519.47,0,0.2142407448304041,Low
9163,15606097,Zakharov,665,Germany,Male,63,7,104469.58,1,1,1,25165.36,1,0.36915781225956606,Low
9164,15802368,Ch'eng,608,France,Female,47,6,0.0,1,1,1,126012.57,0,0.4691848562887922,Medium
9165,15767488,Berry,680,Spain,Male,36,7,0.0,2,1,0,20109.21,0,0.01955966807383049,Low
9166,15669946,Jen,663,Germany,Female,46,2,141726.88,1,1,1,58257.23,0,0.5323289413118731,Medium
9167,15612103,Wang,627,Germany,Female,35,2,137852.96,1,1,1,172269.21,1,0.21478789754632518,Low
9168,15645353,Chubb,607,France,Male,26,1,0.0,1,1,0,29818.2,0,0.11859268576916185,Low
9169,15650018,Chen,681,France,Female,43,8,154100.3,1,0,0,114659.81,0,0.30933521400915776,Low
9170,15659002,Mazzanti,766,France,Female,45,6,0.0,2,0,0,147184.74,0,0.1649114603612644,Low
9171,15616028,T'ao,694,France,Male,30,2,0.0,3,0,1,15039.41,0,0.26342941915966445,Low
9172,15660475,Ndubueze,411,France,Female,54,9,0.0,1,0,1,76621.49,0,0.39811747493902744,Low
9173,15652615,Ferri,742,France,Male,39,8,140004.96,1,1,1,92985.78,0,0.07630773505369093,Low
9174,15653572,Thornton,673,Spain,Male,43,8,127132.96,1,0,1,6009.27,1,0.1388511129701958,Low
9175,15628059,DeRose,529,France,Male,61,1,0.0,2,1,1,191370.97,0,0.08854613815784397,Low
9176,15703413,Montes,519,France,Female,38,7,125328.56,1,1,0,188225.67,0,0.2518826453859826,Low
9177,15610433,Kwemto,573,France,Male,35,9,0.0,2,1,0,11743.89,0,0.01642021702639043,Low
9178,15770548,Lucchese,453,Germany,Female,28,3,139986.65,1,1,0,136846.75,0,0.24063634446037527,Low
9179,15645637,Huggins,798,Germany,Female,39,6,119787.76,1,1,1,164248.33,0,0.3052307690988466,Low
9180,15590888,Wade,693,Spain,Female,34,10,107556.06,2,0,0,154631.35,0,0.09415387177356657,Low
9181,15568326,Kenenna,637,France,Female,44,2,0.0,2,1,0,149665.65,0,0.13040476830056077,Low
9182,15655368,Wheeler,672,France,Male,47,1,0.0,1,0,0,91574.92,0,0.6108666626331858,Medium
9183,15665579,Cartwright,597,France,Female,28,0,142705.95,1,1,0,127233.39,0,0.11130623166080764,Low
9184,15676091,Iloerika,543,France,Male,42,7,0.0,1,1,1,56650.47,0,0.21352078637311378,Low
9185,15716984,Palermo,695,Spain,Female,56,4,0.0,2,1,0,84644.76,0,0.5394477821007543,Medium
9186,15715078,Nkemakolam,584,France,Male,35,6,161613.94,2,1,1,148238.16,0,0.03627582848664151,Low
9187,15569452,Butler,652,Germany,Female,58,3,116353.2,2,0,1,193502.9,0,0.35223472637767633,Low
9188,15628863,Calabresi,601,France,Male,38,4,60013.81,1,1,1,38020.05,0,0.10636934717589251,Low
9189,15778192,Nkemdilim,628,Spain,Male,28,4,0.0,2,1,1,176750.81,0,0.013524032845645571,Low
9190,15793723,Ch'iu,607,Germany,Male,32,9,144272.07,2,1,0,176580.63,0,0.06416680133783455,Low
9191,15798943,Alexander,646,France,Female,46,8,0.0,2,1,0,133059.15,0,0.16752808522054896,Low
9192,15764708,Chiabuotu,572,France,Male,30,6,117696.67,1,1,0,100843.82,0,0.07577977505760009,Low
9193,15791040,Vasilyeva,801,Spain,Male,58,1,79954.61,2,1,1,30484.19,0,0.12111958059350648,Low
9194,15631512,Schneider,597,France,Female,26,8,149989.39,1,1,0,42330.58,0,0.11569565042320673,Low
9195,15640106,Mason,613,France,Male,40,7,124339.9,1,0,0,193309.58,0,0.2081562057246792,Low
9196,15710315,Chukwukadibia,529,Germany,Male,29,4,135759.4,1,0,0,112813.79,1,0.2241809559055461,Low
9197,15771535,Tsui,794,Spain,Female,37,9,0.0,2,1,0,68008.85,0,0.04010122064697614,Low
9198,15611947,Banks,557,France,Male,34,3,83074.0,1,1,0,132673.22,0,0.1007042228643055,Low
9199,15670266,Shih,499,France,Female,28,4,141792.61,1,1,1,22001.91,0,0.08038660810217169,Low
9200,15609083,Tretiakova,544,France,Female,26,6,0.0,1,1,0,100200.4,1,0.19142101858577895,Low
9201,15567923,Barese,739,France,Female,30,6,0.0,1,0,0,122604.44,0,0.20324161861934778,Low
9202,15788183,Longo,458,Germany,Female,43,1,106870.12,2,1,0,100564.37,0,0.27721855634482845,Low
9203,15735782,MacDonald,528,France,Male,31,9,120962.59,1,1,0,5419.31,0,0.08544820604991686,Low
9204,15774401,Chambers,773,Spain,Male,51,4,0.0,2,0,0,123587.83,1,0.25165612036944307,Low
9205,15737971,Cowen,646,France,Female,30,5,0.0,2,1,0,13935.32,0,0.024226088871061636,Low
9206,15758750,Iweobiegbunam,564,France,Male,31,0,110527.17,1,1,1,87060.77,0,0.03780727613430498,Low
9207,15611767,Mai,624,Germany,Female,52,0,133723.43,1,0,0,4859.59,1,0.9087567736313668,High
9208,15643770,Yu,682,France,Female,52,5,112670.48,1,1,0,21085.17,1,0.72974023952495,Medium
9209,15744717,Duffy,726,France,Female,44,2,0.0,2,1,1,26733.86,0,0.0654238351361019,Low
9210,15570681,Chiang,560,France,Male,24,1,116084.32,1,1,0,89734.7,0,0.08067556382950518,Low
9211,15792650,Watts,382,Spain,Male,36,0,0.0,1,1,1,179540.73,1,0.42139783838723976,Low
9212,15605531,Daly,457,Spain,Female,38,6,0.0,2,1,0,173219.09,0,0.07119134718308977,Low
9213,15605339,Baker,673,France,Female,37,10,0.0,2,1,1,37411.35,0,0.022415253921585932,Low
9214,15672216,Uvarov,584,France,Female,40,4,82441.75,1,0,0,80852.11,0,0.2715984942980851,Low
9215,15812893,Costa,629,France,Female,39,10,0.0,2,1,1,43174.49,1,0.03714144368183929,Low
9216,15624180,Genovesi,584,Germany,Female,37,10,134171.8,4,1,1,70927.11,1,0.9560396258960193,High
9217,15701364,Doherty,724,France,Male,30,10,0.0,2,1,1,54265.55,0,0.00841820240672798,Low
9218,15762588,Kaleski,644,France,Male,31,5,0.0,2,1,1,41872.17,0,0.009737415546214042,Low
9219,15806318,Wright,676,Germany,Female,48,2,124442.38,1,1,0,15068.53,1,0.8531549349059174,High
9220,15712596,Huang,499,France,Male,31,4,0.0,1,1,0,25950.49,0,0.1318866551805374,Low
9221,15600399,Trentino,598,France,Male,60,4,0.0,1,1,0,197727.14,1,0.9395091034520617,High
9222,15576216,Chienezie,655,Germany,Female,37,4,108862.76,1,1,0,79555.08,1,0.3454455318899994,Low
9223,15620750,Sugden,559,France,Male,28,3,141099.43,1,1,1,15607.27,0,0.0547516633633282,Low
9224,15623489,Tu,543,France,Female,67,0,128843.67,1,1,1,134612.48,0,0.10849461157139961,Low
9225,15667944,Onuchukwu,679,France,Male,39,0,86843.61,1,0,1,159830.58,0,0.10026238021868202,Low
9226,15584928,Ugochukwutubelum,594,Germany,Female,32,4,120074.97,2,1,1,162961.79,0,0.08952260593112217,Low
9227,15779913,Davidson,586,France,Male,27,5,130231.8,2,1,1,192427.16,0,0.025120975801830276,Low
9228,15644977,Goddard,776,France,Female,31,5,0.0,2,1,0,92647.94,0,0.02952347152544749,Low
9229,15749679,Beck,699,France,Male,39,2,109724.38,1,1,1,180022.39,0,0.09255390708638042,Low
9230,15629010,Beam,847,Germany,Female,35,5,111743.43,1,1,1,183584.14,0,0.20948484049479824,Low
9231,15768465,Sheppard,582,Germany,Male,35,8,121309.17,2,1,1,28750.67,0,0.06309096379529089,Low
9232,15767781,Godfrey,648,France,Male,38,10,82697.28,1,1,0,74846.67,0,0.13576536019368032,Low
9233,15635364,Gray,618,France,Female,49,9,44301.43,3,1,1,89729.3,1,0.9327693037790136,High
9234,15722004,Hsiung,543,France,Female,31,4,138317.94,1,0,0,61843.73,0,0.12609952581059872,Low
9235,15766044,Cameron,642,Germany,Male,49,4,120688.61,1,1,0,24770.22,1,0.8243144364924043,High
9236,15586680,Fleming,462,France,Male,27,4,176913.52,1,1,0,80587.27,0,0.16652006808662873,Low
9237,15635388,Austin,640,Spain,Male,47,6,89047.14,1,1,0,116286.25,0,0.490654691108533,Medium
9238,15655175,Wallace,740,Germany,Male,40,4,114318.78,2,1,0,129333.69,1,0.1627329945458263,Low
9239,15639133,Ku,773,France,Female,50,4,0.0,2,1,0,129372.94,0,0.31553239475270334,Low
9240,15799653,Fiorentino,583,Germany,Female,32,7,94753.55,2,1,1,18149.03,0,0.05981338582205202,Low
9241,15723872,Buccho,589,Spain,Female,46,10,0.0,2,0,1,168369.37,0,0.13751117424453685,Low
9242,15775627,Gordon,509,France,Male,35,8,0.0,2,0,1,67431.28,0,0.012858134915864232,Low
9243,15630704,Haworth,612,Germany,Male,32,9,106520.73,2,1,0,177092.16,0,0.08211639919714826,Low
9244,15815534,Guidry,505,Spain,Male,37,0,134006.39,1,1,1,93736.69,0,0.06380803388657566,Low
9245,15697249,Lettiere,546,Germany,Female,25,3,132837.7,1,1,0,131647.31,0,0.2442560569800873,Low
9246,15681316,Tai,681,France,Female,41,0,120549.29,2,1,0,175722.31,0,0.16423493349656462,Low
9247,15682523,Chigozie,762,France,Male,20,1,139432.55,1,1,1,85606.83,0,0.0314253944102048,Low
9248,15650244,Bezrukov,786,Spain,Male,29,7,80895.44,2,1,0,64945.57,0,0.034523243513743286,Low
9249,15648638,Chia,629,Spain,Male,34,6,0.0,2,1,0,190347.72,0,0.022313267656651488,Low
9250,15795747,Sheppard,787,Spain,Female,39,7,171646.76,1,0,1,100791.36,0,0.16255410008217153,Low
9251,15607330,Vasilyev,713,Spain,Male,42,0,109121.71,1,0,1,167873.49,0,0.12221564818693498,Low
9252,15624013,Maxwell,541,France,Female,39,6,109844.81,1,1,0,25289.23,0,0.21514080380421324,Low
9253,15800805,Maher,451,France,Female,31,7,140931.82,1,0,1,20388.77,0,0.0732311177453176,Low
9254,15667321,Cocci,644,Spain,Male,49,10,0.0,2,1,1,145089.64,0,0.06317821887562604,Low
9255,15601116,P'an,686,France,Male,32,6,0.0,2,1,1,179093.26,0,0.01310453049777177,Low
9256,15622033,Rapuluchukwu,847,Germany,Female,41,3,101543.51,4,1,0,16025.17,1,0.9508530712480967,High
9257,15758451,Azuka,765,Germany,Male,37,7,102708.77,1,1,0,9087.81,0,0.29925363202534166,Low
9258,15688689,Esposito,678,Germany,Female,37,8,149000.91,2,1,1,21472.42,0,0.09337545850333853,Low
9259,15652674,Hou,539,France,Male,20,0,83459.86,1,1,1,146752.67,0,0.04057782452365812,Low
9260,15806327,Cyril,800,France,Female,40,3,75893.11,2,1,0,132562.23,0,0.10949722789401724,Low
9261,15649618,Tomlinson,799,Germany,Female,39,7,167395.6,2,0,1,139537.43,0,0.09677837471845965,Low
9262,15677117,Crawford,629,France,Female,61,6,0.0,2,1,1,133672.61,0,0.07681925349312176,Low
9263,15751445,Chikwado,734,Germany,Female,52,6,71283.09,2,0,1,38984.37,0,0.19469442632476347,Low
9264,15749669,Hargreaves,542,France,Female,31,3,0.0,2,1,1,115217.59,0,0.019105777784641842,Low
9265,15656351,Laidley,414,Spain,Male,60,3,0.0,2,1,1,93844.82,0,0.12681316404013915,Low
9266,15667438,Ferguson,675,France,Female,38,1,104016.88,1,0,0,22068.83,1,0.19265443217499184,Low
9267,15682273,Burns,683,France,Female,38,5,127616.56,1,1,0,123846.07,0,0.18318534443614956,Low
9268,15580912,McNeill,748,France,Male,32,5,154737.88,2,1,1,172638.13,0,0.02986570446074454,Low
9269,15785183,Chukwuebuka,596,Spain,Male,29,2,0.0,2,1,1,1591.19,0,0.011806306107200184,Low
9270,15705383,Shen,642,France,Male,35,4,125476.31,1,1,1,91775.51,0,0.053333359721973526,Low
9271,15712903,Diaz,499,France,Female,21,3,176511.08,1,1,1,153920.22,0,0.14685109970030677,Low
9272,15774285,Kentish,649,Spain,Female,47,8,110783.28,1,1,1,71420.16,0,0.2737801892838981,Low
9273,15583138,Persse,739,France,Male,42,2,141642.92,2,1,0,172149.76,0,0.11561611133820356,Low
9274,15740160,Okwukwe,616,France,Male,31,1,0.0,2,1,1,54706.75,0,0.010798493433066608,Low
9275,15793425,Watt,560,Spain,Female,33,9,0.0,1,0,1,183358.21,0,0.21605793142169794,Low
9276,15749265,Carslaw,427,Germany,Male,42,1,75681.52,1,1,1,57098.0,0,0.16758649217139532,Low
9277,15623989,Griffin,435,France,Male,54,3,0.0,1,1,0,156910.46,1,0.8944459805696842,High
9278,15604832,Hsia,633,France,Male,29,7,0.0,1,1,1,130224.73,0,0.07669538682277986,Low
9279,15584580,Fyodorova,443,France,Male,35,6,161111.45,1,0,0,13946.66,0,0.0891886059792979,Low
9280,15573854,Chukwujekwu,727,France,Male,62,5,0.0,2,0,1,38652.96,0,0.04341487852503476,Low
9281,15614847,Townsend,674,France,Female,45,6,72494.69,1,0,1,140041.78,0,0.3689579791198492,Low
9282,15679966,Marsh,661,France,Female,31,3,133964.3,1,1,1,166187.1,0,0.08361397039591323,Low
9283,15799435,Hayes,619,Spain,Male,34,1,0.0,1,1,0,139919.38,0,0.15525247548276747,Low
9284,15752186,Padovano,562,France,Female,27,3,0.0,2,1,0,28137.03,0,0.025100500283130524,Low
9285,15705544,Ma,633,France,Male,61,3,157201.48,1,0,1,50368.63,0,0.19505574670138923,Low
9286,15713632,Ham,551,Spain,Female,48,5,95679.29,1,0,0,94978.1,0,0.5898165444864798,Medium
9287,15586523,Paten,720,Germany,Female,29,7,106230.92,1,1,1,69903.93,1,0.17808904906813497,Low
9288,15609176,Cawthorne,688,France,Female,32,5,0.0,2,0,1,177607.77,0,0.03132639251177729,Low
9289,15769308,Herbert,635,Germany,Female,36,9,81231.85,2,1,0,196731.08,0,0.07162219670308928,Low
9290,15676810,Jen,561,France,Female,31,1,81480.27,2,1,1,65234.6,0,0.030872449159426343,Low
9291,15634591,Saunders,850,France,Male,33,8,73059.38,1,1,1,186281.0,0,0.06762396823214586,Low
9292,15679804,Esquivel,636,France,Male,36,5,117559.05,2,1,1,111573.3,0,0.034580673305119096,Low
9293,15677764,Chao,461,Germany,Female,74,1,186445.31,2,1,1,196767.83,0,0.010719351767093996,Low
9294,15571917,Eluemuno,771,Germany,Female,38,5,137657.71,2,1,0,72985.61,0,0.1656022301206566,Low
9295,15574608,Sidorova,713,France,Male,36,8,133889.35,1,1,1,143265.65,0,0.046842240459268596,Low
9296,15740868,Pirogova,658,Germany,Female,45,9,134562.8,1,1,1,159268.67,0,0.5158164831898491,Medium
9297,15702442,Benson,586,Germany,Female,56,9,100781.75,2,1,1,54448.41,0,0.25296245211673785,Low
9298,15699797,Santana,737,France,Male,30,8,174356.13,1,0,0,31928.5,0,0.1536490127094603,Low
9299,15648047,Williamson,742,Germany,Male,27,5,190125.43,2,0,0,21793.59,0,0.0294479738780778,Low
9300,15766826,North,824,France,Male,26,7,146266.0,1,1,0,21903.62,1,0.13709073899676713,Low
9301,15591628,Davies,701,Germany,Male,41,9,164046.1,1,1,0,49405.93,0,0.3277237286631656,Low
9302,15583857,Siciliano,623,Spain,Female,43,4,123536.52,2,0,0,154908.52,0,0.24494771387193764,Low
9303,15752534,Mironov,744,France,Male,36,10,0.0,2,1,1,182867.84,0,0.013193734590195256,Low
9304,15741403,Amechi,698,Spain,Female,38,1,171848.38,1,0,0,16957.45,0,0.18475618504364294,Low
9305,15783589,Toscano,616,France,Male,40,9,0.0,2,0,0,93717.55,0,0.03923499427126053,Low
9306,15598046,Su,662,France,Female,39,5,139562.05,2,1,0,61636.22,0,0.12032163898858861,Low
9307,15643330,Chukwuemeka,594,France,Male,37,2,0.0,2,0,1,95864.5,0,0.018915502734266995,Low
9308,15680405,P'eng,685,France,Male,40,2,168001.34,2,1,1,167400.29,0,0.08233893103198231,Low
9309,15728683,Lombardo,742,France,Male,27,0,0.0,2,0,1,131534.96,0,0.010533994417483846,Low
9310,15621644,Lombardi,678,Germany,Male,83,6,123356.63,1,0,1,92934.41,0,0.05658364711054759,Low
9311,15733032,Butler,651,Spain,Male,47,2,0.0,2,1,1,119808.64,0,0.0684309357428773,Low
9312,15608381,Dean,585,Germany,Male,50,2,125845.66,1,1,0,9439.31,1,0.8536105202784683,High
9313,15658946,Piccio,579,Germany,Male,40,10,45408.85,2,1,0,18732.91,0,0.05539580195261994,Low
9314,15757912,Bradley,722,Germany,Female,37,0,125977.81,1,0,0,160162.42,0,0.3818658978973171,Low
9315,15645371,Cameron,613,Germany,Female,51,7,147262.11,1,1,1,53630.9,1,0.5628861853472027,Medium
9316,15653110,Chan,694,France,Male,42,8,133767.19,1,1,0,36405.21,0,0.22242412017401791,Low
9317,15766355,Lettiere,550,Germany,Male,49,0,108806.96,3,1,0,61446.92,1,0.9880906003044384,High
9318,15585249,Mironova,741,France,Male,42,6,106036.52,1,1,0,194686.78,1,0.2625167369136538,Low
9319,15611786,Tsui,668,Spain,Female,69,9,0.0,1,0,1,134483.07,0,0.17751780545063525,Low
9320,15575486,Okoli,529,France,Female,27,1,0.0,2,1,1,37769.98,0,0.017456720208342727,Low
9321,15780215,Berry,636,France,Male,31,6,0.0,2,1,1,2382.61,0,0.009505785910634725,Low
9322,15686099,Ruse,563,Spain,Male,61,1,82182.1,1,1,0,106826.92,1,0.8836940208858621,High
9323,15739042,Bogolyubov,767,France,Female,35,9,0.0,2,1,0,39511.61,0,0.029350044362602527,Low
9324,15815316,Kennedy,644,France,Male,50,9,76817.0,4,1,0,196371.13,1,0.986295367806449,High
9325,15778489,Bolton,780,Germany,Male,71,9,142550.25,2,1,1,122506.78,0,0.06525320689663347,Low
9326,15786389,Chuang,635,Spain,Female,41,10,0.0,2,1,1,61994.2,0,0.04845402899379721,Low
9327,15601787,Greco,641,Germany,Male,35,2,103711.56,1,0,1,192464.21,1,0.228683193272574,Low
9328,15624715,Ma,593,Spain,Female,40,2,0.0,1,1,1,5194.95,0,0.28146962589942287,Low
9329,15763093,Nucci,540,Germany,Female,35,7,128369.75,2,1,0,198256.15,0,0.08962434362707232,Low
9330,15572073,Yao,663,Spain,Male,35,5,0.0,2,1,1,62634.94,0,0.01248065680566304,Low
9331,15780256,Palfreyman,630,France,Male,34,9,0.0,2,1,1,114006.35,0,0.011496889890722898,Low
9332,15659305,Webster,605,Germany,Male,19,8,166133.28,1,1,1,107994.99,0,0.07423783249241211,Low
9333,15638882,Cardell,710,Germany,Female,62,9,148214.36,1,1,0,48571.14,1,0.9411402776471887,High
9334,15714680,Bianchi,755,France,Female,78,5,121206.96,1,1,1,76016.49,0,0.02910705182660048,Low
9335,15777217,Somadina,641,Spain,Male,25,10,0.0,2,1,1,180808.39,0,0.009829929422789128,Low
9336,15739123,Mellor,737,Germany,Male,50,4,127552.85,2,1,0,4225.11,0,0.5501300626133007,Medium
9337,15594450,Tomlinson,695,France,Male,49,9,159458.53,1,1,0,135841.35,0,0.5565900720451755,Medium
9338,15797751,Pai,466,Germany,Female,47,5,102085.72,1,1,1,183536.24,1,0.5965301904238752,Medium
9339,15691543,Lennox,558,Germany,Male,58,2,142537.18,1,1,1,88791.83,0,0.37805532308553236,Low
9340,15722845,Meldrum,665,Spain,Male,29,1,182781.74,2,1,1,63732.9,0,0.052200408265162375,Low
9341,15605804,Watson,737,France,Male,45,10,0.0,2,1,0,1364.54,0,0.06632614167745911,Low
9342,15702061,Findlay,654,France,Male,29,7,0.0,2,1,1,149184.15,0,0.010491383951766485,Low
9343,15694321,Su,619,France,Female,28,3,0.0,2,1,0,53394.12,0,0.02811320718299489,Low
9344,15798749,Davidson,845,Germany,Female,43,3,152063.59,2,1,0,97910.06,0,0.16854289651157048,Low
9345,15720050,Barrett,727,France,Female,28,2,110997.76,1,1,0,101433.76,0,0.1174143474272986,Low
9346,15758048,Miah,582,France,Male,50,2,148942.0,1,1,1,116944.3,0,0.25841237508739506,Low
9347,15805681,Chamberlain,716,France,Male,41,9,0.0,1,1,1,113267.48,0,0.16991174271276083,Low
9348,15802809,Vidal,660,Spain,Female,36,0,84438.57,1,1,1,181449.51,0,0.10752937077932974,Low
9349,15807239,Lung,664,France,Female,34,7,93920.47,1,0,0,179913.98,0,0.19311775173054244,Low
9350,15749093,Tretyakova,801,France,Male,43,4,158713.08,2,0,0,98586.14,0,0.1338498477978526,Low
9351,15689344,Montgomery,615,Spain,Male,42,4,0.0,3,0,1,120321.09,0,0.6372765154120547,Medium
9352,15606076,Golubev,718,Germany,Male,63,7,123204.88,1,1,1,100538.8,0,0.4043418392474113,Low
9353,15610090,Han,667,France,Male,40,8,72945.29,2,1,0,98931.5,0,0.06371871813606991,Low
9354,15693926,Pan,670,Spain,Male,37,0,178742.71,1,1,1,194493.57,0,0.06816160139161603,Low
9355,15791501,Carroll,590,France,Male,43,8,0.0,2,1,1,143628.31,0,0.03813643366178083,Low
9356,15621870,Hawkins,739,Spain,Female,40,8,0.0,1,1,0,167030.51,0,0.46934364633191317,Medium
9357,15734711,Loggia,373,France,Male,42,7,0.0,1,1,0,77786.37,1,0.8206829730344913,High
9358,15814405,Chesnokova,418,France,Female,46,9,0.0,1,1,1,81014.5,1,0.628197375851824,Medium
9359,15729359,Chambers,837,France,Female,29,9,0.0,2,1,1,41866.26,0,0.012945687358998967,Low
9360,15606944,Fleming,645,Germany,Male,43,9,140121.17,1,1,0,11302.7,1,0.5329513708562829,Medium
9361,15671934,Veale,552,Germany,Male,39,2,132906.88,1,0,1,149384.43,0,0.25252034810823426,Low
9362,15641773,Browne,580,Germany,Male,45,2,179334.83,2,1,1,169303.65,0,0.05904630724946952,Low
9363,15701972,Parsons,684,France,Male,35,3,137179.39,1,1,1,37264.11,0,0.054509375584747666,Low
9364,15749114,Bailey,634,Spain,Male,35,3,0.0,2,1,1,19515.48,0,0.014351726044811114,Low
9365,15780362,Ferrari,607,France,Female,49,9,119960.29,2,1,0,103068.22,0,0.4368151368167123,Low
9366,15753229,Genovese,802,France,Male,29,9,127414.55,1,1,1,134459.12,0,0.038139459730123774,Low
9367,15656009,McIntyre,736,France,Female,36,6,0.0,1,1,0,70496.66,0,0.2450182138241857,Low
9368,15785024,Warner,629,France,Female,40,9,137409.19,1,1,0,175877.7,1,0.29835784883785904,Low
9369,15670492,Gordon,737,France,Male,28,8,0.0,2,1,0,106390.01,0,0.01685774964771856,Low
9370,15795458,McMillan,718,Spain,Female,39,2,0.0,1,1,1,52138.49,0,0.21490223668671216,Low
9371,15732438,Cheng,561,France,Male,43,4,0.0,4,0,0,18522.91,1,0.8617867726044335,High
9372,15781987,Akhtar,641,France,Male,31,9,112494.99,1,1,1,32231.6,0,0.04520875837545439,Low
9373,15775826,Iadanza,677,France,Male,30,1,78133.15,1,0,1,174225.88,0,0.06561361447018026,Low
9374,15807457,Abernathy,641,Spain,Female,36,1,0.0,2,1,0,102021.39,0,0.03427009195533666,Low
9375,15632538,Watson,658,Spain,Female,32,5,145553.07,1,1,1,31484.76,0,0.07706219293331114,Low
9376,15641389,Shen,659,Germany,Male,48,4,123593.22,2,1,0,82469.06,1,0.4797374461603337,Medium
9377,15657306,Kershaw,567,France,Female,47,2,0.0,1,0,0,110900.43,1,0.7254053221418691,Medium
9378,15709447,Reed,584,France,Female,26,0,146286.22,1,1,0,105105.35,0,0.11179098703868641,Low
9379,15762682,Mitchell,709,Spain,Female,35,1,111827.27,2,1,0,12674.68,0,0.09251729868011016,Low
9380,15626042,Webb,690,Spain,Female,26,2,0.0,2,1,1,93255.85,0,0.019109875746001207,Low
9381,15597109,Vanzetti,627,France,Male,70,1,94416.78,1,0,1,145299.5,0,0.059602351814831436,Low
9382,15756148,Nnanna,765,Spain,Male,45,2,91549.78,1,1,1,47139.44,0,0.18365928202654502,Low
9383,15665634,Campbell,645,France,Female,38,7,59568.57,1,1,1,167723.25,0,0.18199832433669635,Low
9384,15739997,Capon,716,France,Female,23,2,94464.81,2,0,1,185900.88,0,0.06045452783109041,Low
9385,15686242,Otutodilichukwu,771,France,Female,57,4,0.0,1,0,0,85876.67,1,0.9291149074671515,High
9386,15759244,Boone,687,Germany,Male,44,8,95368.14,2,1,1,1787.85,0,0.16074701512168943,Low
9387,15672027,McIntyre,717,Germany,Female,33,10,102185.42,2,1,0,23231.93,0,0.11432397835995875,Low
9388,15594576,Zhdanov,524,France,Male,32,1,144875.71,1,0,0,187740.04,0,0.09113591092377572,Low
9389,15707138,Nagy,679,Spain,Male,39,5,0.0,2,1,1,100060.54,0,0.02188785745851247,Low
9390,15756954,Lombardo,538,France,Female,32,2,0.0,1,1,1,80130.54,0,0.12094810798449811,Low
9391,15619130,Simpson,752,Germany,Female,37,5,113291.05,2,1,1,132467.54,0,0.1049903293477754,Low
9392,15639665,Herbert,846,Spain,Male,61,0,0.0,2,1,1,96202.44,0,0.05626670482095863,Low
9393,15571065,Lehr,532,Spain,Female,39,0,0.0,2,1,0,94977.3,0,0.06394000556381477,Low
9394,15686060,Chou,670,Germany,Male,43,9,111677.88,1,1,0,178827.3,1,0.5342835173773112,Medium
9395,15615753,Upchurch,597,Germany,Female,35,8,131101.04,1,1,1,192852.67,0,0.23146001252786813,Low
9396,15800961,Ugorji,627,Germany,Male,52,1,76101.81,2,0,1,177238.35,0,0.22495425294119348,Low
9397,15763065,Palerma,700,Spain,Female,40,2,0.0,2,1,0,199753.97,0,0.07376320641306856,Low
9398,15672467,Coles,766,France,Female,52,7,92510.9,2,0,1,66193.61,0,0.2235418646560199,Low
9399,15752915,Hsueh,488,France,Female,34,2,0.0,2,1,1,181270.84,0,0.03474047619095126,Low
9400,15744695,Tu,694,France,Male,39,5,77652.4,1,1,1,25407.59,0,0.10258947741720104,Low
9401,15584897,Kuo,639,France,Female,31,3,98360.03,1,0,0,20973.8,0,0.11225542668894334,Low
9402,15601857,Woodhouse,705,Germany,Female,46,4,115518.07,1,0,0,76544.9,1,0.7627140226676727,High
9403,15674156,Tretiakova,810,Germany,Male,69,3,27288.43,1,1,1,110509.9,0,0.07026522892070744,Low
9404,15695465,Gibson,638,France,Female,36,6,0.0,1,1,0,164247.51,0,0.282435764695132,Low
9405,15792232,Moss,595,Spain,Female,43,5,0.0,2,0,0,105149.8,0,0.08553054932941506,Low
9406,15807900,Chineze,575,France,Male,36,7,0.0,1,1,1,55868.97,1,0.09544268424083721,Low
9407,15743760,Davidson,850,France,Male,31,6,131996.66,2,1,1,178747.43,0,0.0271620972877953,Low
9408,15652835,Liang,419,Spain,Female,27,2,121580.42,1,0,1,134720.51,0,0.18348163324658712,Low
9409,15767818,Graham,640,France,Male,55,10,132436.34,1,1,0,978.66,0,0.7663717200353792,High
9410,15591150,Nwebube,570,Spain,Male,34,10,0.0,2,0,1,183387.12,0,0.015439005250999407,Low
9411,15734659,Sozonov,640,Germany,Female,46,5,107978.4,2,1,0,155876.06,0,0.47787405110320874,Medium
9412,15796115,Forbes,689,Germany,Female,40,4,78119.59,4,1,0,119259.34,1,0.9078636368198294,High
9413,15724648,Chikezie,725,France,Male,26,6,98684.15,1,0,0,133720.57,0,0.07468785087098678,Low
9414,15737732,Onwuemelie,751,France,Female,44,10,0.0,2,1,0,170634.49,0,0.1418767573022808,Low
9415,15632280,Toth,544,Spain,Female,53,9,0.0,1,1,0,125692.07,1,0.8812926278601481,High
9416,15750407,Hunt,768,Germany,Female,43,2,129264.05,2,0,0,19150.14,0,0.3230777240705332,Low
9417,15795370,Mazure,648,Germany,Male,37,6,131753.41,1,1,0,86894.67,0,0.27439571706011806,Low
9418,15656829,Hughes,577,Spain,Female,33,6,0.0,2,1,0,57975.8,0,0.028006561209015863,Low
9419,15643794,Bennett,639,Spain,Female,27,2,0.0,1,1,1,82938.99,0,0.13099233506382194,Low
9420,15798605,Tien,686,Germany,Male,26,1,57422.62,1,1,1,79189.4,0,0.04311766222315045,Low
9421,15637324,Kay,657,France,Female,28,7,0.0,2,0,1,5177.62,0,0.015724040360656145,Low
9422,15589589,Bryan,613,France,Male,34,5,144094.2,1,1,0,44510.26,0,0.10077413201873808,Low
9423,15778936,Ingamells,701,France,Male,33,9,147510.34,1,1,0,190611.92,0,0.09041522160930857,Low
9424,15757385,Milne,578,Spain,Female,28,8,161592.76,1,1,0,177834.79,0,0.18105207269311835,Low
9425,15666200,Lombardo,689,France,Female,40,1,0.0,2,1,1,119446.64,0,0.04669442534463406,Low
9426,15683977,Owens,687,Spain,Female,72,4,0.0,2,1,1,50267.69,0,0.01177239539015826,Low
9427,15675518,Charlton,499,Spain,Female,53,1,75225.53,2,0,0,144849.1,1,0.6733135215307984,Medium
9428,15584812,Overby,693,Spain,Female,39,0,0.0,2,0,0,81901.6,0,0.05164131230431148,Low
9429,15752984,Chifley,737,France,Female,70,9,87542.89,2,1,1,42576.86,0,0.039505632885669655,Low
9430,15577913,Oliver,651,France,Female,32,8,144581.96,1,1,1,87609.5,0,0.07156476912089733,Low
9431,15591980,Hill,753,France,Male,33,5,122568.05,2,1,1,82820.85,0,0.024659060241520103,Low
9432,15598948,DeRose,523,Spain,Female,24,5,172231.93,1,0,1,155144.12,0,0.16760965893431434,Low
9433,15574142,Chuang,458,Germany,Female,28,2,171932.26,2,1,1,9578.24,0,0.03482859528150956,Low
9434,15582903,Edwards,643,France,Male,39,7,0.0,2,1,1,170392.59,0,0.022251840707176732,Low
9435,15733229,Rodriguez,638,Spain,Female,34,7,0.0,2,0,0,3946.29,0,0.027197059457882842,Low
9436,15635752,Lo,685,Germany,Male,38,4,111798.06,2,1,1,102184.66,0,0.08245203516372204,Low
9437,15771000,Powell,684,France,Male,38,4,0.0,3,1,0,75609.84,0,0.5052924077627615,Medium
9438,15804864,Chu,670,France,Female,27,5,79336.61,1,1,1,26170.08,0,0.08034844014187757,Low
9439,15641175,Munro,701,Germany,Male,63,3,120916.52,3,0,0,144727.45,1,0.9942517870818309,High
9440,15692226,Onwumelu,705,France,Female,31,3,142905.51,1,1,1,58134.97,0,0.07720434624704572,Low
9441,15584156,Siciliani,593,Spain,Male,27,10,0.0,3,0,0,94620.0,1,0.4790475781759879,Medium
9442,15702656,Yobachi,651,France,Female,33,1,96834.78,1,1,0,108764.69,0,0.12126284248050678,Low
9443,15606552,Akabueze,741,France,Male,37,9,105261.76,2,1,1,149503.54,0,0.03323841450694131,Low
9444,15687001,Chiemenam,596,Germany,Male,54,1,123544.0,1,1,1,120314.75,1,0.5169652427542916,Medium
9445,15781903,Odinakachukwu,581,Germany,Male,41,2,127913.71,2,1,1,44205.95,0,0.1355325188754426,Low
9446,15731951,Reilly,689,Spain,Female,28,5,95328.6,1,1,0,6129.61,1,0.14086695628796314,Low
9447,15580953,Forbes,544,France,Male,30,4,73218.89,1,0,1,126796.69,0,0.06328625996475062,Low
9448,15810390,Amadi,718,France,Female,41,1,0.0,2,0,1,27509.52,1,0.04730364501302487,Low
9449,15628274,Ferri,583,Germany,Male,35,8,149995.72,2,1,0,42143.55,0,0.06695466205507764,Low
9450,15615444,Y?an,663,Germany,Male,28,8,123674.28,2,1,1,87985.2,0,0.04502276987697033,Low
9451,15784010,Williamson,666,Germany,Male,33,2,124125.26,1,1,0,81884.8,0,0.22796818474493383,Low
9452,15571586,Briggs,524,Spain,Male,29,3,159035.45,1,1,0,2705.31,1,0.1080326618003076,Low
9453,15748616,Napolitani,599,France,Male,27,5,0.0,2,1,0,30546.4,0,0.014759215808052981,Low
9454,15769402,Carpenter,667,France,Male,27,7,156811.74,1,1,1,149402.59,0,0.04788516944148935,Low
9455,15739248,Lin,727,France,Male,52,4,0.0,2,1,1,118429.02,0,0.08009337261806215,Low
9456,15603481,Robinson,689,Spain,Female,55,4,0.0,2,1,1,58442.25,0,0.08350583651827499,Low
9457,15723604,Collins,639,France,Male,39,6,150555.83,1,1,0,30414.17,0,0.14635282566662255,Low
9458,15797822,Kingsley,678,France,Male,28,2,109137.12,1,1,1,58814.41,0,0.0460363184938233,Low
9459,15665064,Harvey,523,France,Male,36,8,158351.02,2,1,0,155304.53,0,0.06689868208544365,Low
9460,15640580,Obiora,650,France,Female,47,9,0.0,1,1,0,187943.6,0,0.7772589954513042,High
9461,15581089,Knight,744,Spain,Male,35,7,0.0,2,1,1,43036.6,0,0.011617670682419794,Low
9462,15728605,Hung,697,France,Male,40,4,0.0,2,0,1,26543.28,0,0.025524800529337335,Low
9463,15737385,Curtis,800,Spain,Female,46,6,0.0,2,1,0,171928.04,0,0.20709981198911143,Low
9464,15714789,Perez,664,France,Male,24,7,0.0,1,0,1,35611.35,0,0.07173037841356932,Low
9465,15786035,Gosnell,740,France,Male,39,9,0.0,2,1,0,19047.23,0,0.027718751745683057,Low
9466,15815259,Fang,835,France,Female,56,2,0.0,2,1,1,39820.13,0,0.067612325531396,Low
9467,15592716,Clarke,559,France,Male,52,2,0.0,1,1,0,129013.59,1,0.7939471817446376,High
9468,15734850,Milanesi,676,Spain,Male,36,1,82729.49,1,1,0,113810.12,0,0.12078679268820268,Low
9469,15638047,Chia,613,Germany,Female,45,9,142765.24,2,1,0,34749.65,0,0.3585094404738219,Low
9470,15674573,Gearhart,713,France,Female,25,4,121172.97,1,1,1,56268.98,0,0.06371351455162426,Low
9471,15694859,McLean,751,Germany,Female,28,10,132932.14,2,1,1,46630.47,0,0.07545875579837645,Low
9472,15776404,Williamson,523,France,Male,22,8,123374.46,1,1,1,124906.59,0,0.04376686458730911,Low
9473,15579345,Murphy,775,Germany,Female,74,0,161371.5,1,1,1,134869.93,0,0.08362009800975921,Low
9474,15690733,Angelo,608,Spain,Male,45,4,0.0,2,0,0,36697.48,1,0.08013542863642321,Low
9475,15631481,Thomson,673,France,Male,51,8,79563.36,2,1,1,172200.91,0,0.12785394352463716,Low
9476,15620988,Murray,616,France,Male,46,2,0.0,2,1,0,137136.46,0,0.12337024965489937,Low
9477,15571529,Kirby,650,Germany,Female,48,7,138232.24,1,1,0,57594.78,0,0.8106598568925358,High
9478,15592104,Lane,655,France,Female,41,5,0.0,1,0,0,36548.0,1,0.3634892768266141,Low
9479,15651900,Bergamaschi,782,Germany,Female,53,1,81571.05,1,1,0,182960.46,1,0.8393508248270625,High
9480,15596212,Yang,781,Spain,Male,35,1,0.0,2,0,0,42117.9,0,0.020075681606740163,Low
9481,15710687,Mills,593,France,Female,33,0,95927.04,1,1,0,199478.05,0,0.126980945681854,Low
9482,15613787,Chidubem,505,Spain,Male,35,8,116932.59,1,1,0,91092.84,0,0.08842534937618045,Low
9483,15599211,Findlay,707,France,Male,40,1,0.0,2,1,0,14090.4,1,0.039467352014659875,Low
9484,15675983,Wood,692,France,Female,36,3,79551.12,1,0,1,178267.07,0,0.16670801248842612,Low
9485,15622370,Boyle,813,Germany,Male,30,1,116416.94,1,0,1,85808.22,0,0.1212952364762471,Low
9486,15656319,Toscano,850,Spain,Male,37,4,88141.1,1,1,0,109659.12,0,0.13471806453267268,Low
9487,15605130,Seccombe,753,France,Male,32,6,177729.13,1,1,1,161642.08,0,0.09064509926592643,Low
9488,15672574,Uspenskaya,850,Spain,Female,32,5,0.0,1,1,1,3830.59,0,0.13936946313475435,Low
9489,15659355,McKenzie,671,Spain,Male,32,6,123912.78,2,1,1,146636.44,0,0.027720616730795376,Low
9490,15777907,Liang,791,France,Female,33,3,0.0,1,1,1,144413.92,1,0.1430053745851058,Low
9491,15655171,Yermakova,624,France,Male,80,3,0.0,1,1,1,65801.44,0,0.027029746233050118,Low
9492,15619674,White,649,France,Female,35,4,108306.44,1,1,1,192486.24,0,0.11034869815583297,Low
9493,15775192,Rounsevell,732,Germany,Female,48,4,102962.62,1,1,0,120852.85,1,0.8314990807982588,High
9494,15617657,Ts'ai,664,France,Female,36,0,103502.22,1,1,1,146191.82,0,0.08695328978503451,Low
9495,15688951,Stoneman,789,Germany,Male,43,8,119654.44,2,0,1,148412.24,1,0.15271822949459146,Low
9496,15763460,Yao,680,France,Male,33,10,183768.47,1,1,0,164119.35,0,0.16985524422743395,Low
9497,15756992,Chukwukere,701,France,Male,37,1,0.0,2,1,0,163457.55,0,0.02475109224752034,Low
9498,15617454,Ifeatu,684,France,Female,25,1,0.0,2,0,1,144978.47,0,0.019838464188764456,Low
9499,15701932,Millar,586,France,Female,52,6,140900.97,1,1,1,67288.89,0,0.3310743112092781,Low
9500,15700813,Igwebuike,522,Germany,Female,25,5,94049.92,2,1,0,103269.0,0,0.0814911668240695,Low
9501,15645600,Obidimkpa,739,Spain,Female,27,8,98926.4,1,1,1,106969.98,0,0.06561050798038637,Low
9502,15634146,Hou,835,Germany,Male,18,2,142872.36,1,1,1,117632.63,0,0.08518527606000612,Low
9503,15686743,Moody,790,Spain,Male,29,3,46057.96,2,1,1,189777.66,0,0.01561602967516675,Low
9504,15698792,Keldie,671,France,Female,48,6,119769.77,1,0,1,66032.65,0,0.341037790153173,Low
9505,15591724,Liu,560,France,Female,44,5,143244.97,1,1,0,98661.27,0,0.3747975838824347,Low
9506,15571281,Ts'ao,651,France,Male,28,10,79562.98,1,1,1,74687.37,0,0.047917758584119514,Low
9507,15661380,Walker,682,France,Male,69,6,0.0,2,0,1,149604.18,0,0.01489256584471766,Low
9508,15728885,Defalco,808,France,Male,41,0,0.0,1,1,1,79888.78,0,0.15060919507922021,Low
9509,15618950,Lo Duca,644,Spain,Male,26,8,96659.64,2,1,1,138775.69,0,0.027339398844027103,Low
9510,15609804,Hyde,688,France,Male,29,1,0.0,2,1,0,154695.57,0,0.014464465106190016,Low
9511,15735849,Kanayochukwu,617,France,Female,26,2,165947.99,2,0,1,168834.38,0,0.07746123246140256,Low
9512,15652948,Yen,738,France,Male,33,4,92676.3,1,1,0,105817.63,0,0.0906146731420306,Low
9513,15618155,Ts'ui,663,France,Male,45,5,83195.12,1,1,1,48682.1,0,0.2010635483184295,Low
9514,15566378,Tillman,515,France,Male,48,5,129387.94,1,0,1,147955.91,1,0.2824677122951787,Low
9515,15565879,Riley,845,France,Female,28,9,0.0,2,1,1,56185.98,0,0.013466532327161296,Low
9516,15792922,Tu,639,Spain,Male,38,9,130233.14,1,1,1,81861.1,0,0.06512837165131634,Low
9517,15770567,Ruiz,557,France,Female,32,3,123502.53,1,1,1,69826.8,0,0.07479877707898595,Low
9518,15738042,Goliwe,543,Germany,Male,37,8,140894.06,2,1,1,118059.19,0,0.05887106416104666,Low
9519,15714920,Balashov,585,Germany,Male,44,7,163867.86,1,1,1,112333.22,0,0.31017524218264103,Low
9520,15782121,Leonard,610,France,Female,27,2,0.0,2,1,0,14546.76,0,0.025846404467666454,Low
9521,15673180,Onyekaozulu,727,Germany,Female,18,2,93816.7,2,1,0,126172.11,0,0.07540342775166467,Low
9522,15660636,Carpenter,540,Spain,Female,40,8,0.0,2,1,0,3560.0,0,0.05594325364272842,Low
9523,15664504,Beede,418,France,Male,35,7,0.0,2,1,1,88878.15,0,0.01919732923222076,Low
9524,15790322,Beneventi,660,France,Female,32,0,114668.89,1,1,0,84605.0,0,0.11357595269115961,Low
9525,15739847,Sadlier,850,Germany,Male,38,5,146756.68,1,1,0,78268.61,0,0.2986835479106529,Low
9526,15699415,Lewis,618,France,Female,46,6,150213.71,1,1,0,120668.46,1,0.49275395587016385,Medium
9527,15665521,Chiazagomekpele,642,Germany,Male,18,5,111183.53,2,0,1,10063.75,0,0.045967752406447765,Low
9528,15682868,Elliott,850,France,Female,40,9,99816.46,1,1,1,163989.66,1,0.1601040614468268,Low
9529,15584462,Liang,739,France,Male,34,9,0.0,1,1,0,60584.33,0,0.14142796963910587,Low
9530,15661708,She,508,France,Female,41,5,0.0,2,1,1,94170.84,0,0.04752269506782219,Low
9531,15584452,Bozeman,667,France,Male,41,6,0.0,2,0,0,167181.77,0,0.04652185580541508,Low
9532,15717010,Yu,741,France,Female,60,5,0.0,1,1,1,38914.51,0,0.3754746014667746,Low
9533,15643828,Teng,592,France,Male,29,7,0.0,2,1,1,91196.67,0,0.010856374812987278,Low
9534,15733361,Davide,651,Germany,Female,45,6,86714.06,1,1,0,85869.89,1,0.5931478149032853,Medium
9535,15795488,Beneventi,773,Spain,Male,52,2,0.0,2,1,0,57337.79,0,0.25276569765099666,Low
9536,15581551,Yobachukwu,850,Spain,Male,41,8,132838.07,1,1,1,175347.28,0,0.08956064793968785,Low
9537,15632051,Douglas,550,Germany,Female,42,10,128707.31,1,1,0,63092.65,1,0.5725123745127291,Medium
9538,15780409,Egobudike,783,France,Male,40,6,0.0,2,1,0,109742.55,0,0.03865134208484231,Low
9539,15572767,Shelby,777,France,Male,29,2,0.0,2,1,0,124489.88,0,0.017113986931281702,Low
9540,15590337,Golubov,659,France,Male,29,6,123192.12,1,1,1,56971.41,1,0.045790871810162594,Low
9541,15634551,Williamson,727,Germany,Male,46,3,115248.11,4,1,0,130752.01,1,0.9894116439394239,High
9542,15669290,Fan,603,France,Male,38,8,59360.77,1,1,1,191457.06,0,0.14453205530815746,Low
9543,15621140,Nwebube,644,Spain,Male,37,9,0.0,2,1,1,96442.86,0,0.01642701068125405,Low
9544,15613518,Bellucci,647,France,Female,35,6,112668.7,1,0,1,122584.29,0,0.08493572121941097,Low
9545,15728043,Udinese,648,Germany,Female,37,7,138503.51,2,1,0,57215.85,0,0.13967937991672574,Low
9546,15570073,Marian,721,Spain,Male,57,1,0.0,1,1,1,195940.96,0,0.43601569823460434,Low
9547,15777033,Chizoba,524,France,Male,29,7,0.0,2,1,1,105448.74,0,0.011014274591318169,Low
9548,15682454,McFarland,626,France,Female,34,3,0.0,2,1,1,37870.29,0,0.01797173979738916,Low
9549,15758513,McDonald,569,France,Male,43,7,0.0,2,1,0,52534.81,0,0.05190890966456609,Low
9550,15772604,Chiemezie,578,Spain,Male,36,1,157267.95,2,1,0,141533.19,0,0.05767121449807074,Low
9551,15721715,Fane,769,France,Female,40,9,133871.05,1,1,1,50568.02,0,0.14445589552204896,Low
9552,15688563,Marchesi,694,Germany,Male,31,4,141989.27,2,1,0,26116.82,0,0.07716678378372763,Low
9553,15772009,Scott,664,France,Female,41,5,0.0,1,1,1,152054.33,0,0.2943584924261914,Low
9554,15809585,H?,646,France,Male,38,7,0.0,2,1,0,1528.4,0,0.022357620953139406,Low
9555,15593778,Craig,779,France,Female,29,3,46388.16,3,1,0,127939.26,1,0.6452847473878568,Medium
9556,15655360,Chikelu,782,Germany,Female,72,5,148666.99,1,1,0,2605.65,1,0.666590920978683,Medium
9557,15780909,Caffyn,769,Germany,Male,34,7,115101.5,1,0,0,57841.89,1,0.2583260079147706,Low
9558,15757310,Otitodilichukwu,655,Germany,Male,67,6,148363.38,1,1,1,186995.17,0,0.1386045567897314,Low
9559,15801411,Green,623,Spain,Male,46,4,0.0,1,1,0,5549.11,1,0.6116697726728018,Medium
9560,15761706,Y?an,705,Spain,Female,39,8,144102.32,1,1,1,11682.36,0,0.11601097544495893,Low
9561,15658409,Mao,686,France,Male,41,5,128876.71,3,1,1,106939.34,1,0.8767534353387357,High
9562,15810010,Dahlenburg,678,Germany,Male,36,6,118448.15,2,1,0,53172.02,0,0.0972478230460585,Low
9563,15627027,Shih,738,France,Male,39,5,0.0,2,1,1,114388.98,0,0.019879517204428824,Low
9564,15624374,Maclean,703,France,Male,28,9,0.0,2,0,1,2151.17,0,0.00830374420649408,Low
9565,15720083,Fiorentino,554,Spain,Male,42,1,0.0,2,0,1,183492.9,0,0.055398645603459806,Low
9566,15752294,Long,582,France,Female,38,9,135979.01,4,1,1,76582.95,1,0.9611227735158195,High
9567,15743193,Olson,644,France,Male,37,6,117271.8,2,1,0,104217.96,1,0.057058784767205786,Low
9568,15696733,McKenzie,724,France,Male,29,4,0.0,1,1,0,8982.75,0,0.12624316956465284,Low
9569,15677522,Rossi,593,France,Male,33,1,0.0,2,0,0,9984.4,0,0.014942757892234693,Low
9570,15643523,Power,710,Spain,Female,30,10,0.0,2,1,0,19500.1,0,0.02709706944162387,Low
9571,15624936,Yen,631,France,Male,35,8,129205.49,1,1,1,79146.36,0,0.05121236786133064,Low
9572,15716085,Norris,739,Spain,Female,41,8,0.0,1,1,0,191694.77,1,0.5181271556059414,Medium
9573,15641688,Collier,644,Spain,Male,18,7,0.0,1,0,1,59645.24,1,0.08861657789234899,Low
9574,15796834,Rivers,652,Germany,Male,35,7,104015.54,2,1,1,55207.88,0,0.05486830568710427,Low
9575,15720123,Hudson,554,Spain,Male,37,3,0.0,2,1,0,166177.3,0,0.028461555760188925,Low
9576,15604732,Milani,483,France,Female,30,9,0.0,2,0,0,136356.97,0,0.03427326690285331,Low
9577,15723484,Hunt,669,Germany,Female,42,1,103873.39,1,1,0,148611.52,0,0.5588857824430437,Medium
9578,15807120,Oluchukwu,841,Germany,Female,52,3,112383.03,1,1,0,85516.37,1,0.867052471488771,High
9579,15810891,Lorenzo,662,France,Male,34,2,117731.79,2,0,1,55120.79,0,0.03170957161384714,Low
9580,15640407,Chidiegwu,821,Germany,Male,45,0,135827.33,2,1,1,131778.58,0,0.17567722303122854,Low
9581,15778838,Warren,783,France,Male,38,9,114135.17,1,1,0,153269.98,0,0.12185000269792706,Low
9582,15709256,Glover,850,France,Female,28,9,0.0,2,1,1,164864.67,0,0.019732223648445187,Low
9583,15742285,Andersen,559,France,Male,62,6,118756.62,1,1,1,20367.68,0,0.17473313797574366,Low
9584,15729019,Arcuri,602,Spain,Male,34,8,98382.72,1,1,0,39542.0,0,0.0788450424889805,Low
9585,15608588,Mackinlay,563,Germany,Male,41,2,100520.92,1,1,1,19412.8,1,0.3376853449655873,Low
9586,15610557,McCarthy,695,Spain,Female,35,7,79858.13,2,1,1,127977.66,0,0.04142309541234369,Low
9587,15786418,Chiu,546,France,Female,20,6,0.0,1,0,1,20508.85,0,0.1041687163220259,Low
9588,15653050,Norriss,719,Germany,Female,76,10,95052.29,1,1,0,176244.87,0,0.4609140937186283,Medium
9589,15744914,Moore,539,Germany,Male,42,1,177728.55,1,1,0,105013.63,0,0.16906491777120589,Low
9590,15669611,Mott,632,France,Male,71,3,83116.68,1,1,1,27597.76,0,0.05681246474219648,Low
9591,15594786,Ts'ai,772,Germany,Male,34,7,111565.91,1,1,1,121073.23,0,0.11964795916131592,Low
9592,15649211,Fokina,708,Spain,Male,40,8,83015.71,1,1,0,101089.76,0,0.21996292722709432,Low
9593,15766066,Nikitina,668,Germany,Female,28,1,124511.01,1,0,0,114258.18,0,0.28315635464582967,Low
9594,15772216,Henry,738,France,Female,67,1,130652.52,1,0,1,22762.23,0,0.1455595734084272,Low
9595,15619898,Chiefo,785,France,Male,55,5,0.0,2,1,1,7008.65,0,0.04969189112981568,Low
9596,15724543,Mao,597,France,Male,61,5,0.0,2,1,1,81299.17,0,0.041960678882939174,Low
9597,15755084,Bezrukova,531,France,Male,37,7,121854.45,1,1,0,147521.35,0,0.12351343542413049,Low
9598,15730441,Dodd,509,France,Male,26,10,0.0,2,1,1,6177.83,0,0.008796383567121752,Low
9599,15666767,Lori,508,France,Male,35,1,86893.28,1,0,0,59374.82,0,0.09814821818595285,Low
9600,15690456,Yudina,749,Germany,Female,32,7,79523.13,1,0,1,157648.12,0,0.11296159808390116,Low
9601,15570533,Conti,621,Germany,Female,55,7,131033.76,1,0,1,75685.59,1,0.5562171102015577,Medium
9602,15797692,Volkova,659,France,Female,33,7,89939.62,1,1,0,136540.09,0,0.14080230827108123,Low
9603,15603135,Boni,634,Germany,Female,59,3,95727.05,1,0,0,97939.4,1,0.9531470281449168,High
9604,15698927,Ritchie,675,France,Male,39,7,0.0,2,0,1,36267.21,0,0.019014241730805216,Low
9605,15687363,McMillan,770,France,Male,31,3,155047.56,2,1,1,186064.34,0,0.029017297929223168,Low
9606,15733444,Phillips,736,France,Female,29,9,0.0,2,0,0,176152.7,0,0.048939590330799795,Low
9607,15678057,Lombardi,524,France,Male,44,10,118569.03,2,0,0,82117.2,0,0.15657260981487026,Low
9608,15806918,Ireland,674,France,Male,28,5,0.0,1,1,1,151925.25,0,0.076718514254122,Low
9609,15638247,Boan,700,Spain,Male,44,9,0.0,2,1,0,142287.65,0,0.07177833153276741,Low
9610,15674833,Shao,741,France,Female,35,1,0.0,2,1,0,36557.55,0,0.03217380745451409,Low
9611,15812534,Chiemenam,455,France,Male,40,1,0.0,3,0,1,129975.34,0,0.6141198933501444,Medium
9612,15586522,Hunter,608,Spain,Male,37,2,130461.02,1,1,0,21967.15,0,0.12158911184121207,Low
9613,15794297,McKay,776,France,Male,36,1,0.0,2,1,0,53477.76,0,0.019698196470993305,Low
9614,15737025,Roberts,635,France,Male,33,1,0.0,3,0,0,178067.33,1,0.5684547487436876,Medium
9615,15615931,Aitken,746,France,Female,37,4,0.0,2,0,1,171039.56,0,0.044688824431869494,Low
9616,15664860,Chao,692,Spain,Female,47,3,0.0,2,1,0,150802.41,1,0.24767589793802977,Low
9617,15664539,Bruce,683,Spain,Male,35,9,61172.04,1,0,0,82951.12,0,0.13097765202594047,Low
9618,15583692,Chan,591,Germany,Female,35,2,90194.34,2,1,0,57064.57,0,0.0973770403388977,Low
9619,15693131,Watts,581,France,Female,24,3,95508.2,1,1,1,45755.0,0,0.06364259118523746,Low
9620,15779973,Gibbons,684,Germany,Male,35,3,99967.76,1,1,1,176882.08,0,0.1569037799902824,Low
9621,15620557,Ni,561,Spain,Male,37,4,101470.29,1,0,1,88838.14,0,0.06491345623904163,Low
9622,15639549,Jen,718,Germany,Female,33,4,70541.06,1,0,0,88592.8,0,0.16360259464867477,Low
9623,15618750,Phillips,590,France,Male,31,8,112211.61,1,1,0,26261.42,0,0.0822721751828494,Low
9624,15796790,Amaechi,573,France,Female,47,8,154543.98,1,1,0,29586.73,0,0.5219296606388761,Medium
9625,15668309,Maslow,350,France,Female,40,0,111098.85,1,1,1,172321.21,1,0.45239313905350353,Medium
9626,15732437,Rowley,504,Germany,Female,44,0,131873.07,2,1,1,158036.72,1,0.3149126044088874,Low
9627,15665158,Chukwuemeka,813,Spain,Male,27,1,137275.36,1,0,1,115733.16,0,0.04414823272533139,Low
9628,15689322,Bevan,641,Spain,Male,31,3,153316.14,1,1,0,59927.99,0,0.08426364143032879,Low
9629,15596624,Topp,662,France,Female,22,9,0.0,2,1,1,44377.65,0,0.015725185515464604,Low
9630,15601977,Burgoyne,497,Spain,Male,44,2,121250.04,1,0,1,79691.4,0,0.16385401458280915,Low
9631,15801462,Yermakov,716,France,Male,31,8,109578.04,2,1,1,51503.51,0,0.023398119024508668,Low
9632,15566139,Ts'ui,526,France,Female,37,5,53573.18,1,1,0,62830.97,0,0.2386883697440639,Low
9633,15791006,Kodilinyechukwu,760,Germany,Female,34,6,58003.41,1,1,0,90346.1,0,0.14724986271358328,Low
9634,15668057,K?,669,France,Female,31,6,113000.66,1,1,0,40467.82,0,0.1294985529958447,Low
9635,15580805,Marino,655,France,Male,27,10,0.0,2,1,0,51620.94,0,0.013919054712017126,Low
9636,15658768,Lucas,547,France,Female,49,2,0.0,1,0,0,65466.93,1,0.7650836790730795,High
9637,15613048,Anderson,648,Germany,Female,40,5,139973.65,1,1,1,667.66,1,0.3493907395959335,Low
9638,15803654,Wei,790,France,Female,31,2,151290.16,1,1,1,172437.12,0,0.06718035106830703,Low
9639,15662337,Baldwin,744,Germany,Female,50,1,121498.11,2,0,1,106061.47,1,0.4566995236259242,Medium
9640,15650924,Foster,761,Spain,Female,32,4,103515.39,2,1,1,177622.38,0,0.05290638605567826,Low
9641,15647203,Gebhart,750,France,Female,35,3,0.0,1,1,0,191520.5,0,0.33762717853387547,Low
9642,15682778,Fedorov,680,France,Male,34,9,0.0,2,1,1,95686.6,0,0.010667144141640857,Low
9643,15579820,Robertson,704,Spain,Male,38,6,106687.76,1,1,0,173776.5,0,0.134520336025416,Low
9644,15709354,Tudawali,521,France,Female,41,2,0.0,2,1,1,113089.43,0,0.05281731466961121,Low
9645,15728480,Iloerika,452,France,Female,35,8,0.0,2,1,1,149614.81,0,0.030178192768440925,Low
9646,15641091,Onyemauchechukwu,695,France,Female,31,5,106089.2,1,0,0,99537.68,0,0.11269649095125701,Low
9647,15603111,Muir,850,Spain,Male,71,10,69608.14,1,1,0,97893.4,1,0.6886079480543044,Medium
9648,15679693,Walker,625,France,Male,31,5,0.0,2,0,1,90.07,0,0.010631627696672363,Low
9649,15797190,Charlton,608,Germany,Female,40,7,96202.32,1,0,0,161154.85,0,0.5126940242850506,Medium
9650,15788025,Tseng,715,France,Female,38,0,0.0,2,1,1,332.81,0,0.04055468054392266,Low
9651,15646168,Ifeatu,834,Spain,Male,33,5,0.0,2,1,0,66285.18,0,0.020135275525305512,Low
9652,15580493,Chin,469,France,Male,33,1,127818.52,1,1,0,163477.22,0,0.0805531772588756,Low
9653,15726720,Blinova,480,France,Female,40,7,0.0,1,1,0,170332.67,1,0.4934068787821128,Medium
9654,15735799,Maconochie,527,Germany,Male,58,3,137318.42,1,1,1,126144.96,0,0.39361762560878344,Low
9655,15773098,Ch'in,834,Spain,Male,34,5,0.0,2,0,0,53437.1,0,0.019028586825716017,Low
9656,15668971,Nicholson,583,France,Female,40,4,55776.39,2,1,0,26920.43,0,0.07470900743712303,Low
9657,15603221,Burgess,696,Germany,Male,32,4,84421.62,1,0,1,52314.71,0,0.07833740758312975,Low
9658,15740043,Young,606,France,Male,32,5,83161.65,1,1,1,116885.59,0,0.05324650623525677,Low
9659,15712264,Plumb,713,France,Female,39,10,0.0,2,1,1,126263.97,0,0.03427206604430966,Low
9660,15751926,Trentino,821,Germany,Male,42,3,87807.29,2,1,1,64613.81,0,0.08580479603672725,Low
9661,15589401,Allen,550,France,Female,30,4,0.0,2,1,0,89216.29,0,0.02787398716317492,Low
9662,15742019,Benford,675,France,Female,39,6,0.0,2,0,0,83419.15,0,0.04492873156443883,Low
9663,15660611,Gallo,748,Spain,Male,39,3,0.0,2,1,1,123998.52,0,0.02158600753413774,Low
9664,15607634,Cobb,606,Germany,Male,40,9,95293.86,2,0,1,96985.58,0,0.11085893998674927,Low
9665,15595036,Doherty,726,Germany,Male,30,7,92847.59,1,1,0,146154.06,0,0.17571442003237137,Low
9666,15745794,Cocci,547,France,Male,30,6,0.0,2,1,1,18471.86,0,0.009334104193889319,Low
9667,15781689,Macadam,758,Spain,Male,35,5,0.0,2,1,0,95009.6,0,0.021623807723049608,Low
9668,15696054,Tychonoff,596,France,Male,37,2,0.0,1,0,1,121175.86,0,0.13581323738024131,Low
9669,15752467,Johnson,720,Spain,Male,34,3,0.0,2,1,1,77047.78,0,0.011101892809579694,Low
9670,15597739,Tu,674,France,Male,37,3,0.0,1,1,0,158049.9,0,0.19851826626589442,Low
9671,15651336,Chidiebere,756,France,Female,32,4,0.0,2,1,0,147040.25,0,0.03691323652658255,Low
9672,15636061,Pope,649,Germany,Male,78,4,68345.86,2,1,1,142566.75,0,0.011811179000024125,Low
9673,15723013,Sutherland,613,Germany,Male,28,7,76656.4,2,1,1,185483.24,0,0.02467586762780163,Low
9674,15784148,Beneventi,643,France,Male,62,9,0.0,2,0,0,155870.82,0,0.5170324562085731,Medium
9675,15578098,Jamieson,600,France,Male,31,8,0.0,2,1,1,121555.51,0,0.010706776154158585,Low
9676,15638621,Simmons,735,Spain,Male,39,1,60374.98,1,1,0,40223.74,0,0.23302844050388663,Low
9677,15720924,Chijioke,585,France,Female,34,1,0.0,1,1,1,75503.6,0,0.12463965857816794,Low
9678,15566531,Iloerika,724,Germany,Male,33,4,88046.88,1,0,1,186942.49,1,0.14367161259764014,Low
9679,15718064,Chia,635,Spain,Male,29,2,0.0,2,0,0,117173.8,0,0.017527406173477086,Low
9680,15605067,Nwachinemelu,472,France,Male,19,9,0.0,2,1,0,3453.4,0,0.010584812299013651,Low
9681,15655335,Becher,590,France,Male,36,1,0.0,2,1,0,48876.84,0,0.019581222425984215,Low
9682,15607301,Romano,651,Spain,Female,63,8,129968.67,1,1,1,11830.53,0,0.18416916358172505,Low
9683,15694628,Walker,686,Germany,Female,39,4,157731.6,2,1,0,162820.6,0,0.145756926684015,Low
9684,15607112,Chiawuotu,606,France,Male,32,6,0.0,2,0,1,36540.63,0,0.010069365610193814,Low
9685,15635775,Watt,781,France,Male,33,3,89276.48,1,1,0,6959.0,0,0.09242117629196969,Low
9686,15644280,Udegbunam,593,France,Male,45,4,138825.19,1,0,0,10828.78,0,0.3577318034429957,Low
9687,15708362,Watson,793,France,Male,63,4,103729.79,2,1,1,80272.06,0,0.104162443670779,Low
9688,15771997,Bryant,791,France,Female,31,10,75499.24,1,1,0,22184.14,0,0.1534241404660998,Low
9689,15730579,Ward,850,France,Male,68,5,169445.4,1,1,1,186335.07,0,0.10428828417190653,Low
9690,15728005,Urban,698,France,Female,57,9,111359.55,2,1,0,105715.01,0,0.7272616406083156,Medium
9691,15791674,Sutherland,846,France,Female,34,10,142388.61,2,0,1,68393.64,1,0.04261717207947563,Low
9692,15754599,K'ung,765,France,Male,42,4,123311.39,2,1,1,82868.34,0,0.07154546587114717,Low
9693,15693690,Iweobiegbunam,574,Spain,Male,52,7,115532.52,1,1,0,196257.67,0,0.6149116993685974,Medium
9694,15728963,Wei,617,Germany,Female,51,10,167273.71,1,0,0,93439.75,1,0.8537406087433017,High
9695,15659710,Lascelles,581,France,Male,25,5,77886.53,2,1,0,150319.49,0,0.029130594284016417,Low
9696,15658675,Ts'ao,710,Germany,Male,37,6,135795.63,1,0,1,46523.6,0,0.1958703704792971,Low
9697,15638788,Mack,550,France,Male,32,8,97514.07,1,1,1,199138.84,0,0.05576989087470369,Low
9698,15609735,Campbell,533,Germany,Male,51,6,127545.56,2,0,0,79559.02,1,0.5883044967117033,Medium
9699,15771477,Fiorentini,779,France,Male,49,9,106160.37,1,0,0,116893.87,0,0.5168006827922041,Medium
9700,15570145,Long,763,France,Female,23,2,0.0,2,1,0,153983.99,0,0.036290227712755654,Low
9701,15797149,Lloyd,563,Spain,Female,36,4,143680.47,2,1,1,63531.19,0,0.05536673765397399,Low
9702,15636912,Sneddon,678,Spain,Male,38,3,124483.53,1,1,0,126253.31,0,0.1214437661053717,Low
9703,15687828,Gorshkov,644,Spain,Female,31,5,86006.3,1,1,1,73922.95,0,0.08424361281540341,Low
9704,15667424,Forbes,682,Germany,Female,43,7,111094.05,2,1,1,64679.3,0,0.22050681169977016,Low
9705,15759872,L?,625,France,Male,22,9,0.0,2,1,0,157072.91,0,0.01887547845493757,Low
9706,15572374,Hopetoun,733,Spain,Male,36,1,0.0,2,0,1,108377.82,0,0.015267231459852905,Low
9707,15754926,Lucchesi,512,France,Female,30,6,0.0,2,1,0,88827.31,0,0.029605924653755243,Low
9708,15687431,Faria,642,France,Female,41,7,115171.71,1,1,1,37674.47,0,0.15316729338602397,Low
9709,15604515,Yefremov,737,Germany,Female,22,10,111543.26,2,0,0,106327.85,0,0.11499741143959398,Low
9710,15682839,Genovesi,575,France,Female,57,8,137936.94,1,1,1,84475.13,0,0.20883256126692815,Low
9711,15624677,Marquez,543,Germany,Female,37,3,122304.65,2,0,0,33998.7,0,0.13693153376128792,Low
9712,15646366,Trevisani,521,Germany,Male,41,8,120586.54,1,0,1,20491.15,0,0.3500754371035706,Low
9713,15701768,Tung,637,France,Male,32,3,0.0,2,1,1,197827.06,0,0.01397411942093773,Low
9714,15623566,Barnhill,714,France,Male,40,9,46520.69,1,1,1,96687.25,0,0.15034050305032473,Low
9715,15681274,Marshall,726,Spain,Female,56,2,105473.74,1,1,1,46044.7,0,0.2667139441920284,Low
9716,15762573,Bednall,680,Spain,Female,34,7,0.0,2,1,0,98949.85,0,0.030432284925895503,Low
9717,15706458,Pan,812,Germany,Male,39,5,115730.71,3,1,1,185599.34,1,0.8656010438871191,High
9718,15654222,Ogg,757,Spain,Male,30,3,145396.49,1,0,1,198341.15,0,0.04273399776565322,Low
9719,15704053,T'ang,710,Spain,Male,62,3,131078.42,2,1,0,119348.76,1,0.6886332748038084,Medium
9720,15724321,Baresi,516,Germany,Female,47,9,128298.74,1,0,0,149614.17,1,0.8359143457854297,High
9721,15621815,Obiajulu,803,France,Female,40,6,165526.71,1,1,0,12328.08,0,0.3498792248081794,Low
9722,15724876,McGregor,560,France,Female,38,5,83714.41,1,1,1,33245.97,0,0.12519012749475006,Low
9723,15696588,Lung,679,France,Female,36,3,0.0,2,1,1,2243.41,0,0.0219910381178173,Low
9724,15612832,Jamieson,526,France,Male,32,7,125540.05,1,0,0,86786.41,0,0.08355060991763683,Low
9725,15804295,Pinto,485,France,Male,41,2,100254.76,2,1,1,12706.67,0,0.07367757479666952,Low
9726,15712536,Fallaci,625,France,Female,36,3,0.0,2,1,0,41295.1,1,0.0333451736178414,Low
9727,15662494,Goliwe,773,Spain,Male,43,7,138150.57,1,1,1,177357.16,0,0.11972619172291303,Low
9728,15807728,Ferri,530,France,Female,45,1,0.0,1,0,1,190663.89,1,0.6664224391450235,Medium
9729,15764916,Rowley,616,Germany,Female,43,7,95984.21,1,0,1,115262.54,1,0.4376372772182494,Low
9730,15615330,Tretiakova,651,France,Male,23,10,0.0,2,1,1,170099.23,0,0.011929492549164616,Low
9731,15638487,She,586,Germany,Male,38,2,136858.42,1,0,1,189143.94,0,0.21430189231223,Low
9732,15627859,Nebeolisa,607,Germany,Male,29,7,102609.0,1,1,0,163257.44,0,0.19953296137613993,Low
9733,15622192,Young,724,Spain,Male,39,3,0.0,2,0,1,95562.81,0,0.02262318917672124,Low
9734,15789413,Fitzgerald,733,France,Male,64,3,0.0,2,1,1,75272.63,0,0.0322603912800872,Low
9735,15583221,Arnold,667,Germany,Male,70,3,77356.92,2,1,1,20881.96,0,0.03226028136842144,Low
9736,15768495,Chidimma,700,France,Female,32,8,110923.15,2,1,1,161845.81,1,0.05305128809826792,Low
9737,15644103,Wells,659,Spain,Male,78,2,151675.65,1,0,1,49978.67,0,0.018029649842688268,Low
9738,15741197,Calzada,710,Spain,Male,22,8,0.0,3,1,0,107292.91,0,0.44548262012381484,Low
9739,15664547,Black,760,France,Male,37,7,0.0,1,0,0,32863.24,1,0.18967071292069798,Low
9740,15797293,Sopuluchukwu,677,France,Female,25,3,0.0,2,1,0,179608.96,0,0.03476735887539671,Low
9741,15572021,Ts'ao,798,Germany,Female,29,8,80204.11,2,1,0,70223.22,0,0.053606397523154416,Low
9742,15637461,Ukaegbunam,758,France,Male,35,7,0.0,2,1,0,77951.84,0,0.01933272949509563,Low
9743,15620577,Wood,715,France,Male,45,4,0.0,2,1,1,55043.93,0,0.04260597849163334,Low
9744,15609643,Furneaux,752,Germany,Male,32,9,115587.49,2,0,1,101677.46,0,0.049190059855346226,Low
9745,15785358,Gresswell,586,Germany,Male,46,8,106968.96,1,1,1,79366.98,1,0.4361478018627952,Low
9746,15603883,Ch'in,818,France,Male,36,4,0.0,2,1,1,8037.03,0,0.013103721555300341,Low
9747,15782550,Ma,490,Germany,Female,41,0,139659.04,1,1,1,176254.12,0,0.3127632501641986,Low
9748,15775761,Iweobiegbunam,610,Germany,Female,69,5,86038.21,3,0,0,192743.06,1,0.9811868676470143,High
9749,15680201,Marcelo,627,Germany,Male,24,5,102773.2,2,1,0,56793.02,1,0.07666954933334326,Low
9750,15767594,Azubuike,533,France,Female,35,8,0.0,2,1,1,187900.12,0,0.03708680814865055,Low
9751,15591985,Stewart,708,France,Female,51,8,70754.18,1,1,1,92920.04,1,0.40239726433131445,Low
9752,15789339,Yen,681,France,Male,59,4,122781.51,1,0,1,140166.95,0,0.20546380203334713,Low
9753,15781530,Hsieh,690,France,Male,21,8,0.0,2,1,1,155782.89,0,0.008807704039136005,Low
9754,15705174,Chiedozie,656,Germany,Male,68,7,153545.11,1,1,1,186574.68,0,0.11121039113503225,Low
9755,15572114,Shih,673,Spain,Male,40,1,121629.22,1,1,1,3258.6,0,0.12071676556809059,Low
9756,15804009,Amechi,806,Germany,Male,36,8,167983.17,2,1,1,106714.28,0,0.031778349243688615,Low
9757,15662698,Ko,648,Spain,Female,43,7,81153.82,1,1,1,144532.85,1,0.27958356308078813,Low
9758,15696047,Chimezie,501,France,Male,35,6,99760.84,1,1,1,13591.52,0,0.051079689126175526,Low
9759,15701160,Azubuike,556,Germany,Female,43,4,125890.72,1,1,1,74854.97,0,0.4400524439143089,Low
9760,15790093,Aguirre,627,France,Female,27,2,0.0,2,1,0,125451.01,0,0.029684933625099802,Low
9761,15632143,Lung,652,France,Male,31,2,119148.55,1,0,0,149740.22,0,0.07937383821983302,Low
9762,15736778,Adams,807,Germany,Female,60,1,72948.58,2,1,1,17355.36,0,0.19961232786130745,Low
9763,15734917,Castiglione,708,Germany,Male,21,8,133974.36,2,1,0,50294.09,0,0.06437205419480337,Low
9764,15643903,Yao,619,France,Male,27,1,154483.98,1,1,0,156394.74,0,0.08966879407056108,Low
9765,15569526,Morales,601,France,Male,40,10,98627.13,2,0,0,77977.69,0,0.07410151426118576,Low
9766,15777067,Thomas,445,France,Male,64,2,136770.67,1,0,1,43678.06,0,0.12403930701010071,Low
9767,15795511,Vasiliev,800,Germany,Male,39,4,95252.72,1,1,0,13906.34,0,0.357581012129016,Low
9768,15610419,Chukwueloka,554,France,Male,33,3,117413.95,1,1,1,12766.74,0,0.05326469058715728,Low
9769,15644994,Ko,714,Germany,Male,54,4,137986.58,2,0,1,51308.54,1,0.2779600998010126,Low
9770,15703707,Atkins,656,France,Male,44,10,143571.52,1,0,0,127444.14,0,0.26143739518569115,Low
9771,15659327,Moffitt,520,France,Male,49,5,121197.64,1,1,0,72577.33,1,0.5920085669433335,Medium
9772,15771323,Panicucci,480,Spain,Male,39,5,121626.9,1,1,1,82438.13,0,0.07441981653164847,Low
9773,15750549,Akobundu,660,Germany,Male,30,1,84440.1,2,1,1,60485.98,0,0.02388798445924011,Low
9774,15698462,Chiu,532,France,Male,36,4,0.0,2,1,1,132798.78,0,0.016054267779247747,Low
9775,15739692,Tsui,679,France,Male,42,1,0.0,2,0,0,71823.15,0,0.04361875692784089,Low
9776,15744041,Yobanna,780,France,Female,26,3,140356.7,1,1,0,117144.15,0,0.12523403669128447,Low
9777,15700714,Hollis,747,France,Male,29,7,0.0,2,1,1,141706.43,0,0.009955913446976149,Low
9778,15777743,Cattaneo,705,France,Female,39,3,92224.56,1,1,1,54517.25,0,0.12565041333887592,Low
9779,15623143,Lung,732,France,Female,43,9,0.0,2,1,0,183147.17,0,0.11574784920303548,Low
9780,15712568,Angelo,515,Spain,Male,40,10,121355.99,1,1,0,138360.29,0,0.1770374207326856,Low
9781,15617432,Folliero,816,Germany,Female,40,9,109003.26,1,1,1,79580.56,0,0.3182516133088187,Low
9782,15650424,Bryant,641,France,Female,48,3,147341.43,1,1,1,157458.61,1,0.38539828076355315,Low
9783,15728829,Weigel,509,France,Male,18,7,102983.91,1,1,0,171770.58,0,0.0713907357418336,Low
9784,15680430,Ajuluchukwu,601,Germany,Female,49,4,96252.98,2,1,0,104263.82,0,0.5512122289992625,Medium
9785,15687626,Zhirov,527,France,Male,39,4,0.0,2,1,0,167183.07,1,0.04200615150573668,Low
9786,15609187,Cox,455,France,Female,27,5,155879.09,2,0,0,70774.97,0,0.06481026186590774,Low
9787,15609521,Chimaraoke,803,Germany,Male,34,4,142929.16,2,1,1,114869.56,0,0.039940812996914044,Low
9788,15752626,Genovese,553,France,Male,32,7,64082.09,1,0,1,109159.58,0,0.06393202755664834,Low
9789,15571756,Ohearn,724,France,Female,28,5,0.0,1,1,0,59351.68,0,0.19806195607898167,Low
9790,15814040,Munroe,610,France,Female,45,1,0.0,2,1,1,199657.46,0,0.10218200098098648,Low
9791,15658211,Morrison,559,Spain,Female,39,2,0.0,2,1,1,121151.1,0,0.038843709236228076,Low
9792,15742091,Parkhill,825,Germany,Female,35,6,118336.95,1,1,0,26342.33,1,0.4741706374050997,Medium
9793,15787168,Y?,819,Spain,Female,28,8,168253.21,1,1,1,102799.14,0,0.10183751748461199,Low
9794,15772363,Hilton,772,Germany,Female,42,0,101979.16,1,1,0,90928.48,0,0.5387080104483807,Medium
9795,15659364,Thompson,685,Spain,Male,23,5,164902.43,1,0,0,141152.28,0,0.1131508814315165,Low
9796,15738980,Yobanna,506,France,Male,43,2,0.0,2,1,0,105568.6,0,0.06965903786641144,Low
9797,15794236,Thorpe,642,Germany,Male,22,10,111812.52,2,1,1,183045.46,0,0.04501195313894311,Low
9798,15721383,Harvey,627,Spain,Male,40,10,0.0,2,1,1,194792.42,0,0.03240402372882127,Low
9799,15652981,Robinson,600,Germany,Male,30,2,119755.0,1,1,1,21852.91,0,0.1614304039159106,Low
9800,15722731,Manna,653,France,Male,46,0,119556.1,1,1,0,78250.13,1,0.3893410926585509,Low
9801,15640507,Li,762,Spain,Female,35,3,119349.69,3,1,1,47114.18,1,0.7933916783305819,High
9802,15578878,Hancock,569,Spain,Female,30,3,139528.23,1,1,1,33230.37,0,0.07904832949865535,Low
9803,15744295,Hao,756,France,Male,40,1,94773.11,1,1,0,114279.63,0,0.18738789308223278,Low
9804,15776558,Nicholls,673,France,Male,31,1,108345.22,1,0,1,38802.03,0,0.04458118535623999,Low
9805,15596136,Folliero,637,France,Female,36,9,166939.88,1,1,1,72504.76,0,0.10101182291233525,Low
9806,15704597,Trumbull,644,France,Male,33,7,174571.36,1,0,1,43943.09,0,0.09834102973022162,Low
9807,15648272,Medvedeva,658,Spain,Male,35,9,71829.34,1,1,1,68141.92,0,0.0732754111696979,Low
9808,15594915,Crist,649,France,Female,36,8,0.0,2,0,1,109179.89,0,0.02422501698408747,Low
9809,15581115,Middleton,603,France,Female,39,9,76769.68,1,0,0,48224.72,0,0.22611509033382413,Low
9810,15763907,Watts,820,France,Female,39,1,104614.29,1,1,0,61538.43,1,0.20956019587807753,Low
9811,15705994,Udinese,712,Spain,Male,27,10,0.0,1,1,0,94544.88,0,0.1446588848809084,Low
9812,15772421,Tretiakov,645,Germany,Female,31,1,128927.93,1,1,1,2850.01,0,0.21907536385433696,Low
9813,15711572,O'Kane,705,Germany,Female,31,9,110941.93,2,1,0,163484.8,0,0.12893085239149477,Low
9814,15691170,Vasilyeva,590,Spain,Female,29,10,99250.08,1,1,1,129629.41,0,0.07542704245224235,Low
9815,15600106,Wei,631,France,Male,36,1,0.0,2,0,0,133141.34,0,0.020391024782983096,Low
9816,15745431,Chinonyelum,604,France,Male,34,7,0.0,2,1,1,188078.55,0,0.014139996496257684,Low
9817,15649508,Chin,643,Spain,Male,48,8,0.0,2,1,0,174729.3,0,0.16990352955505725,Low
9818,15812611,Lorimer,690,Spain,Female,30,5,0.0,2,0,1,78700.03,0,0.0188779279884024,Low
9819,15619699,Yeh,558,France,Male,31,7,0.0,1,1,0,198269.08,0,0.19684770973541035,Low
9820,15813946,Duffy,637,Germany,Male,51,1,104682.83,1,1,0,55266.96,1,0.8682480119615122,High
9821,15762762,Onyekachukwu,648,Germany,Female,45,5,118886.55,1,0,0,51636.7,0,0.7132648556993915,Medium
9822,15629793,Banks,652,Spain,Male,28,8,156823.7,2,1,0,198251.52,0,0.031128675097917148,Low
9823,15781298,Hughes,808,Germany,Male,39,3,124216.93,1,0,1,171442.36,0,0.25093846997635855,Low
9824,15622658,Lai,551,France,Female,26,2,144258.52,1,1,0,49778.79,0,0.1336803047136086,Low
9825,15658980,Matthews,711,Germany,Male,26,9,128793.63,1,1,0,19262.05,0,0.24244267760179453,Low
9826,15701936,Bell,467,Germany,Male,28,10,126315.26,1,1,0,32349.29,1,0.2664615103284781,Low
9827,15686917,Tu,789,Spain,Female,40,4,0.0,2,1,0,137402.27,0,0.07440291981650511,Low
9828,15807312,Hsia,602,Spain,Male,33,5,0.0,2,0,1,64038.34,0,0.012044973252714081,Low
9829,15574523,Cheng,576,France,Male,39,1,0.0,2,1,1,68814.23,0,0.0229146890457722,Low
9830,15724200,Cheng,584,France,Male,38,1,115341.55,1,0,1,173632.92,0,0.10438320849687878,Low
9831,15738224,Lin,593,France,Male,32,6,99162.29,1,1,0,128384.11,0,0.07819751743692427,Low
9832,15593283,Higgins,705,Germany,Female,48,1,156848.13,2,1,1,99475.95,1,0.2954867945938206,Low
9833,15814690,Chukwujekwu,595,Germany,Female,64,2,105736.32,1,1,1,89935.73,1,0.3534352561002243,Low
9834,15807245,McKay,699,Germany,Female,41,1,200117.76,2,1,0,94142.35,0,0.2593748142227304,Low
9835,15799358,Vincent,516,France,Female,46,6,62212.29,1,0,1,171681.86,1,0.5605860798556022,Medium
9836,15616172,Ubanwa,838,France,Male,31,2,0.0,2,1,0,8222.96,0,0.01588638300009829,Low
9837,15777958,Ch'ien,587,France,Male,39,10,0.0,2,1,1,170409.45,0,0.02181078495151761,Low
9838,15809124,T'ien,750,France,Male,38,5,151532.4,1,1,1,46555.15,0,0.06321015831691902,Low
9839,15616367,Ricci,581,Germany,Male,39,1,121523.51,1,0,0,161655.55,1,0.38679081199014453,Low
9840,15687385,McDowell,484,France,Male,41,5,0.0,1,1,1,74267.35,0,0.19000268011249088,Low
9841,15607877,Maclean,576,Spain,Male,26,8,0.0,2,0,1,34101.06,0,0.0099410299509616,Low
9842,15736327,Manna,567,Germany,Female,46,1,68238.51,2,1,1,109572.58,0,0.1699149937898,Low
9843,15746704,Jibunoh,638,Spain,Male,30,9,136808.53,2,1,1,106642.97,0,0.032830030350433075,Low
9844,15778304,Fan,646,Germany,Male,24,0,92398.08,1,1,1,18897.29,0,0.10740492505774685,Low
9845,15588456,Hsieh,658,France,Female,40,5,143566.12,1,1,1,189607.71,0,0.17553712339354918,Low
9846,15664035,Parsons,590,Spain,Female,38,9,0.0,2,1,1,148750.16,0,0.038400652460148774,Low
9847,15596405,Udinese,546,Spain,Male,25,7,127728.24,2,1,1,105279.74,0,0.02427962327933688,Low
9848,15815097,Root,603,France,Female,34,9,0.0,2,1,0,167916.35,0,0.039594736177660884,Low
9849,15762708,Chiemezie,619,Spain,Female,38,10,119658.49,1,1,1,8646.58,0,0.12166435628986193,Low
9850,15776211,Toscani,678,France,Female,34,6,0.0,2,1,1,124592.84,0,0.018974292125567033,Low
9851,15626012,Obidimkpa,459,France,Male,26,4,149879.66,1,0,0,50016.17,0,0.08151796220457146,Low
9852,15792077,Degtyaryov,671,Germany,Male,28,8,119859.52,2,1,0,125422.66,0,0.06862716704590754,Low
9853,15718765,Maclean,501,Spain,Male,43,6,104533.24,1,0,0,81123.59,1,0.2228230976990675,Low
9854,15576615,Giordano,719,Spain,Male,37,10,145382.61,1,1,0,80408.59,0,0.10159165645856676,Low
9855,15752650,Saad,681,Spain,Female,37,6,121231.39,1,1,1,146366.08,0,0.10037048086832627,Low
9856,15797502,Lord,706,Spain,Male,24,2,141078.57,1,1,1,24402.87,0,0.05317579686179944,Low
9857,15687329,Hope,763,Germany,Female,32,1,108465.65,2,1,0,60552.44,1,0.12625392294986923,Low
9858,15779423,K?,716,France,Male,39,1,70657.61,2,1,1,76476.05,0,0.032177748764398044,Low
9859,15619514,Bull,507,Germany,Male,40,3,120105.43,1,1,0,92075.01,1,0.4175476311478441,Low
9860,15615430,Adams,678,Germany,Male,55,4,129646.91,1,1,1,184125.1,1,0.46631857178210406,Medium
9861,15716431,Brookes,775,France,Female,30,10,191091.74,2,1,1,96170.38,0,0.12688893719362176,Low
9862,15798341,Victor,544,France,Male,38,8,0.0,1,1,1,98208.62,0,0.13310470463099025,Low
9863,15651958,Giles,756,France,Male,27,8,0.0,2,1,1,157932.75,0,0.010109944964172876,Low
9864,15726179,Ferrari,757,Germany,Female,43,5,131433.33,2,1,1,3497.43,1,0.23723450842102822,Low
9865,15652999,Milne,742,Germany,Male,33,1,137937.95,1,1,1,51387.1,0,0.14921027683660082,Low
9866,15691950,Parry,591,France,Male,49,3,0.0,2,1,0,50123.44,0,0.16496849575811068,Low
9867,15632446,Allan,667,France,Male,24,4,0.0,2,0,0,180329.83,0,0.025622815678516972,Low
9868,15620936,Warren,787,France,Male,32,4,0.0,2,1,1,13238.93,0,0.009750473554389535,Low
9869,15587640,Rowntree,718,France,Female,43,0,93143.39,1,1,0,167554.86,0,0.3911130824917894,Low
9870,15782231,Andrejew,521,France,Male,38,6,0.0,2,1,0,51454.06,0,0.02788011161942213,Low
9871,15580462,Corby,607,Spain,Male,40,1,112544.45,1,1,1,19842.22,0,0.12476702589149906,Low
9872,15736371,Kennedy,633,France,Female,34,3,123034.43,2,1,1,38315.04,0,0.049531163821105735,Low
9873,15648032,Young,588,Spain,Male,37,2,0.0,2,0,1,187816.59,0,0.028034192180296447,Low
9874,15610454,Poole,724,Germany,Female,33,9,119278.44,1,1,1,197148.24,0,0.2110573106968257,Low
9875,15671358,Fletcher,720,France,Male,44,4,0.0,2,1,0,163471.01,0,0.07500315134035851,Low
9876,15747130,Tsao,521,France,Male,39,7,0.0,2,0,1,653.58,0,0.023408222270598102,Low
9877,15578374,Gilroy,620,Spain,Male,36,7,169312.72,1,1,0,45414.09,0,0.1349890765598213,Low
9878,15572182,Onwuamaeze,505,Germany,Female,33,3,106506.77,3,1,0,45445.78,1,0.8796186940962066,High
9879,15770041,Manna,728,Spain,Female,43,8,128412.61,1,0,1,139024.31,0,0.2079106801083292,Low
9880,15669414,Pisano,486,Germany,Male,62,9,118356.89,2,1,0,168034.83,1,0.8020430607760286,High
9881,15777054,Thorpe,584,Germany,Male,42,3,137479.13,1,1,0,25669.1,0,0.5067464760213963,Medium
9882,15621021,Dwyer,687,Spain,Female,40,1,0.0,2,1,0,8207.36,0,0.06960873770534183,Low
9883,15785490,Okeke,771,France,Male,50,3,105229.72,1,1,1,16281.68,1,0.30098453320687985,Low
9884,15577695,Zito,678,France,Male,41,2,148088.11,1,1,0,14083.12,0,0.22123728510574342,Low
9885,15686974,Sergeyeva,751,France,Female,48,4,0.0,1,0,1,30165.06,1,0.4978605142915927,Medium
9886,15574584,Fang,670,France,Male,33,8,126679.69,1,1,1,39451.09,0,0.04672342242277218,Low
9887,15719541,Flannagan,675,Spain,Male,31,2,90826.27,2,1,0,60270.87,0,0.04115038869577504,Low
9888,15646310,Mao,684,Spain,Male,24,8,143582.89,1,1,1,22527.27,0,0.04825001427268906,Low
9889,15697606,Sturdee,637,France,Female,21,10,125712.2,1,0,0,175072.47,0,0.15808068961658994,Low
9890,15711489,Azikiwe,760,Spain,Female,32,2,0.0,1,1,1,114565.35,0,0.12596123397809714,Low
9891,15670427,Chidi,662,Spain,Male,37,4,155187.3,1,1,0,48930.8,0,0.10279433925463594,Low
9892,15731755,Hull,680,France,Male,49,10,0.0,2,1,0,187008.45,0,0.17627350904064412,Low
9893,15796370,Shah,604,Spain,Male,40,5,155455.43,1,0,1,113581.85,0,0.1153525247334297,Low
9894,15598331,Morgan,764,France,Female,40,9,100480.53,1,1,0,124095.69,0,0.261104335205289,Low
9895,15704795,Vagin,521,France,Female,77,6,0.0,2,1,1,49054.1,0,0.007715497929246852,Low
9896,15796764,Bruno,684,Germany,Female,56,3,127585.98,3,1,1,80593.49,1,0.9697426953355578,High
9897,15589420,Osinachi,795,France,Female,40,2,101891.1,1,1,1,183044.86,0,0.16318091143029106,Low
9898,15810563,Ho,678,Spain,Female,61,8,0.0,2,1,1,159938.82,0,0.08897733740407954,Low
9899,15746569,Tsui,589,France,Male,38,4,0.0,1,1,0,95483.48,1,0.2263728893949995,Low
9900,15811594,Gordon,660,Spain,Female,28,3,128929.88,1,1,1,198069.71,0,0.07343845964564925,Low
9901,15645896,Duncan,646,Germany,Male,39,6,121681.91,2,0,1,61793.47,0,0.10924180001773144,Low
9902,15802909,Hu,706,Germany,Female,56,3,139603.22,1,1,1,86383.61,0,0.4940130694455509,Medium
9903,15797665,Docherty,730,France,Female,27,7,0.0,2,1,0,144099.48,0,0.036153641544341905,Low
9904,15778959,Brookes,606,France,Female,36,10,0.0,2,0,1,155641.46,0,0.035243773319386607,Low
9905,15722532,Angelo,690,Spain,Female,36,10,91760.11,1,1,1,135784.94,0,0.08897210335416579,Low
9906,15784124,Emenike,645,Germany,Male,41,2,93925.3,1,1,0,123982.14,1,0.3803486009762728,Low
9907,15776518,Pugh,579,France,Female,38,4,175739.36,1,1,1,193130.55,0,0.21693847316232684,Low
9908,15611247,McKenzie,481,France,Female,28,10,0.0,2,1,0,145215.96,0,0.04005880155789857,Low
9909,15721469,Mach,492,Germany,Male,45,9,170295.04,2,0,0,164741.81,0,0.1607249981345506,Low
9910,15773338,Endrizzi,739,France,Male,58,2,101579.28,1,1,1,72168.53,0,0.20880501862579684,Low
9911,15784042,L?,624,France,Male,55,7,118793.6,1,1,1,95022.02,1,0.18732651700876526,Low
9912,15776229,MacPherson,682,France,Male,44,3,115282.3,1,0,0,23766.4,0,0.307301735270945,Low
9913,15655903,Michael,701,Spain,Female,34,6,107980.37,1,1,1,119374.74,0,0.06734589650364611,Low
9914,15590177,Chiedozie,718,France,Female,44,1,133866.22,1,0,1,139049.24,0,0.24486762022805655,Low
9915,15568876,Hughes,496,France,Female,34,1,102723.35,2,1,0,180844.81,0,0.08220534003446155,Low
9916,15813140,Taylor,543,Spain,Male,41,5,0.0,2,0,1,143980.29,0,0.033699348623739606,Low
9917,15770516,Evdokimov,616,Spain,Female,44,7,193213.02,2,1,1,137392.77,0,0.3325496638224311,Low
9918,15755731,Davis,635,Germany,Male,53,8,117005.55,1,0,1,123646.57,1,0.5188344906795975,Medium
9919,15574480,Ubanwa,652,Spain,Male,31,1,132862.59,1,0,0,158054.49,0,0.07696402406139494,Low
9920,15798084,Murray,688,France,Male,26,0,0.0,2,1,0,105784.85,0,0.015496318453271095,Low
9921,15673020,Smith,678,France,Female,49,3,204510.94,1,0,1,738.88,1,0.8982331949586188,High
9922,15643575,Evseev,757,Germany,Male,36,1,65349.71,1,0,0,64539.64,0,0.12261522184439892,Low
9923,15596811,Mitchell,667,France,Male,36,8,139753.35,1,1,0,79871.16,0,0.09973131677526118,Low
9924,15786789,Ni,725,France,Female,29,6,0.0,2,1,1,190776.83,0,0.02394267799563687,Low
9925,15578865,Palerma,632,Germany,Female,50,5,107959.39,1,1,1,6985.34,1,0.6349625232872185,Medium
9926,15605672,Yuan,694,France,Female,38,5,195926.39,1,1,1,85522.84,0,0.36287394547831103,Low
9927,15603674,Knight,803,France,Male,36,1,0.0,2,1,1,149370.93,0,0.01051257215419382,Low
9928,15759915,Rapuokwu,814,France,Female,31,6,87772.52,1,1,0,188516.45,0,0.16771790181151594,Low
9929,15686219,Wan,611,France,Male,38,4,71018.6,2,1,0,2444.29,0,0.04075391940269648,Low
9930,15696388,Artamonova,755,Germany,Male,38,4,111096.91,1,1,1,19762.88,0,0.23038202228680896,Low
9931,15713604,Rossi,425,Germany,Male,40,9,166776.6,2,0,1,172646.88,0,0.10301991993565295,Low
9932,15647800,Greco,850,France,Female,34,6,101266.51,1,1,0,33501.98,0,0.13321138174144384,Low
9933,15813451,Fleetwood-Smith,677,Spain,Male,18,8,134796.87,2,1,1,114858.9,0,0.02529739423200318,Low
9934,15765375,Butusov,797,France,Female,46,8,0.0,1,0,0,162668.33,0,0.7338791778164666,Medium
9935,15774586,West,692,Germany,Female,43,10,118588.83,1,1,1,161241.65,1,0.4592001293817121,Medium
9936,15603454,Sanders,735,Germany,Male,28,5,160454.15,2,0,1,114957.22,0,0.04087244110433606,Low
9937,15653037,Parks,609,France,Male,77,1,0.0,1,0,1,18708.76,0,0.03759481456754429,Low
9938,15782475,Edith,700,France,Female,42,8,0.0,2,1,1,105305.72,0,0.04635460425712453,Low
9939,15593496,Korovin,526,Spain,Female,36,5,91132.18,1,0,0,58111.71,0,0.14913693999928604,Low
9940,15808971,Lajoie,693,Spain,Female,57,9,0.0,2,1,1,135502.77,0,0.08763721392461837,Low
9941,15791972,Bergamaschi,748,France,Female,20,7,0.0,2,0,0,10792.42,0,0.02072205838043587,Low
9942,15676869,T'ien,657,Spain,Male,36,8,0.0,2,0,1,123866.43,0,0.01427283922104842,Low
9943,15683007,Torode,739,Germany,Female,25,5,113113.12,1,1,0,129181.27,0,0.2623590457116141,Low
9944,15659495,Fu,784,Spain,Male,23,2,0.0,1,1,1,6847.73,0,0.0911366116034425,Low
9945,15703923,Cameron,744,Germany,Male,41,7,190409.34,2,1,1,138361.48,0,0.03433836789349421,Low
9946,15674000,Cattaneo,645,France,Male,44,10,0.0,2,0,1,166707.22,0,0.045521760818358924,Low
9947,15618171,James,669,France,Female,33,9,0.0,2,0,1,107221.03,0,0.019533785695339027,Low
9948,15732202,Abramovich,615,France,Male,34,1,83503.11,2,1,1,73124.53,1,0.02411575273236041,Low
9949,15735078,Onwughara,724,Germany,Female,53,1,139687.66,2,1,1,12913.92,0,0.35791201184871124,Low
9950,15798615,Wan,850,France,Female,47,9,137301.87,1,1,0,44351.77,0,0.5562740877304944,Medium
9951,15638494,Salinas,625,Germany,Female,39,10,129845.26,1,1,1,96444.88,0,0.31216232982103226,Low
9952,15763874,Ho,635,Spain,Male,46,8,0.0,2,1,1,60739.16,0,0.05200714526359253,Low
9953,15696355,Cleveland,724,Germany,Male,37,6,125489.4,1,1,0,118570.53,0,0.2806717351914085,Low
9954,15655952,Burke,550,France,Male,47,2,0.0,2,1,1,97057.28,0,0.0698863658136758,Low
9955,15739850,Trentino,645,France,Male,45,6,155417.61,1,0,1,3449.22,0,0.19744323475484063,Low
9956,15611338,Kashiwagi,714,Spain,Male,29,4,0.0,2,1,1,37605.9,0,0.010267590544662517,Low
9957,15707861,Nucci,520,France,Female,46,10,85216.61,1,1,0,117369.52,1,0.612613052717019,Medium
9958,15672237,Oluchi,633,France,Male,25,1,0.0,1,1,0,100598.98,0,0.11218643974858943,Low
9959,15657771,Ts'ui,537,France,Male,37,6,0.0,1,1,1,17802.42,0,0.12383110865855809,Low
9960,15677783,Graham,764,Spain,Male,38,4,113607.47,1,1,0,91094.46,0,0.1216375814443232,Low
9961,15681026,Lucciano,795,Germany,Female,33,9,104552.72,1,1,1,120853.83,1,0.17771286572899425,Low
9962,15566543,Aldridge,573,Spain,Male,44,9,0.0,2,1,0,107124.17,0,0.07469024422908914,Low
9963,15594612,Flynn,702,Spain,Male,44,9,0.0,1,0,0,59207.41,1,0.4388732182360941,Low
9964,15814664,Scott,740,Germany,Male,33,2,126524.11,1,1,0,136869.31,0,0.2245499146441746,Low
9965,15642785,Douglas,479,France,Male,34,5,117593.48,2,0,0,113308.29,0,0.04116765104846015,Low
9966,15690164,Shao,627,Germany,Female,33,4,83199.05,1,0,0,159334.93,0,0.22618508812248805,Low
9967,15590213,Ch'en,479,Spain,Male,35,4,125920.98,1,1,1,20393.44,0,0.055939761182358265,Low
9968,15603794,Pugliesi,623,France,Male,48,5,118469.38,1,1,1,158590.25,0,0.2541775192952691,Low
9969,15733491,McGregor,512,Germany,Female,40,8,153537.57,2,0,0,23101.13,0,0.15733298681866353,Low
9970,15806360,Hou,609,France,Male,41,6,0.0,1,0,1,112585.19,0,0.20487233798466864,Low
9971,15587133,Thompson,518,France,Male,42,7,151027.05,2,1,0,119377.36,0,0.11489143812808054,Low
9972,15721377,Chou,833,France,Female,34,3,144751.81,1,0,0,166472.81,0,0.13284099549915088,Low
9973,15747927,Ch'in,758,France,Male,26,4,155739.76,1,1,0,171552.02,0,0.08953818873175669,Low
9974,15806455,Miller,611,France,Male,27,7,0.0,2,1,1,157474.1,0,0.011573393254897367,Low
9975,15695474,Barker,583,France,Male,33,7,122531.86,1,1,0,13549.24,0,0.08786729527531244,Low
9976,15666295,Smith,610,Germany,Male,50,1,113957.01,2,1,0,196526.55,1,0.5634042127622665,Medium
9977,15656062,Azikiwe,637,France,Female,33,7,103377.81,1,1,0,84419.78,0,0.11779389226174193,Low
9978,15579969,Mancini,683,France,Female,32,9,0.0,2,1,1,24991.92,0,0.015469453783592792,Low
9979,15703563,P'eng,774,France,Male,40,9,93017.47,2,1,0,191608.97,0,0.08662529553892531,Low
9980,15692664,Diribe,677,France,Female,58,1,90022.85,1,0,1,2988.28,0,0.31120957646958586,Low
9981,15719276,T'ao,741,Spain,Male,35,6,74371.49,1,0,0,99595.67,0,0.12311970824085286,Low
9982,15672754,Burbidge,498,Germany,Male,42,3,152039.7,1,1,1,53445.17,1,0.3133070127607716,Low
9983,15768163,Griffin,655,Germany,Female,46,7,137145.12,1,1,0,115146.4,1,0.726766598628339,Medium
9984,15656710,Cocci,613,France,Male,40,4,0.0,1,0,0,151325.24,0,0.350123973571205,Low
9985,15696175,Echezonachukwu,602,Germany,Male,35,7,90602.42,2,1,1,51695.41,0,0.044401332693897365,Low
9986,15586914,Nepean,659,France,Male,36,6,123841.49,2,1,0,96833.0,0,0.04995890165405455,Low
9987,15581736,Bartlett,673,Germany,Male,47,1,183579.54,2,0,1,34047.54,0,0.08713669886725836,Low
9988,15588839,Mancini,606,Spain,Male,30,8,180307.73,2,1,1,1914.41,0,0.0490836634462006,Low
9989,15589329,Pirozzi,775,France,Male,30,4,0.0,2,1,0,49337.84,0,0.01614942590365985,Low
9990,15605622,McMillan,841,Spain,Male,28,4,0.0,2,1,1,179436.6,0,0.011306056684429827,Low
9991,15798964,Nkemakonam,714,Germany,Male,33,3,35016.6,1,1,0,53667.08,0,0.10227943750484035,Low
9992,15769959,Ajuluchukwu,597,France,Female,53,4,88381.21,1,1,0,69384.71,1,0.7833417362332467,High
9993,15657105,Chukwualuka,726,Spain,Male,36,2,0.0,1,1,0,195192.4,0,0.22999372764310658,Low
9994,15569266,Rahman,644,France,Male,28,7,155060.41,1,1,0,29179.52,0,0.08739130558165857,Low
9995,15719294,Wood,800,France,Female,29,2,0.0,2,0,0,167773.55,0,0.03777534498157987,Low
9996,15606229,Obijiaku,771,France,Male,39,5,0.0,2,1,0,96270.64,0,0.03187259465657644,Low
9997,15569892,Johnstone,516,France,Male,35,10,57369.61,1,1,1,101699.77,0,0.08201023421814063,Low
9998,15584532,Liu,709,France,Female,36,7,0.0,1,0,1,42085.58,1,0.14444877798761918,Low
9999,15682355,Sabbatini,772,Germany,Male,42,3,75075.31,2,1,0,92888.52,1,0.09666093424819426,Low
10000,15628319,Walker,792,France,Female,28,4,130142.79,1,1,0,38190.78,0,0.13833323222549604,Low
