customer_id,name,geography,risk,score,owner,status
15634602,Hargrave,France,Low,0.3168139078841436,Unassigned,new
15647311,Hill,Spain,Low,0.2123543946616564,Unassigned,new
15619304,Onio,France,High,0.9569580042614781,Unassigned,new
15701354,Boni,France,Low,0.04978152822523709,Unassigned,new
15737888,Mitchell,Spain,Low,0.15231150957213985,Unassigned,new
15574012,Chu,Spain,Low,0.15202201698653045,Unassigned,new
15592531,Bartlett,France,Low,0.06492519417179615,Unassigned,new
15656148,Obinna,Germany,High,0.9747692434532258,Unassigned,new
15792365,He,France,Low,0.1224590409031167,Unassigned,new
15592389,H?,France,Low,0.04923235877295464,Unassigned,new
15767821,Bearce,France,Low,0.036389889662851324,Unassigned,new
15737173,Andrews,Spain,Low,0.018356073141463217,Unassigned,new
15632264,Kay,France,Low,0.024384276519736105,Unassigned,new
15691483,Chin,France,Low,0.048944940578819596,Unassigned,new
15600882,Scott,Spain,Low,0.02220701194852571,Unassigned,new
15643966,Goforth,Germany,Low,0.22931614340896553,Unassigned,new
15737452,Romeo,Germany,High,0.9510588722439693,Unassigned,new
15788218,Henderson,Spain,Low,0.016367615100770665,Unassigned,new
15661507,Muldrow,Spain,Medium,0.5744348121958089,Unassigned,new
15568982,Hao,France,Low,0.015775804627887247,Unassigned,new
15577657,McDonald,France,Low,0.02738937185219426,Unassigned,new
15597945,Dellucci,Spain,Low,0.03355565868552833,Unassigned,new
15699309,Gerasimov,Spain,Low,0.33538746631301347,Unassigned,new
15725737,Mosman,France,Low,0.05609704056009665,Unassigned,new
15625047,Yen,France,Low,0.21620879897670858,Unassigned,new
15738191,Maclean,France,Low,0.010868636006629252,Unassigned,new
15736816,Young,Germany,Low,0.14251051230296383,Unassigned,new
15700772,Nebechi,France,Low,0.05549705098428233,Unassigned,new
15728693,McWilliams,Germany,Low,0.36117811562157404,Unassigned,new
15656300,Lucciano,France,Low,0.024845602407596777,Unassigned,new
15589475,Azikiwe,Spain,Medium,0.7364159897115163,Unassigned,new
15706552,Odinakachukwu,France,Low,0.08540379788180259,Unassigned,new
15750181,Sanderson,Germany,Low,0.14902012769950262,Unassigned,new
15659428,Maggard,Spain,Low,0.049637997874349,Unassigned,new
15732963,Clements,Spain,Low,0.021745688180237727,Unassigned,new
15794171,Lombardo,France,Medium,0.4985066965709526,Unassigned,new
15788448,Watson,Spain,Low,0.05305779060621493,Unassigned,new
15729599,Lorenzo,Spain,Low,0.06012725825529554,Unassigned,new
15717426,Armstrong,France,Low,0.09236970617291473,Unassigned,new
15585768,Cameron,Germany,Low,0.07299364104341778,Unassigned,new
15619360,Hsiao,Spain,Low,0.3098210628354297,Unassigned,new
15738148,Clarke,France,High,0.8142367616948536,Unassigned,new
15687946,Osborne,France,Low,0.23505025763634377,Unassigned,new
15755196,Lavine,France,Medium,0.6152225961033596,Unassigned,new
15684171,Bianchi,Spain,Low,0.26208833422795547,Unassigned,new
15754849,Tyler,Germany,Low,0.07369959832699215,Unassigned,new
15602280,Martin,Germany,Low,0.1651762773695991,Unassigned,new
15771573,Okagbue,Germany,Low,0.2822376225850629,Unassigned,new
15766205,Yin,Germany,Low,0.2268358654275149,Unassigned,new
15771873,Buccho,Germany,Low,0.1401899286523636,Unassigned,new
15616550,Chidiebele,Germany,Low,0.19061461601977744,Unassigned,new
15768193,Trevisani,Germany,Low,0.07365891193010286,Unassigned,new
15683553,O'Brien,France,Low,0.029517892487987578,Unassigned,new
15702298,Parkhill,Germany,Low,0.4317668359929479,Unassigned,new
15569590,Yoo,Germany,Medium,0.5090392579894992,Unassigned,new
15760861,Phillipps,France,Low,0.16222633786912583,Unassigned,new
15630053,Tsao,France,Low,0.3334262943347524,Unassigned,new
15647091,Endrizzi,Germany,Low,0.09012708500869315,Unassigned,new
15623944,T'ien,Spain,High,0.835747771913374,Unassigned,new
15804771,Velazquez,France,Low,0.39581492282750735,Unassigned,new
15651280,Hunter,Germany,Low,0.24047455034166337,Unassigned,new
15773469,Clark,Germany,Low,0.08326499803146378,Unassigned,new
15702014,Jeffrey,Spain,Low,0.029897783844617717,Unassigned,new
15751208,Pirozzi,Spain,Low,0.2231849063972211,Unassigned,new
15592461,Jackson,Germany,Low,0.12305151099170453,Unassigned,new
15789484,Hammond,Germany,Low,0.04613428610857215,Unassigned,new
15696061,Brownless,Germany,Low,0.28450796132757816,Unassigned,new
15641582,Chibugo,Germany,Low,0.11923517165148095,Unassigned,new
15638424,Glauert,Germany,Low,0.06402288098208929,Unassigned,new
15755648,Pisano,France,Low,0.09700547161458427,Unassigned,new
15703793,Konovalova,Germany,High,0.9973370170610084,Unassigned,new
15620344,McKee,France,Low,0.14217030255859098,Unassigned,new
15812518,Palermo,Spain,Low,0.08391561990396842,Unassigned,new
15779052,Ballard,Germany,Low,0.04697261581642874,Unassigned,new
15770811,Wallace,France,Low,0.01732619939808876,Unassigned,new
15780961,Cavenagh,France,Low,0.10477716882840897,Unassigned,new
15614049,Hu,France,Low,0.053619603026998384,Unassigned,new
15662085,Read,France,Low,0.14491766907318557,Unassigned,new
15575185,Bushell,Spain,Low,0.09082130635588762,Unassigned,new
15803136,Postle,Germany,Low,0.383966900029331,Unassigned,new
15706021,Buley,France,Low,0.08214579935941006,Unassigned,new
15663706,Leonard,France,Low,0.21880992577570216,Unassigned,new
15641732,Mills,France,Low,0.029864092607989192,Unassigned,new
15701164,Onyeorulu,France,Low,0.1054277547285099,Unassigned,new
15738751,Beit,France,Low,0.14130455866279779,Unassigned,new
15805254,Ndukaku,Spain,Low,0.010278175317368358,Unassigned,new
15762418,Gant,Spain,Low,0.09632049370430305,Unassigned,new
15625759,Rowley,France,Low,0.017890007970175013,Unassigned,new
15622897,Sharpe,France,High,0.9056471599411416,Unassigned,new
15767954,Osborne,Germany,Low,0.04363811911541197,Unassigned,new
15757535,Heap,Spain,High,0.873337062472755,Unassigned,new
15731511,Ritchie,France,Low,0.175547908396134,Unassigned,new
15809248,Cole,France,Low,0.036233773437224205,Unassigned,new
15640635,Capon,France,Low,0.011015616853599601,Unassigned,new
15676966,Capon,Spain,Low,0.033508778803652314,Unassigned,new
15699461,Fiorentini,Spain,Low,0.09658776148638903,Unassigned,new
15738721,Graham,Spain,Low,0.09306962640639874,Unassigned,new
15693683,Yuille,Germany,Low,0.0347704321936289,Unassigned,new
15604348,Allard,Spain,Low,0.017109678004157063,Unassigned,new
15633059,Fanucci,France,Low,0.022710547929217,Unassigned,new
15808582,Fu,France,Low,0.29470222330680657,Unassigned,new
15743192,Hung,France,Low,0.151613478308279,Unassigned,new
15580146,Hung,France,Low,0.08800980363247551,Unassigned,new
15776605,Bradley,Spain,Low,0.02115118751128485,Unassigned,new
15804919,Dunbabin,Spain,Low,0.253469612602759,Unassigned,new
15613854,Mauldon,Spain,Low,0.19504202486772468,Unassigned,new
15599195,Stiger,Germany,Low,0.11080012956220407,Unassigned,new
15812878,Parsons,Germany,Low,0.22447872726057183,Unassigned,new
15602312,Walkom,Spain,Low,0.07887861328698292,Unassigned,new
15744689,T'ang,Germany,Low,0.22822369189662103,Unassigned,new
15803526,Eremenko,Germany,Low,0.1118578241678954,Unassigned,new
15665790,Rowntree,Germany,Low,0.1434772335808483,Unassigned,new
15715951,Thorpe,France,Low,0.2100250221773518,Unassigned,new
15591100,Chiemela,Spain,Low,0.052125860345748336,Unassigned,new
15609618,Fanucci,Germany,Low,0.041803500755216626,Unassigned,new
15675522,Ko,Germany,Low,0.07911789406242295,Unassigned,new
15705512,Welch,Germany,Low,0.2336667047582068,Unassigned,new
15698028,Duncan,France,Low,0.060092746204670665,Unassigned,new
15661670,Chidozie,Germany,Low,0.4424126782261276,Unassigned,new
15600781,Wu,Germany,Low,0.023917538045025905,Unassigned,new
15682472,Culbreth,France,Low,0.04174151366171309,Unassigned,new
15580203,Kennedy,Spain,Low,0.13528519946933676,Unassigned,new
15690673,Cameron,France,Low,0.057835456654562675,Unassigned,new
15760085,Calabresi,Germany,Medium,0.5937731674722629,Unassigned,new
15779659,Zetticci,France,Low,0.3033832884625492,Unassigned,new
15627360,Fuller,France,Low,0.20976628271127679,Unassigned,new
15671137,MacDonald,France,Medium,0.577193796208672,Unassigned,new
15782688,Piccio,Germany,High,0.9311750737585629,Unassigned,new
15575492,Kennedy,France,Low,0.07190253523762528,Unassigned,new
15591607,Fernie,France,Low,0.08428069678107704,Unassigned,new
15740404,He,France,Low,0.019050671207043166,Unassigned,new
15718369,Kaodilinakachukwu,Germany,Low,0.18258558907037437,Unassigned,new
15677871,Cocci,France,Low,0.07021892755549693,Unassigned,new
15642004,Alekseeva,France,Low,0.009246654016792828,Unassigned,new
15712543,Chinweike,Germany,Low,0.08412844527562773,Unassigned,new
15584518,Arthur,Germany,Low,0.3088522966514038,Unassigned,new
15802381,Li,Germany,Low,0.11238327709487891,Unassigned,new
15610156,Ma,France,Low,0.11820702448264753,Unassigned,new
15594408,Chia,Spain,High,0.7895527648281773,Unassigned,new
15640905,Vasin,Spain,Low,0.062077204662411,Unassigned,new
15698932,Groves,Germany,Medium,0.5098341375075695,Unassigned,new
15724944,Tien,France,Low,0.012649112311116636,Unassigned,new
15628145,Forwood,France,Low,0.20477211355549924,Unassigned,new
15713483,Greeves,Spain,High,0.8015660091237137,Unassigned,new
15612350,Taylor,France,Low,0.19099381245450195,Unassigned,new
15800703,Madukwe,Spain,Low,0.06036030807215855,Unassigned,new
15705707,Bennelong,Spain,Low,0.09320922361523623,Unassigned,new
15754105,Olisanugo,France,Low,0.10914553499411868,Unassigned,new
15703264,Chukwufumnanya,France,Low,0.2941586414831285,Unassigned,new
15794413,Harris,France,Low,0.01697786636379561,Unassigned,new
15650237,Morgan,Spain,Low,0.031088787272996344,Unassigned,new
15759618,Alexeeva,France,High,0.8198237385037169,Unassigned,new
15811589,Metcalfe,Spain,Low,0.05793361179760039,Unassigned,new
15689044,Humphries,France,Low,0.11629893625248973,Unassigned,new
15709368,Milne,France,Low,0.06489218275235245,Unassigned,new
15679145,Chou,Spain,High,0.8943452261490306,Unassigned,new
15655007,Li,France,Low,0.02822564705655519,Unassigned,new
15623595,Clayton,Spain,Low,0.019611683529067628,Unassigned,new
15589975,Maclean,France,Low,0.03184058397345418,Unassigned,new
15804017,Chigolum,Germany,Low,0.29885524857948953,Unassigned,new
15692132,Wilkinson,Spain,Low,0.06771984908188315,Unassigned,new
15641122,Wei,France,Low,0.017286844924412275,Unassigned,new
15630910,Treacy,France,Medium,0.6368875130803012,Unassigned,new
15680772,Hu,Spain,Low,0.023306732949002516,Unassigned,new
15658929,Taverner,Spain,Low,0.0965545661708897,Unassigned,new
15585388,Sherman,Germany,Low,0.047183656428675044,Unassigned,new
15724623,Taubman,Germany,Low,0.31355368548790513,Unassigned,new
15588537,Robinson,Spain,Low,0.299042594552118,Unassigned,new
15574692,Pinto,Spain,Low,0.04909907931930051,Unassigned,new
15611325,Wood,Germany,Low,0.02390348627694449,Unassigned,new
15587562,Hawkins,France,Low,0.145900071210855,Unassigned,new
15613172,Sun,Germany,Low,0.06327248346065655,Unassigned,new
15651022,Yost,Germany,Medium,0.6424153250924506,Unassigned,new
15586310,Ting,France,Low,0.1268719892395716,Unassigned,new
15625524,Rowe,France,Low,0.03165101667352495,Unassigned,new
15755209,Fu,Spain,Low,0.07655674701012119,Unassigned,new
15645248,Ho,France,Low,0.021434558291663325,Unassigned,new
15790355,Okechukwu,Germany,Low,0.021932781213969434,Unassigned,new
15762615,Campbell,Spain,Low,0.14254674889091115,Unassigned,new
15625426,Ashbolt,Germany,High,0.9020748620713811,Unassigned,new
15716334,Rozier,Spain,Low,0.2696359425695144,Unassigned,new
15789669,Hsia,France,Low,0.020993127624075267,Unassigned,new
15621075,Ogbonnaya,Germany,Low,0.30492575523133686,Unassigned,new
15810845,T'ang,France,Low,0.03306354087346497,Unassigned,new
15719377,Cocci,France,Medium,0.5715065001900849,Unassigned,new
15654506,Chang,France,Low,0.0183284904021361,Unassigned,new
15771977,T'ao,France,Low,0.2458401633964088,Unassigned,new
15708710,Ford,Spain,Low,0.2147232970726569,Unassigned,new
15726676,Marshall,Spain,Low,0.018561974261159023,Unassigned,new
15587421,Tsai,Germany,Low,0.1264113766476864,Unassigned,new
15726931,Onwumelu,France,Low,0.08190819049780108,Unassigned,new
15771086,Graham,France,Low,0.06413248237649316,Unassigned,new
15756850,Golovanov,France,Low,0.04412531386613586,Unassigned,new
15702741,Potts,France,Low,0.08236110193966303,Unassigned,new
15679200,Crawford,Spain,Low,0.02644845592279681,Unassigned,new
15594815,Aleshire,France,Low,0.0757182955501002,Unassigned,new
15635905,Moran,Spain,Low,0.020286810623725848,Unassigned,new
15777892,Samsonova,Germany,Low,0.17055838351947228,Unassigned,new
15656176,Jenkins,France,Low,0.041061176816582744,Unassigned,new
15811127,Volkov,France,Low,0.09799215907083482,Unassigned,new
15604482,Chiemezie,Spain,Low,0.05525226895284337,Unassigned,new
15622911,Jude,France,Low,0.12369087849539115,Unassigned,new
15600974,He,Spain,Medium,0.50001466444095,Unassigned,new
15727868,Onuora,France,Low,0.07676813120199023,Unassigned,new
15627801,Ginikanwa,Spain,Low,0.17148815777096518,Unassigned,new
15773039,Ku,France,Low,0.16100034230312002,Unassigned,new
15755262,McDonald,Spain,Low,0.3892177855968742,Unassigned,new
15679531,Collins,France,Low,0.04866088934858089,Unassigned,new
15684181,Hackett,France,Medium,0.5185839842533007,Unassigned,new
15612087,Dike,France,Low,0.2023137289413755,Unassigned,new
15752047,Trevisano,Germany,Low,0.055021115443567824,Unassigned,new
15624592,Tan,France,Low,0.014375763227178371,Unassigned,new
15573152,Glassman,France,Low,0.058936420624464296,Unassigned,new
15594917,Miller,France,Low,0.09308829450231922,Unassigned,new
15785542,Kornilova,Germany,Low,0.07345266548663043,Unassigned,new
15723488,Watson,Germany,Medium,0.5014648846864274,Unassigned,new
15680920,Marchesi,France,Medium,0.538593126697396,Unassigned,new
15786308,Millar,Spain,Low,0.049579125434787194,Unassigned,new
15659366,Shih,France,Low,0.1220615205240326,Unassigned,new
15774854,Fuller,France,Low,0.30314999382787794,Unassigned,new
15725311,Hay,France,Low,0.04043231104978964,Unassigned,new
15787155,Yang,Spain,Low,0.09696330384137274,Unassigned,new
15727829,McIntyre,France,Low,0.04015270093884384,Unassigned,new
15733247,Stevenson,France,Low,0.14205113994970242,Unassigned,new
15568748,Poole,Germany,Low,0.40546211193008685,Unassigned,new
15699029,Bagley,France,Low,0.055745147861427126,Unassigned,new
15774393,Ch'ien,France,Low,0.015430880190143381,Unassigned,new
15676895,Cattaneo,Germany,High,0.805676339663777,Unassigned,new
15637753,O'Sullivan,Germany,High,0.8140637017518494,Unassigned,new
15605461,Lucas,Germany,Low,0.3100274853108792,Unassigned,new
15808473,Ringrose,France,Low,0.007423503999201468,Unassigned,new
15627000,Freeman,France,Low,0.039814554938796355,Unassigned,new
15787174,Sergeyev,France,Low,0.043573531237395324,Unassigned,new
15723886,Fiore,Germany,Low,0.04278948110473565,Unassigned,new
15704769,Smith,France,Low,0.06533222966706985,Unassigned,new
15772896,Dumetochukwu,Germany,Medium,0.5065856377132186,Unassigned,new
15711540,Pacheco,France,Low,0.13342442958079573,Unassigned,new
15764866,Synnot,Germany,High,0.9624884018158295,Unassigned,new
15794056,Johnston,France,High,0.9060546280704527,Unassigned,new
15795149,Stevens,France,Low,0.023268885907533725,Unassigned,new
15812009,Grant,Spain,Low,0.029229899834367613,Unassigned,new
15651001,Tsao,Germany,Low,0.4329332799272178,Unassigned,new
15813844,Barnes,France,Low,0.03482163719634249,Unassigned,new
15596175,McIntosh,Germany,Low,0.1974220205170779,Unassigned,new
15576269,Madison,Spain,Low,0.01780131420710132,Unassigned,new
15797219,Ifesinachi,France,Low,0.29725914938650017,Unassigned,new
15685500,Glazkov,Germany,Low,0.0526775275269532,Unassigned,new
15599792,Dimauro,France,Low,0.022373045873750722,Unassigned,new
15657566,Wieck,Germany,Low,0.11053462037012704,Unassigned,new
15772423,Liao,Germany,High,0.8974421002777503,Unassigned,new
15628112,Hughes,Germany,Low,0.1900997613477453,Unassigned,new
15753754,Morrison,Spain,Low,0.020114125663690086,Unassigned,new
15793726,Matveyeva,France,Low,0.013327032283872758,Unassigned,new
15694717,Ku,Germany,Low,0.10668603004791115,Unassigned,new
15665834,Cheatham,Spain,Low,0.1972236438507178,Unassigned,new
15765297,Yao,Spain,Low,0.031230639530592984,Unassigned,new
15636684,Kirkland,France,Low,0.010621090135204693,Unassigned,new
15592979,Rose,Germany,Low,0.04528489019136683,Unassigned,new
15750803,Jess,France,Low,0.0725820863267245,Unassigned,new
15607178,Welch,Germany,Low,0.07607762254103337,Unassigned,new
15713853,Ifeajuna,Germany,Low,0.13928426891650583,Unassigned,new
15673481,Morton,Spain,Medium,0.5958584629636627,Unassigned,new
15686776,Rossi,France,Low,0.13937078202511294,Unassigned,new
15673693,Reppert,France,Low,0.0616666525458301,Unassigned,new
15700696,Kang,Spain,Low,0.05428461083423221,Unassigned,new
15813163,Ch'iu,Spain,Low,0.15430352433150707,Unassigned,new
15653857,Wallis,France,Low,0.013515136059622533,Unassigned,new
15777076,Clark,France,Low,0.01814587457641224,Unassigned,new
15717398,Fielding,Spain,Low,0.3116912976004661,Unassigned,new
15799217,Zetticci,Germany,Low,0.16504353214076647,Unassigned,new
15787071,Dulhunty,Spain,Low,0.040996752324314156,Unassigned,new
15619955,Bevington,Germany,High,0.8107920489129256,Unassigned,new
15796505,Boyle,Germany,Low,0.04369784401675047,Unassigned,new
15725166,Newton,France,Low,0.013870911932679414,Unassigned,new
15800116,Bowman,Germany,Low,0.11827403834712477,Unassigned,new
15758685,Dubinina,Spain,Low,0.025067326460435448,Unassigned,new
15694456,Toscani,France,Low,0.3251224933760896,Unassigned,new
15767339,Chiazagomekpere,France,Medium,0.4733979352525042,Unassigned,new
15683562,Allen,France,Low,0.07528571141967477,Unassigned,new
15782210,K'ung,France,Medium,0.582926803018618,Unassigned,new
15668893,Wilsmore,France,Low,0.016820413163255964,Unassigned,new
15669169,Hargreaves,Spain,Low,0.009423697419693094,Unassigned,new
15643024,Huang,Germany,Low,0.16823842457380012,Unassigned,new
15699389,Ch'ien,France,Low,0.16552553659105662,Unassigned,new
15708608,Wallwork,France,Low,0.09523754199046759,Unassigned,new
15626144,Chu,France,Low,0.08282536311848884,Unassigned,new
15573112,Kang,Spain,Low,0.08608355896180556,Unassigned,new
15790678,Davidson,France,Low,0.11745986436820029,Unassigned,new
15727556,O'Donnell,Spain,Low,0.1032012665319576,Unassigned,new
15697307,Nnachetam,Spain,Low,0.017202227798252367,Unassigned,new
15652266,Chidiebele,Germany,Low,0.1623768113449047,Unassigned,new
15607098,Ahmed,Spain,Low,0.1517731064700926,Unassigned,new
15655774,Booth,France,Low,0.014696534126355838,Unassigned,new
15590241,Chuang,Spain,Low,0.167979505926233,Unassigned,new
15785819,Shao,France,Low,0.01840561666206574,Unassigned,new
15723654,Tsao,France,Low,0.08112370157847033,Unassigned,new
15774510,Tien,France,Low,0.06463268629411754,Unassigned,new
15684173,Chang,Spain,High,0.8924617484538548,Unassigned,new
15650068,Johnson,France,Low,0.2055309782326442,Unassigned,new
15811490,French,France,Low,0.011530202672185536,Unassigned,new
15803976,Efremov,France,Low,0.03648489173543379,Unassigned,new
15682541,Hartley,Spain,Low,0.1492931929949102,Unassigned,new
15695699,Calabrese,France,Low,0.016556312783830216,Unassigned,new
15624188,Chiu,France,Low,0.024693598117296177,Unassigned,new
15812191,Brennan,France,Low,0.07714616536229676,Unassigned,new
15636673,Onwuatuegwu,France,Low,0.04581877315734923,Unassigned,new
15594898,Hewitt,France,Low,0.2555066261907494,Unassigned,new
15660211,Shih,Germany,Low,0.07439408479436418,Unassigned,new
15773972,Balashov,France,Medium,0.5817625939838371,Unassigned,new
15746726,Doyle,Germany,Low,0.10472217826262932,Unassigned,new
15712287,Pokrovskii,France,Low,0.010481905294574934,Unassigned,new
15702919,Collins,Germany,Low,0.09085877019959761,Unassigned,new
15674398,Russo,France,Low,0.035157927965775354,Unassigned,new
15797960,Skinner,Germany,High,0.9212885651488383,Unassigned,new
15631868,Robertson,Spain,Low,0.04677623091211635,Unassigned,new
15581539,Atkinson,Spain,Low,0.022955123739680675,Unassigned,new
15662736,Doyle,France,Medium,0.5454549961867866,Unassigned,new
15666252,Ritchie,Spain,Low,0.027712535066038685,Unassigned,new
15677512,McEncroe,Spain,Low,0.23121769467987457,Unassigned,new
15626114,Pearson,France,Low,0.07233301357720233,Unassigned,new
15810834,Gordon,Spain,Low,0.24629465549354507,Unassigned,new
15678910,Ts'ai,France,Low,0.07884683613739997,Unassigned,new
15694408,Lung,France,Low,0.1861243435286791,Unassigned,new
15585215,Yuan,France,Low,0.0257694906660536,Unassigned,new
15682757,Pardey,France,Low,0.017732265916245854,Unassigned,new
15736601,Tai,France,Low,0.09272774488134376,Unassigned,new
15601848,Scott,France,Low,0.02038848251889947,Unassigned,new
15736008,Hunter,France,Medium,0.5021720465817321,Unassigned,new
15669064,Mazzanti,Germany,Low,0.12726954505684548,Unassigned,new
15624528,L?,Germany,Low,0.04415582217819711,Unassigned,new
15598493,Beach,France,Low,0.06768244445041162,Unassigned,new
15601274,Hsieh,Spain,Low,0.26676303614034774,Unassigned,new
15702669,Faulkner,Germany,Low,0.18670767270934102,Unassigned,new
15728669,Knowles,Germany,Low,0.3272661965119026,Unassigned,new
15742668,Day,Spain,Low,0.1594335824430853,Unassigned,new
15697441,Hsueh,France,Low,0.17568344999467048,Unassigned,new
15740476,Tsao,Germany,Low,0.05954369942720299,Unassigned,new
15648064,Kennedy,France,Low,0.015393598954293826,Unassigned,new
15636624,Nwabugwu,Spain,Low,0.2809326149195357,Unassigned,new
15807923,Young,Germany,Medium,0.47290618019672703,Unassigned,new
15745844,Kerr,Germany,Low,0.16139976529326486,Unassigned,new
15786170,Tien,France,Low,0.08387273108476472,Unassigned,new
15681081,Marrero,Spain,Low,0.09015097982470095,Unassigned,new
15684484,White,France,Low,0.016847741328226088,Unassigned,new
15785869,Pisano,France,Low,0.02441768981357758,Unassigned,new
15763859,Brown,France,Low,0.07314723270466615,Unassigned,new
15658935,Freeman,Germany,Low,0.11841840075080712,Unassigned,new
15747358,Russell,Germany,Low,0.18678203338649313,Unassigned,new
15735203,Seleznyov,Germany,Low,0.18719255545217178,Unassigned,new
15576256,Yusupova,France,Low,0.021888304044211184,Unassigned,new
15659420,Foley,Spain,Low,0.028010093202684834,Unassigned,new
15593365,Shih,Spain,Low,0.1134407156789737,Unassigned,new
15777352,Ikedinachukwu,Spain,Low,0.16017402419229199,Unassigned,new
15812007,Power,Spain,Low,0.009302664411345966,Unassigned,new
15625461,Amos,France,Low,0.24622492832718493,Unassigned,new
15739438,Reed,France,Low,0.017423263929971424,Unassigned,new
15611759,Simmons,Spain,Low,0.18287289313148036,Unassigned,new
15661629,Ricci,Spain,Low,0.108446207367322,Unassigned,new
15633950,Yen,France,Low,0.10067940821139035,Unassigned,new
15592386,Campbell,France,Low,0.05289651025582828,Unassigned,new
15803716,West,Spain,Low,0.016322639968855083,Unassigned,new
15696674,Robinson,Germany,Medium,0.5288577480400548,Unassigned,new
15706365,Bianchi,France,Low,0.38944555615447335,Unassigned,new
15745088,Chen,Germany,Low,0.09438685362031674,Unassigned,new
15676715,Madukaego,France,Low,0.026095834414659066,Unassigned,new
15613085,Ibrahimova,Spain,Low,0.18694271072260085,Unassigned,new
15633537,Nolan,Germany,Low,0.2474225898129412,Unassigned,new
15594720,Scott,Germany,Low,0.08965463219541216,Unassigned,new
15684042,Blair,Germany,Low,0.017416791357019845,Unassigned,new
15583303,Monaldo,France,Low,0.11716787970495644,Unassigned,new
15611579,Sutherland,Spain,Low,0.12897439317965514,Unassigned,new
15774696,Cole,Germany,Low,0.06628918192984566,Unassigned,new
15694506,Briggs,Germany,Low,0.051722324682779056,Unassigned,new
15688074,Gregory,Germany,Low,0.11710937229872995,Unassigned,new
15759537,Bianchi,Germany,Low,0.02058337389015248,Unassigned,new
15758449,Angelo,France,Low,0.21260516474607902,Unassigned,new
15583456,Gardiner,Germany,High,0.9530414258504118,Unassigned,new
15667871,Kerr,Spain,Low,0.0838452975097705,Unassigned,new
15677371,Ko,Spain,Low,0.22893363821728882,Unassigned,new
15629677,Distefano,Spain,High,0.7788659611982779,Unassigned,new
15713578,Farrell,France,Low,0.12311212234997232,Unassigned,new
15591509,Milano,France,Low,0.044954664463727166,Unassigned,new
15568240,Ting,Germany,Low,0.04822430328002176,Unassigned,new
15622993,Boyd,Germany,Low,0.06707702477696997,Unassigned,new
15689294,Onyemaechi,Germany,Medium,0.5561060148099786,Unassigned,new
15720910,Black,France,Low,0.16613165876774325,Unassigned,new
15721181,Oliver,Spain,Low,0.10301066127117928,Unassigned,new
15776433,Greco,Spain,Low,0.06408584154931865,Unassigned,new
15748936,Whitehead,Spain,Low,0.1061385057127374,Unassigned,new
15717225,Ikemefuna,France,Low,0.06051648870591118,Unassigned,new
15685226,Morrison,Germany,Low,0.15072771221982312,Unassigned,new
15785611,Onyeoruru,Germany,Low,0.058762869011985415,Unassigned,new
15573456,Cunningham,Spain,Low,0.225574433080973,Unassigned,new
15684548,Demidov,Spain,Low,0.02339768714196082,Unassigned,new
15620505,Celis,Spain,Low,0.07204511236905373,Unassigned,new
15807432,Cheng,Germany,Low,0.11556691234878144,Unassigned,new
15584766,Knight,France,Low,0.06824577964258759,Unassigned,new
15612187,Morin,Germany,Low,0.18433654154878362,Unassigned,new
15762218,Mills,France,Low,0.04534056545486033,Unassigned,new
15646372,Outhwaite,France,Medium,0.7466434482520322,Unassigned,new
15690452,Tung,France,Medium,0.7328626616461607,Unassigned,new
15747795,Pai,Germany,Low,0.27711756832778006,Unassigned,new
15781589,Carpenter,Spain,Low,0.1060754169177887,Unassigned,new
15732674,Fennell,Spain,Low,0.022924009008865955,Unassigned,new
15642291,Fontaine,France,Low,0.010183899293271842,Unassigned,new
15692761,Pratt,France,Low,0.16513049567547658,Unassigned,new
15578045,Mitchell,Spain,Medium,0.6940742419205154,Unassigned,new
15745354,Franklin,Spain,Low,0.04326727430216227,Unassigned,new
15701376,K'ung,Germany,Low,0.04294450076549227,Unassigned,new
15691625,Ko,Germany,Medium,0.4531551431851791,Unassigned,new
15566594,McKenzie,Spain,Low,0.01589052726086765,Unassigned,new
15760431,Pino,France,Low,0.014697693711998435,Unassigned,new
15686302,Fisk,Spain,Low,0.07874536177471199,Unassigned,new
15801559,Chiang,Germany,High,0.7870552884565893,Unassigned,new
15810432,Moseley,Spain,Low,0.021702751612135356,Unassigned,new
15809616,Hsiung,Spain,Low,0.02731442421390583,Unassigned,new
15720559,Heath,Germany,High,0.9542870687963032,Unassigned,new
15695632,Dellucci,France,Low,0.13298821140016218,Unassigned,new
15659843,Li,France,Low,0.1451560587006586,Unassigned,new
15615624,De Salis,France,Low,0.03824334053509919,Unassigned,new
15810418,T'ang,Germany,High,0.947852512185428,Unassigned,new
15716186,Richardson,France,Low,0.04417370508276576,Unassigned,new
15674551,Fitch,Germany,Medium,0.47069808645827615,Unassigned,new
15622834,Stevenson,France,Low,0.2378662714519111,Unassigned,new
15566111,Estes,France,Low,0.23242951385218458,Unassigned,new
15784597,Lattimore,France,Low,0.10282894118233764,Unassigned,new
15652883,Chung,Germany,Low,0.12507152847372985,Unassigned,new
15806964,Utz,France,Low,0.2332537330794363,Unassigned,new
15576313,Wei,Germany,Low,0.29489059986862304,Unassigned,new
15806467,Boyle,Germany,Medium,0.4590833988960465,Unassigned,new
15597602,Nwachinemelu,Germany,Low,0.4432946588896831,Unassigned,new
15743040,Kuznetsova,Germany,Low,0.0761806512131334,Unassigned,new
15705521,Pisani,Germany,Low,0.30911267243437585,Unassigned,new
15595039,Manna,Germany,Low,0.3640976711880223,Unassigned,new
15799384,Collier,France,Low,0.1335436530806527,Unassigned,new
15581197,Ricci,France,Low,0.38630873534525584,Unassigned,new
15693737,Carr,Germany,Low,0.05588955928472748,Unassigned,new
15624623,Hs?,France,Low,0.04225248156967069,Unassigned,new
15783501,Findlay,France,Low,0.14962068857956845,Unassigned,new
15690134,Hughes,Germany,Low,0.3137442757440186,Unassigned,new
15782735,Chukwuemeka,France,Low,0.22385121079841433,Unassigned,new
15611088,Genovese,France,Low,0.029615316071361954,Unassigned,new
15672145,Swift,France,Low,0.05013930632917681,Unassigned,new
15732628,Ugoji,France,Low,0.18871324609619566,Unassigned,new
15787470,Parkinson,Spain,Medium,0.48207516246532,Unassigned,new
15803406,Ross,France,Low,0.10999710938666848,Unassigned,new
15730460,Oleary,France,Low,0.19436394513011296,Unassigned,new
15644572,Turnbull,France,Low,0.11041817727611973,Unassigned,new
15694860,Uspensky,France,Low,0.2538148952904048,Unassigned,new
15658169,Cook,Spain,Low,0.4019985491782127,Unassigned,new
15794396,Newbold,Germany,Low,0.1320570112187437,Unassigned,new
15785798,Uchechukwu,France,Low,0.024305110080300996,Unassigned,new
15710825,Ch'en,Spain,Low,0.08147630464234622,Unassigned,new
15668444,He,Spain,Low,0.36129788513512834,Unassigned,new
15726631,Hilton,France,Low,0.1361353059974181,Unassigned,new
15733797,Sal,France,Low,0.026150996422758033,Unassigned,new
15747960,Eluemuno,France,Low,0.08060424509330817,Unassigned,new
15634632,Titus,France,Low,0.02652367644248932,Unassigned,new
15707362,Yin,Germany,Medium,0.5729167845779716,Unassigned,new
15662976,Lettiere,Spain,Low,0.14842719294668225,Unassigned,new
15732778,Templeman,Germany,Low,0.04422573771483707,Unassigned,new
15718443,Chibuzo,France,Low,0.029948196755447794,Unassigned,new
15670039,Sun,Spain,Low,0.06312677749005191,Unassigned,new
15773792,Evans,France,Low,0.07888284593192725,Unassigned,new
15613786,Ogbonnaya,Spain,Low,0.010011225562251187,Unassigned,new
15726032,Enyinnaya,France,Low,0.08234972107543817,Unassigned,new
15663252,Olisanugo,Spain,Low,0.01815494761838856,Unassigned,new
15593782,Brookes,Germany,High,0.9160983582973139,Unassigned,new
15633283,Padovano,France,Low,0.019076508673236413,Unassigned,new
15749167,Fisk,France,Low,0.01558918067166864,Unassigned,new
15759298,Shih,Spain,Low,0.047374589421476404,Unassigned,new
15683625,Hare,France,Low,0.11658313933700136,Unassigned,new
15635367,Muir,France,Low,0.08681674970094864,Unassigned,new
15681705,Fanucci,France,Low,0.01598746036092564,Unassigned,new
15603156,Elewechi,France,Low,0.027178927807503663,Unassigned,new
15591986,Johnston,Germany,Medium,0.7098259051567054,Unassigned,new
15798888,Pisano,Germany,Low,0.19018752681037776,Unassigned,new
15809722,Ankudinov,France,Low,0.1545692360874338,Unassigned,new
15677538,Nwokike,France,Low,0.13176928678892105,Unassigned,new
15797736,Smith,France,Low,0.053176075680818266,Unassigned,new
15695585,Atkins,Spain,Low,0.055278071161957244,Unassigned,new
15744398,Burns,France,Low,0.039305278173721016,Unassigned,new
15750658,Obiuto,France,Medium,0.5066066732498551,Unassigned,new
15578186,Pirozzi,Germany,Low,0.10353175446972729,Unassigned,new
15676519,George,Spain,Medium,0.5424679719741853,Unassigned,new
15637954,Lewis,France,Low,0.07589612028479578,Unassigned,new
15758639,Moran,France,Low,0.02137016395816746,Unassigned,new
15613772,Dalrymple,France,Low,0.10552868055623107,Unassigned,new
15731744,Carslaw,France,Low,0.011538049748441023,Unassigned,new
15807709,Kirby,Germany,Low,0.21711875346688075,Unassigned,new
15714689,Houghton,Spain,Low,0.05095734072131491,Unassigned,new
15699005,Martin,France,Low,0.1513890522720218,Unassigned,new
15624170,Tan,France,Low,0.06385939038442988,Unassigned,new
15725679,Hsia,France,High,0.8739075824807034,Unassigned,new
15585865,Westerberg,France,Low,0.1493690619585394,Unassigned,new
15804256,Hale,Germany,Low,0.04621902934772904,Unassigned,new
15662403,Kryukova,France,Low,0.11673505516771378,Unassigned,new
15733616,Sopuluchukwu,France,Low,0.11786947429897976,Unassigned,new
15591995,Barry,Germany,Low,0.04277824237578015,Unassigned,new
15677020,Selezneva,France,Low,0.4099259320825035,Unassigned,new
15727688,Chizuoke,Spain,Low,0.011457500944705913,Unassigned,new
15715941,Lueck,France,Low,0.053580876372157936,Unassigned,new
15714485,Udinese,France,High,0.8470177554560122,Unassigned,new
15730059,Udobata,Spain,Low,0.0835030349612029,Unassigned,new
15715527,Freeman,Spain,Medium,0.5886036121697885,Unassigned,new
15576623,Outlaw,France,Low,0.014647760071245942,Unassigned,new
15805565,Obiuto,Germany,Low,0.24217067104297235,Unassigned,new
15677307,Lo,Germany,Medium,0.46214050109882615,Unassigned,new
15773890,Okechukwu,France,Low,0.010262008838738606,Unassigned,new
15598883,King,Spain,Low,0.03588571461245383,Unassigned,new
15568506,Forbes,Germany,Low,0.040213910629837465,Unassigned,new
15761043,Macleod,Germany,Low,0.10528586698238224,Unassigned,new
15782236,Gibbs,Spain,Low,0.018025325770585958,Unassigned,new
15593601,Isayev,France,Low,0.04791449494106582,Unassigned,new
15682048,Pisano,France,Low,0.34333050433270035,Unassigned,new
15746902,Belstead,Spain,Low,0.028197630978924876,Unassigned,new
15752081,Vassiliev,France,High,0.8584862373093701,Unassigned,new
15781307,Schneider,Germany,Low,0.10033109834094622,Unassigned,new
15775912,Mazzanti,France,Low,0.21755244876777127,Unassigned,new
15745417,Knipe,France,Low,0.2206227988289772,Unassigned,new
15671256,Macartney,France,High,0.7699024257170614,Unassigned,new
15653547,Madukwe,France,Low,0.1864154477677943,Unassigned,new
15595766,Watts,Spain,Low,0.044720358361100554,Unassigned,new
15742358,Humphreys,Germany,Low,0.10916711250187183,Unassigned,new
15763274,Wu,France,Medium,0.4854586208755533,Unassigned,new
15786063,Chin,France,Low,0.017539599615948767,Unassigned,new
15600258,Chesnokova,France,Low,0.03822550884019768,Unassigned,new
15573318,Kung,France,Low,0.01802964416358807,Unassigned,new
15653849,Lu,Germany,High,0.7582976507698974,Unassigned,new
15694272,Nkemakolam,France,Low,0.05314021957419997,Unassigned,new
15736112,Walton,Spain,Low,0.19348940192978048,Unassigned,new
15749851,Brookes,Spain,Low,0.08061329767966449,Unassigned,new
15663478,Baldwin,France,Low,0.040414706471900846,Unassigned,new
15592300,Mai,Spain,Low,0.1418559331224663,Unassigned,new
15567832,Shih,France,Low,0.25160838547802106,Unassigned,new
15776780,He,France,High,0.9094073925905674,Unassigned,new
15592846,Fiorentini,Germany,Low,0.09113094517504339,Unassigned,new
15739803,Lucciano,Spain,Low,0.01747054089884059,Unassigned,new
15794142,Ferreira,Germany,High,0.9635891065845827,Unassigned,new
15762729,Ukaegbunam,Germany,Low,0.3247596248943577,Unassigned,new
15667896,De Luca,France,Low,0.029017954128166268,Unassigned,new
15626578,Milne,France,Low,0.01170646041307077,Unassigned,new
15776223,Davide,France,Low,0.24592374781727727,Unassigned,new
15705953,Kodilinyechukwu,Spain,Medium,0.6090963837309504,Unassigned,new
15802593,Little,France,High,0.9138565281169934,Unassigned,new
15615457,Burns,Spain,Low,0.19050167979638122,Unassigned,new
15708916,Paterson,France,Low,0.028567449920225217,Unassigned,new
15720187,Han,Germany,Low,0.09783293829719934,Unassigned,new
15595440,Kryukova,France,Low,0.16958123491722105,Unassigned,new
15600651,Ijendu,France,Low,0.24895567113196415,Unassigned,new
15750141,Reichard,Germany,Low,0.06280647454698503,Unassigned,new
15657284,Day,Germany,Medium,0.5366186230669825,Unassigned,new
15763063,Price,Spain,Low,0.12071241457915952,Unassigned,new
15709324,Bruce,France,Low,0.013080472182005195,Unassigned,new
15711309,Sumrall,Germany,Low,0.2090528097438474,Unassigned,new
15775318,Lu,Spain,High,0.983951336760445,Unassigned,new
15705515,Lazarev,Germany,Low,0.1437969074259798,Unassigned,new
15634844,Miller,Germany,Low,0.4492866732651253,Unassigned,new
15717046,Wentworth-Shields,Spain,Low,0.0625723153950189,Unassigned,new
15571816,Ritchie,Spain,Low,0.1391933441435929,Unassigned,new
15670080,Mackenzie,Germany,Low,0.1848524717845611,Unassigned,new
15800440,Power,Spain,Low,0.1584577527221206,Unassigned,new
15665678,Tan,Spain,Low,0.051862194009555794,Unassigned,new
15665956,Pendergrass,France,Medium,0.6686129008472456,Unassigned,new
15788126,Evans,Spain,Low,0.10289828242391041,Unassigned,new
15811773,Hsia,France,Low,0.016287444648273117,Unassigned,new
15651674,Billson,Spain,High,0.964178943462808,Unassigned,new
15689614,Teng,Spain,Low,0.20325836275506676,Unassigned,new
15795564,Moretti,Germany,Low,0.04820253048098616,Unassigned,new
15706647,Jordan,France,Low,0.31822036604265036,Unassigned,new
15728505,Ts'ao,France,Low,0.10829869556529201,Unassigned,new
15730076,Osborne,France,Medium,0.5062081054136092,Unassigned,new
15622003,Carslaw,France,Low,0.045630347495088,Unassigned,new
15607312,Ch'ang,Spain,Low,0.13793540027445533,Unassigned,new
15644753,Hung,Spain,Low,0.10007255944244345,Unassigned,new
15653620,Gordon,France,Low,0.01517455469046977,Unassigned,new
15761986,Obialo,Spain,Low,0.14185560284255547,Unassigned,new
15633922,Gray,France,Low,0.026672922275334767,Unassigned,new
15734674,Lin,France,Low,0.3688041385959368,Unassigned,new
15658032,Hopkins,France,Low,0.020118074256421398,Unassigned,new
15692671,Dobson,Spain,Low,0.022201979862451253,Unassigned,new
15737741,McKay,Spain,Low,0.05417450085107763,Unassigned,new
15576352,Revell,Spain,Low,0.08634080861157169,Unassigned,new
15753719,Rickards,Germany,Low,0.13998660753616393,Unassigned,new
15803689,Begum,Germany,Medium,0.7063005564808058,Unassigned,new
15718057,Onyinyechukwuka,France,High,0.8045937831471759,Unassigned,new
15722010,Zuyev,Spain,Medium,0.7152223337112819,Unassigned,new
15680998,Nwankwo,France,Low,0.2529332654464116,Unassigned,new
15614782,Hao,France,Low,0.18481286477667416,Unassigned,new
15591047,Ma,Spain,Medium,0.5091611484782993,Unassigned,new
15788291,Okwuadigbo,Germany,Low,0.2460413683492918,Unassigned,new
15604044,Mitchell,France,Low,0.13414763947733865,Unassigned,new
15679587,Chan,France,Low,0.07329648389993945,Unassigned,new
15775153,Buchi,Spain,Low,0.10979141441194071,Unassigned,new
15603925,Greco,Spain,Low,0.08140555142242979,Unassigned,new
15680970,Lombardi,Germany,Medium,0.5242102887190588,Unassigned,new
15697183,Uchenna,Spain,Low,0.057220690036772236,Unassigned,new
15567446,Coffman,Germany,Low,0.25985646523543676,Unassigned,new
15637476,Alexandrova,Germany,High,0.9272439933389334,Unassigned,new
15714939,Fallaci,Germany,Low,0.2029094440719332,Unassigned,new
15683503,Hudson,France,High,0.7970497043799292,Unassigned,new
15645569,Mai,Spain,Low,0.05675129127310172,Unassigned,new
15782569,Stout,France,Low,0.06414087096584033,Unassigned,new
15592387,Burke,France,Low,0.12322675781018763,Unassigned,new
15609286,Chadwick,France,Low,0.048739426622176986,Unassigned,new
15814035,Lawrence,France,Low,0.0726924696336963,Unassigned,new
15661249,Bellucci,France,Low,0.07198160551360769,Unassigned,new
15629117,Harper,France,Low,0.013688502636904446,Unassigned,new
15607170,Boyle,France,Low,0.011601405330243031,Unassigned,new
15586585,Duncan,Germany,High,0.864498593937541,Unassigned,new
15686611,Moss,France,Low,0.07391546372198005,Unassigned,new
15603203,Avdeyeva,France,Low,0.023751519087723338,Unassigned,new
15619857,Crawford,France,Low,0.18282064093687644,Unassigned,new
15805062,Lynton,Spain,Low,0.08537268190327,Unassigned,new
15660271,Duncan,Germany,Low,0.10110024027169613,Unassigned,new
15745295,Gether,Spain,Low,0.20662375156372625,Unassigned,new
15719352,Davidson,Spain,Low,0.12064990885266931,Unassigned,new
15766575,Larionova,Germany,High,0.9280643988673664,Unassigned,new
15594594,Loggia,Spain,Low,0.10991702633611665,Unassigned,new
15646161,Steinhoff,Spain,Low,0.034307484412417995,Unassigned,new
15682585,Guerra,France,Low,0.09968371319976783,Unassigned,new
15603134,Pai,Spain,Low,0.2312661094524166,Unassigned,new
15636444,Craig,Germany,Low,0.2778734890558291,Unassigned,new
15773456,Lazareva,Germany,Low,0.055685634330473306,Unassigned,new
15745307,Ch'iu,Spain,Low,0.3698539175606893,Unassigned,new
15604119,Alderete,Spain,Low,0.09520091085720118,Unassigned,new
15626900,Kung,France,Low,0.08840632391970353,Unassigned,new
15605447,Palermo,France,Medium,0.6261935037335428,Unassigned,new
15589030,Ts'ai,France,Low,0.06634037993861996,Unassigned,new
15692463,Rahman,Spain,Low,0.1460857162324687,Unassigned,new
15712403,McMillan,France,High,0.9358503067336066,Unassigned,new
15811762,Pickering,Germany,High,0.934588365365478,Unassigned,new
15718673,Mirams,Spain,Low,0.16637976875579533,Unassigned,new
15724282,Tsao,Germany,Low,0.15631677547663836,Unassigned,new
15738181,Douglas,France,Low,0.025061813246698206,Unassigned,new
15633648,Jideofor,Spain,Low,0.3039937615880638,Unassigned,new
15603323,Bell,Spain,Low,0.029337489704648324,Unassigned,new
15583725,Mairinger,France,Low,0.27731714742259633,Unassigned,new
15588350,McIntyre,France,Low,0.2208798040096158,Unassigned,new
15798398,Pagnotto,France,Low,0.16532680759464588,Unassigned,new
15784844,K'ung,Spain,Medium,0.49988922412311615,Unassigned,new
15580684,Feng,France,Low,0.13401780487439632,Unassigned,new
15809663,Donaldson,France,Low,0.06443122227017213,Unassigned,new
15640078,Chambers,Germany,Low,0.41591796585810364,Unassigned,new
15698786,Marcelo,France,Low,0.29859703672381827,Unassigned,new
15569807,Ejimofor,France,Low,0.18993820612508625,Unassigned,new
15730830,Dale,France,Low,0.018031468338220752,Unassigned,new
15805112,Pokrovsky,France,Low,0.14927384582379524,Unassigned,new
15633064,Stonebraker,France,Low,0.030094744393554054,Unassigned,new
15703119,Liang,France,Low,0.01744990193177017,Unassigned,new
15730447,Anderson,France,Low,0.15997186029966834,Unassigned,new
15813850,Christian,France,Low,0.37239487262354215,Unassigned,new
15711889,Mao,France,Low,0.2035200136157523,Unassigned,new
15664610,Campbell,Germany,Medium,0.5677307849500244,Unassigned,new
15751710,Ginikanwa,Spain,Low,0.03151064120607583,Unassigned,new
15692926,Toscani,Germany,Low,0.09818017003315183,Unassigned,new
15813741,Nnachetam,Spain,Low,0.06489208956413932,Unassigned,new
15698474,Sagese,Germany,Low,0.22498389140075115,Unassigned,new
15568595,Fleming,France,Low,0.10576335151163889,Unassigned,new
15603065,Grubb,France,Low,0.026683703496133346,Unassigned,new
15592937,Napolitani,Germany,Low,0.24623545658801402,Unassigned,new
15699637,Anenechi,Spain,Low,0.1674223936709377,Unassigned,new
15667215,Chandler,France,Low,0.009997236842121476,Unassigned,new
15788659,Howells,France,Low,0.05386964375470157,Unassigned,new
15763218,Akeroyd,France,Low,0.053340479476632396,Unassigned,new
15645772,Onwumelu,France,Low,0.010570364609787896,Unassigned,new
15725511,Wallace,France,Low,0.0917414631937412,Unassigned,new
15575024,Uwaezuoke,France,Low,0.012698168332102326,Unassigned,new
15640825,Loyau,Spain,Low,0.1930173168155489,Unassigned,new
15662397,Small,France,Low,0.27245345730247617,Unassigned,new
15576368,Bledsoe,Germany,Medium,0.5750205530707126,Unassigned,new
15674991,Kao,France,Low,0.028975042199308302,Unassigned,new
15721024,Wickens,France,Low,0.11070549691830148,Unassigned,new
15745621,Wertheim,Spain,Low,0.047873316159749504,Unassigned,new
15642394,He,Spain,Low,0.018847353411882838,Unassigned,new
15754605,Jarvis,France,Low,0.030949058493266977,Unassigned,new
15607040,P'an,Spain,Low,0.08637040549130778,Unassigned,new
15715142,Repina,Germany,Low,0.41877443655633545,Unassigned,new
15810978,Pugliesi,Spain,Low,0.025773059291064677,Unassigned,new
15668886,Blakey,Spain,Low,0.0437855831360212,Unassigned,new
15780804,Nucci,France,Low,0.19510924223185858,Unassigned,new
15613880,Higinbotham,Spain,Low,0.19039837582756342,Unassigned,new
15775238,Achebe,Germany,Low,0.3858713806597143,Unassigned,new
15786905,Russo,Germany,Low,0.1828970090332632,Unassigned,new
15747867,Trevisani,France,Low,0.08245546664433043,Unassigned,new
15600337,Dobie,Spain,Low,0.32761831230849525,Unassigned,new
15801277,Maccallum,France,Low,0.05160239567437693,Unassigned,new
15579334,Watkins,Germany,Medium,0.7089867329829606,Unassigned,new
15802741,Mitchel,France,Medium,0.70737840646343,Unassigned,new
15720649,Ferdinand,France,Low,0.1864352111155818,Unassigned,new
15589493,Otitodilinna,Germany,Low,0.08457178786969859,Unassigned,new
15688251,Mamelu,France,Low,0.0967248816871918,Unassigned,new
15665238,Beneventi,Germany,Low,0.2556033586052016,Unassigned,new
15740900,Perrodin,France,Low,0.014231178974144462,Unassigned,new
15681068,Chinagorom,France,Low,0.23546593234685587,Unassigned,new
15748625,Napolitano,France,Low,0.04231062374475659,Unassigned,new
15727299,Edgar,Spain,Low,0.26439120609950634,Unassigned,new
15620204,Walker,Germany,Low,0.32035304669856773,Unassigned,new
15669516,Steele,Spain,Low,0.013834516360399183,Unassigned,new
15736534,Elkins,Germany,Low,0.0333960840162107,Unassigned,new
15803457,Hao,France,Low,0.03023892576716576,Unassigned,new
15659098,Toscano,France,Low,0.06982140324381546,Unassigned,new
15603436,Savage,Spain,Low,0.28297701327225583,Unassigned,new
15566292,Okwuadigbo,Spain,Low,0.017183817699587378,Unassigned,new
15808621,Mordvinova,Germany,Low,0.027540054788434826,Unassigned,new
15580148,Welch,Germany,High,0.859366266055129,Unassigned,new
15776231,Kent,Germany,Low,0.12461149233211662,Unassigned,new
15773809,Campbell,France,Low,0.046112620041494204,Unassigned,new
15649423,Cooper,France,Low,0.019640204422193122,Unassigned,new
15734886,Mazzi,France,Low,0.08245062188990308,Unassigned,new
15722548,Fisher,France,Medium,0.5105155026202141,Unassigned,new
15650288,Summers,Germany,Low,0.24859215168713816,Unassigned,new
15629448,Brady,Spain,Low,0.1336810237034203,Unassigned,new
15716164,Nicholls,France,Low,0.27856736865794735,Unassigned,new
15807609,Yuan,Spain,High,0.7850652386705973,Unassigned,new
15578977,Robinson,France,Low,0.01742879446942847,Unassigned,new
15677369,Golubov,Germany,Low,0.26879584179313476,Unassigned,new
15804072,Chen,Spain,Low,0.07351129700486762,Unassigned,new
15696859,Oldham,France,Low,0.13311737882202504,Unassigned,new
15653780,Kambinachi,France,Low,0.32057709628362246,Unassigned,new
15721658,Fleming,Spain,High,0.8571586268398836,Unassigned,new
15578761,Cunningham,Spain,Low,0.1258010484408561,Unassigned,new
15736879,Obinna,France,Low,0.014295360957241635,Unassigned,new
15571973,Chinwemma,France,Low,0.2881707014292491,Unassigned,new
15626742,Carpenter,France,Low,0.05285554951706826,Unassigned,new
15672692,Yin,France,Low,0.10659206867863982,Unassigned,new
15673570,Olsen,France,Low,0.015985934809211844,Unassigned,new
15767432,Ts'ai,France,Low,0.3223910905597574,Unassigned,new
15654238,Jen,France,Low,0.23710907993267913,Unassigned,new
15612525,Preston,France,High,0.9454915459002899,Unassigned,new
15812750,Ozioma,France,Low,0.05049012676314449,Unassigned,new
15790757,Cody,France,Low,0.04345289300651259,Unassigned,new
15723873,Ponomarev,Spain,Low,0.08515941704489259,Unassigned,new
15744607,Martin,Germany,Low,0.24723105623254268,Unassigned,new
15612966,Milani,Germany,Medium,0.5506974938728382,Unassigned,new
15784209,Tang,France,Low,0.37947898954213416,Unassigned,new
15794278,Romani,Spain,Low,0.061261347152983564,Unassigned,new
15766741,McIntyre,France,Low,0.08070883651399013,Unassigned,new
15661036,Davis,France,Low,0.11436867474130824,Unassigned,new
15705639,Onyemauchechukwu,France,Low,0.056218224106259373,Unassigned,new
15637414,Gell,France,Low,0.07786089313066749,Unassigned,new
15716835,Rossi,France,Low,0.04664084188162369,Unassigned,new
15696231,Chiwetelu,France,Low,0.04162779199779736,Unassigned,new
15641675,Kirillova,France,High,0.9900734469024277,Unassigned,new
15670755,Shaw,France,Low,0.04476926444058289,Unassigned,new
15640059,Smith,France,Low,0.025060893997594324,Unassigned,new
15787619,Hsieh,France,Low,0.07259540953337972,Unassigned,new
15587535,Onyemauchechukwu,Spain,Medium,0.5488995149640389,Unassigned,new
15813034,Martin,Spain,Low,0.11952007610135565,Unassigned,new
15698839,Okwudilichukwu,Germany,Low,0.2231538283282306,Unassigned,new
15790314,Onuoha,France,Low,0.0328600987854579,Unassigned,new
15634245,Muecke,Germany,High,0.8003987347030653,Unassigned,new
15677305,Hsieh,France,Low,0.07898832570183123,Unassigned,new
15661526,Anderson,Germany,Low,0.09621932443788277,Unassigned,new
15685997,Azubuike,Spain,Low,0.15200580371564665,Unassigned,new
15660101,Nnonso,France,Low,0.04400425790736441,Unassigned,new
15637979,Fuller,Germany,Low,0.13401086950502253,Unassigned,new
15815364,Ashley,Spain,Low,0.019335104837330978,Unassigned,new
15647099,Ts'ui,France,Low,0.17108172584989195,Unassigned,new
15625944,Buccho,France,Low,0.1601062657466386,Unassigned,new
15583212,Chidozie,France,Low,0.3297340856178472,Unassigned,new
15582741,Maclean,France,Low,0.14373986191836152,Unassigned,new
15637876,Burns,Germany,Low,0.18849120417277873,Unassigned,new
15622750,Chu,Germany,Low,0.27799808303281903,Unassigned,new
15672056,Kenenna,Germany,High,0.9203277471786022,Unassigned,new
15812351,Beluchi,Spain,Low,0.1519545845133733,Unassigned,new
15810864,Williamson,France,Low,0.012794527925107579,Unassigned,new
15677921,Bobrov,Germany,High,0.8104214579464807,Unassigned,new
15724296,Kerr,Spain,Low,0.09453462327069906,Unassigned,new
15685329,McKenzie,France,Low,0.3026393576052614,Unassigned,new
15584091,Pitts,Germany,Low,0.14482939775706105,Unassigned,new
15640442,Standish,France,Low,0.08871588361458657,Unassigned,new
15639314,Cartwright,France,Low,0.01115468840364078,Unassigned,new
15685320,Johnstone,France,Low,0.09238943600858443,Unassigned,new
15789158,Nikitina,Germany,Medium,0.52847352598761,Unassigned,new
15752137,McElroy,France,Low,0.04591007081614048,Unassigned,new
15712551,Shen,Germany,High,0.9498332824246216,Unassigned,new
15628936,Archer,Spain,Low,0.08060959355779163,Unassigned,new
15797227,Otutodilinna,France,Low,0.008720499979105525,Unassigned,new
15769974,Shih,Spain,Low,0.1410333405853005,Unassigned,new
15737051,Denisov,France,Low,0.021563015968169515,Unassigned,new
15585595,Owens,France,Low,0.026714828633398024,Unassigned,new
15654060,P'eng,France,Low,0.033838498614068346,Unassigned,new
15745196,Verco,France,Low,0.029508213788238456,Unassigned,new
15571221,Bergamaschi,Germany,Medium,0.4897688470645842,Unassigned,new
15660155,Lorenzo,Spain,Low,0.059918423102216935,Unassigned,new
15605284,Outtrim,France,Low,0.009498766806809706,Unassigned,new
15694366,Hou,Germany,Low,0.09744478150003283,Unassigned,new
15600739,Galkin,Spain,Low,0.03695438932440347,Unassigned,new
15653253,Pagnotto,Spain,Low,0.24583708639615878,Unassigned,new
15763431,Echezonachukwu,France,Low,0.026933766812068535,Unassigned,new
15643696,Young,France,Low,0.07958258313695206,Unassigned,new
15707473,Summers,Germany,High,0.8042387047856301,Unassigned,new
15769504,Munro,Germany,Low,0.1843471424745125,Unassigned,new
15776807,Brennan,France,Low,0.12587545862588115,Unassigned,new
15686870,Ball,Germany,Low,0.08069263229421128,Unassigned,new
15668747,Virgo,France,Low,0.27148383240217583,Unassigned,new
15766908,Trevisani,Germany,Low,0.21872137178688666,Unassigned,new
15570134,Padovano,France,Low,0.1352921275652649,Unassigned,new
15567367,Tao,Germany,Low,0.36870572395695594,Unassigned,new
15747542,Perez,France,Low,0.0763119034379847,Unassigned,new
15762238,Fraser,Germany,Low,0.169471838921236,Unassigned,new
15681554,Alley,Germany,Low,0.07980675983917192,Unassigned,new
15712825,Howells,Spain,Low,0.02658100951380902,Unassigned,new
15640280,Cameron,France,Low,0.04901414665792067,Unassigned,new
15756026,Hooper,Spain,Medium,0.6883071509506626,Unassigned,new
15613319,Rice,France,Low,0.23694683973783126,Unassigned,new
15798906,Cox,France,Low,0.016491685491680553,Unassigned,new
15708917,Martin,Germany,Low,0.2785556577069216,Unassigned,new
15778463,Ikenna,France,Low,0.16747606656479372,Unassigned,new
15699430,Davide,France,Low,0.052803558862922935,Unassigned,new
15649992,Alexander,Spain,Low,0.06147959659901417,Unassigned,new
15578980,Piazza,Spain,Low,0.020566936767205078,Unassigned,new
15775306,Ni,Germany,High,0.849067201173437,Unassigned,new
15641655,Black,France,Low,0.02515006217351019,Unassigned,new
15619708,Harker,France,Low,0.03994570641576816,Unassigned,new
15734565,Hughes,France,Low,0.02182791912573403,Unassigned,new
15806438,Chiabuotu,Germany,Medium,0.5238011253369127,Unassigned,new
15591969,Kuo,Spain,Low,0.06739337037246719,Unassigned,new
15747807,Gallagher,France,Low,0.22207778212015825,Unassigned,new
15596939,Calabresi,Germany,Low,0.0909513379055403,Unassigned,new
15716155,Shaw,France,Low,0.14966739025195813,Unassigned,new
15765311,Zhirov,Spain,Low,0.15648863093575519,Unassigned,new
15757811,Lloyd,Spain,Low,0.10699882916679544,Unassigned,new
15603830,Palmer,Spain,Low,0.022706300087489976,Unassigned,new
15660602,Ch'eng,Germany,Low,0.04152004005053975,Unassigned,new
15660535,Avent,France,Low,0.118089869318649,Unassigned,new
15666633,Huang,Spain,Low,0.07098041282921952,Unassigned,new
15596914,Shaw,Germany,Low,0.0762445869960594,Unassigned,new
15639788,Yuan,France,Low,0.04479185932219669,Unassigned,new
15695846,Hawkins,France,Low,0.01944618950295889,Unassigned,new
15726234,Trentini,Spain,Low,0.3188410189550299,Unassigned,new
15797964,Cameron,Germany,Low,0.14867505543353926,Unassigned,new
15625881,Koehler,Germany,Low,0.07714091181841899,Unassigned,new
15780628,Wu,France,Low,0.023827355454114633,Unassigned,new
15575883,Manna,France,Low,0.047821508232775804,Unassigned,new
15585036,Okoli,Spain,Low,0.0325449032065829,Unassigned,new
15589488,Ch'eng,Germany,Medium,0.48127421598881737,Unassigned,new
15585888,Nwokezuike,Spain,Medium,0.5241897158949735,Unassigned,new
15727915,Artemiev,France,Low,0.1355544629955958,Unassigned,new
15707567,Esposito,Germany,High,0.8144297787873851,Unassigned,new
15737792,Abbie,France,Low,0.279419644896816,Unassigned,new
15599433,Fanucci,Germany,Low,0.10612526889700107,Unassigned,new
15672012,Jen,Spain,Low,0.4406748108606598,Unassigned,new
15806983,Moss,France,Low,0.28669461112138456,Unassigned,new
15592222,Lo,France,Medium,0.6458529625561352,Unassigned,new
15608968,Averyanov,Germany,Low,0.032236418978891665,Unassigned,new
15586959,Unaipon,France,Low,0.08971119659594957,Unassigned,new
15646558,Clamp,Spain,Low,0.26274387535253935,Unassigned,new
15725811,Lim,France,Low,0.034587028695134595,Unassigned,new
15572265,Wu,Germany,Low,0.20909515917646435,Unassigned,new
15794048,Wan,Germany,Medium,0.5728948192085791,Unassigned,new
15677610,Chambers,Germany,Low,0.27766159779415,Unassigned,new
15745012,Pettit,France,Low,0.052399246860248445,Unassigned,new
15601589,Baresi,France,Low,0.07904144995091708,Unassigned,new
15686436,Newbery,Spain,Low,0.02127317346756101,Unassigned,new
15693864,Iheanacho,Germany,High,0.8042825060743208,Unassigned,new
15760550,Duncan,Spain,Low,0.04907966634391955,Unassigned,new
15686137,Barry,Spain,Low,0.04387495004211694,Unassigned,new
15809087,Landry,France,Medium,0.5500663632844687,Unassigned,new
15807663,McGregor,France,Medium,0.49436733117272924,Unassigned,new
15809100,Nucci,France,Low,0.2666623436208616,Unassigned,new
15794916,Pirogov,France,Low,0.09078114282143468,Unassigned,new
15614215,Oguejiofor,France,Low,0.06584087580154308,Unassigned,new
15805449,Ugochukwu,France,Low,0.04432159768804958,Unassigned,new
15686983,Rohu,Germany,Low,0.033420462512646,Unassigned,new
15808017,Cary,France,Low,0.04156496553040476,Unassigned,new
15756804,O'Loghlen,France,Medium,0.673185167089487,Unassigned,new
15646810,Quinn,Germany,Low,0.2557203573564717,Unassigned,new
15710424,Page,France,Low,0.19307272799243663,Unassigned,new
15799422,Evans,France,Low,0.2578529391779727,Unassigned,new
15692750,McGregor,Germany,High,0.9781229495421663,Unassigned,new
15794549,Andrews,France,Low,0.05926788158789376,Unassigned,new
15803764,Stanley,France,Low,0.013798252928196765,Unassigned,new
15674840,Chiazagomekpere,France,Low,0.06651298759911613,Unassigned,new
15653762,Chidiebele,France,Low,0.3014156635118363,Unassigned,new
15581229,Gregory,Germany,Low,0.07374132395082836,Unassigned,new
15800228,Bednall,Spain,Low,0.04942476485473403,Unassigned,new
15656333,Jen,France,Low,0.13403353257333572,Unassigned,new
15697497,She,France,Low,0.17401155099974494,Unassigned,new
15585362,Simmons,France,High,0.9344122099251361,Unassigned,new
15571928,Fraser,France,High,0.8155956969529129,Unassigned,new
15785519,May,France,Low,0.09643549193869703,Unassigned,new
15743007,Seabrook,France,Medium,0.5605859146811886,Unassigned,new
15777211,Herrera,France,Low,0.08840776851104701,Unassigned,new
15721935,Kincaid,France,Low,0.011263688155149562,Unassigned,new
15591711,Sleeman,Spain,Low,0.1471468547989131,Unassigned,new
15625021,Hung,France,Low,0.03391552330716977,Unassigned,new
15702968,Artemieva,Germany,Low,0.06524421529726965,Unassigned,new
15600462,Barwell,France,Low,0.21691167755813262,Unassigned,new
15768104,Wright,Spain,Low,0.11547026721349578,Unassigned,new
15780140,Bellucci,Germany,Low,0.018540467076924565,Unassigned,new
15585255,Moore,France,Low,0.34861899255973655,Unassigned,new
15772781,Ball,France,High,0.8981778328428479,Unassigned,new
15669987,Sung,Germany,Low,0.15106438038679618,Unassigned,new
15697000,Mello,Germany,Low,0.04500415127219655,Unassigned,new
15733119,Mistry,France,Low,0.019373909055391426,Unassigned,new
15782390,T'ien,France,Low,0.4414446643237491,Unassigned,new
15654700,Fallaci,France,Low,0.2875837288400318,Unassigned,new
15632210,Hill,Germany,Low,0.09266116508830238,Unassigned,new
15642041,Burns,Germany,Low,0.15955163825936738,Unassigned,new
15709737,Hunter,France,Low,0.04265393023395637,Unassigned,new
15792388,Li,France,Low,0.3938382255498177,Unassigned,new
15786014,Ku,France,Low,0.043232139140213746,Unassigned,new
15794580,Ch'en,France,High,0.9365279550177426,Unassigned,new
15675964,Chukwukadibia,France,Low,0.3807234564029276,Unassigned,new
15814275,Zikoranachidimma,France,Low,0.08785930718193834,Unassigned,new
15724848,Oluchukwu,France,Medium,0.5352096276005455,Unassigned,new
15754713,Rivera,Spain,Low,0.03943879932312185,Unassigned,new
15693814,Niu,Spain,Low,0.01803517011215683,Unassigned,new
15599660,Bennett,France,Low,0.0327946462566784,Unassigned,new
15746490,Wollstonecraft,Spain,Low,0.27442124421232106,Unassigned,new
15566091,Thomsen,Spain,Low,0.22355153905612354,Unassigned,new
15655961,Palermo,Germany,Low,0.21539224291010398,Unassigned,new
15710404,Chinwendu,France,Low,0.05007751733045598,Unassigned,new
15775625,McKenzie,France,Medium,0.6225001446436317,Unassigned,new
15792328,James,France,Low,0.1483148531604082,Unassigned,new
15719856,Lamb,France,Low,0.37014444969501364,Unassigned,new
15593773,Olejuru,Spain,Low,0.019676573052314905,Unassigned,new
15733114,Hay,Spain,Low,0.08289105743590071,Unassigned,new
15797748,Lu,France,Low,0.037170156620777405,Unassigned,new
15743411,Chiawuotu,Spain,High,0.930970231069716,Unassigned,new
15753337,Yeates,France,High,0.9690577295892353,Unassigned,new
15601026,Gallagher,Germany,Low,0.15823198558890125,Unassigned,new
15658485,Heath,France,Low,0.08781181000007288,Unassigned,new
15636731,Ts'ai,Germany,Low,0.10876062886773963,Unassigned,new
15628303,Thurgood,Spain,Low,0.10650766168439638,Unassigned,new
15633461,Pai,Germany,Low,0.19298058752333297,Unassigned,new
15677135,Lorenzo,Germany,Low,0.15977372723969768,Unassigned,new
15590876,Knupp,France,Low,0.12260263122096564,Unassigned,new
15790782,Baryshnikov,Spain,Low,0.13885827652721516,Unassigned,new
15700476,Azubuike,Germany,Low,0.11288240727527878,Unassigned,new
15634141,Shephard,Germany,Low,0.16484079904581292,Unassigned,new
15737795,Scott,Spain,Low,0.14506925502616008,Unassigned,new
15790299,Williamson,Spain,Low,0.43804429390345917,Unassigned,new
15675316,Avdeeva,France,Low,0.03649688937821453,Unassigned,new
15613630,Tang,France,Low,0.23236531721701642,Unassigned,new
15662100,Hsu,Germany,Medium,0.47496882781920585,Unassigned,new
15668032,Buchanan,France,Low,0.16165974713208014,Unassigned,new
15599289,Yeh,France,Low,0.27319160186428343,Unassigned,new
15754084,Palazzi,Spain,Low,0.04857119994688372,Unassigned,new
15676521,Y?an,France,Low,0.05052878991759637,Unassigned,new
15804586,Lin,France,High,0.928903797316254,Unassigned,new
15781465,Schofield,Germany,Low,0.28981905074709174,Unassigned,new
15729362,Lombardi,France,Low,0.13301108283025384,Unassigned,new
15709295,Wall,Spain,Low,0.03476940835717211,Unassigned,new
15745324,Milani,Spain,Low,0.4384313329325383,Unassigned,new
15741336,Ejimofor,France,Low,0.11027399284176477,Unassigned,new
15783659,Blackburn,France,Low,0.06825653244632258,Unassigned,new
15620981,Wickham,France,Medium,0.6866850985879108,Unassigned,new
15630328,Bird,France,Low,0.2309519077174588,Unassigned,new
15785899,Ch'en,Germany,Low,0.19968599155322983,Unassigned,new
15606149,Wood,Germany,Low,0.35075499098273316,Unassigned,new
15671139,Brizendine,Spain,Low,0.0778495579317686,Unassigned,new
15660429,Ch'in,Spain,Low,0.165322059494753,Unassigned,new
15571002,Yusupov,France,Low,0.394099413311183,Unassigned,new
15631681,Jibunoh,Spain,Low,0.05611358023449951,Unassigned,new
15731522,Ts'ui,Spain,Low,0.02663512751041899,Unassigned,new
15619529,Ndukaku,Spain,Low,0.08739372050272576,Unassigned,new
15628034,Wilder,France,Low,0.10659002904633322,Unassigned,new
15686164,Maclean,Germany,Low,0.14778744779811664,Unassigned,new
15582797,Ch'iu,Spain,Low,0.09490463731927043,Unassigned,new
15753831,Cox,Spain,Low,0.04114049846050141,Unassigned,new
15731815,Nepean,Spain,High,0.9945308364538125,Unassigned,new
15580956,McNess,Germany,Low,0.4228908833464866,Unassigned,new
15602084,Coles,France,Low,0.1617750207054254,Unassigned,new
15589805,Benson,France,Low,0.08673293028678367,Unassigned,new
15720893,Gilbert,Spain,Low,0.026951794753019846,Unassigned,new
15641009,Wilhelm,France,Low,0.12731220719597253,Unassigned,new
15605926,Sinclair,Germany,Low,0.07496101000928788,Unassigned,new
15805955,L?,France,Low,0.3564115183539745,Unassigned,new
15801488,Buckner,France,Low,0.009481360632582926,Unassigned,new
15605918,Padovesi,Germany,Low,0.12895094172680305,Unassigned,new
15779711,Gray,Spain,Low,0.09709714452668725,Unassigned,new
15705620,Lu,France,Low,0.04407630049953856,Unassigned,new
15685357,Wright,Spain,Low,0.08533335256286383,Unassigned,new
15570060,Palerma,France,Low,0.32903311736290264,Unassigned,new
15582616,Y?an,France,Low,0.04433300222128459,Unassigned,new
15799515,Wei,France,Medium,0.5775444303001077,Unassigned,new
15642937,Padovesi,France,Low,0.17554693292827958,Unassigned,new
15624729,Tsao,France,Low,0.09244616431845176,Unassigned,new
15566156,Franklin,Germany,Low,0.19014937902795626,Unassigned,new
15792360,Clark,France,Low,0.008301146936649958,Unassigned,new
15807008,McGregor,Germany,Low,0.3587643679750673,Unassigned,new
15704770,Pan,France,Low,0.024132416877823516,Unassigned,new
15756475,Kenniff,Germany,Low,0.024512683216823667,Unassigned,new
15655339,Spencer,France,Low,0.09842965964022994,Unassigned,new
15613749,Lees,Spain,Low,0.07743217687687799,Unassigned,new
15664521,David,Spain,Low,0.027549347168519905,Unassigned,new
15681206,Hsing,France,High,0.7522356861659182,Unassigned,new
15745527,Burke,France,Low,0.04959098865259105,Unassigned,new
15806926,Watson,France,Low,0.06225225161520057,Unassigned,new
15724563,Hawkins,Germany,Low,0.09896185787690129,Unassigned,new
15782899,Ginn,Spain,Low,0.12406189344502234,Unassigned,new
15623521,Sozonov,Spain,Low,0.12856625700517574,Unassigned,new
15810218,Sun,Spain,Low,0.36970771341965775,Unassigned,new
15645621,Hunter,Spain,Low,0.03744776149683765,Unassigned,new
15608114,Manfrin,Spain,Low,0.1608352848611805,Unassigned,new
15659557,Artamonova,Germany,Low,0.04149418580752883,Unassigned,new
15787772,Hansen,France,Low,0.16935761179411754,Unassigned,new
15691111,Pai,Germany,Low,0.26582727262936073,Unassigned,new
15592089,Larsen,France,Low,0.05736885999100653,Unassigned,new
15633897,Owen,Germany,Low,0.032604902741838686,Unassigned,new
15701301,Murphy,France,Low,0.290453259899449,Unassigned,new
15723685,Ekechukwu,Germany,Low,0.09832046869910092,Unassigned,new
15701602,Ayers,Germany,High,0.9898716383214887,Unassigned,new
15739189,Johnson,Spain,Low,0.027967592799099383,Unassigned,new
15573086,Millar,France,Low,0.11999732809138798,Unassigned,new
15569050,Farrell,France,Medium,0.5492036021358025,Unassigned,new
15750765,Sanders,Spain,Low,0.09080476250980266,Unassigned,new
15799811,Herrera,France,Low,0.282217244904889,Unassigned,new
15698442,Eberechukwu,Spain,Low,0.04772302283132025,Unassigned,new
15655274,Bardin,France,Low,0.01745858951681694,Unassigned,new
15603594,Nwankwo,Spain,Low,0.012042221415954176,Unassigned,new
15585961,Talbot,Spain,Low,0.12177437386205565,Unassigned,new
15686936,McGregor,France,Low,0.21092025035117745,Unassigned,new
15770424,Onyeorulu,Germany,Low,0.13673285499203733,Unassigned,new
15587451,Goold,Germany,Low,0.41784470709921834,Unassigned,new
15602010,Zikoranaudodimma,Germany,Medium,0.7021000621761696,Unassigned,new
15600583,Garner,France,Low,0.12385981189072118,Unassigned,new
15654673,Onyinyechukwuka,France,Medium,0.6851833368280824,Unassigned,new
15717164,Genovese,Spain,Low,0.030472825880975715,Unassigned,new
15765014,Mai,France,Low,0.3081999172812724,Unassigned,new
15682639,Marshall,France,Low,0.011653852322282016,Unassigned,new
15729279,Naylor,France,Low,0.12199051182835516,Unassigned,new
15759805,Pinto,France,Low,0.024925233997120863,Unassigned,new
15767864,Fulton,France,Low,0.027006703560418496,Unassigned,new
15769948,Palerma,Germany,Low,0.18663373838828018,Unassigned,new
15686345,McCaffrey,Spain,Low,0.009729910649110602,Unassigned,new
15688071,Collins,Spain,Low,0.3519410415562042,Unassigned,new
15681174,Zuev,France,Low,0.14768486704130224,Unassigned,new
15667521,Crawford,France,Low,0.025968560837333204,Unassigned,new
15750243,Genovese,Spain,Low,0.02443914050057565,Unassigned,new
15695475,Maclean,France,Low,0.017017389181034424,Unassigned,new
15689176,Fabro,France,Low,0.08404526460151084,Unassigned,new
15652955,Price,Spain,Low,0.1552351789461128,Unassigned,new
15668958,Chatfield,France,Low,0.0899870207089497,Unassigned,new
15631054,Volkova,France,Low,0.022177965842924464,Unassigned,new
15581479,Archer,France,Low,0.054195556530408764,Unassigned,new
15577478,Ch'iu,France,Low,0.06379052094425189,Unassigned,new
15780870,McKay,Spain,Low,0.059365038517655816,Unassigned,new
15692317,Craig,France,Low,0.018853129861499226,Unassigned,new
15593969,Abramovich,Spain,Low,0.21638163761387155,Unassigned,new
15570417,Chien,France,Low,0.018855702753204757,Unassigned,new
15779059,Timms,France,Low,0.06890925496330509,Unassigned,new
15785980,Williford,Spain,Low,0.04732394254216936,Unassigned,new
15644200,Hamilton,Spain,Medium,0.5792916866317203,Unassigned,new
15793949,Cheng,France,High,0.7710964727367334,Unassigned,new
15645103,Su,Germany,Low,0.0793197157467123,Unassigned,new
15705860,McKenzie,Germany,Medium,0.45468962510326244,Unassigned,new
15623828,Akobundu,France,Low,0.09005807422767016,Unassigned,new
15715003,Ko,Spain,Low,0.41882344779546093,Unassigned,new
15623471,Marcelo,Germany,Low,0.33124298330430335,Unassigned,new
15798348,Chukwuebuka,Spain,Low,0.33178228379184044,Unassigned,new
15743016,MacDonald,Spain,Low,0.15334022122152305,Unassigned,new
15769499,Lampungmeiua,Spain,Low,0.014058167766875353,Unassigned,new
15798521,Tai,Spain,Low,0.018355455607017408,Unassigned,new
15706534,Enyinnaya,France,Medium,0.6799915741556538,Unassigned,new
15706186,McKenzie,Germany,Low,0.030820000359344225,Unassigned,new
15812197,Kline,France,Low,0.1627158617945572,Unassigned,new
15650933,Ma,Spain,Medium,0.5780348390845522,Unassigned,new
15692991,Wood,Spain,Low,0.032081651877765745,Unassigned,new
15631189,Riggs,Germany,Low,0.1751070851302838,Unassigned,new
15762198,Capon,France,Low,0.04061955081127106,Unassigned,new
15699598,Smith,France,Low,0.01719202663942304,Unassigned,new
15692744,Davison,France,Low,0.049752177581627074,Unassigned,new
15688963,Ingram,France,Medium,0.48741386554872856,Unassigned,new
15599131,Dilke,Germany,Low,0.034348728513939566,Unassigned,new
15680303,Gibson,France,High,0.8996155774926247,Unassigned,new
15628674,Iadanza,France,Low,0.2132629428831811,Unassigned,new
15648075,Hebert,Germany,Medium,0.6326445000744045,Unassigned,new
15586970,Pinto,Germany,Medium,0.5121803460617625,Unassigned,new
15625698,Dumetochukwu,Spain,Low,0.03325666187146758,Unassigned,new
15790497,Ross,Spain,Low,0.028516587102985085,Unassigned,new
15682618,Jamieson,France,Low,0.04348912302895632,Unassigned,new
15762937,Chiganu,Germany,Low,0.07096401621018854,Unassigned,new
15750929,Burgess,Spain,Low,0.03285249357676512,Unassigned,new
15729832,Cheng,France,Low,0.10527418132786767,Unassigned,new
15633650,Woods,Germany,Low,0.15083776010515063,Unassigned,new
15748856,Liang,France,Low,0.0355746720946554,Unassigned,new
15589195,Bluett,Germany,Low,0.28572096477445497,Unassigned,new
15699911,Chapman,Spain,Low,0.272351505060827,Unassigned,new
15663438,Andrejew,Spain,Low,0.10414038874803898,Unassigned,new
15692583,Udobata,France,Low,0.02854614391235368,Unassigned,new
15591257,Ejimofor,France,Low,0.015919735129908633,Unassigned,new
15646513,Spyer,France,Medium,0.4540389859798021,Unassigned,new
15708063,Walker,France,High,0.7874486389696937,Unassigned,new
15696098,Palermo,France,Low,0.022467338656058943,Unassigned,new
15645517,Philip,Spain,Low,0.010755167220684756,Unassigned,new
15649744,Fallaci,France,Low,0.2613190317286155,Unassigned,new
15604304,Perry,Germany,Low,0.17178560644537205,Unassigned,new
15784092,Henderson,France,Low,0.049796190516507056,Unassigned,new
15585198,Bergamaschi,France,Low,0.12358770174808596,Unassigned,new
15624347,Fokine,France,Low,0.027637360293537958,Unassigned,new
15621687,Mackay,France,Low,0.014878494412589637,Unassigned,new
15689081,Wu,France,Low,0.13642180874754944,Unassigned,new
15813168,Maslova,Germany,High,0.8702671012339053,Unassigned,new
15604295,Wei,France,Low,0.02661158888419768,Unassigned,new
15724127,McLean,France,Low,0.06868372779020766,Unassigned,new
15673055,Sung,Spain,Low,0.017402288565034507,Unassigned,new
15768201,Paterson,France,Low,0.11358415159715264,Unassigned,new
15782219,Fanucci,Spain,Low,0.01675698017153093,Unassigned,new
15746410,Thompson,Spain,Low,0.03171622861035067,Unassigned,new
15780144,Tisdall,Germany,Low,0.10954607765579802,Unassigned,new
15590476,Onochie,France,Low,0.01804866486576276,Unassigned,new
15624293,Mironova,France,Medium,0.5218485133500715,Unassigned,new
15618182,Ndubueze,France,Low,0.0429160107395759,Unassigned,new
15660316,Stephenson,Germany,Medium,0.5542754792135017,Unassigned,new
15678886,Golubev,Germany,Low,0.11879153573326709,Unassigned,new
15616330,Liao,France,Low,0.023005859698127986,Unassigned,new
15592229,Mullan,France,Medium,0.46008789239359804,Unassigned,new
15798424,Glover,Germany,Medium,0.5438440007253724,Unassigned,new
15714750,Northey,France,Low,0.14320893865899756,Unassigned,new
15648800,Paterson,Germany,Low,0.24811915210828933,Unassigned,new
15626147,Maclean,France,High,0.8979122420229921,Unassigned,new
15626608,Howarde,Spain,Low,0.28378043907101214,Unassigned,new
15723250,Teng,France,Low,0.037581689270479654,Unassigned,new
15592583,Colman,France,High,0.9874271851932303,Unassigned,new
15759381,Johnson,Spain,Low,0.18471865659644712,Unassigned,new
15585241,Butcher,Spain,Low,0.04275756670414148,Unassigned,new
15589358,Stanley,Germany,Low,0.054490461424288955,Unassigned,new
15672704,Jackson,France,Low,0.04037498378056544,Unassigned,new
15789955,Hu,Germany,High,0.7845923863008754,Unassigned,new
15596800,Hill,Germany,Low,0.08713673644667519,Unassigned,new
15627305,Pan,Spain,Low,0.17112400284595083,Unassigned,new
15645316,Han,Germany,Low,0.42998838619084445,Unassigned,new
15593973,Wilkie,Spain,Low,0.14579939384804932,Unassigned,new
15647301,Bray,Germany,Low,0.2290625533444595,Unassigned,new
15750258,Ann,France,Low,0.13847297691513188,Unassigned,new
15685309,Souter,France,Low,0.13037852272178285,Unassigned,new
15628205,Greco,Germany,Low,0.25364592333404107,Unassigned,new
15733974,Mao,Spain,Low,0.10259956977603138,Unassigned,new
15762110,Anderson,France,Low,0.02083449984499428,Unassigned,new
15706899,Ma,France,Low,0.010749448620951368,Unassigned,new
15732660,Black,France,Low,0.10631817454151117,Unassigned,new
15656121,Medvedeva,Germany,Low,0.058310403485860016,Unassigned,new
15614220,Benson,France,Low,0.010642889937446698,Unassigned,new
15645269,Duncan,France,Low,0.06715497742553754,Unassigned,new
15698510,Onwudiwe,Germany,Low,0.053342131061414826,Unassigned,new
15569247,Mitchell,Spain,Low,0.2909610130083626,Unassigned,new
15566251,Ferrari,France,Low,0.17547697564837508,Unassigned,new
15716134,Russo,France,Low,0.12663438870786684,Unassigned,new
15763625,Hazon,Spain,Low,0.04257015699280231,Unassigned,new
15605965,Henderson,France,Low,0.03249636668449632,Unassigned,new
15694821,Hardy,Germany,Low,0.32530897033232664,Unassigned,new
15601688,Piccio,France,Low,0.1382884450831322,Unassigned,new
15575581,Dickson,Germany,Low,0.12140645912111359,Unassigned,new
15671209,Holden,Germany,High,0.84469237818059,Unassigned,new
15616529,Hsieh,Spain,Low,0.10232145611273376,Unassigned,new
15773906,Doherty,France,Low,0.026264247100387814,Unassigned,new
15722993,Page,France,Low,0.13539647849792463,Unassigned,new
15752463,Samuel,Spain,Low,0.0836884057200036,Unassigned,new
15589754,Malloy,Germany,Low,0.3693893489645418,Unassigned,new
15669899,Fitts,Germany,Medium,0.724643348719524,Unassigned,new
15766887,Iadanza,Spain,Low,0.05888085696248533,Unassigned,new
15768006,Wu,France,Low,0.09086352916580145,Unassigned,new
15741295,Yefimova,France,Low,0.07471353494258431,Unassigned,new
15811327,Pan,Spain,Low,0.3067374682720552,Unassigned,new
15690007,Ts'ui,Germany,High,0.8493073312292984,Unassigned,new
15690664,Liang,Spain,Low,0.02477031817934029,Unassigned,new
15719348,Tsao,France,Low,0.16717811768537397,Unassigned,new
15781802,Abramov,France,Low,0.179963025409749,Unassigned,new
15752731,Millar,France,Low,0.20829267373549265,Unassigned,new
15600997,Demuth,Germany,Low,0.030472104729502323,Unassigned,new
15750776,Genovese,France,Low,0.06948265649076074,Unassigned,new
15723907,Lawless,Germany,Medium,0.4762456466268327,Unassigned,new
15633419,Brooks,Germany,Low,0.09605906962217797,Unassigned,new
15702430,Ignatyeva,France,Low,0.1254932789486928,Unassigned,new
15710456,Balmain,France,Low,0.02563804538728538,Unassigned,new
15650351,Millar,France,Low,0.1224301389984148,Unassigned,new
15590820,Ecuyer,Spain,Low,0.1150997190929612,Unassigned,new
15640454,Parkhill,Germany,Medium,0.49276012724964485,Unassigned,new
15697789,Li Fonti,Germany,Low,0.22833991162307885,Unassigned,new
15808182,Beneventi,Spain,Low,0.07081051807301769,Unassigned,new
15588670,Despeissis,Spain,High,0.8562077559446748,Unassigned,new
15721292,Atkins,Spain,Low,0.033783968073682905,Unassigned,new
15604217,Williams,France,Low,0.013332703357893263,Unassigned,new
15651369,Wright,France,Low,0.012422556210911201,Unassigned,new
15782454,Hancock,France,Medium,0.5134147562136657,Unassigned,new
15814032,Hsieh,Germany,Low,0.08689846458711738,Unassigned,new
15570326,Wilkins,France,Low,0.0118917581103836,Unassigned,new
15624428,Longo,Germany,Low,0.08094712290208848,Unassigned,new
15755638,Mancini,France,Low,0.30193213450038536,Unassigned,new
15600992,Madukaego,France,Low,0.013792996886902763,Unassigned,new
15755649,Winter-Irving,Germany,Medium,0.7203501728419806,Unassigned,new
15795228,Stewart,France,Low,0.06541991961750108,Unassigned,new
15589257,Grant,France,Low,0.06347927378857031,Unassigned,new
15719302,Brennan,France,Low,0.3371388418222174,Unassigned,new
15639882,She,France,Low,0.04628222493933809,Unassigned,new
15791279,Murray,France,Low,0.1329011265447366,Unassigned,new
15636935,Rischbieth,France,Low,0.016259691367200752,Unassigned,new
15686909,Lung,Germany,Low,0.10616385873880169,Unassigned,new
15589572,Otutodilichukwu,Spain,High,0.7995916741282132,Unassigned,new
15779947,Thomas,Spain,High,0.9673547336920559,Unassigned,new
15573769,Fiorentini,France,Low,0.03953310397172777,Unassigned,new
15578866,Hughes,France,Low,0.3228931501954803,Unassigned,new
15739131,Whitworth,Germany,Low,0.10148778562043563,Unassigned,new
15813444,McIntosh,Spain,Low,0.04252829786294295,Unassigned,new
15678058,Ayers,France,Low,0.136356331696306,Unassigned,new
15769169,Trentino,France,Low,0.19240788173798165,Unassigned,new
15804602,Boyd,Germany,Low,0.0780715135400041,Unassigned,new
15651052,McMasters,Germany,High,0.9421394003491588,Unassigned,new
15724334,Alekseyeva,France,Low,0.15988416457517857,Unassigned,new
15569451,Miller,France,Low,0.0505635200226403,Unassigned,new
15650098,Baranova,France,Low,0.037080443174972666,Unassigned,new
15724307,Mitchell,France,Low,0.01831142151960154,Unassigned,new
15599268,Yobachi,Spain,Low,0.01607275704650901,Unassigned,new
15594864,Huang,Germany,Low,0.06249920444740438,Unassigned,new
15616451,Genovese,France,Low,0.33182155258462176,Unassigned,new
15715667,Sorokina,France,Low,0.03225637323121766,Unassigned,new
15658969,Gray,France,High,0.9263276176178067,Unassigned,new
15738174,Ervin,France,Low,0.018657949264950815,Unassigned,new
15813590,Vance,Spain,Low,0.0545371715274262,Unassigned,new
15624229,Noble,France,Low,0.016019460962413877,Unassigned,new
15674148,Milanesi,Spain,Low,0.1562992200752293,Unassigned,new
15625080,Parkin,Spain,High,0.9253075083927502,Unassigned,new
15682528,Cremonesi,France,Low,0.08068054870192969,Unassigned,new
15696900,Burns,Germany,Low,0.05158966390247148,Unassigned,new
15730038,Docherty,France,Low,0.26695330909686016,Unassigned,new
15812272,Ugonna,Germany,Low,0.18560460075179708,Unassigned,new
15654654,L?,Germany,Low,0.08401451765570563,Unassigned,new
15697625,Bevan,France,Low,0.0634786157655465,Unassigned,new
15616280,Hsia,France,Medium,0.5271135346516936,Unassigned,new
15654229,O'Neill,Spain,Low,0.07228300591836172,Unassigned,new
15628298,Johnstone,Spain,Medium,0.5556233887075607,Unassigned,new
15733387,Pham,Spain,Low,0.27402395214268604,Unassigned,new
15775572,Bergamaschi,Germany,Low,0.1898871249358067,Unassigned,new
15613844,Murphy,France,Low,0.07732444494610609,Unassigned,new
15578515,Osinachi,France,Low,0.05325425123922328,Unassigned,new
15607598,Muravyov,Spain,Low,0.01830966593449612,Unassigned,new
15742480,Igwebuike,Germany,Low,0.06919212280546774,Unassigned,new
15749482,Zack,Spain,Low,0.10193809909563321,Unassigned,new
15607537,Crawford,Germany,Medium,0.7015109154841787,Unassigned,new
15575410,Chidiegwu,Germany,Low,0.10727591320476176,Unassigned,new
15684865,Lucchesi,France,Low,0.11977656436907537,Unassigned,new
15600700,Pan,Germany,Low,0.3579090083173652,Unassigned,new
15774155,Trevisani,Germany,Low,0.10890239303786095,Unassigned,new
15634267,Yudin,France,Low,0.05805045244074246,Unassigned,new
15619626,Wade,France,Low,0.02936199991569377,Unassigned,new
15660422,Chung,France,Low,0.01528795266725633,Unassigned,new
15617934,Septimus,France,Low,0.05716009795142883,Unassigned,new
15760774,Hargraves,France,Low,0.029223546643464268,Unassigned,new
15813132,Chukwukadibia,Germany,Low,0.14303586613891664,Unassigned,new
15593331,Sidorov,Germany,Low,0.12092066642472915,Unassigned,new
15616709,Bunton,Germany,Low,0.1834036959544866,Unassigned,new
15658052,Cameron,France,Medium,0.4756637807351568,Unassigned,new
15721189,Kung,France,Low,0.026169655433647583,Unassigned,new
15711288,Hay,France,Low,0.015472121466688773,Unassigned,new
15770030,Conti,Spain,Low,0.025215960958164432,Unassigned,new
15803681,Sims,France,Low,0.021127487168068945,Unassigned,new
15702789,Carter,Germany,Low,0.033394308089039336,Unassigned,new
15814930,McGregor,Germany,Medium,0.5100573993920152,Unassigned,new
15658306,Lo,France,Low,0.05889603290600725,Unassigned,new
15699523,Chu,Germany,High,0.8140730684063645,Unassigned,new
15610383,Dumetolisa,France,High,0.9724418079963392,Unassigned,new
15615032,Peng,Spain,Low,0.05952044627624456,Unassigned,new
15781989,Drake-Brockman,France,Low,0.2479705196458719,Unassigned,new
15647402,Wan,France,Low,0.02902318372092784,Unassigned,new
15740494,Cameron,France,Low,0.04324508685714419,Unassigned,new
15701265,Tretiakov,Germany,Low,0.10484514928902894,Unassigned,new
15743532,Ball,Germany,Low,0.22666706336666265,Unassigned,new
15794870,Sal,Germany,Low,0.054086760785932074,Unassigned,new
15747591,Chung,Spain,Low,0.1973978966176778,Unassigned,new
15726557,Lai,France,Low,0.31533990144244284,Unassigned,new
15732199,Gether,Spain,Low,0.042776226753924576,Unassigned,new
15662291,Davidson,France,High,0.9970275385059394,Unassigned,new
15749050,Justice,France,Low,0.2342896589295465,Unassigned,new
15781586,Osonduagwuike,Germany,Low,0.18448727619420702,Unassigned,new
15617078,Ewing,France,Low,0.3952328904016438,Unassigned,new
15723339,Chin,France,Low,0.09084603814316462,Unassigned,new
15671322,Chiang,Germany,Low,0.24323677875546298,Unassigned,new
15793854,Ahmed,France,Low,0.12594223985320183,Unassigned,new
15756539,Marshall,Germany,Low,0.12496590263610362,Unassigned,new
15612064,Tsou,France,Low,0.02559488207690247,Unassigned,new
15625916,Chien,Spain,Low,0.10592822244617121,Unassigned,new
15683195,Ubanwa,France,Low,0.0419539787086715,Unassigned,new
15690182,Kapustin,Germany,Low,0.28920512601569315,Unassigned,new
15721719,Calabresi,France,Low,0.04969286917508812,Unassigned,new
15641690,Hsiao,Spain,Low,0.018692353862114323,Unassigned,new
15634896,Grant,France,Low,0.037096503629265976,Unassigned,new
15671590,H?,Spain,Low,0.009572864232509196,Unassigned,new
15779182,Chia,Spain,Medium,0.5993602568988103,Unassigned,new
15778287,Ugoji,France,Low,0.012972547502712003,Unassigned,new
15609510,Gregory,France,Low,0.1730302244552112,Unassigned,new
15742229,Mackay,France,Low,0.18794879145268478,Unassigned,new
15658532,Nnamutaezinwa,Spain,Low,0.1722604439773947,Unassigned,new
15590993,Findlay,Spain,Low,0.05148602812388247,Unassigned,new
15565701,Ferri,Spain,Low,0.2177679736191534,Unassigned,new
15597239,Ku,Spain,Low,0.1402932883554238,Unassigned,new
15688880,Amechi,Germany,Low,0.4426641680083646,Unassigned,new
15813917,Kirk,Germany,Low,0.2054779561928886,Unassigned,new
15679611,Andrews,Spain,Low,0.16995155326453343,Unassigned,new
15636589,Murray,France,Low,0.036703774035636655,Unassigned,new
15687752,Griffin,France,Low,0.02330002876218101,Unassigned,new
15584363,Longstaff,France,Low,0.030055083615012242,Unassigned,new
15737748,McWilliam,Spain,Low,0.11592022434210043,Unassigned,new
15803365,Coffee,Spain,Low,0.28304949777543825,Unassigned,new
15793247,Hancock,France,Low,0.012402102567494999,Unassigned,new
15572360,Clark,France,Low,0.09659244433319551,Unassigned,new
15795166,Creswell,Germany,Low,0.11422234796159014,Unassigned,new
15724620,Dodds,France,Low,0.12226623693121808,Unassigned,new
15800856,Ewen,Spain,Low,0.0652835492358692,Unassigned,new
15671097,Carter,France,Low,0.02316892616769799,Unassigned,new
15683930,Ch'iu,Germany,Low,0.11181430849257883,Unassigned,new
15749004,Tsao,France,Low,0.0663117989084052,Unassigned,new
15800434,Burgess,Germany,Medium,0.7313840792861463,Unassigned,new
15709117,Fanucci,Spain,Low,0.38076902734633117,Unassigned,new
15638806,Blackburn,Spain,Low,0.16761253712808677,Unassigned,new
15662294,Bennett,France,Low,0.020381538609099272,Unassigned,new
15690079,Boniwell,Spain,Low,0.04073951958564524,Unassigned,new
15759317,Vasilieva,Germany,Low,0.1496223847321397,Unassigned,new
15750497,Longo,France,Low,0.08057685341415675,Unassigned,new
15596181,Kwemto,France,Low,0.10053761951857511,Unassigned,new
15576602,Lawrence,France,Low,0.014455878862927827,Unassigned,new
15644833,Duncan,France,High,0.8713086210143146,Unassigned,new
15734634,Bocharova,Spain,Low,0.11652997428734393,Unassigned,new
15808689,Morres,France,Low,0.01410755015235001,Unassigned,new
15720702,Shih,France,Low,0.19744312554424173,Unassigned,new
15665077,Vogel,France,High,0.7720159817088491,Unassigned,new
15763612,T'an,Germany,Low,0.13740324880303356,Unassigned,new
15596493,Wisdom,France,Low,0.11105707644003023,Unassigned,new
15704483,Lorenzo,France,Low,0.03813062378258763,Unassigned,new
15598846,Shahan,France,Medium,0.515923836900468,Unassigned,new
15629244,Bryant,Spain,Low,0.4388758835186305,Unassigned,new
15765537,Liang,Germany,Low,0.09974842058284564,Unassigned,new
15729975,Chidozie,France,Low,0.32770727678633704,Unassigned,new
15682773,Hayward,France,Low,0.10813572316211141,Unassigned,new
15688007,Liu,Spain,Low,0.04000400688943093,Unassigned,new
15574331,Alexeeva,Germany,Medium,0.5447624592280444,Unassigned,new
15645572,Calabresi,France,Low,0.397118025048463,Unassigned,new
15742854,Lettiere,Spain,Low,0.15238965013779307,Unassigned,new
15575417,Chou,Germany,Low,0.08257093208220902,Unassigned,new
15796721,Nnamutaezinwa,France,Low,0.04019618732558482,Unassigned,new
15734942,Nnamutaezinwa,Germany,Low,0.2616682397048595,Unassigned,new
15664772,Greece,Germany,Low,0.021298462614889685,Unassigned,new
15576683,Yin,Spain,Medium,0.5290628029859087,Unassigned,new
15682563,Larionova,Spain,Low,0.13034670675848584,Unassigned,new
15650889,Golubev,Germany,Low,0.11628103449775169,Unassigned,new
15612108,Norman,France,Low,0.25815293462358213,Unassigned,new
15761132,Capon,Spain,Low,0.1806820324097718,Unassigned,new
15645511,Chukwudi,Spain,Low,0.15015706213578509,Unassigned,new
15609824,Fedorov,France,High,0.9777202716613744,Unassigned,new
15640268,Avdeeva,Spain,Low,0.1053036571997845,Unassigned,new
15645778,Reid,Spain,Low,0.29611320039131195,Unassigned,new
15691104,Kennedy,Germany,Low,0.18680857511951904,Unassigned,new
15714567,Chan,Spain,Low,0.04185890606666323,Unassigned,new
15777826,Wofford,France,Low,0.04737863228165164,Unassigned,new
15668445,Mai,France,Low,0.018795830363247883,Unassigned,new
15576162,King,France,Low,0.046265000302732416,Unassigned,new
15778135,T'ao,Spain,Low,0.42402140371614333,Unassigned,new
15613141,Hsu,France,Low,0.13498208590498378,Unassigned,new
15635435,White,France,High,0.8249921368477438,Unassigned,new
15596552,Stephens,Germany,Medium,0.5384336941208542,Unassigned,new
15623644,Frolov,Spain,Low,0.017346937543690887,Unassigned,new
15683403,Lombardi,Spain,Low,0.4209222460835644,Unassigned,new
15615029,Munro,Spain,Low,0.14702695330298782,Unassigned,new
15769005,Hayward,France,Low,0.16193073887791232,Unassigned,new
15746326,Fields,France,Low,0.06598854823628796,Unassigned,new
15722364,Onwumelu,France,Low,0.1940261716071116,Unassigned,new
15704954,Suffolk,France,Low,0.06007225402181137,Unassigned,new
15694409,Tsao,Germany,Low,0.0652423530797689,Unassigned,new
15754068,Judd,France,Low,0.011914591535781305,Unassigned,new
15683841,Hamilton,Germany,Low,0.11807677409146221,Unassigned,new
15789095,T'ang,Spain,Low,0.011294660200727788,Unassigned,new
15719958,Degtyarev,Germany,Low,0.08010547538247953,Unassigned,new
15689514,Kang,France,Medium,0.7083074747188839,Unassigned,new
15621353,Hudson,Spain,Low,0.035556514182501345,Unassigned,new
15627232,Jibunoh,Germany,Low,0.38115060092438385,Unassigned,new
15745843,Kinlaw,Spain,Low,0.020841797468351384,Unassigned,new
15722902,Chizuoke,Germany,Medium,0.5590767569879708,Unassigned,new
15791767,Lucciano,France,Low,0.03749733767270306,Unassigned,new
15792722,Omeokachie,France,Low,0.4313947258433533,Unassigned,new
15723006,Gorbunova,France,Low,0.037846187135594456,Unassigned,new
15771942,Tikhonov,Germany,High,0.7599248041692838,Unassigned,new
15774738,Campa,France,Low,0.32379146919976826,Unassigned,new
15574004,Mancini,France,Low,0.04011148838244818,Unassigned,new
15587233,Donoghue,France,High,0.8464222710074387,Unassigned,new
15808228,Tuan,Spain,Low,0.3251027713373293,Unassigned,new
15682834,Johnstone,Spain,Low,0.02680227980567853,Unassigned,new
15571752,Romani,Germany,Low,0.14276495866311573,Unassigned,new
15743067,Fuller,Germany,Low,0.2102932327834708,Unassigned,new
15714466,Baxter,France,Medium,0.6029757245249857,Unassigned,new
15617982,Pirozzi,Spain,Low,0.07331321203524996,Unassigned,new
15696637,Sung,France,Low,0.06458787348572938,Unassigned,new
15690647,Rogers,Spain,Medium,0.584133058415534,Unassigned,new
15672756,Mills,France,Low,0.08573811595848345,Unassigned,new
15704586,Osonduagwuike,France,Low,0.046594500732490295,Unassigned,new
15674526,Byrne,France,Low,0.09661709970035216,Unassigned,new
15775295,McIntyre,France,Low,0.190232347569596,Unassigned,new
15684196,Aitken,France,High,0.852543907563358,Unassigned,new
15727281,Macintyre,France,Low,0.027930325603684025,Unassigned,new
15787835,Simpson,Germany,Low,0.13964923437449908,Unassigned,new
15730540,Simpson,Spain,Low,0.180188638291085,Unassigned,new
15646276,Metcalfe,France,Low,0.1274942794080535,Unassigned,new
15582180,Lees,France,Low,0.04607414566871474,Unassigned,new
15697095,Zetticci,Spain,Low,0.11091168698389725,Unassigned,new
15748797,Dale,Spain,Low,0.20700368251561824,Unassigned,new
15754796,Byrne,Germany,Low,0.30618320042007724,Unassigned,new
15628947,Praed,France,Low,0.04225369075360138,Unassigned,new
15775546,Laurens,Spain,Low,0.03054461524335119,Unassigned,new
15670481,Woods,France,Low,0.04939313422050093,Unassigned,new
15619029,Bykov,Spain,Low,0.09235079649159075,Unassigned,new
15613282,Vorobyova,France,Low,0.08213349829842029,Unassigned,new
15721487,Pirogova,France,Low,0.10455370576495795,Unassigned,new
15797276,Sturt,Spain,Low,0.2717209465562607,Unassigned,new
15612494,Panicucci,France,High,0.7775356792316587,Unassigned,new
15629617,Cook,Spain,Low,0.05222230009256104,Unassigned,new
15600821,Hardy,France,Low,0.057375354210293265,Unassigned,new
15579062,Chu,France,Low,0.013492594385366421,Unassigned,new
15814268,Franklin,France,Low,0.3678172495495275,Unassigned,new
15710164,P'eng,France,Low,0.13551940504784624,Unassigned,new
15693904,Chiang,Germany,Low,0.04773299780941738,Unassigned,new
15588986,Grant,Germany,Low,0.1788657983269885,Unassigned,new
15797733,Udobata,Germany,Low,0.07561553902740081,Unassigned,new
15620507,Siciliani,Germany,Low,0.1375836487349924,Unassigned,new
15685150,Evans,Germany,Low,0.030895691599428562,Unassigned,new
15667651,Young,Spain,Low,0.0304984143722925,Unassigned,new
15774166,Mitchell,Germany,Low,0.07407189185939647,Unassigned,new
15649280,Lucchese,Germany,Medium,0.5124252074980453,Unassigned,new
15705657,Hewitt,France,Low,0.2656170383495483,Unassigned,new
15753969,K'ung,Spain,Low,0.21127010035672722,Unassigned,new
15742378,Swaim,Germany,Low,0.26231290706299687,Unassigned,new
15794874,Quinones,Spain,Low,0.11776809476175655,Unassigned,new
15589221,Kennedy,Germany,Low,0.051796356915920404,Unassigned,new
15596671,Endrizzi,Spain,Low,0.38135882327283066,Unassigned,new
15583668,Ludowici,France,Low,0.2519856546071194,Unassigned,new
15710206,Larson,France,Low,0.20378634111485963,Unassigned,new
15799966,Chigolum,Germany,High,0.9610887513120172,Unassigned,new
15794560,Maclean,France,Low,0.3100283665653351,Unassigned,new
15626485,Lu,France,Low,0.07657483025766382,Unassigned,new
15703143,Tuan,France,Low,0.07591740158465932,Unassigned,new
15809772,Glover,France,Medium,0.6625750680570157,Unassigned,new
15687959,Landman,Spain,Low,0.3673327671785637,Unassigned,new
15585282,Trevisano,France,Low,0.1535315688594222,Unassigned,new
15714993,Longo,France,Low,0.2694108063052055,Unassigned,new
15596021,K?,Spain,Low,0.07483532738318747,Unassigned,new
15646615,Muir,Germany,Low,0.058904632572662645,Unassigned,new
15742632,Alexeyeva,France,Low,0.11755869012174577,Unassigned,new
15574068,Norman,Germany,High,0.9368857833594144,Unassigned,new
15806967,Simmons,France,Low,0.22488460362738924,Unassigned,new
15796334,Chukwualuka,Germany,Low,0.36383493201650896,Unassigned,new
15688713,McCall,Spain,Low,0.2848753848811105,Unassigned,new
15796179,Moore,France,Low,0.38454547222741003,Unassigned,new
15598751,Ingram,France,High,0.8317417377067589,Unassigned,new
15703019,Okeke,France,Low,0.03416074279902367,Unassigned,new
15646302,Shao,France,Low,0.12686307727763116,Unassigned,new
15680855,Iloabuchi,France,Low,0.055138383528421424,Unassigned,new
15697311,Nebechukwu,Spain,Low,0.17600927878244074,Unassigned,new
15585367,Diribe,Germany,High,0.7895416880324202,Unassigned,new
15726556,Macgroarty,Germany,Low,0.09706123266919495,Unassigned,new
15676242,Artemova,Spain,Low,0.09753614399027176,Unassigned,new
15684198,McDonald,France,Low,0.02496583937861386,Unassigned,new
15774882,Mazzanti,France,Low,0.08482476427202656,Unassigned,new
15714227,Kelly,France,Medium,0.4561566110232027,Unassigned,new
15608653,Davison,Spain,Low,0.11288645068795612,Unassigned,new
15784280,Reilly,Germany,Low,0.05996514758321859,Unassigned,new
15789546,Ojiofor,Spain,Low,0.01645733682321828,Unassigned,new
15590320,Shelton,France,Low,0.01951087774658784,Unassigned,new
15678385,Lange,France,Low,0.016388638635809118,Unassigned,new
15571778,Trentini,France,High,0.8257320460037528,Unassigned,new
15657085,Gardiner,France,Low,0.04370952287826285,Unassigned,new
15640627,Wan,Spain,Low,0.020797749996364346,Unassigned,new
15566211,Hsu,Germany,Medium,0.5883100857886935,Unassigned,new
15669293,Hovell,France,Low,0.07940998347309101,Unassigned,new
15595067,Zhirov,Spain,Low,0.05635188601858821,Unassigned,new
15753566,Espinosa,France,Low,0.18638177753520493,Unassigned,new
15650391,Wallace,France,Low,0.17732508990180082,Unassigned,new
15681843,Barbour,Germany,Low,0.03749847927129884,Unassigned,new
15814846,Ozerova,France,High,0.809544617402131,Unassigned,new
15670374,Wright,Germany,High,0.993864999871794,Unassigned,new
15762332,Ulyanova,Germany,Low,0.026301898135118233,Unassigned,new
15700223,Steiner,France,Low,0.27163975485558567,Unassigned,new
15729956,Akabueze,Spain,Low,0.09473950506189203,Unassigned,new
15594862,Aleksandrova,France,Low,0.020556033655703448,Unassigned,new
15598782,Pinto,Germany,Low,0.07144751794361799,Unassigned,new
15745080,Griffiths,France,Low,0.1287326125994085,Unassigned,new
15703399,McNeil,France,Low,0.05286410641984193,Unassigned,new
15732175,Bruno,France,Low,0.12666384109123655,Unassigned,new
15630725,Johnson,France,Medium,0.5358922647730388,Unassigned,new
15640260,Okorie,Germany,Low,0.05357698431421375,Unassigned,new
15716822,Moen,France,Low,0.04039448657978375,Unassigned,new
15583748,McGuigan,Spain,Low,0.032435587489397996,Unassigned,new
15605968,Fancher,France,Low,0.036858751630105824,Unassigned,new
15790683,Matthews,France,Low,0.029541878095531836,Unassigned,new
15607713,Kaeppel,Spain,Low,0.013211433608914882,Unassigned,new
15700212,Shih,France,Low,0.20006514707463197,Unassigned,new
15626710,Yudina,France,Low,0.20925548829088336,Unassigned,new
15716491,Akabueze,Spain,Low,0.42991192495305147,Unassigned,new
15625824,Kornilova,Spain,High,0.9209500639434645,Unassigned,new
15617705,Ozioma,France,Low,0.1532339524088056,Unassigned,new
15761976,Su,Spain,Low,0.031159750822614674,Unassigned,new
15634891,Jamison,Germany,Medium,0.6514873165670172,Unassigned,new
15744517,Esposito,Spain,High,0.7970810398269885,Unassigned,new
15686963,Hardiman,Spain,Low,0.25164773477064795,Unassigned,new
15808189,Woodard,France,Low,0.08702588836050304,Unassigned,new
15580845,Chienezie,Germany,Low,0.4237412691464455,Unassigned,new
15799156,Okwuadigbo,Spain,Low,0.025673826186390802,Unassigned,new
15694296,Chineze,France,Low,0.04655957112732069,Unassigned,new
15677049,O'Brien,Germany,Low,0.0907263610392768,Unassigned,new
15583595,Tao,France,Low,0.11540699989814714,Unassigned,new
15590146,Mao,France,Low,0.3494234334831845,Unassigned,new
15801548,Buckland,France,Low,0.04643746979177784,Unassigned,new
15660833,Flannery,Germany,Low,0.08089596986464402,Unassigned,new
15762277,Jamieson,France,Medium,0.48092897601966555,Unassigned,new
15791302,Swift,France,Low,0.017035393126513167,Unassigned,new
15798975,Doherty,Germany,High,0.7890333622845314,Unassigned,new
15599956,Payne,France,Low,0.012439101533712447,Unassigned,new
15577274,Genovese,Germany,Medium,0.6096203958540238,Unassigned,new
15701200,Lucciano,France,Low,0.01256515253268509,Unassigned,new
15638149,Rowley,France,Low,0.16983158193751108,Unassigned,new
15786199,Hsing,France,Low,0.04978247597900551,Unassigned,new
15701765,Vincent,Spain,Low,0.04162656664871826,Unassigned,new
15586974,Pearce,France,Low,0.019123606133606957,Unassigned,new
15729040,Lamb,France,Low,0.04526732110882389,Unassigned,new
15788676,Riley,Spain,Low,0.030781999888001028,Unassigned,new
15602497,Honore,Spain,Low,0.1213284625616158,Unassigned,new
15701333,Blackburn,France,Low,0.19597710789144485,Unassigned,new
15812071,Endrizzi,France,Low,0.14958583024995872,Unassigned,new
15634375,Duncan,Spain,Low,0.03378262013279897,Unassigned,new
15738267,Macarthur,France,Low,0.17806301018566406,Unassigned,new
15786800,Gould,Germany,Medium,0.5626922820008591,Unassigned,new
15591130,Medvedev,Spain,Low,0.021153357922345992,Unassigned,new
15720662,Sholes,France,Low,0.08918317808661148,Unassigned,new
15751531,Shaw,Spain,Low,0.029764448980987346,Unassigned,new
15653595,Ts'ai,France,Low,0.11715803416858227,Unassigned,new
15568360,Rolon,Spain,Low,0.1784731663315642,Unassigned,new
15781210,Reid,France,Low,0.01454423420602333,Unassigned,new
15668058,Chinwendu,Germany,Low,0.24720675862345218,Unassigned,new
15597131,Fu,France,Low,0.0586178916926369,Unassigned,new
15697283,Mackenzie,Spain,Low,0.017588101505183362,Unassigned,new
15640953,Bligh,France,Low,0.04245836966937981,Unassigned,new
15715031,Davidson,France,Low,0.01692008534363738,Unassigned,new
15589660,Lamble,Germany,Low,0.20645685855065302,Unassigned,new
15769818,Moore,France,Medium,0.5905021581784186,Unassigned,new
15782736,Jose,Germany,Medium,0.5677429796762721,Unassigned,new
15614818,Trevisani,Spain,Low,0.11643957422970062,Unassigned,new
15794014,Schofield,France,Low,0.02823062821773908,Unassigned,new
15732448,Stewart,France,Low,0.10008886209738801,Unassigned,new
15723411,Jamieson,Spain,Low,0.08524070865873772,Unassigned,new
15797686,Howard,France,Low,0.07292521444246258,Unassigned,new
15605950,Onwuamaeze,Germany,Low,0.049828240111386715,Unassigned,new
15812497,D'Albertis,Germany,Low,0.30183760708885954,Unassigned,new
15690678,Brooks,France,Low,0.09336928573497394,Unassigned,new
15747677,Gordon,Spain,Low,0.04873406191743323,Unassigned,new
15618926,Nwachukwu,Spain,Low,0.038556113783198766,Unassigned,new
15673908,Chinweike,Germany,Low,0.3192622420082579,Unassigned,new
15727944,Simpkinson,Germany,Medium,0.5930980280018551,Unassigned,new
15807294,Walker,Spain,Low,0.04167064401474891,Unassigned,new
15618581,Diribe,Spain,Low,0.009317669380030886,Unassigned,new
15584364,Trentini,France,Medium,0.645950249778696,Unassigned,new
15599552,Conway,Spain,Low,0.08477454001161769,Unassigned,new
15749177,Maslow,Spain,Low,0.1237566665453375,Unassigned,new
15718779,Clark,France,Low,0.07052513613202253,Unassigned,new
15568106,L?,France,Low,0.07223874151057608,Unassigned,new
15779481,Swadling,France,Low,0.035421565698656815,Unassigned,new
15709994,Gallo,France,Low,0.16518624851894514,Unassigned,new
15772777,Onyemachukwu,Spain,Low,0.014402613292006762,Unassigned,new
15706815,Samoylova,Germany,Low,0.2367542827565819,Unassigned,new
15618018,Dickson,France,Low,0.08143954794728334,Unassigned,new
15671032,He,Germany,Low,0.07263110173881661,Unassigned,new
15634281,P'an,Germany,Medium,0.6295580920297431,Unassigned,new
15766374,Leak,Germany,Low,0.13316048656016843,Unassigned,new
15600991,Artemieva,Germany,Low,0.04800660083627263,Unassigned,new
15777576,Frost,Spain,Low,0.14913454335437754,Unassigned,new
15742613,Warner,Germany,Low,0.20890761093411306,Unassigned,new
15649523,Kennedy,France,Low,0.02610123221908043,Unassigned,new
15651063,Ifeatu,Germany,Low,0.18653576565279925,Unassigned,new
15683124,Evans,France,High,0.7691696899999103,Unassigned,new
15618314,Chu,France,Low,0.10125019215715118,Unassigned,new
15670823,Hsueh,Germany,Medium,0.6011166793360391,Unassigned,new
15607133,Shih,Spain,Low,0.2742355200913153,Unassigned,new
15615012,Fan,France,Low,0.09827174143163113,Unassigned,new
15725141,Whiddon,France,Low,0.4264179613906493,Unassigned,new
15623560,Onyekachukwu,France,Low,0.07549893150510327,Unassigned,new
15693018,Ermakova,Germany,Low,0.11011905549432972,Unassigned,new
15636756,Marino,France,Low,0.025331334700265783,Unassigned,new
15647474,Niu,France,Low,0.08892468375029842,Unassigned,new
15576714,Manna,Spain,Low,0.019542269995975248,Unassigned,new
15585047,Onyemere,France,Low,0.07970608893026568,Unassigned,new
15743976,Archer,Germany,Low,0.17140721258417646,Unassigned,new
15793881,Mitchell,France,Low,0.08758687310531169,Unassigned,new
15576517,Everingham,Germany,Low,0.08135306204067763,Unassigned,new
15631072,Huie,France,Low,0.04312692438085651,Unassigned,new
15730394,Crowther,France,Low,0.1256121959838404,Unassigned,new
15631460,Swift,Spain,Low,0.05621360748872381,Unassigned,new
15692002,Skelton,France,Low,0.07276993125985963,Unassigned,new
15595282,White,France,Low,0.0381872071617688,Unassigned,new
15789548,Giordano,France,Low,0.02662149643929384,Unassigned,new
15758035,Bateson,France,Low,0.21400961603001395,Unassigned,new
15617518,Hu,Germany,Low,0.11489913657001496,Unassigned,new
15651802,Day,Spain,Low,0.1152335382822261,Unassigned,new
15631813,Beneventi,France,Low,0.020307434721688934,Unassigned,new
15729668,Elizabeth,Spain,Low,0.14052921276985064,Unassigned,new
15741728,Atkins,Spain,Low,0.05011998781793506,Unassigned,new
15576676,Serrano,Germany,Low,0.0753408250179579,Unassigned,new
15711378,Willis,France,Low,0.03317355764498016,Unassigned,new
15765520,Stevenson,Germany,Low,0.07265369268172411,Unassigned,new
15656726,Ch'ien,France,Low,0.056233563915260014,Unassigned,new
15647842,Cunningham,Germany,High,0.8256436637795834,Unassigned,new
15719309,Stephens,France,Low,0.14256027363568546,Unassigned,new
15748718,Gordon,France,Low,0.10493737928354006,Unassigned,new
15594404,Bevan,France,Low,0.4373546675495764,Unassigned,new
15751158,Mashman,France,High,0.935052392175826,Unassigned,new
15593470,Tu,Germany,Low,0.12961781473901368,Unassigned,new
15695129,Milanesi,France,Low,0.07164108878937336,Unassigned,new
15640865,Romano,Germany,Low,0.0372800529720484,Unassigned,new
15714080,Goliwe,Germany,Low,0.22925305489845915,Unassigned,new
15648721,Hsueh,France,Low,0.027083327302160745,Unassigned,new
15801466,Gray,France,Low,0.1133331572039819,Unassigned,new
15750248,Wright,France,Low,0.15558174425705296,Unassigned,new
15758726,Chiemeka,France,Low,0.02063808050777667,Unassigned,new
15781553,Chung,Germany,High,0.839485963887652,Unassigned,new
15649121,Pinto,France,High,0.7817866705751737,Unassigned,new
15674811,Kellway,Germany,Low,0.01681656470893264,Unassigned,new
15646037,Sopuluchi,France,Low,0.152002652482353,Unassigned,new
15722578,Spitzer,Germany,Low,0.14953885595784702,Unassigned,new
15665695,Potter,France,Low,0.1053111420695562,Unassigned,new
15801062,Matthews,Spain,Low,0.047274031174610855,Unassigned,new
15662955,Nicholls,France,Low,0.04249235679288005,Unassigned,new
15770309,McDonald,France,Low,0.034396956436721506,Unassigned,new
15657386,Fiorentini,Germany,Low,0.15602712605544108,Unassigned,new
15777797,Kovalyova,Spain,Low,0.09735569873803893,Unassigned,new
15783955,Miah,France,Low,0.07639854593066682,Unassigned,new
15804516,Builder,France,Low,0.22104636235301992,Unassigned,new
15681758,Baddeley,Spain,Low,0.025975387287926165,Unassigned,new
15630321,Hu,France,Low,0.0679601822464566,Unassigned,new
15588248,Hs?,France,Low,0.027603659159553536,Unassigned,new
15591932,Ford,France,Low,0.0831332598270672,Unassigned,new
15810347,Todd,Spain,Low,0.02582143807376549,Unassigned,new
15595303,Johnston,Germany,Low,0.4341682878200766,Unassigned,new
15634950,Obiajulu,Germany,Low,0.4036317039490755,Unassigned,new
15685372,Azubuike,Spain,Low,0.39386013075182086,Unassigned,new
15745827,Padovesi,France,Low,0.08079891975889354,Unassigned,new
15755868,Farmer,France,Low,0.14358677675127896,Unassigned,new
15735222,Ignatieff,Spain,Low,0.017681131452121874,Unassigned,new
15604804,Lu,France,Low,0.07068104601595683,Unassigned,new
15718944,Artemiev,France,Low,0.06242593330645263,Unassigned,new
15678626,Okonkwo,Spain,Low,0.05124938335209208,Unassigned,new
15571550,Dore,France,Low,0.23431962930206182,Unassigned,new
15723053,T'ang,Germany,Low,0.02416255905099236,Unassigned,new
15661528,Ashbolt,Spain,Low,0.4412423132923978,Unassigned,new
15754177,Bazarova,Spain,Medium,0.5068931974165732,Unassigned,new
15683544,Buccho,Spain,Low,0.3030145795764712,Unassigned,new
15708048,Burn,France,Low,0.1290926541345135,Unassigned,new
15701109,Andreyev,France,Low,0.216301658618031,Unassigned,new
15600110,Endrizzi,Germany,Low,0.29382712422121343,Unassigned,new
15651533,Brown,Germany,High,0.8700821443277621,Unassigned,new
15777904,Nock,France,Low,0.06472104247780598,Unassigned,new
15655574,Okeke,Germany,Low,0.3973028552958335,Unassigned,new
15569423,Cunningham,Spain,Low,0.04055212322109904,Unassigned,new
15718106,Kelley,France,Low,0.02864946328934561,Unassigned,new
15585067,Wilson,Spain,Low,0.05077648063824383,Unassigned,new
15675501,Woods,France,Low,0.15399485119015974,Unassigned,new
15633233,McFarland,France,High,0.8045305790009517,Unassigned,new
15667134,Cisneros,France,Low,0.018221671277389634,Unassigned,new
15659105,Borchgrevink,France,Medium,0.6491471724967164,Unassigned,new
15575409,Rozhkova,Germany,Low,0.21434627672249254,Unassigned,new
15752342,Bradley,Germany,High,0.9952639784103469,Unassigned,new
15654851,Obialo,France,Low,0.17408179479928554,Unassigned,new
15741429,Hudson,Spain,Low,0.04741744665290603,Unassigned,new
15682356,Veltri,France,Low,0.0896026328984881,Unassigned,new
15806447,Mazzanti,Germany,Low,0.04870752930054459,Unassigned,new
15800229,Thorpe,Germany,Low,0.22252081563048642,Unassigned,new
15663441,Golibe,Germany,Low,0.4450763598510945,Unassigned,new
15791991,Udinesi,France,Low,0.44829348209107056,Unassigned,new
15775082,Stewart,France,Low,0.07930220937189608,Unassigned,new
15579706,Curtis,France,Medium,0.6500777605110832,Unassigned,new
15718247,Hayden,Spain,Low,0.11349381824904385,Unassigned,new
15755722,H?,France,Low,0.1268367015722112,Unassigned,new
15582259,Campbell,France,Low,0.022695176443619486,Unassigned,new
15716994,Green,Spain,Low,0.0958193621647738,Unassigned,new
15586880,P'eng,Germany,Low,0.13940764056800084,Unassigned,new
15713854,Cremonesi,France,Low,0.04221026093411186,Unassigned,new
15780835,Liang,Germany,Low,0.15700533132821928,Unassigned,new
15675896,Gough,Germany,Low,0.366082753369295,Unassigned,new
15658459,Bates,Spain,Low,0.01704191449239379,Unassigned,new
15658057,Padovesi,Spain,High,0.8432577137863996,Unassigned,new
15801767,Yin,Spain,Low,0.06402596011470742,Unassigned,new
15569178,Kharlamov,France,Low,0.10479637990906504,Unassigned,new
15731478,Nicholls,France,Low,0.32663981069815007,Unassigned,new
15811236,Burns,Spain,Low,0.07116531289134012,Unassigned,new
15746749,Fleming,Spain,Low,0.019282134374362037,Unassigned,new
15662758,Watson,France,Low,0.18026786400146058,Unassigned,new
15709387,Obiajulu,France,Low,0.3936896157890545,Unassigned,new
15572093,Han,France,Low,0.13614087110237486,Unassigned,new
15713826,Ferguson,Germany,Low,0.24041717213531663,Unassigned,new
15570205,Tao,Spain,Low,0.013411116511506114,Unassigned,new
15589348,Le Grand,Spain,Low,0.06515762904545734,Unassigned,new
15804610,Valdez,France,Low,0.06712420169956726,Unassigned,new
15700854,Cunningham,Spain,Low,0.17036021758543052,Unassigned,new
15758836,Godfrey,Spain,Low,0.020464903151798743,Unassigned,new
15772933,Mai,Spain,Low,0.09102765145899729,Unassigned,new
15809006,Walker,France,Low,0.03918299236125912,Unassigned,new
15689612,Pirozzi,Spain,Low,0.1357401619752904,Unassigned,new
15744614,Feng,France,Low,0.06735972596145608,Unassigned,new
15704250,Akabueze,France,Low,0.01833061882820403,Unassigned,new
15700255,Robson,Germany,Low,0.21844606532659647,Unassigned,new
15669410,Yevdokimova,France,Low,0.035956745670627156,Unassigned,new
15807595,Ijendu,Germany,Medium,0.5489089306511024,Unassigned,new
15664523,Colombo,Germany,Low,0.11780795720395737,Unassigned,new
15642833,Akubundu,France,Low,0.029581322757138675,Unassigned,new
15605279,Francis,France,High,0.9532565452098765,Unassigned,new
15713644,Marshall,Spain,Low,0.018485362997415974,Unassigned,new
15750466,Rhodes,Germany,Low,0.37052001160672693,Unassigned,new
15739054,Y?,France,Low,0.08428861312745245,Unassigned,new
15612771,Bell,France,Low,0.059154501108200044,Unassigned,new
15788483,Kerr,Spain,Low,0.22521935655225364,Unassigned,new
15732832,Jideofor,France,Low,0.056946784393045055,Unassigned,new
15772892,Robertson,France,High,0.7744706268667767,Unassigned,new
15713843,Kao,Spain,Low,0.013211473810261288,Unassigned,new
15567993,Palmer,Spain,Low,0.08964147875060673,Unassigned,new
15617603,Mackay,Germany,Low,0.04268505511252419,Unassigned,new
15744983,Burgmann,Spain,Low,0.20911430959903005,Unassigned,new
15630419,Davis,France,Low,0.2929382038603112,Unassigned,new
15738828,Milano,Germany,Medium,0.5542895871063347,Unassigned,new
15778025,Dellucci,Germany,Low,0.1715830328274035,Unassigned,new
15799479,Coles,Spain,Low,0.08010129463332383,Unassigned,new
15684269,Gray,Spain,Low,0.24784258837072934,Unassigned,new
15762745,Macvitie,Spain,Low,0.14327262115972067,Unassigned,new
15746970,Townsend,Spain,Low,0.10893658477761729,Unassigned,new
15725024,Pope,Germany,Low,0.07620582308751012,Unassigned,new
15592116,Jensen,France,Low,0.04098869325231167,Unassigned,new
15624391,Thomson,Spain,Low,0.09136217126385808,Unassigned,new
15567422,Chiazagomekpele,France,Low,0.05391436738521517,Unassigned,new
15612627,Ozuluonye,Germany,Low,0.06988408591729019,Unassigned,new
15574879,Wright,Germany,Low,0.1320018042900037,Unassigned,new
15745107,Lung,Germany,Low,0.20526312361439833,Unassigned,new
15734491,Lombardo,Spain,Low,0.022869975983546963,Unassigned,new
15675320,Leonard,Spain,Low,0.1483961385397454,Unassigned,new
15643824,Johnston,France,Low,0.03413572358818786,Unassigned,new
15643438,P'eng,France,Low,0.013622926733113772,Unassigned,new
15721730,Amechi,Spain,Low,0.10114295548215653,Unassigned,new
15680727,Fang,France,Medium,0.5494176116202045,Unassigned,new
15752508,Docherty,Germany,Low,0.048175459385852236,Unassigned,new
15808846,Horton,Germany,Low,0.04505814094837167,Unassigned,new
15727251,Vincent,France,Low,0.07907505416469454,Unassigned,new
15663489,Onio,Germany,Low,0.22116327480590234,Unassigned,new
15683677,Schiavone,Spain,Low,0.14393571953331324,Unassigned,new
15596414,Chandler,Spain,Low,0.19236380294626715,Unassigned,new
15730639,Fiorentino,France,Low,0.0490456319131727,Unassigned,new
15672132,Butusov,France,Low,0.3004285100370304,Unassigned,new
15742638,Wang,France,Low,0.015376495673973985,Unassigned,new
15578603,Alexeieva,Germany,High,0.8932238783057176,Unassigned,new
15726088,Vinogradova,France,Low,0.1860271518026746,Unassigned,new
15682533,Hughes,France,Low,0.20583470122042496,Unassigned,new
15772995,Ts'ao,France,Low,0.09377316278866037,Unassigned,new
15765694,Bage,Spain,Medium,0.47750150400098257,Unassigned,new
15659486,Yudina,Germany,Low,0.11970499882432738,Unassigned,new
15568963,Naquin,Germany,Low,0.1600020315766591,Unassigned,new
15703820,Endrizzi,France,Low,0.11631468567480664,Unassigned,new
15569410,Tang,Germany,Low,0.08719737230244523,Unassigned,new
15632256,Schroeder,France,Low,0.07278715989067996,Unassigned,new
15724466,Swearingen,Germany,Low,0.39576849003208886,Unassigned,new
15777639,McGregor,Spain,Low,0.05872743350968277,Unassigned,new
15802501,Onyeorulu,Germany,Low,0.07137849377794353,Unassigned,new
15778410,Clarke,Spain,Medium,0.7111955274728345,Unassigned,new
15670702,Smith,France,Low,0.06800121597270185,Unassigned,new
15704763,Kozlova,Germany,Low,0.3122545107568097,Unassigned,new
15645544,Nekrasov,Germany,Low,0.3493170555022987,Unassigned,new
15757646,Olague,France,Low,0.027008736457596293,Unassigned,new
15701121,Holt,France,Low,0.09124863203603842,Unassigned,new
15796313,Olsen,France,Low,0.11360290109688663,Unassigned,new
15815660,Mazzi,France,Low,0.06638986796806712,Unassigned,new
15602844,Niu,France,Low,0.17582381767145666,Unassigned,new
15636238,Graham,France,Low,0.03172845861232673,Unassigned,new
15770101,Millar,Germany,Low,0.1623892157260509,Unassigned,new
15645543,Bell,France,Low,0.018283653272596876,Unassigned,new
15596397,Kelly,France,Low,0.09714718628288332,Unassigned,new
15770525,T'an,Spain,Low,0.05180869974005096,Unassigned,new
15684267,Davila,Germany,Low,0.05858210395177457,Unassigned,new
15689980,Willis,Spain,Low,0.1561213074320605,Unassigned,new
15633260,Dumetochukwu,France,Low,0.07283418629750302,Unassigned,new
15756471,Giles,Germany,Low,0.04703019188436389,Unassigned,new
15721303,O'Meara,Spain,Low,0.09891109001159584,Unassigned,new
15802256,Yao,France,Low,0.04137625135198629,Unassigned,new
15725664,Wallace,France,Low,0.2194918012824448,Unassigned,new
15674851,T'ien,France,Low,0.027947853492023573,Unassigned,new
15701946,Ndubueze,France,Low,0.08014575138473146,Unassigned,new
15748947,Chukwuraenye,France,Low,0.14734789730287606,Unassigned,new
15673342,K'ung,France,Low,0.021265101961295132,Unassigned,new
15601008,Stevenson,France,Low,0.01729163786373044,Unassigned,new
15771636,Marshall,Spain,Low,0.2610695951974148,Unassigned,new
15642002,Hayward,France,Low,0.06969642619110923,Unassigned,new
15693381,Tipton,Spain,Low,0.05907019026703435,Unassigned,new
15607691,Gibson,France,Low,0.10173732310959803,Unassigned,new
15589380,Fraser,Germany,Low,0.114008624826281,Unassigned,new
15603846,Fang,Spain,Low,0.026254077364464435,Unassigned,new
15753549,Dubinina,France,Low,0.06753432177638927,Unassigned,new
15725355,Morey,France,Low,0.3499075013768613,Unassigned,new
15773017,Todd,Spain,Low,0.031550003788481065,Unassigned,new
15625641,Forbes,Germany,Low,0.06995239904081296,Unassigned,new
15776467,De Salis,Spain,Low,0.038289908613353824,Unassigned,new
15746451,Barry,Spain,Low,0.13755236748079147,Unassigned,new
15777922,Afamefuna,Spain,Low,0.038611795304785965,Unassigned,new
15606841,Ibbott,France,Low,0.023254847211060952,Unassigned,new
15757648,Marshall,Germany,Low,0.2608751380177556,Unassigned,new
15677173,Law,France,Low,0.11522346277765648,Unassigned,new
15764170,Pinto,Germany,Medium,0.5236893321498951,Unassigned,new
15610446,Chinedum,France,High,0.9851461691553514,Unassigned,new
15612776,McKay,Spain,Low,0.035377110931026384,Unassigned,new
15794122,Otutodilinna,France,Low,0.07347620068335446,Unassigned,new
15774931,She,France,Low,0.04008828103413409,Unassigned,new
15779247,Pai,Spain,Low,0.15896499289214822,Unassigned,new
15707078,Kruglov,France,Low,0.19591756019538706,Unassigned,new
15605263,Chin,France,Low,0.054442974453194334,Unassigned,new
15607381,King,Germany,Low,0.10964371486447436,Unassigned,new
15683471,Hansen,France,Low,0.024144992814056937,Unassigned,new
15605037,Ting,France,Medium,0.6786279768002614,Unassigned,new
15576085,Stone,France,Low,0.042300807849797534,Unassigned,new
15770435,McLean,France,Low,0.24598658918669578,Unassigned,new
15592994,Zikoranachidimma,France,Low,0.04824817113950391,Unassigned,new
15624068,Fu,France,Low,0.017656399049651512,Unassigned,new
15595221,Trevisano,Germany,Low,0.2785991598256705,Unassigned,new
15637131,Fallaci,France,Low,0.025925152430273556,Unassigned,new
15613471,Wiley,Germany,Low,0.03927226751459862,Unassigned,new
15583499,Chiagoziem,France,Low,0.04414968836446888,Unassigned,new
15752816,Murray,France,Low,0.08858469739358836,Unassigned,new
15804075,Chuang,Germany,Low,0.3077327313762155,Unassigned,new
15800517,Huang,Spain,Low,0.03842645953231578,Unassigned,new
15712319,Chukwukere,Spain,Low,0.10909110157843258,Unassigned,new
15797389,Hsia,Spain,Low,0.041183409386797036,Unassigned,new
15621432,Lee,Spain,Low,0.027582507617634627,Unassigned,new
15779390,Theus,Spain,Low,0.08043310720724567,Unassigned,new
15711219,Jennings,Germany,Medium,0.5374109928540002,Unassigned,new
15770498,Parker,France,Low,0.08407280517929243,Unassigned,new
15678727,Tan,Germany,Medium,0.6867220808452135,Unassigned,new
15573893,Barry,Germany,Low,0.016303478473199445,Unassigned,new
15740104,Tuan,Spain,Low,0.18208411713928677,Unassigned,new
15792649,Patterson,Spain,Low,0.027791428292426812,Unassigned,new
15605275,Ofodile,Germany,Medium,0.6872447798300825,Unassigned,new
15572467,Chandler,France,Low,0.017688667530338258,Unassigned,new
15738219,Nash,France,Low,0.02161153898373637,Unassigned,new
15600710,Atkinson,France,Low,0.13050954469625703,Unassigned,new
15804394,Brenan,Germany,Low,0.2514026858724932,Unassigned,new
15694188,Obidimkpa,Spain,Low,0.11401807252762743,Unassigned,new
15583718,Terry,Germany,Low,0.20205949125248118,Unassigned,new
15802478,Spring,Spain,Low,0.011909076825317954,Unassigned,new
15619343,Mahmood,France,Medium,0.6514605468643012,Unassigned,new
15758813,Campbell,Germany,Medium,0.48767759091207435,Unassigned,new
15761374,Bellucci,France,Low,0.21931292602971775,Unassigned,new
15569209,Amaechi,Spain,Low,0.12750303318888587,Unassigned,new
15788539,Foxall,France,Low,0.14169287372398243,Unassigned,new
15747222,Bentley,Spain,Low,0.021924820570948248,Unassigned,new
15769346,Baird,France,Low,0.07976914688961115,Unassigned,new
15699634,Howard,France,Low,0.1369762009697481,Unassigned,new
15589076,Henry,France,Low,0.1501938547692458,Unassigned,new
15812338,Sopuluchukwu,Spain,Low,0.22218021060358747,Unassigned,new
15758845,Rocher,Spain,Low,0.15809794735503013,Unassigned,new
15685844,White,Germany,Low,0.21093071986787726,Unassigned,new
15583090,Komar,Spain,Low,0.02689130820705456,Unassigned,new
15587581,Russo,Germany,Low,0.07643982138893891,Unassigned,new
15633640,Loewenthal,France,Low,0.34375192199437843,Unassigned,new
15573741,Aliyeva,Spain,Low,0.06532921511079755,Unassigned,new
15633574,Montes,France,Low,0.30694520919148516,Unassigned,new
15711455,Kuo,Germany,Low,0.32939100553810946,Unassigned,new
15570601,Cheng,France,Low,0.3078378713953748,Unassigned,new
15690925,McIntosh,Spain,Low,0.219300796511074,Unassigned,new
15709338,T'ao,France,Low,0.07625544861617128,Unassigned,new
15780746,Tyndall,France,Low,0.06451499858713519,Unassigned,new
15681956,Bailey,France,Low,0.0094834600428099,Unassigned,new
15778190,Onyekaozulu,Spain,Low,0.08969778633076515,Unassigned,new
15786852,Nwachukwu,Germany,Low,0.09429556329395741,Unassigned,new
15726494,Romani,France,Low,0.4409659892970438,Unassigned,new
15641183,Chin,Spain,Low,0.0818788142293777,Unassigned,new
15805312,Bellucci,France,Low,0.18822086132392696,Unassigned,new
15636572,Christmas,France,Low,0.017093837358888715,Unassigned,new
15632575,Moore,France,Low,0.13023785742896382,Unassigned,new
15740164,Genovesi,France,Low,0.07971784441763226,Unassigned,new
15574947,Cartwright,France,Low,0.030106573091056743,Unassigned,new
15597909,Johnstone,Germany,Low,0.21640369996997477,Unassigned,new
15782574,Warner,Spain,Low,0.017291009645037006,Unassigned,new
15734999,Stephenson,Spain,Low,0.12907505832039362,Unassigned,new
15706593,Ellis,Spain,Low,0.09590794140909692,Unassigned,new
15766686,Nebechi,Germany,Medium,0.48163338772771475,Unassigned,new
15590268,Chu,Spain,Low,0.0572836543952036,Unassigned,new
15763055,Onuchukwu,Spain,Low,0.04642178282270268,Unassigned,new
15664754,Steele,Germany,High,0.9545977124147259,Unassigned,new
15643630,Quaife,Spain,Medium,0.5581046496314768,Unassigned,new
15641043,Scott,Spain,Low,0.012639576893429746,Unassigned,new
15768095,Yeh,France,Low,0.08595877904449091,Unassigned,new
15811314,Y?,Germany,Low,0.11951311421415098,Unassigned,new
15669922,Conti,Spain,Low,0.02603663979675595,Unassigned,new
15707114,Holder,France,Low,0.009061079757925547,Unassigned,new
15670602,Burgess,Germany,Low,0.11666897457511137,Unassigned,new
15713479,Ozuluonye,France,Low,0.01647150883525768,Unassigned,new
15663830,De Luca,Spain,Low,0.010591560592173295,Unassigned,new
15566958,Li Fonti,Spain,Low,0.08256740447676311,Unassigned,new
15680918,Freeman,Spain,Low,0.09172815505093083,Unassigned,new
15663921,Pisani,France,Low,0.050265099749002735,Unassigned,new
15716324,Ignatieff,France,Low,0.06898459940322665,Unassigned,new
15796969,Lahti,France,Low,0.01017023078057022,Unassigned,new
15574783,Perkins,France,Low,0.039289220776888116,Unassigned,new
15773487,Conway,Germany,Low,0.22429538823528047,Unassigned,new
15802486,Hayes,France,Low,0.012929053595126522,Unassigned,new
15783398,Rizzo,Spain,Medium,0.6354907545958332,Unassigned,new
15649418,Krylov,France,Low,0.10423036208886437,Unassigned,new
15604588,Li Fonti,Spain,Low,0.034894729370152304,Unassigned,new
15735428,Talbot,Spain,Low,0.03918319629349301,Unassigned,new
15629078,Matthias,Germany,Medium,0.5158332110823328,Unassigned,new
15806880,Boyle,Spain,Low,0.13059652831691526,Unassigned,new
15754999,Ch'eng,France,Low,0.12460173389537378,Unassigned,new
15781034,Mason,Spain,Low,0.018912270381114937,Unassigned,new
15622017,Bruno,Spain,Low,0.1205201166297706,Unassigned,new
15705885,Smeaton,Spain,Low,0.0136956915633305,Unassigned,new
15677382,Miller,Spain,Low,0.08559601048918694,Unassigned,new
15566843,Gotch,Germany,Low,0.10667334063993296,Unassigned,new
15608387,Fu,France,Low,0.029619739475178264,Unassigned,new
15810786,O'Toole,France,Low,0.023024922916831673,Unassigned,new
15626983,Ledford,Spain,Low,0.0995794980027653,Unassigned,new
15773605,Iadanza,Spain,Low,0.0295985045530654,Unassigned,new
15811261,Alaniz,Spain,Low,0.1970856097178415,Unassigned,new
15590606,Saunders,France,Low,0.03392311306829063,Unassigned,new
15576644,Lin,Germany,Low,0.16603830089194735,Unassigned,new
15750264,Pinto,Germany,Low,0.04574068301128684,Unassigned,new
15741554,Streeter,Spain,Low,0.04914463301887552,Unassigned,new
15769051,Shaw,Spain,Low,0.1543866252142451,Unassigned,new
15812198,Chen,Germany,High,0.8182135719565821,Unassigned,new
15699772,Barclay,Germany,Low,0.24270189222832034,Unassigned,new
15744105,Kodilinyechukwu,France,Low,0.04440769850135303,Unassigned,new
15739858,Otitodilichukwu,France,Low,0.35027515727741376,Unassigned,new
15723720,McKenzie,France,Low,0.016919804829205305,Unassigned,new
15638355,Woods,France,Low,0.17141529850617715,Unassigned,new
15805637,Hsing,France,High,0.8409056555783644,Unassigned,new
15629575,Wheare,France,Low,0.10606749003670524,Unassigned,new
15586243,Yobachi,France,Low,0.14685978487362986,Unassigned,new
15757931,Fang,France,Low,0.017711851023904955,Unassigned,new
15716023,Pearson,France,Low,0.01380984667299397,Unassigned,new
15647782,Brown,Germany,Low,0.0671946831618329,Unassigned,new
15716609,L?,Germany,High,0.9249727173438622,Unassigned,new
15623791,Padovesi,Spain,Low,0.2722789833697512,Unassigned,new
15627262,Soto,Germany,Low,0.06156520665294752,Unassigned,new
15652693,Greco,France,Low,0.1487689511382205,Unassigned,new
15586993,Giordano,Spain,Low,0.07070116389506871,Unassigned,new
15815560,Bogle,Germany,Low,0.06193588460744729,Unassigned,new
15584930,Grimmett,Germany,Low,0.07106604943094255,Unassigned,new
15799031,Ayers,France,Low,0.03240080908091311,Unassigned,new
15810457,Miller,Germany,Low,0.09156302716144267,Unassigned,new
15697879,Webb,France,Low,0.049162891600758374,Unassigned,new
15594902,Lombardi,France,Low,0.11156081758195067,Unassigned,new
15799710,Wei,France,Low,0.05507428310672955,Unassigned,new
15659651,Ross,Germany,Low,0.2983079953183154,Unassigned,new
15645956,Jideofor,Spain,Low,0.3149094059357566,Unassigned,new
15651713,King,France,Low,0.3644584149708215,Unassigned,new
15737265,Nwokeocha,Germany,Low,0.27729705195586546,Unassigned,new
15687310,Humphries,Spain,Low,0.03238931208263134,Unassigned,new
15607347,Olisaemeka,France,Low,0.08611423839767075,Unassigned,new
15698321,Yobanna,Germany,Low,0.042726421978620685,Unassigned,new
15657812,Ch'iu,France,Low,0.08084186326278149,Unassigned,new
15569187,Fleming,Spain,Low,0.02056762745876447,Unassigned,new
15681562,Trevisan,France,Low,0.16751259266144441,Unassigned,new
15615456,Aleksandrova,France,Low,0.16078967173844383,Unassigned,new
15589793,Onwuamaeze,France,Medium,0.7004980402250013,Unassigned,new
15781884,Knox,Germany,Low,0.040362045250800144,Unassigned,new
15675190,Chia,France,Low,0.011455637868721724,Unassigned,new
15600734,Townsend,Spain,Low,0.2510278385640605,Unassigned,new
15779176,Dike,Germany,High,0.9704730187391926,Unassigned,new
15605286,Moyes,France,Low,0.14053658427537943,Unassigned,new
15674922,Beavers,France,Low,0.297150142843653,Unassigned,new
15737506,Tretiakova,France,Low,0.3760490268899335,Unassigned,new
15780514,Fuller,France,Low,0.0944452553574451,Unassigned,new
15623647,Dellucci,Spain,Low,0.14463049788791915,Unassigned,new
15668472,Ritchie,Spain,Low,0.1791399487612678,Unassigned,new
15692416,Aikenhead,Spain,High,0.9976738715246689,Unassigned,new
15771139,Douglas,Germany,Low,0.07227921304074279,Unassigned,new
15738318,Kung,France,Low,0.2546507181478152,Unassigned,new
15772243,MacDonald,France,Low,0.2595076875395728,Unassigned,new
15638463,Okwudilichukwu,Germany,Medium,0.5638876466068684,Unassigned,new
15598088,Ni,Spain,Low,0.010745770965535442,Unassigned,new
15693468,Simmons,Spain,Low,0.185539783631624,Unassigned,new
15671930,H?,France,Low,0.027046337858420446,Unassigned,new
15762268,Hancock,France,Low,0.2749951457076944,Unassigned,new
15780954,Cran,Spain,Low,0.026980525852874585,Unassigned,new
15700174,McKay,Spain,Low,0.15497023336841229,Unassigned,new
15635728,P'an,France,Low,0.04469701960332534,Unassigned,new
15679283,Parkhill,France,Low,0.08241690058560316,Unassigned,new
15591386,Golubova,France,Low,0.03054165125496834,Unassigned,new
15694192,Nwankwo,Spain,Low,0.07205255504216951,Unassigned,new
15585901,Johnson,Spain,Medium,0.6123860049125932,Unassigned,new
15792329,Mao,Germany,Low,0.1187410146381158,Unassigned,new
15635597,Echezonachukwu,France,Low,0.011320222774520543,Unassigned,new
15775880,McElyea,France,Low,0.014865921012910477,Unassigned,new
15630913,Rosas,Spain,Low,0.09834608316938388,Unassigned,new
15756680,Phillips,France,Low,0.09597954019680947,Unassigned,new
15587913,Palerma,Spain,Low,0.0731459329120758,Unassigned,new
15737605,Morris,Spain,Low,0.26571958487300157,Unassigned,new
15627876,Pavlova,Spain,Medium,0.5510951237136447,Unassigned,new
15772601,Lu,Germany,Low,0.08750757425359157,Unassigned,new
15758606,Yamamoto,France,Low,0.36317166843298404,Unassigned,new
15657107,Angelo,Spain,Medium,0.54753709277234,Unassigned,new
15622454,Zaitsev,Spain,Low,0.04655395226033075,Unassigned,new
15775803,Cawker,Spain,Low,0.03352052432724148,Unassigned,new
15570859,Froggatt,Germany,Low,0.020050907063775637,Unassigned,new
15748381,Gorbunov,France,Low,0.08928753790659881,Unassigned,new
15787189,Tai,Germany,High,0.9950794319930725,Unassigned,new
15666055,Rowe,France,High,0.7655586348989873,Unassigned,new
15617648,Mikkelsen,France,Low,0.14042951081796567,Unassigned,new
15755678,Kovalyov,France,Medium,0.4879157410767342,Unassigned,new
15624781,Mbanefo,France,Low,0.054313741255674806,Unassigned,new
15779497,Ts'ai,France,Low,0.1534257505682103,Unassigned,new
15567399,Enderby,Germany,Low,0.3260784431150805,Unassigned,new
15613656,Lombardi,France,Low,0.27479472927445525,Unassigned,new
15734311,Hamilton,France,Low,0.01740309739243657,Unassigned,new
15657214,Hsia,France,Low,0.005752052326240246,Unassigned,new
15799350,Mao,France,Low,0.12105453444569984,Unassigned,new
15729970,Ugochukwu,Germany,Low,0.12512219170655034,Unassigned,new
15725835,West,Germany,Low,0.08843900435846921,Unassigned,new
15745543,Hughes,France,Low,0.027911620800163794,Unassigned,new
15727384,Chukwuemeka,Germany,Medium,0.4550174063212508,Unassigned,new
15666916,Lira,France,Low,0.13392084291526543,Unassigned,new
15732917,Li,Germany,Medium,0.6936188358304943,Unassigned,new
15612050,Castiglione,Spain,Low,0.41105645951186076,Unassigned,new
15726267,Paterson,France,Low,0.02738413963550404,Unassigned,new
15780124,Blair,France,Low,0.021163048205362373,Unassigned,new
15742238,Dellucci,Germany,Low,0.08206228999554877,Unassigned,new
15679024,Udinesi,France,Low,0.08128623593634726,Unassigned,new
15715297,Yuan,Germany,Low,0.19750142567456247,Unassigned,new
15633612,Yuryeva,France,Low,0.07528832675235711,Unassigned,new
15602929,Wilson,Spain,Low,0.2591823357231645,Unassigned,new
15696703,Dean,Germany,Low,0.05106106691510779,Unassigned,new
15756668,Ross,France,Low,0.039286225550659415,Unassigned,new
15565779,Kent,Germany,Low,0.15434094752752917,Unassigned,new
15795519,Vasiliev,Germany,Low,0.23253216711939909,Unassigned,new
15761477,Golibe,Germany,Low,0.07920707042942945,Unassigned,new
15731890,Chukwukere,France,Low,0.15220279773194728,Unassigned,new
15633043,Fedorova,Spain,Low,0.31519622226786054,Unassigned,new
15752953,Chien,France,Low,0.07150121128042396,Unassigned,new
15603088,Rossi,Spain,Low,0.01803770139364713,Unassigned,new
15606613,Samson,France,High,0.9305705545685723,Unassigned,new
15635939,Fenton,France,Low,0.05807635456252886,Unassigned,new
15666043,Mackey,France,Low,0.039023082264945046,Unassigned,new
15746190,Payton,Spain,Low,0.021699557427926786,Unassigned,new
15591357,Cowger,France,Low,0.2568460174760538,Unassigned,new
15658716,Banks,Germany,High,0.8856868000963346,Unassigned,new
15679909,Pugliesi,Spain,Low,0.04069103299797934,Unassigned,new
15634262,Fantin,Germany,Low,0.0500825409317614,Unassigned,new
15799825,Bentley,France,Low,0.05905735094394232,Unassigned,new
15756875,Freeman,Spain,Low,0.05257717695812621,Unassigned,new
15678146,Wong,Spain,Low,0.24782554018391031,Unassigned,new
15710743,Onwuamaeze,France,Low,0.3887238287110245,Unassigned,new
15595831,Shen,Germany,Low,0.3081720920953119,Unassigned,new
15626684,Huang,France,Low,0.16509430982771628,Unassigned,new
15709846,Yeh,France,Low,0.19040284804407473,Unassigned,new
15635459,Shih,Germany,Low,0.1210229857708872,Unassigned,new
15642544,Henderson,France,Low,0.009513655764921736,Unassigned,new
15566494,Fang,France,Low,0.08958587722281627,Unassigned,new
15655238,Dellucci,France,Low,0.022465514023826776,Unassigned,new
15733429,Chou,Germany,Low,0.062140363304357106,Unassigned,new
15814536,Conti,France,Low,0.05671646215754655,Unassigned,new
15771702,Roberts,France,Low,0.0961854370596811,Unassigned,new
15723008,Lo Duca,France,Low,0.17382596122952423,Unassigned,new
15797160,Glover,France,Medium,0.606333624767901,Unassigned,new
15792222,Johnstone,France,Low,0.1230126260717149,Unassigned,new
15644765,Ashton,Germany,Low,0.12393767306334502,Unassigned,new
15610686,Melton,France,High,0.8637551529781131,Unassigned,new
15730868,Marshall,France,Low,0.022709939162898346,Unassigned,new
15705991,Kenenna,Germany,Low,0.3661426960046052,Unassigned,new
15577078,Zakharov,Spain,Low,0.15081065074289043,Unassigned,new
15679550,Chukwualuka,France,Low,0.020265678945230046,Unassigned,new
15787655,Chu,France,Low,0.14963815131318228,Unassigned,new
15668081,Capon,Spain,Low,0.11321449177233506,Unassigned,new
15747980,Cattaneo,Spain,Low,0.04286188518138017,Unassigned,new
15710295,Patrick,Germany,Low,0.19102152517756182,Unassigned,new
15724443,Taylor,Germany,Low,0.18334808748260548,Unassigned,new
15571305,Stephenson,Germany,Low,0.34760870447979764,Unassigned,new
15569503,Yeh,France,Low,0.04013084665498275,Unassigned,new
15581840,DeRose,France,Low,0.01817226762585219,Unassigned,new
15772262,Vavilov,Germany,Low,0.18185984256276766,Unassigned,new
15767794,Browne,France,Low,0.043093125834612854,Unassigned,new
15629338,Collingridge de Tourcey,Spain,Low,0.20137787769732554,Unassigned,new
15790379,Rowe,Germany,Low,0.12021205979952944,Unassigned,new
15750684,Jibunoh,France,Medium,0.46381198498212545,Unassigned,new
15697214,Korovin,Spain,Low,0.02871522488927011,Unassigned,new
15711015,Hammonds,France,Low,0.01683291390087012,Unassigned,new
15573309,Ward,Spain,Low,0.11939409632105377,Unassigned,new
15805303,Olisanugo,Germany,Medium,0.5241924911319701,Unassigned,new
15741385,Gallop,Germany,Low,0.4317465758003342,Unassigned,new
15780254,Gartrell,France,Low,0.40116095892350817,Unassigned,new
15744843,K'ung,Spain,Low,0.12755490688692311,Unassigned,new
15815626,Oluchi,France,Low,0.07772812520671131,Unassigned,new
15784736,Jamieson,France,Low,0.35740480906544836,Unassigned,new
15813412,Barlow,France,High,0.8991389719550308,Unassigned,new
15809143,White,Germany,Low,0.11158085093832326,Unassigned,new
15617617,Stewart,Spain,Low,0.020827880081723142,Unassigned,new
15779738,Buccho,France,Low,0.09969632584269718,Unassigned,new
15668669,Benson,France,Low,0.31100975346576143,Unassigned,new
15687477,Thompson,Germany,Low,0.06086649186143305,Unassigned,new
15578908,Todd,Spain,Low,0.019387656771117725,Unassigned,new
15687658,Burgin,France,Low,0.42755653076548544,Unassigned,new
15615020,Nnaife,Germany,Low,0.11064315308414514,Unassigned,new
15608886,Okwudiliolisa,France,Low,0.025243572820543677,Unassigned,new
15602551,Johnson,Spain,Low,0.02969343505893126,Unassigned,new
15672945,Parkes,France,Low,0.15548384934770262,Unassigned,new
15757408,Lo,Spain,High,0.9509333285881301,Unassigned,new
15806132,Martin,France,Low,0.20738146828194842,Unassigned,new
15813022,Kapustina,Spain,Low,0.25214430427519247,Unassigned,new
15673578,Page,Germany,Low,0.20987390290150224,Unassigned,new
15757916,Amaechi,France,Low,0.025782512935394183,Unassigned,new
15689168,Munro,Spain,Low,0.05284874314347225,Unassigned,new
15769216,Panicucci,France,Medium,0.48233141516349853,Unassigned,new
15593295,Greathouse,France,Low,0.2341934267580145,Unassigned,new
15804814,Ts'ui,France,Low,0.04153709845367625,Unassigned,new
15778934,Napolitani,Spain,Low,0.10960868114999836,Unassigned,new
15802351,Beers,Germany,Low,0.05862602510350777,Unassigned,new
15630241,Tretyakova,France,Low,0.34277139759429137,Unassigned,new
15719561,Lin,France,Medium,0.6053029688427088,Unassigned,new
15615096,Costa,France,Low,0.015643029519957954,Unassigned,new
15659931,Ibezimako,Germany,High,0.9437445126743088,Unassigned,new
15714586,Marcelo,Spain,Low,0.1931242085276671,Unassigned,new
15634949,Hay,Germany,Low,0.03043182365337871,Unassigned,new
15589224,Moore,Spain,Low,0.034261863476269465,Unassigned,new
15795990,Lumholtz,Germany,Medium,0.5874651936117282,Unassigned,new
15603216,Simpson,France,Low,0.014618495500332666,Unassigned,new
15631201,Hill,Spain,Low,0.025770186147255514,Unassigned,new
15686255,Mouzon,Germany,Low,0.23181623006123556,Unassigned,new
15746594,Wu,Spain,Low,0.15594874312573942,Unassigned,new
15718893,Pirozzi,Germany,High,0.9691642271962321,Unassigned,new
15671609,Ibeabuchi,France,Low,0.06076003847888657,Unassigned,new
15652540,Garnsey,France,Low,0.011242340079398422,Unassigned,new
15774857,Synnot,France,Low,0.03873475793437181,Unassigned,new
15791836,Wildman,France,Low,0.01695693807607694,Unassigned,new
15651554,Anenechukwu,Germany,Medium,0.5598750290376845,Unassigned,new
15583576,Tai,France,Low,0.08002777485758286,Unassigned,new
15732740,Plant,Spain,Low,0.26628116796344986,Unassigned,new
15723320,Azubuike,Germany,Low,0.09296045699755665,Unassigned,new
15603851,Galkin,France,High,0.9160168800983902,Unassigned,new
15777923,Johnston,France,Low,0.1143734754039804,Unassigned,new
15735719,Babbage,France,Low,0.03648253495205416,Unassigned,new
15703482,Walker,Germany,Low,0.07046552197821342,Unassigned,new
15605835,Rice,France,Low,0.025861981756241045,Unassigned,new
15664881,Norton,France,Low,0.078460031375356,Unassigned,new
15757568,Bogolyubov,France,Low,0.39970423999598137,Unassigned,new
15792660,Gibbons,France,Low,0.14066092757352186,Unassigned,new
15599722,Chia,Spain,Low,0.12134430979094435,Unassigned,new
15726354,Smith,France,Low,0.15283349741830918,Unassigned,new
15610355,Hunter,France,Low,0.3814451782288576,Unassigned,new
15704284,Ekechukwu,Germany,High,0.9207806345267784,Unassigned,new
15621893,Bellucci,France,Low,0.0387203628650941,Unassigned,new
15588219,Ford,France,Low,0.0867037445174853,Unassigned,new
15688619,Scott,Spain,Low,0.10736478911833387,Unassigned,new
15765518,Gregson,France,Medium,0.7076725037204179,Unassigned,new
15616931,Moore,France,Low,0.17318098519885053,Unassigned,new
15758372,Wallace,France,Low,0.008380208342886785,Unassigned,new
15782591,Cook,France,Low,0.10260665273344453,Unassigned,new
15612109,Speth,France,Low,0.04276156146242669,Unassigned,new
15613712,Boag,Spain,Low,0.018742754621852157,Unassigned,new
15639322,Grave,Spain,Low,0.055112773630918876,Unassigned,new
15594349,Streeten,France,Low,0.27187960782746917,Unassigned,new
15574167,Fox,France,Low,0.04219505432604383,Unassigned,new
15811842,Artemyeva,Spain,Low,0.010591776788431777,Unassigned,new
15648794,Giordano,Spain,High,0.8012577104547732,Unassigned,new
15771211,Perkins,France,Low,0.07285584353917811,Unassigned,new
15588614,Walton,France,High,0.8949149226789439,Unassigned,new
15630698,Hay,France,Low,0.30918276882062007,Unassigned,new
15694200,Gardner,France,Low,0.20023684764947094,Unassigned,new
15721426,Milne,Germany,High,0.9928909647130837,Unassigned,new
15725997,She,France,Low,0.13846962743430716,Unassigned,new
15762138,Hu,France,Low,0.061308961307285074,Unassigned,new
15750649,Uwakwe,France,Low,0.08562335849111961,Unassigned,new
15685706,Bird,France,Low,0.161791123659783,Unassigned,new
15641835,Anderson,France,Low,0.03160849665433388,Unassigned,new
15586821,Bellew,France,Low,0.009145647029751748,Unassigned,new
15569678,Cocci,Germany,Low,0.15257623182588612,Unassigned,new
15793842,Krichauff,France,Low,0.17114569633895768,Unassigned,new
15667554,Cameron,France,Low,0.01186909181605172,Unassigned,new
15794479,Becker,Spain,Low,0.01673733130261615,Unassigned,new
15585041,Ainsworth,France,Low,0.014770056142420739,Unassigned,new
15780650,Biryukov,France,Low,0.17427699830527774,Unassigned,new
15780846,Redding,France,Low,0.02947880036264555,Unassigned,new
15805260,Wood,Germany,High,0.9230898094224087,Unassigned,new
15621629,Scott,Germany,Low,0.07453208484931689,Unassigned,new
15662151,Gould,France,Low,0.2521184463612028,Unassigned,new
15747174,Hao,Germany,Low,0.04578886260668762,Unassigned,new
15651585,Power,Germany,Low,0.15155102459180836,Unassigned,new
15649738,White,France,Low,0.0962707294476101,Unassigned,new
15633108,Thorpe,France,Low,0.08174155505379531,Unassigned,new
15769254,Tuan,Germany,Low,0.14827299955054726,Unassigned,new
15704746,Inman,Spain,Low,0.037963591895378346,Unassigned,new
15637644,Hanson,France,Low,0.016650703964965558,Unassigned,new
15609562,MacDonald,Spain,Low,0.3763394464036046,Unassigned,new
15787459,Parkes,Spain,Low,0.2060669386665051,Unassigned,new
15762902,Stanley,France,Low,0.04769745831971109,Unassigned,new
15738605,Fischer,Germany,Medium,0.5679281505392135,Unassigned,new
15724889,Chinweuba,Spain,Low,0.13565096628295323,Unassigned,new
15730735,Henning,France,Low,0.0254577653933531,Unassigned,new
15689147,Ogochukwu,France,Low,0.06585033440389722,Unassigned,new
15730397,Narelle,Spain,Low,0.1058965089682419,Unassigned,new
15762169,Bergman,Germany,Low,0.09051302592676311,Unassigned,new
15589320,Sagese,Spain,Low,0.0818061186711026,Unassigned,new
15799211,Anenechi,Spain,Low,0.17533572140766857,Unassigned,new
15798310,Palerma,France,Low,0.06132519876637699,Unassigned,new
15609998,Okwudilichukwu,Germany,High,0.9442163606641211,Unassigned,new
15583548,Harrison,Spain,Medium,0.5523908182964969,Unassigned,new
15761763,Jamieson,France,Low,0.09588045909536444,Unassigned,new
15764409,Goodman,France,Low,0.06561079315241669,Unassigned,new
15710161,Ko,France,Low,0.018715771411251317,Unassigned,new
15735246,Norman,Spain,Medium,0.5956129042166254,Unassigned,new
15791700,Ugochukwutubelum,Germany,High,0.9825870898339999,Unassigned,new
15670753,Uvarova,Spain,Low,0.05838548348367436,Unassigned,new
15573876,Chia,Spain,Low,0.14708324132762285,Unassigned,new
15770174,Piazza,France,Low,0.09867665660987827,Unassigned,new
15641114,Power,France,Low,0.05566899540259406,Unassigned,new
15682435,P'eng,France,Low,0.04966559906431403,Unassigned,new
15751788,Johnson,Spain,Low,0.047598250583738996,Unassigned,new
15672598,Walker,Spain,Low,0.05256469923652638,Unassigned,new
15762803,Innes,France,Low,0.015421260866393229,Unassigned,new
15812982,Francis,Spain,Low,0.29335788535337765,Unassigned,new
15597901,Chidozie,France,Low,0.09530818074271043,Unassigned,new
15731507,Mackenzie,France,Low,0.1747518789462254,Unassigned,new
15809826,Craigie,France,Medium,0.5708113124218873,Unassigned,new
15764237,Manfrin,Spain,Low,0.01658305534890373,Unassigned,new
15769917,Onyekachi,Germany,High,0.7852260475415456,Unassigned,new
15641850,Pethard,France,Low,0.17121474024135322,Unassigned,new
15770974,Nwabugwu,Germany,Low,0.07518844535063145,Unassigned,new
15803749,DeRose,Germany,Low,0.11984513870173011,Unassigned,new
15684999,Ch'eng,France,Low,0.03671781299693677,Unassigned,new
15770225,Padovesi,France,Low,0.012897695397294164,Unassigned,new
15627484,Obielumani,France,Medium,0.5620775068677683,Unassigned,new
15610337,Stephens,Spain,Low,0.0952428535401826,Unassigned,new
15752488,Emery,Spain,Low,0.06658741581177317,Unassigned,new
15610056,Dufresne,Germany,Low,0.08340909265282359,Unassigned,new
15806049,Lee,Germany,High,0.8299502844795456,Unassigned,new
15736069,Hsing,Germany,Low,0.3277173707389462,Unassigned,new
15763662,Longo,Germany,Low,0.05435051054639897,Unassigned,new
15615575,Vial,France,Low,0.010068050128070287,Unassigned,new
15691723,Chukwudi,Spain,High,0.777834004760136,Unassigned,new
15774098,Grant,Germany,Low,0.09369351128105456,Unassigned,new
15750808,Ma,Spain,Low,0.12827019826821548,Unassigned,new
15744368,Sun,Spain,Low,0.18236390200652572,Unassigned,new
15610594,Moss,France,Low,0.033401421287784464,Unassigned,new
15756125,Booth,Spain,Low,0.16487314857158125,Unassigned,new
15623277,Ross,France,Low,0.0237488483934632,Unassigned,new
15795954,Ndukaku,France,Low,0.1585594750982995,Unassigned,new
15671969,Pruneda,Spain,Low,0.021153392853100764,Unassigned,new
15791268,Neumann,Spain,Low,0.1308723772506232,Unassigned,new
15713655,Calabrese,France,Low,0.0252465439369464,Unassigned,new
15633930,Yobachukwu,Spain,High,0.8113736043141443,Unassigned,new
15712849,Tung,Germany,Medium,0.5037016395165893,Unassigned,new
15639077,Marchesi,France,High,0.9152412558258487,Unassigned,new
15808784,Hess,France,Low,0.024091981890930467,Unassigned,new
15648577,Pickering,France,Low,0.1923889993089928,Unassigned,new
15670345,Mazzi,Germany,Low,0.38642430737566924,Unassigned,new
15633112,Madukaego,Germany,Low,0.22294107149732884,Unassigned,new
15714397,Trentino,Germany,Low,0.08047550355098758,Unassigned,new
15780038,Paterson,Spain,Low,0.15271646792661756,Unassigned,new
15756305,Marchesi,France,Low,0.03604918966632023,Unassigned,new
15578799,Anayolisa,France,Medium,0.5286096578471616,Unassigned,new
15800326,Poole,Spain,Low,0.05282890518049045,Unassigned,new
15785485,Zhou,Germany,Low,0.3366395676427809,Unassigned,new
15783958,Bates,Spain,Low,0.09302274728278942,Unassigned,new
15727546,Olejuru,France,Low,0.010251820748421707,Unassigned,new
15739576,Bustard,Spain,Low,0.008233853335880031,Unassigned,new
15631333,Wade,Spain,Low,0.12628543288846442,Unassigned,new
15604782,Tan,Germany,Low,0.0771986997452872,Unassigned,new
15589643,Ngozichukwuka,Spain,Low,0.2737508339019294,Unassigned,new
15585533,Calabrese,France,Low,0.061521075549910396,Unassigned,new
15681506,Lane,Spain,Low,0.0641834572315759,Unassigned,new
15630551,Forbes,France,Low,0.050506060841530996,Unassigned,new
15698349,Davy,Spain,Low,0.028661563024021914,Unassigned,new
15776631,Ma,France,Low,0.08255201815187604,Unassigned,new
15762216,Barrera,France,Low,0.1512492040791853,Unassigned,new
15623927,Alexander,France,Low,0.0517231486782511,Unassigned,new
15681402,Ngozichukwuka,Germany,Low,0.34615221096383236,Unassigned,new
15586264,Murray,France,Low,0.29754098285915603,Unassigned,new
15594685,Hall,France,Low,0.3458466544351139,Unassigned,new
15812945,Padovesi,France,Low,0.10251859072926486,Unassigned,new
15734628,Lysaght,France,Low,0.03319873677142381,Unassigned,new
15629323,Kelechi,Germany,Low,0.18957103169617115,Unassigned,new
15666823,Nebechi,France,Low,0.08019804221215394,Unassigned,new
15777553,Hanson,France,High,0.8429523299065581,Unassigned,new
15613097,Kao,France,Low,0.02083231742013998,Unassigned,new
15622217,Tu,France,Low,0.07785987229911283,Unassigned,new
15703588,Palerma,Germany,Low,0.05303458445731779,Unassigned,new
15570835,Fallaci,Germany,Medium,0.5090133331032644,Unassigned,new
15679299,Shen,Spain,Low,0.07095873993940037,Unassigned,new
15808044,Ts'ui,France,High,0.9943094936037845,Unassigned,new
15579208,Chikezie,France,Low,0.15269136686246262,Unassigned,new
15684951,He,France,Medium,0.7166559644302528,Unassigned,new
15667620,Dreyer,France,Low,0.08380558574823962,Unassigned,new
15582960,Short,France,Low,0.09152249219237674,Unassigned,new
15590730,Hunt,Spain,Low,0.01805567660235648,Unassigned,new
15763747,Ricci,France,Low,0.011527910257017528,Unassigned,new
15778320,Teng,Germany,Medium,0.4612140589256347,Unassigned,new
15642787,Ijendu,France,Low,0.10603568015177998,Unassigned,new
15624633,Kibby,France,Low,0.23623234242823557,Unassigned,new
15766765,Obiuto,Germany,Low,0.16161136288277786,Unassigned,new
15783615,Ramos,Germany,High,0.9905404569298463,Unassigned,new
15640161,Calabrese,Germany,Low,0.22309564551110006,Unassigned,new
15619889,Vasin,France,Low,0.1858364493829354,Unassigned,new
15579166,Munro,France,Low,0.12021139369031006,Unassigned,new
15789097,Keeley,France,Low,0.06182285633977273,Unassigned,new
15674880,Archer,Spain,Low,0.19588460846144926,Unassigned,new
15778157,Murray,Spain,Low,0.03843466751451094,Unassigned,new
15779064,Chidiegwu,France,Low,0.010041260079983171,Unassigned,new
15801265,Tang,Spain,Medium,0.5927866544559565,Unassigned,new
15589204,Farrar,France,Low,0.07832378011146243,Unassigned,new
15664543,Shaw,France,Low,0.19383908319899998,Unassigned,new
15582714,Napolitani,Germany,Medium,0.4939859039080213,Unassigned,new
15797595,Greenhalgh,France,Low,0.13220532788415823,Unassigned,new
15614034,Martin,Germany,Low,0.1401919821872658,Unassigned,new
15763171,Hu,Germany,Low,0.18832842722541623,Unassigned,new
15647266,Y?an,Spain,Low,0.42945039610088914,Unassigned,new
15757577,Odili,France,Low,0.06976668331870439,Unassigned,new
15736656,H?,France,Low,0.11970651893223924,Unassigned,new
15635078,Chiemela,Spain,Low,0.20913600125839873,Unassigned,new
15680141,Yuan,Spain,Low,0.07425480090375815,Unassigned,new
15576945,Clements,France,Low,0.11895387272833871,Unassigned,new
15602034,Kolesnikov,France,Low,0.1505652174516255,Unassigned,new
15732020,Rutherford,Germany,Low,0.2879682611353201,Unassigned,new
15611029,Hsiung,Germany,Low,0.2545734772874176,Unassigned,new
15621210,Angelo,Germany,Medium,0.4952783084655067,Unassigned,new
15569222,Mendes,France,Low,0.048568509428733295,Unassigned,new
15664639,McGregor,France,Low,0.07258280710494477,Unassigned,new
15724223,Bronner,France,High,0.916626712031972,Unassigned,new
15644621,Mironova,Germany,Low,0.23922202656625358,Unassigned,new
15756056,Ku,Spain,Low,0.0436853641550613,Unassigned,new
15700353,Evans,France,Low,0.03506370252184628,Unassigned,new
15624388,Henderson,Germany,Medium,0.5486395000869299,Unassigned,new
15627212,Smith,France,Low,0.09691916925831273,Unassigned,new
15648005,Russell,Spain,Low,0.013490153251890891,Unassigned,new
15681446,Sun,Germany,Low,0.2132750508411583,Unassigned,new
15775888,McDonald,Germany,Low,0.16716966566760974,Unassigned,new
15749019,Wong,Germany,Low,0.19174252672953593,Unassigned,new
15709928,Niu,Spain,Low,0.06850946220191712,Unassigned,new
15784676,Fanucci,France,Low,0.4478307113528559,Unassigned,new
15748116,Zetticci,France,Low,0.07927568585082852,Unassigned,new
15612193,Hsia,Spain,Low,0.04072214414149465,Unassigned,new
15762984,McIntosh,Spain,Low,0.01935560685571241,Unassigned,new
15613713,Kozlova,France,Low,0.06481658955482232,Unassigned,new
15664204,Meany,Spain,Low,0.010915267459898174,Unassigned,new
15639415,Thompson,France,Low,0.10555190486673781,Unassigned,new
15806332,Le Gallienne,Spain,Low,0.0572106736225852,Unassigned,new
15614929,Cheng,Germany,Low,0.06916791955583138,Unassigned,new
15695492,P'eng,France,Low,0.1436462928857511,Unassigned,new
15635972,Lloyd,Spain,Low,0.028231690100854134,Unassigned,new
15616380,Wheeler,Spain,Low,0.04117775744492323,Unassigned,new
15581440,Christie,Germany,Low,0.33945986788047683,Unassigned,new
15654390,He,France,Low,0.0917999913269314,Unassigned,new
15660688,King,Spain,Low,0.054474568331293195,Unassigned,new
15806307,Favors,France,Low,0.01708360568662553,Unassigned,new
15647975,Vida,Germany,Low,0.17936385381954803,Unassigned,new
15595728,Thomas,Germany,Medium,0.49145248888092985,Unassigned,new
15735388,Wayn,France,Low,0.06457346665095709,Unassigned,new
15788535,Tan,Spain,Medium,0.4715613597817365,Unassigned,new
15765902,Gibson,Germany,Low,0.05383293421254227,Unassigned,new
15642345,Y?,Germany,High,0.8323413904764321,Unassigned,new
15641250,Calabresi,Spain,Low,0.24011769131140187,Unassigned,new
15706163,Enyinnaya,Germany,Medium,0.7020800775335424,Unassigned,new
15746708,Ritchie,Germany,High,0.9289600988829627,Unassigned,new
15775203,Chia,France,Low,0.3395825240803837,Unassigned,new
15787907,Wang,Germany,High,0.949318556757501,Unassigned,new
15646764,Lorenzo,Germany,High,0.8634158665744088,Unassigned,new
15678284,Pai,France,Medium,0.6949900243548317,Unassigned,new
15726791,Nuttall,Spain,Low,0.319541454404115,Unassigned,new
15813144,Osborne,France,Low,0.06792929230341244,Unassigned,new
15669342,Ferri,Germany,Low,0.08500916236093987,Unassigned,new
15710366,Hamilton,Spain,Low,0.3191457663127248,Unassigned,new
15614934,McEwan,Germany,Low,0.35519186684282344,Unassigned,new
15588701,Lai,France,Low,0.037935424715877665,Unassigned,new
15665438,Hs?,France,Low,0.1575614289232297,Unassigned,new
15644896,Thompson,Germany,Low,0.14246323400803435,Unassigned,new
15670205,Boyd,Germany,Medium,0.4827063117757373,Unassigned,new
15635776,Trevisani,Germany,Low,0.19959767699078032,Unassigned,new
15791053,Lucciano,Germany,Medium,0.4871164150003083,Unassigned,new
15644005,Holman,France,Low,0.018323709661325144,Unassigned,new
15796343,Bazhenov,France,Low,0.053336761621632485,Unassigned,new
15751057,Douglas,Germany,Low,0.2020679813900896,Unassigned,new
15623430,Hill,France,Low,0.01792048926108075,Unassigned,new
15682600,Lo,Germany,Low,0.31083212378855596,Unassigned,new
15769312,Forbes,Spain,Low,0.07037191065060562,Unassigned,new
15708212,Lin,Spain,High,0.8336166183382004,Unassigned,new
15650258,Sinclair,France,Low,0.19664924118693733,Unassigned,new
15604345,Kemp,France,Low,0.11024120959998647,Unassigned,new
15578297,Ebelegbulam,Germany,Medium,0.6103258214877891,Unassigned,new
15671789,Woods,France,Low,0.043669531020797514,Unassigned,new
15726186,Genovese,Spain,Low,0.050042116911573384,Unassigned,new
15764618,Tseng,Spain,Low,0.20166420488238332,Unassigned,new
15730738,Chiang,Spain,Low,0.009614982962445905,Unassigned,new
15637650,Williams,France,Low,0.16556120016194928,Unassigned,new
15606267,Wilson,France,Low,0.1094510099516574,Unassigned,new
15625904,Wang,France,Low,0.023806631444766246,Unassigned,new
15654463,Moore,France,Low,0.018063784268832206,Unassigned,new
15774151,Iadanza,Spain,Low,0.3585877388647858,Unassigned,new
15693259,Wallace,France,Low,0.045112405397107265,Unassigned,new
15642468,Clark,France,Low,0.12085127740959385,Unassigned,new
15758531,Y?,France,Low,0.08275457067611505,Unassigned,new
15728352,Yermakov,France,Low,0.07969047025054826,Unassigned,new
15637240,Wei,France,Low,0.24147299065266203,Unassigned,new
15595588,Chukwunonso,Spain,Low,0.05242875921925414,Unassigned,new
15778395,McIntyre,Germany,Low,0.0574658288942023,Unassigned,new
15711825,Ts'ai,Spain,Low,0.06713499921306498,Unassigned,new
15599251,Chung,Germany,Low,0.02308681963472286,Unassigned,new
15570004,Tsou,France,Low,0.015966117079102726,Unassigned,new
15656912,Aitken,Spain,Low,0.4292538893185936,Unassigned,new
15657342,Dawson,Germany,Low,0.23784835422378045,Unassigned,new
15716284,Ward,France,Low,0.038201361415152124,Unassigned,new
15672374,Pai,France,Medium,0.7039780488851705,Unassigned,new
15732476,Ifeanyichukwu,France,Low,0.021518679627967094,Unassigned,new
15747724,Briggs,Spain,Low,0.22339128363088237,Unassigned,new
15633877,Morrison,Spain,Low,0.16354180580729957,Unassigned,new
15672516,Wall,Germany,Medium,0.5838691618194054,Unassigned,new
15607827,Nebechukwu,Germany,Low,0.05475020828233377,Unassigned,new
15751336,Yao,Spain,Low,0.01281000770175823,Unassigned,new
15646539,Liao,France,Low,0.08384479554359381,Unassigned,new
15756901,Ch'ang,France,Low,0.03764119983526644,Unassigned,new
15809286,Burke,Germany,Low,0.09758912463565347,Unassigned,new
15759021,Kay,France,Low,0.16731698626764888,Unassigned,new
15725039,McIntyre,Spain,Low,0.05832943106465621,Unassigned,new
15579130,Chidiegwu,Germany,Medium,0.5924965030595902,Unassigned,new
15754112,Musgrove,Spain,Low,0.046076327671554694,Unassigned,new
15735522,Boulger,Germany,Low,0.08257857898672748,Unassigned,new
15613326,Gow,France,Low,0.12353899020984323,Unassigned,new
15739502,Amaechi,Germany,Low,0.07049278173190751,Unassigned,new
15670914,Robe,France,Low,0.03360960209317834,Unassigned,new
15604073,Bibi,Germany,Low,0.14360310850608868,Unassigned,new
15806027,Niu,France,High,0.8856113136028423,Unassigned,new
15574886,Palerma,France,Low,0.04140163087448456,Unassigned,new
15707120,Cocci,France,Low,0.40506521527834377,Unassigned,new
15800845,Artemieva,Spain,Low,0.06844125833344084,Unassigned,new
15603914,Arcuri,France,Low,0.19786886860309202,Unassigned,new
15722765,Owen,Spain,Low,0.26065782971734314,Unassigned,new
15783305,Franklin,France,Medium,0.5547192743493926,Unassigned,new
15574842,Lorenzo,Germany,Medium,0.5021022191027471,Unassigned,new
15607837,Muriel,France,Low,0.06606820450118572,Unassigned,new
15714877,MacDevitt,France,Low,0.029688369510119977,Unassigned,new
15782941,Chijindum,France,Low,0.011348081576415666,Unassigned,new
15630167,Gibson,Spain,Low,0.11486182402327466,Unassigned,new
15759038,Whitehead,France,Low,0.23576138054404194,Unassigned,new
15661821,Johnstone,Germany,Medium,0.6314183580360906,Unassigned,new
15728006,Endrizzi,France,Low,0.3528089026709354,Unassigned,new
15712176,Burke,France,Low,0.010006104770932956,Unassigned,new
15689351,Johnson,Germany,Low,0.347072972713571,Unassigned,new
15782247,Yeh,France,Medium,0.5064962455691074,Unassigned,new
15769064,Marshall,Germany,Low,0.3989209912007534,Unassigned,new
15718153,Kao,Spain,Low,0.0345105829106636,Unassigned,new
15613189,Browne,France,High,0.8223142544126398,Unassigned,new
15661734,Taylor,Germany,Low,0.20201653726503388,Unassigned,new
15592645,Gibbons,Spain,Low,0.023600819490831638,Unassigned,new
15768387,Nott,France,Low,0.032765439841266675,Unassigned,new
15792525,Lei,Germany,Medium,0.5495097728858546,Unassigned,new
15586976,Alexeeva,France,Medium,0.5443772011434647,Unassigned,new
15790659,Sheets,Spain,Low,0.04743329435414286,Unassigned,new
15691446,Tokaryev,Spain,Low,0.009684714777688598,Unassigned,new
15772632,Ts'ui,France,Low,0.031432572884146776,Unassigned,new
15706587,Johnston,France,Low,0.06764433356431572,Unassigned,new
15572461,Kung,Germany,Low,0.10400676925415192,Unassigned,new
15654409,Unwin,France,Low,0.09276845702592151,Unassigned,new
15568025,Hsueh,France,Low,0.28090853393086124,Unassigned,new
15715769,Hao,France,Low,0.06205927053354829,Unassigned,new
15667458,L?,Germany,Low,0.19599168589911298,Unassigned,new
15567980,Frater,Germany,Medium,0.5927114299741133,Unassigned,new
15679294,Brennan,France,Low,0.29962642561979075,Unassigned,new
15606507,Pisani,France,Low,0.015017423487709814,Unassigned,new
15578825,Golubev,France,Low,0.14812282957328174,Unassigned,new
15619935,Vanmeter,Spain,Low,0.2277773935944272,Unassigned,new
15636089,Hs?,Germany,High,0.8764836255262353,Unassigned,new
15727490,Scott,France,Low,0.3823867854896841,Unassigned,new
15591766,Crawford,Spain,Low,0.06886890327162082,Unassigned,new
15641629,P'eng,Spain,Low,0.037844554847976435,Unassigned,new
15813303,Rearick,Spain,Low,0.00536060700631789,Unassigned,new
15756920,Genovesi,France,High,0.8648262327059744,Unassigned,new
15726403,Glenny,Germany,Medium,0.5000806939982427,Unassigned,new
15592765,Marks,France,Low,0.11088840670480528,Unassigned,new
15704442,Fleming,France,High,0.9935770386831064,Unassigned,new
15641136,Davison,France,Low,0.012379848132670684,Unassigned,new
15725818,Chibuzo,Germany,Low,0.3289718372837711,Unassigned,new
15612071,Wilson,Spain,Low,0.06478243681442997,Unassigned,new
15719809,Endrizzi,Germany,Low,0.06788486755822094,Unassigned,new
15716518,Yuryeva,France,Low,0.05522998964965326,Unassigned,new
15742210,Ugochukwu,France,Low,0.09672446820983079,Unassigned,new
15630617,Lo Duca,Germany,Low,0.1431213730552965,Unassigned,new
15720838,Gallo,Spain,Low,0.08350340260630514,Unassigned,new
15595537,Trout,Germany,Low,0.29846347054894307,Unassigned,new
15623196,Morley,France,Low,0.061731561273413026,Unassigned,new
15679249,Chou,Germany,High,0.9736745450990063,Unassigned,new
15693199,Shao,France,Low,0.06347226820382322,Unassigned,new
15661219,Trentino,France,Low,0.018654022285581894,Unassigned,new
15617136,Mazzanti,Germany,Low,0.13846062834531944,Unassigned,new
15760294,Endrizzi,France,Low,0.27427546093189886,Unassigned,new
15652808,Monaldo,France,Low,0.2462358984372574,Unassigned,new
15657139,Otutodilinna,France,Low,0.08619409969908809,Unassigned,new
15803790,Allen,Germany,Low,0.0572443145783416,Unassigned,new
15764105,Milne,France,Medium,0.5914824725400498,Unassigned,new
15672610,Somadina,Spain,Low,0.1666432097617498,Unassigned,new
15766896,Chieloka,France,Low,0.023750859702878636,Unassigned,new
15587735,Chukwuebuka,France,Low,0.07794250674640084,Unassigned,new
15659501,Chioke,France,Low,0.1213898931233269,Unassigned,new
15745001,Kovalev,Spain,Low,0.03412190652815257,Unassigned,new
15651140,Doherty,France,Low,0.2141170673753683,Unassigned,new
15571148,Baranov,Spain,Low,0.02222959952974362,Unassigned,new
15776824,Rossi,France,Low,0.044457796262682626,Unassigned,new
15633141,Robinson,Germany,Low,0.12123736850509564,Unassigned,new
15764174,Bidencope,Spain,Low,0.02701472685175407,Unassigned,new
15778155,T'ien,Germany,Low,0.2475301087795735,Unassigned,new
15715920,De Bernales,Spain,Low,0.03565905662491316,Unassigned,new
15671917,Wade,France,Low,0.21795871112081336,Unassigned,new
15666548,Chung,Germany,High,0.9959918753038391,Unassigned,new
15625623,Stevenson,France,Low,0.09118919269036999,Unassigned,new
15748123,Chienezie,France,Low,0.01067651320207931,Unassigned,new
15648735,Cashin,France,Low,0.011790206006603273,Unassigned,new
15634974,Seppelt,France,High,0.9193189225041268,Unassigned,new
15713378,Brownless,France,Low,0.021372786253440176,Unassigned,new
15753370,McDonald,Germany,Low,0.37857914247827157,Unassigned,new
15782659,Mamelu,France,Low,0.12460513937050308,Unassigned,new
15583364,McGregor,France,Low,0.11453480067162995,Unassigned,new
15625942,McDonald,Spain,Low,0.15669733902172808,Unassigned,new
15720284,Crawford,Germany,Low,0.3567107802247651,Unassigned,new
15679642,Feng,Spain,Low,0.03746774844079573,Unassigned,new
15628007,Genovese,France,Low,0.014124270237113446,Unassigned,new
15661974,Pirozzi,France,Low,0.3014749216786958,Unassigned,new
15689341,Gibbs,France,High,0.9878351593770471,Unassigned,new
15607993,Milne,France,Low,0.404563541123477,Unassigned,new
15693267,Dickson,Germany,Low,0.3406737834923361,Unassigned,new
15769522,O'Connor,France,Low,0.2716517511843882,Unassigned,new
15755825,McGuirk,France,Low,0.029256263465561393,Unassigned,new
15598175,Toscani,Germany,Low,0.09999703442577393,Unassigned,new
15744327,Ruth,France,Low,0.3087930838357512,Unassigned,new
15798666,Hughes,France,Low,0.020720302818023777,Unassigned,new
15577064,Onyekaozulu,Germany,Low,0.08913057236009203,Unassigned,new
15759436,Aksenov,France,High,0.975674041905671,Unassigned,new
15690231,K'ung,Spain,Low,0.14347652200239353,Unassigned,new
15751561,Meng,Germany,High,0.9299906587053538,Unassigned,new
15739068,Nwoye,Germany,Low,0.04026896534783621,Unassigned,new
15758056,Calabresi,France,Low,0.01877586412141542,Unassigned,new
15742269,Milano,France,Low,0.031696146106895175,Unassigned,new
15726490,Kirby,Spain,Low,0.4105954133259151,Unassigned,new
15738411,Ho,France,Low,0.04202673281482308,Unassigned,new
15727919,Chukwuemeka,Spain,Low,0.026835090784132265,Unassigned,new
15709396,Hale,France,Low,0.02954451295227769,Unassigned,new
15654106,K?,France,Low,0.015982648534332906,Unassigned,new
15621653,Rice,France,Low,0.08591618078279536,Unassigned,new
15598086,Brown,France,Medium,0.6082744937048231,Unassigned,new
15752300,Sagese,Germany,Low,0.4482426603129986,Unassigned,new
15658693,Aksyonova,France,Low,0.07230097970758878,Unassigned,new
15631838,Findlay,France,Low,0.11240641298901251,Unassigned,new
15803804,Walker,Germany,Low,0.34884117606189563,Unassigned,new
15578809,Hao,Germany,Low,0.13797707153269717,Unassigned,new
15752026,Hammer,France,Medium,0.5405983174932943,Unassigned,new
15723706,Abbott,France,Low,0.13213982025288623,Unassigned,new
15752838,Lucas,Spain,Low,0.017538630811264895,Unassigned,new
15569571,Davydova,Germany,Low,0.3652024062337086,Unassigned,new
15769703,West,Germany,Medium,0.6723919219479115,Unassigned,new
15679770,Smith,France,High,0.9866812015656942,Unassigned,new
15791102,Mai,Germany,High,0.8839060730866966,Unassigned,new
15655192,Fiorentino,Spain,Low,0.015143585997084673,Unassigned,new
15709487,Freeman,Germany,Low,0.0324352306854512,Unassigned,new
15687130,Nkemjika,France,Low,0.33507120930533185,Unassigned,new
15755178,Ramos,France,High,0.9025062816083804,Unassigned,new
15634772,Mario,Spain,Low,0.25193321411750375,Unassigned,new
15617197,Chien,France,Low,0.087394780386296,Unassigned,new
15631240,Dubinina,France,Low,0.02075582993824902,Unassigned,new
15784301,Wang,France,Low,0.046786358146366086,Unassigned,new
15631310,Hsieh,France,Medium,0.4695447512868161,Unassigned,new
15756560,Moran,Spain,Low,0.2722071688992942,Unassigned,new
15732270,Hung,Spain,Low,0.20447170515816085,Unassigned,new
15739357,Moss,Spain,Low,0.09855662650734127,Unassigned,new
15771540,Fedorova,France,Low,0.12809588225725838,Unassigned,new
15567486,Li,Spain,Low,0.06034740820075179,Unassigned,new
15714634,Nebechi,France,Low,0.03885627840308331,Unassigned,new
15727021,Obialo,Germany,Low,0.0724941332172515,Unassigned,new
15650670,Bateson,Germany,Low,0.20303010947484906,Unassigned,new
15711834,Long,Spain,Low,0.21443704760459753,Unassigned,new
15729763,Nelson,Spain,Low,0.048833748748383976,Unassigned,new
15646566,Bell,France,Medium,0.5045398674936231,Unassigned,new
15645463,Udinese,France,Low,0.01384425312342077,Unassigned,new
15672144,Mao,France,Low,0.11352203927524557,Unassigned,new
15596088,Fanucci,France,Low,0.2676195393495454,Unassigned,new
15614878,Yeh,Germany,Low,0.06207491899235976,Unassigned,new
15635240,Onuoha,France,Low,0.047106755659518024,Unassigned,new
15775905,Moore,Germany,Medium,0.5702693290287648,Unassigned,new
15700657,Thornton,Germany,Medium,0.49810197931871647,Unassigned,new
15611905,Warlow-Davies,Spain,Low,0.24531483867982817,Unassigned,new
15652527,Champion,France,Low,0.16573229861666383,Unassigned,new
15785865,Mazzanti,France,Low,0.09579416764425608,Unassigned,new
15645942,Macleod,Spain,Low,0.02843231259488601,Unassigned,new
15688691,Lei,Germany,Low,0.42959395246613286,Unassigned,new
15592736,Lucchese,Germany,High,0.9205236544333872,Unassigned,new
15673529,Lombardo,Spain,Low,0.03168203647422915,Unassigned,new
15724145,William,Germany,Low,0.16368658189295152,Unassigned,new
15704629,Wright,France,Low,0.08292859100099438,Unassigned,new
15597896,Ozoemena,Germany,Medium,0.671042024411814,Unassigned,new
15731790,Boyle,Germany,Low,0.2850517459966315,Unassigned,new
15634719,Chinwendu,France,Low,0.017448017250208968,Unassigned,new
15703205,Uwaezuoke,France,Low,0.20555712945183893,Unassigned,new
15567333,Archambault,France,Low,0.03683638593281823,Unassigned,new
15754537,Ko,France,Low,0.2801196423428105,Unassigned,new
15612030,Udegbulam,France,Low,0.009741221664151627,Unassigned,new
15573242,Greene,France,Low,0.24115226927595323,Unassigned,new
15601892,Hunter,France,Low,0.010310045324120864,Unassigned,new
15663885,Blinova,France,Low,0.07069235804873283,Unassigned,new
15701096,De Garis,France,Low,0.2760029878089535,Unassigned,new
15710450,Okwudiliolisa,Spain,Low,0.04506584891837972,Unassigned,new
15790846,Ts'ai,Germany,Low,0.2210958113745719,Unassigned,new
15658956,Tuan,Germany,Low,0.044430387526215614,Unassigned,new
15755223,Tseng,Germany,Medium,0.5596059402291095,Unassigned,new
15787318,Holmwood,Germany,High,0.795681396596736,Unassigned,new
15737310,Thompson,France,Low,0.0829325467449796,Unassigned,new
15763665,Y?,France,Low,0.052144217524969644,Unassigned,new
15668818,Chidubem,Spain,Low,0.3089016837839887,Unassigned,new
15765812,Trevisani,Spain,Low,0.08923513944451474,Unassigned,new
15704844,Hsiung,Spain,Low,0.19659562897400476,Unassigned,new
15744582,Randall,France,Medium,0.6399365575093958,Unassigned,new
15616700,Leach,Spain,Low,0.05767728498773448,Unassigned,new
15683521,Godfrey,Germany,Low,0.06608947347557766,Unassigned,new
15583049,Wallace,Germany,Low,0.17119369163159062,Unassigned,new
15643752,Wei,France,Low,0.07617003908449477,Unassigned,new
15620398,Mitchell,Spain,Low,0.06885071901638705,Unassigned,new
15715707,Light,France,Low,0.028473398165150196,Unassigned,new
15814209,Capon,France,Low,0.06465371071189689,Unassigned,new
15733768,Hou,France,Low,0.07599827436358031,Unassigned,new
15755242,Rowe,France,Low,0.4314699106348297,Unassigned,new
15729412,Holloway,France,Low,0.07688992706720646,Unassigned,new
15746564,O'Sullivan,France,Low,0.13843929742230726,Unassigned,new
15588446,Udinesi,Spain,Low,0.018824782192374316,Unassigned,new
15665221,Nwebube,France,Low,0.021414623302202954,Unassigned,new
15640846,Chibueze,Germany,High,0.9979252034009706,Unassigned,new
15700209,Walker,France,Low,0.13838103780746455,Unassigned,new
15658360,Gregory,Spain,Low,0.052478226206338276,Unassigned,new
15602735,Kuo,Germany,High,0.9747693705702845,Unassigned,new
15724834,Wilson,France,Low,0.03110703620022904,Unassigned,new
15800062,Lanford,Spain,High,0.7753314307561322,Unassigned,new
15685300,Meng,France,Low,0.04735666634029217,Unassigned,new
15760102,Yeh,France,Low,0.30742954050282145,Unassigned,new
15787026,Onwuatuegwu,Germany,Low,0.014750002279197165,Unassigned,new
15653696,Goliwe,France,Low,0.028631554317263334,Unassigned,new
15788946,Anthony,Spain,Low,0.1380653546452151,Unassigned,new
15600724,Scott,Germany,Low,0.21311346982240334,Unassigned,new
15574324,Genovese,Germany,Low,0.07080239493321352,Unassigned,new
15707144,Onyeorulu,Germany,Low,0.032984064094393244,Unassigned,new
15775891,Myers,Germany,Medium,0.5486426694997769,Unassigned,new
15711789,Davey,Spain,Medium,0.5379996592000529,Unassigned,new
15600879,Parsons,Germany,Low,0.09734205257635696,Unassigned,new
15681196,Chikere,France,Low,0.07578834142084032,Unassigned,new
15716000,Hs?eh,Spain,Low,0.0753632279054898,Unassigned,new
15766776,Sal,France,Low,0.26138149917415465,Unassigned,new
15680278,Ts'ai,Spain,Low,0.3702567617001841,Unassigned,new
15688637,Witt,France,Low,0.02815749608730683,Unassigned,new
15591179,Skelton,Spain,Low,0.010585874610401065,Unassigned,new
15677435,Kazantseva,France,Low,0.06349920466953586,Unassigned,new
15698619,Bowhay,France,Low,0.03503850613974624,Unassigned,new
15581036,Beyer,Germany,Low,0.2177293659070199,Unassigned,new
15622117,Fries,Spain,Low,0.03649884311264574,Unassigned,new
15599301,Tao,Germany,Low,0.13649696568810765,Unassigned,new
15581548,Kaodilinakachukwu,Spain,Low,0.13998778582313395,Unassigned,new
15586870,Ni,France,Low,0.08043437140516893,Unassigned,new
15735263,Hsueh,France,Low,0.11654612174260841,Unassigned,new
15765322,Connely,France,Low,0.017795902867696025,Unassigned,new
15582944,Becker,Spain,Low,0.09832631670844834,Unassigned,new
15687162,Clayton,France,Medium,0.6147526409845943,Unassigned,new
15644962,Connolly,France,Low,0.039675995176665285,Unassigned,new
15612615,Graham,France,Low,0.04099016489768226,Unassigned,new
15813439,Ch'ien,France,Low,0.08101295934575894,Unassigned,new
15604544,Manfrin,Germany,Low,0.08030403278571845,Unassigned,new
15761348,Kuo,France,Low,0.055959942855250584,Unassigned,new
15785078,Fomin,Spain,Low,0.1654676151215853,Unassigned,new
15759874,Chamberlain,France,Low,0.3495017930947298,Unassigned,new
15643658,Barber,Germany,Medium,0.6048166027763406,Unassigned,new
15713267,Zimmer,Spain,Low,0.020048568382614117,Unassigned,new
15737782,Brazenor,France,Low,0.06724251443171365,Unassigned,new
15815490,Cocci,Germany,High,0.8587233177834287,Unassigned,new
15679410,Caldwell,France,High,0.8709997328590814,Unassigned,new
15756241,Yirawala,France,Low,0.19484755773063533,Unassigned,new
15688409,Donaldson,France,Medium,0.48332916653516017,Unassigned,new
15742272,Ozerova,France,Low,0.39650327030331584,Unassigned,new
15717898,Bruce,Spain,Low,0.053998465052071884,Unassigned,new
15769582,Kang,France,Low,0.01198879891065747,Unassigned,new
15635660,Rossi,Germany,Low,0.2021531564723641,Unassigned,new
15576723,Ts'ai,France,Low,0.034722728838561034,Unassigned,new
15591577,Moran,France,Low,0.05312163821772218,Unassigned,new
15582325,Jennings,France,High,0.7706223010159845,Unassigned,new
15693947,Tokareva,France,Low,0.05502111881314514,Unassigned,new
15760446,Pagnotto,France,Low,0.2626954890155047,Unassigned,new
15611105,Castella,Spain,Low,0.013636393568714546,Unassigned,new
15630920,Du Cane,France,Low,0.04390355052789889,Unassigned,new
15574910,Ferguson,France,Medium,0.6321703374859582,Unassigned,new
15756472,Odinakachukwu,France,Low,0.06636602256216259,Unassigned,new
15682890,Woronoff,Germany,Low,0.03246205027161526,Unassigned,new
15641994,Meng,Germany,Medium,0.5765566190763423,Unassigned,new
15733297,Sinclair,France,Low,0.1865224155715183,Unassigned,new
15767793,Hsu,France,Low,0.04271305500233947,Unassigned,new
15725698,Panicucci,Spain,Low,0.0837105423146321,Unassigned,new
15813532,Burns,France,Low,0.04343601849781315,Unassigned,new
15576760,Onodugoadiegbemma,Germany,Low,0.04511064119108357,Unassigned,new
15732102,Darling,Germany,Low,0.09599401925549025,Unassigned,new
15739046,Maggard,Spain,Low,0.07688589014256735,Unassigned,new
15631927,Thomas,Spain,Low,0.04673072001790749,Unassigned,new
15672115,Lettiere,France,Low,0.04121036793979935,Unassigned,new
15618765,Ponomaryov,Germany,Medium,0.45276926205910223,Unassigned,new
15679148,Oliver,France,Low,0.166966523575387,Unassigned,new
15728474,Chienezie,Germany,Low,0.12797672574208288,Unassigned,new
15636999,Mao,France,Medium,0.5124308043815848,Unassigned,new
15754261,Ho,Spain,Low,0.11131600454666367,Unassigned,new
15629150,Lucchese,France,Low,0.04043598234841934,Unassigned,new
15736274,Prokhorova,France,Low,0.013521431810893993,Unassigned,new
15627697,Alekseyeva,France,Low,0.01120541682216891,Unassigned,new
15721585,Blacklock,Germany,Low,0.052847494375003606,Unassigned,new
15639946,Sazonova,Germany,High,0.910072419174099,Unassigned,new
15792176,Henty,Spain,Low,0.16842375702594667,Unassigned,new
15699450,Li,France,Low,0.06325565062642584,Unassigned,new
15729954,Azuka,France,Medium,0.7151718690213745,Unassigned,new
15600103,Alexander,Germany,Low,0.1605020089139803,Unassigned,new
15786200,Brock,France,Low,0.014988034437621721,Unassigned,new
15797010,Shen,France,Low,0.025801216214158987,Unassigned,new
15670172,Padovesi,France,Low,0.12588106881210637,Unassigned,new
15627352,Bulgakov,Germany,Medium,0.7404537267540141,Unassigned,new
15622494,Mazzanti,France,Low,0.014936577988040933,Unassigned,new
15585835,Lord,Spain,Low,0.08039530920065553,Unassigned,new
15595071,Ramos,France,Low,0.033622808041696886,Unassigned,new
15628203,Pai,France,Low,0.1733305866248323,Unassigned,new
15667190,Yuan,Spain,Low,0.07711526042978803,Unassigned,new
15780212,Mao,France,Low,0.14496831781914835,Unassigned,new
15766869,Uspenskaya,Germany,Low,0.05743637826893197,Unassigned,new
15775741,Powell,France,Low,0.01940414631468305,Unassigned,new
15628170,Brown,Germany,Low,0.17191160341738257,Unassigned,new
15701318,Poole,Spain,Low,0.07965318402883623,Unassigned,new
15710928,McChesney,France,Low,0.2419151582105465,Unassigned,new
15682547,Lucchese,France,Low,0.07948631743605303,Unassigned,new
15631170,Clements,France,Low,0.04495185248907634,Unassigned,new
15648702,Yuriev,Germany,Low,0.09256079843539246,Unassigned,new
15783444,Endrizzi,France,Low,0.11899420264732607,Unassigned,new
15809178,Pan,Germany,Medium,0.5259899221431217,Unassigned,new
15806688,Manfrin,Spain,High,0.9750629693872198,Unassigned,new
15576824,Kennedy,Germany,High,0.9542360591483255,Unassigned,new
15675422,Conway,France,Low,0.06844385395480795,Unassigned,new
15681550,Lablanc,France,Low,0.15368134607558673,Unassigned,new
15812628,Dodd,Germany,Low,0.36639391136211724,Unassigned,new
15597951,Muir,France,Low,0.23951706904474815,Unassigned,new
15807045,Milanesi,Germany,Low,0.33564313296164894,Unassigned,new
15581748,Shen,Germany,Low,0.25140669001286753,Unassigned,new
15770420,Dillon,Germany,Low,0.10647441066304267,Unassigned,new
15608230,Hoelscher,France,Low,0.015870044659909457,Unassigned,new
15730339,Bell,Spain,Low,0.09950048643909404,Unassigned,new
15712584,Liao,France,Low,0.018063664712180554,Unassigned,new
15592816,Udokamma,Germany,High,0.8434644805641727,Unassigned,new
15641480,Sinnett,France,Low,0.07574612931688973,Unassigned,new
15708505,Palerma,Germany,Low,0.04416991921790963,Unassigned,new
15791131,Chimaijem,Germany,Low,0.27487995768382983,Unassigned,new
15618225,Porter,Germany,Low,0.09207038657925953,Unassigned,new
15644724,Fan,France,Low,0.016442997917998983,Unassigned,new
15662098,Palmer,Spain,High,0.8852398067253696,Unassigned,new
15723894,Younger,France,Low,0.34454303870330233,Unassigned,new
15787699,Burke,Germany,Low,0.1510188998714701,Unassigned,new
15687738,Nwagugheuzo,France,Low,0.053474580524867386,Unassigned,new
15576126,Young,France,Low,0.1694428058348027,Unassigned,new
15658889,Watson,France,Low,0.10269904036779014,Unassigned,new
15667046,Tseng,Spain,Low,0.1196878015991128,Unassigned,new
15669957,Drake,Germany,Medium,0.4834866800551518,Unassigned,new
15655794,Hanna,France,Low,0.014118737411069728,Unassigned,new
15599829,Padovesi,France,Low,0.017803806068678603,Unassigned,new
15753332,Loftus,Germany,High,0.9405856245965232,Unassigned,new
15671124,Buccho,France,Low,0.040528321384979964,Unassigned,new
15767474,Lorenzo,France,High,0.9513824240815663,Unassigned,new
15720671,Ibezimako,France,Low,0.07415276889077405,Unassigned,new
15626787,Wei,Spain,Low,0.3056718379419991,Unassigned,new
15774491,Ross,France,Low,0.022552652687242835,Unassigned,new
15579647,Oluchukwu,France,Low,0.20969645322982305,Unassigned,new
15625522,Walker,Spain,Low,0.011230310369108194,Unassigned,new
15765806,Wu,France,Low,0.040238970563752474,Unassigned,new
15566708,Chidalu,France,Low,0.19384657023119448,Unassigned,new
15668347,Ingram,France,Low,0.01990219392255604,Unassigned,new
15575214,Ch'en,France,Low,0.1986539497485642,Unassigned,new
15591123,Iredale,Germany,Low,0.2025601248653069,Unassigned,new
15573280,Gallagher,Germany,Low,0.2644033392142312,Unassigned,new
15589018,Padilla,Germany,Low,0.049699713562292316,Unassigned,new
15654495,Potter,Germany,Medium,0.5656441641271867,Unassigned,new
15597265,Mao,France,Low,0.018810547623227758,Unassigned,new
15733876,Schneider,France,Low,0.011768059435955906,Unassigned,new
15677217,Ibragimova,France,Low,0.07386881350119207,Unassigned,new
15747265,Huang,Germany,Low,0.08855810326913754,Unassigned,new
15713379,Anderson,France,Low,0.013495945044200677,Unassigned,new
15730433,Nakayama,Germany,Low,0.40020117349374834,Unassigned,new
15693347,Gardener,France,Low,0.016732685283878657,Unassigned,new
15715465,Aksenova,Germany,Low,0.11283444477327191,Unassigned,new
15680736,Milne,Germany,Low,0.07626495277115318,Unassigned,new
15610765,Onwumelu,France,Low,0.01661759541801463,Unassigned,new
15650034,Kudryashova,France,Low,0.1281469065428021,Unassigned,new
15782468,Hart,Spain,Low,0.19995605495274435,Unassigned,new
15685109,Teng,France,Low,0.02559366558955047,Unassigned,new
15776233,Kruglova,Germany,High,0.946329397195274,Unassigned,new
15761141,Palerma,Spain,Low,0.024710334300560997,Unassigned,new
15781702,Brookes,Germany,Low,0.08707690814641614,Unassigned,new
15790235,Hsing,Spain,Low,0.05419518324933192,Unassigned,new
15641416,Shaffer,Germany,Low,0.302234630273177,Unassigned,new
15775234,Laurie,France,Low,0.015800476402205575,Unassigned,new
15659475,Chung,France,Low,0.0647185633509937,Unassigned,new
15642202,Whitfield,Germany,Low,0.10016525012629189,Unassigned,new
15771417,Thomas,France,Low,0.2524482369179053,Unassigned,new
15585100,Rioux,Germany,Medium,0.5980595459833439,Unassigned,new
15700487,Osonduagwuike,France,High,0.9738911729460457,Unassigned,new
15726589,Matveyev,Germany,Low,0.2516553012053368,Unassigned,new
15747503,Hayward,Spain,Low,0.3654738349306203,Unassigned,new
15595883,Nkemdirim,Germany,Low,0.2820446149621238,Unassigned,new
15663826,Brim,Spain,Low,0.19566147884946702,Unassigned,new
15742820,Trevisano,France,Low,0.1646071113727818,Unassigned,new
15624793,Soubeiran,Germany,Low,0.07137911363102077,Unassigned,new
15597930,Wilson,France,High,0.8020488565839062,Unassigned,new
15665110,Helena,France,Low,0.07451337044977176,Unassigned,new
15770719,Duncan,France,Low,0.11008133753858867,Unassigned,new
15731327,Hale,Germany,Low,0.03142693059869499,Unassigned,new
15576044,Macdonald,Germany,Low,0.15000768480893373,Unassigned,new
15775662,McKay,France,Low,0.26885097746814857,Unassigned,new
15646817,Chiekwugo,France,Low,0.4288236977675995,Unassigned,new
15596060,Skinner,Spain,Low,0.045850378944720285,Unassigned,new
15723299,Sorokina,France,Low,0.2291757447464017,Unassigned,new
15636982,Weller,Germany,Low,0.24413331443065162,Unassigned,new
15751175,Bess,France,Low,0.06583174855511462,Unassigned,new
15618936,MacDonald,France,High,0.8212255301793772,Unassigned,new
15787529,Gray,Spain,Low,0.23322123671097042,Unassigned,new
15780128,Ogbonnaya,France,Low,0.045614559056325,Unassigned,new
15615991,Udegbulam,France,Low,0.11613072106613805,Unassigned,new
15757001,Mai,France,Low,0.042832387598644425,Unassigned,new
15595388,Yeh,France,Low,0.01946621754336251,Unassigned,new
15699550,Babbage,Spain,Low,0.018267621732002783,Unassigned,new
15581620,Franklin,France,Low,0.34281203246128067,Unassigned,new
15600934,Randell,France,High,0.753959601184869,Unassigned,new
15738672,Paterson,Germany,Low,0.16770533906076482,Unassigned,new
15721307,Pickering,Germany,Low,0.10455052435923161,Unassigned,new
15619280,Uspensky,France,Low,0.01577101980917428,Unassigned,new
15768244,Macleod,Spain,Low,0.01817312245393734,Unassigned,new
15806837,Nnaife,France,Low,0.19412744545579308,Unassigned,new
15643496,Randolph,France,Low,0.05411114137980418,Unassigned,new
15813916,Kudryashova,France,Low,0.07797121843604722,Unassigned,new
15626385,George,Spain,Low,0.0384671309289471,Unassigned,new
15603582,Robertson,Spain,Low,0.242267507382665,Unassigned,new
15764351,Yuryeva,Germany,Medium,0.5202229835335656,Unassigned,new
15667938,Hurst,France,Low,0.026453086052640407,Unassigned,new
15576360,Ch'iu,France,Low,0.12363992236182933,Unassigned,new
15628813,King,France,Low,0.3331308342078965,Unassigned,new
15584190,Esposito,France,Low,0.0321821836342412,Unassigned,new
15716449,Fraser,Spain,Low,0.08638775427053826,Unassigned,new
15759913,Trentini,Germany,Low,0.09635184337569706,Unassigned,new
15701555,Nicholls,Spain,Low,0.17083227583741498,Unassigned,new
15758482,Montalvo,France,Low,0.0422971782701979,Unassigned,new
15758171,Tien,France,Low,0.06726662559941211,Unassigned,new
15680346,Chuang,Spain,Low,0.30278237844220035,Unassigned,new
15649124,Fang,France,Low,0.08691323702541405,Unassigned,new
15812917,Kosisochukwu,Spain,Low,0.032047095374589475,Unassigned,new
15768455,Young,France,Low,0.03627972979599178,Unassigned,new
15703059,Scott,Germany,Medium,0.5856653411543407,Unassigned,new
15646196,Yeh,Spain,Low,0.07956330926908824,Unassigned,new
15585451,Vigano,Germany,Low,0.21985918831235737,Unassigned,new
15714057,Windradyne,Spain,Low,0.04227413655251308,Unassigned,new
15748473,Curnow,France,Low,0.026093272285977555,Unassigned,new
15785782,Ugonna,Spain,Low,0.44606513022248323,Unassigned,new
15693233,De Neeve,Germany,Low,0.0698621742456709,Unassigned,new
15757521,Ricci,France,Low,0.063756345816938,Unassigned,new
15812513,Nnaife,Germany,Medium,0.6223316763397411,Unassigned,new
15674950,Ebelechukwu,Germany,Low,0.11286135468769824,Unassigned,new
15678572,Keating,Spain,Low,0.06820058745758188,Unassigned,new
15713608,Tuan,France,Low,0.03482235579797132,Unassigned,new
15579262,Shearston,France,Low,0.28380981621121537,Unassigned,new
15610426,Tien,France,Low,0.14960204977116587,Unassigned,new
15776454,Hamilton,France,Medium,0.7375408229528772,Unassigned,new
15771483,Arnold,France,Low,0.027476518492924946,Unassigned,new
15648489,Ting,France,Low,0.34992134325472346,Unassigned,new
15646609,Chao,France,Low,0.09374860314389685,Unassigned,new
15693203,Powell,Spain,Low,0.008900566511203776,Unassigned,new
15813067,Williams,Germany,Medium,0.729517152449848,Unassigned,new
15769829,Cheng,Spain,Low,0.09708823586160424,Unassigned,new
15662434,Zhdanova,France,Low,0.025031955378502422,Unassigned,new
15773503,Tsai,Spain,Low,0.017178408198162944,Unassigned,new
15705890,Nebechukwu,France,Low,0.36677541535844976,Unassigned,new
15711398,Fetherstonhaugh,France,Low,0.02600764833235302,Unassigned,new
15752375,Ojiofor,Germany,Low,0.1653453219800667,Unassigned,new
15659175,Severson,France,Low,0.08246522866780266,Unassigned,new
15597033,Speight,Germany,Low,0.13585601305855197,Unassigned,new
15590228,Greenwalt,France,Low,0.05172346575393042,Unassigned,new
15631848,Grover,France,Low,0.07491314139793556,Unassigned,new
15654211,Milani,Spain,Low,0.15789625976710542,Unassigned,new
15707968,Akobundu,Spain,Low,0.03785183499095429,Unassigned,new
15594084,Anderson,France,Low,0.017006769072874135,Unassigned,new
15651093,Chien,France,Low,0.09812306381766388,Unassigned,new
15798824,Kennedy,Spain,Low,0.0944502183878129,Unassigned,new
15671591,Castiglione,Spain,High,0.9932185705744627,Unassigned,new
15707189,Marshall,Germany,Low,0.2617289805539137,Unassigned,new
15733581,Duncan,Germany,Low,0.13321244827619366,Unassigned,new
15641640,Uspenskaya,Spain,Low,0.25066283003531326,Unassigned,new
15585284,Thomson,Spain,Low,0.08047928612867937,Unassigned,new
15617866,Calabrese,Spain,Low,0.05422572342175867,Unassigned,new
15667751,Herrera,Spain,Low,0.12101507954686413,Unassigned,new
15669411,Muse,Germany,High,0.8875215106566546,Unassigned,new
15789425,Marsden,Germany,Low,0.1664930728306915,Unassigned,new
15570943,Artemyeva,Germany,Low,0.1921833955021937,Unassigned,new
15685829,McKay,France,Low,0.015759618723259365,Unassigned,new
15721917,Chuang,France,Low,0.10344492825720043,Unassigned,new
15776047,Nicholls,France,Low,0.028032999455720645,Unassigned,new
15716024,Dennis,Spain,Low,0.050852796804587465,Unassigned,new
15675328,Knight,France,Low,0.03857495986077257,Unassigned,new
15604314,Webb,Germany,Low,0.27067013733508094,Unassigned,new
15658339,Pugliesi,Germany,Low,0.03471521550120495,Unassigned,new
15630402,Nebechukwu,France,Low,0.11210697420777493,Unassigned,new
15689616,Ward,Spain,Low,0.10652531372377967,Unassigned,new
15774224,Nixon,Germany,Low,0.11517978743278436,Unassigned,new
15701291,Chidubem,France,Low,0.06496061948666365,Unassigned,new
15719606,Rivers,France,Low,0.15954850510994503,Unassigned,new
15644119,Sochima,France,Low,0.08357812962065876,Unassigned,new
15646859,Heydon,Germany,Medium,0.5223926682504273,Unassigned,new
15606836,Lombardo,France,Low,0.07153617347031961,Unassigned,new
15664150,Holland,Germany,Low,0.06007905536629788,Unassigned,new
15624510,Tien,France,Medium,0.6267493238992284,Unassigned,new
15810944,Bryant,France,Low,0.028807222255856905,Unassigned,new
15668575,Hao,Spain,High,0.8421438253769036,Unassigned,new
15603246,Genovesi,France,Low,0.03333104383984806,Unassigned,new
15804002,Kovalev,France,Low,0.06724246908294623,Unassigned,new
15728773,Hsieh,France,Low,0.08446835489007296,Unassigned,new
15598044,Debellis,France,Low,0.16170905360719964,Unassigned,new
15694829,Chibueze,Germany,Low,0.03868365322466101,Unassigned,new
15600575,Padovano,Spain,Low,0.03981413902770411,Unassigned,new
15727311,Yen,France,Low,0.04252749339758243,Unassigned,new
15570769,Kibble,France,Low,0.04716312464860905,Unassigned,new
15606274,Lori,Germany,Low,0.03359515497475841,Unassigned,new
15746139,Enemuo,France,Low,0.09200581218547997,Unassigned,new
15704987,Lu,France,High,0.7997328314192367,Unassigned,new
15628972,Nebeolisa,Germany,Medium,0.7276152517347502,Unassigned,new
15697686,Stewart,France,Low,0.039234972197881815,Unassigned,new
15733883,Ward,France,Low,0.013966367975286258,Unassigned,new
15617482,Milanesi,Germany,High,0.8948841389223992,Unassigned,new
15704583,Chikwado,France,High,0.894277913432327,Unassigned,new
15621083,Douglas,France,Low,0.11777126459711093,Unassigned,new
15649487,Sal,Germany,Low,0.19385180691683104,Unassigned,new
15736760,Douglas,Spain,Medium,0.5576950446281359,Unassigned,new
15714658,Yates,France,Low,0.01787444622473495,Unassigned,new
15599081,Watt,Germany,Medium,0.5334546135072686,Unassigned,new
15705113,P'an,Spain,Low,0.09970501159153977,Unassigned,new
15631159,H?,Germany,Low,0.0505086965152594,Unassigned,new
15792818,Perry,Germany,Low,0.23074257341991994,Unassigned,new
15633531,Lavrov,France,Low,0.02925017182911415,Unassigned,new
15744529,Chiekwugo,France,Low,0.04007379716194485,Unassigned,new
15669656,Macdonald,France,Low,0.04899812760803924,Unassigned,new
15581198,Jenkins,Germany,Low,0.4342663241267012,Unassigned,new
15729054,Korovina,Germany,Low,0.10979284188148478,Unassigned,new
15573452,Manning,Germany,Medium,0.500989023150338,Unassigned,new
15776733,Wilson,Germany,Low,0.1571636231792515,Unassigned,new
15724858,Begum,France,High,0.9275650117627385,Unassigned,new
15713144,Ingrassia,Spain,Medium,0.568847206319365,Unassigned,new
15690188,Maclean,France,Low,0.07961666086972842,Unassigned,new
15689425,Olejuru,Spain,Low,0.0421389734709739,Unassigned,new
15671766,Enyinnaya,France,Low,0.16053382346115766,Unassigned,new
15782806,Watson,Spain,Low,0.01771915749307972,Unassigned,new
15764419,Langdon,France,Low,0.010177245742789214,Unassigned,new
15591915,Frolov,France,Low,0.2503247908069795,Unassigned,new
15772798,Chikezie,Spain,Low,0.01800010155717897,Unassigned,new
15792008,Zetticci,Spain,Low,0.027408957747955584,Unassigned,new
15715541,Yang,France,Low,0.1892876016642316,Unassigned,new
15639277,Lin,France,Low,0.37743629695518366,Unassigned,new
15798850,Goddard,France,Low,0.01355778943543389,Unassigned,new
15776348,Rogers,Germany,Low,0.25293081458780053,Unassigned,new
15727696,Zubareva,France,Low,0.08729980147167526,Unassigned,new
15793813,Onochie,France,Low,0.049072613397242205,Unassigned,new
15694395,Ts'ui,France,Low,0.07783261439659814,Unassigned,new
15764195,Newsom,Spain,Low,0.08794591952178417,Unassigned,new
15744919,Genovese,Spain,Low,0.07112189062493991,Unassigned,new
15671655,Thorpe,Germany,Low,0.04002881052255835,Unassigned,new
15654901,Horton,France,Medium,0.56650014066022,Unassigned,new
15649136,Williamson,France,Low,0.05291848683802314,Unassigned,new
15775562,Shoobridge,France,Low,0.031156418187160945,Unassigned,new
15807481,Peng,France,Medium,0.5136304517057909,Unassigned,new
15642885,Gray,France,Low,0.022991789527636013,Unassigned,new
15789109,Watson,France,Low,0.3035694338724725,Unassigned,new
15814004,Fyodorova,France,Low,0.012401219864278936,Unassigned,new
15673619,Bazhenov,France,Low,0.08925505984645031,Unassigned,new
15595135,Solomon,Germany,Low,0.31322122463980423,Unassigned,new
15583681,Layh,Spain,Low,0.022951148794103277,Unassigned,new
15605000,John,France,High,0.8598596176208632,Unassigned,new
15718071,Tuan,France,Low,0.12013818383013647,Unassigned,new
15679760,Slattery,France,Low,0.24495626887577626,Unassigned,new
15654574,Onyekachi,Germany,Low,0.07931316446778791,Unassigned,new
15577178,Genovese,France,Medium,0.5632436460554091,Unassigned,new
15595324,Daniels,Germany,High,0.9197290823958484,Unassigned,new
15756932,Caldwell,Spain,Low,0.021056835025381974,Unassigned,new
15726358,Chiemenam,France,Low,0.016710670068759988,Unassigned,new
15595228,Wanliss,France,Low,0.2890330407497537,Unassigned,new
15782530,Bruce,Spain,Low,0.09331227757909981,Unassigned,new
15592877,Wright,Spain,Low,0.2048256823437758,Unassigned,new
15651983,Fang,France,Low,0.2735903710199738,Unassigned,new
15746737,Eames,Germany,Low,0.227271205841918,Unassigned,new
15774179,Sutherland,France,Low,0.017512698091639554,Unassigned,new
15667265,Cavenagh,France,Low,0.07782723165071576,Unassigned,new
15655123,Dumetolisa,Spain,High,0.9725334072418305,Unassigned,new
15595917,Mackay,France,Low,0.10993888554295812,Unassigned,new
15668385,Dellucci,France,Low,0.10861143774318674,Unassigned,new
15709476,Kenyon,Spain,Low,0.10737835019617088,Unassigned,new
15711218,Parry,Germany,Low,0.16030940360890358,Unassigned,new
15798659,Kennedy,Spain,Low,0.09022486501838753,Unassigned,new
15663939,Arnott,Germany,Low,0.1446118074019748,Unassigned,new
15694946,Hanson,France,Low,0.014394031610917868,Unassigned,new
15631912,T'ao,France,Low,0.09866624782164134,Unassigned,new
15768816,Shen,Germany,Low,0.23267734406918622,Unassigned,new
15682268,Steere,Germany,Low,0.30444875475190525,Unassigned,new
15684801,Abbott,France,High,0.9759512995152976,Unassigned,new
15636428,Sutherland,Spain,Medium,0.646102644551939,Unassigned,new
15809823,Thurgood,Germany,Low,0.17713799086768772,Unassigned,new
15699284,Johnson,France,Medium,0.647575744680453,Unassigned,new
15786993,Lung,France,Low,0.17792692660312437,Unassigned,new
15709441,Cocci,Spain,Low,0.38202720206043894,Unassigned,new
15710257,Matveyeva,France,Low,0.1397365576324129,Unassigned,new
15582492,Moore,France,Low,0.18236266091163747,Unassigned,new
15575694,Yobachukwu,Spain,Low,0.2659631830764367,Unassigned,new
15756820,Fleming,France,Low,0.07202647644037109,Unassigned,new
15766289,Dickinson,France,Low,0.28434370676218107,Unassigned,new
15593014,Evseyev,France,Low,0.07302815046404129,Unassigned,new
15584545,Aksenov,France,Low,0.09373194910073847,Unassigned,new
15675949,Fleming,Spain,Low,0.056545191085772904,Unassigned,new
15672091,Ulyanov,Germany,Low,0.108615054660491,Unassigned,new
15801658,Summers,France,Low,0.2762709107826125,Unassigned,new
15706185,Clements,Germany,Low,0.21111711173708633,Unassigned,new
15789863,Kazakova,France,Low,0.035344252129077415,Unassigned,new
15720943,Pirozzi,France,Medium,0.4910496478836303,Unassigned,new
15697997,Jamieson,France,Low,0.06701116741811194,Unassigned,new
15665416,Ferri,France,Low,0.1668491682118184,Unassigned,new
15660200,Mai,France,Low,0.012204332607273589,Unassigned,new
15619653,Hannaford,France,Medium,0.6364759785239248,Unassigned,new
15773447,Fomin,Spain,Low,0.14854240112900285,Unassigned,new
15739160,Mahon,France,Low,0.22321834706470572,Unassigned,new
15689237,Shaw,France,Low,0.03205902313156846,Unassigned,new
15679297,Volkova,Spain,Low,0.370603107334886,Unassigned,new
15591433,Miles,Germany,Low,0.14290778630558337,Unassigned,new
15642725,Madison,France,Low,0.037819440141928264,Unassigned,new
15701962,Scott,Spain,Low,0.09301994959574615,Unassigned,new
15811613,Voss,France,Low,0.18249715021464322,Unassigned,new
15741049,Colebatch,France,Low,0.009348030285868725,Unassigned,new
15724423,Wilson,France,Low,0.08460588272244805,Unassigned,new
15574305,T'ang,France,Low,0.06051420232536326,Unassigned,new
15678168,Gibson,Spain,Low,0.023100117452401307,Unassigned,new
15697020,Hs?eh,France,Low,0.17583610415292933,Unassigned,new
15610801,Pan,Germany,Low,0.33965474318393113,Unassigned,new
15745232,Chikelu,France,Low,0.037150679002759326,Unassigned,new
15722758,Allan,France,Low,0.04342993629649225,Unassigned,new
15792102,Yefremova,France,Low,0.27031852199009604,Unassigned,new
15675185,Chuang,Germany,Low,0.33741999628371766,Unassigned,new
15801247,Fan,Spain,Low,0.07054816280842031,Unassigned,new
15725660,Dellucci,France,Low,0.07032958111761835,Unassigned,new
15638963,Garran,France,Low,0.13068080490634051,Unassigned,new
15800061,Moretti,Spain,High,0.9754739028052074,Unassigned,new
15578006,Yao,France,Low,0.010328629760822513,Unassigned,new
15668504,Lucchesi,France,Low,0.05498738544166699,Unassigned,new
15687491,Nkemdilim,Germany,Medium,0.6177454166413318,Unassigned,new
15610403,Anderson,France,Low,0.13543526504919343,Unassigned,new
15741094,Sagese,France,Low,0.007936829349883932,Unassigned,new
15807909,Rubensohn,France,Low,0.13251311318733203,Unassigned,new
15666141,Baldwin,Spain,Low,0.04864904173842233,Unassigned,new
15617134,Iqbal,France,Low,0.03611095379417735,Unassigned,new
15783029,Monaldo,France,Low,0.02454969617618392,Unassigned,new
15622833,Mahon,Germany,Low,0.0896037374933045,Unassigned,new
15746422,Muir,France,Low,0.29575176480827653,Unassigned,new
15750839,Burns,Spain,Low,0.0850195218227617,Unassigned,new
15749130,Dyer,Germany,Low,0.062389698137866385,Unassigned,new
15779862,Lyons,Germany,Low,0.210958041674377,Unassigned,new
15767871,H?,Spain,Low,0.06784706188339709,Unassigned,new
15679651,Gardiner,Spain,Low,0.1209766294729596,Unassigned,new
15576219,Cameron,France,Low,0.011083236873237185,Unassigned,new
15699247,Chapman,France,Low,0.06460427646062537,Unassigned,new
15619087,Taylor,France,Low,0.24166521912597932,Unassigned,new
15605327,Namatjira,France,Low,0.01418004187832934,Unassigned,new
15610140,He,France,Low,0.02532563305305842,Unassigned,new
15791174,Leibius,Spain,Low,0.0923372425150935,Unassigned,new
15602373,White,France,Low,0.14348115995943228,Unassigned,new
15762605,Wall,France,Low,0.20330229275184042,Unassigned,new
15598840,Moretti,France,Low,0.07635170778505437,Unassigned,new
15744279,Patterson,Spain,Low,0.06668527074795053,Unassigned,new
15670619,Coppin,France,Low,0.02893374791374789,Unassigned,new
15599533,Tsao,France,Low,0.05616824392687896,Unassigned,new
15757837,Kao,Germany,Low,0.04430766353099259,Unassigned,new
15697574,Stewart,France,Medium,0.6339365876971198,Unassigned,new
15578738,Tuan,France,Low,0.06255135643400747,Unassigned,new
15762228,Barnes,Spain,Low,0.048750685252565,Unassigned,new
15614827,Sun,France,Low,0.12670287656207063,Unassigned,new
15789815,Fallaci,France,Low,0.031092707035356586,Unassigned,new
15579781,Buccho,Germany,Low,0.18546201288619707,Unassigned,new
15587013,Tien,France,Low,0.06476376278748203,Unassigned,new
15570932,Pirozzi,France,Low,0.08719528587400442,Unassigned,new
15794661,Liu,Spain,Low,0.01838900421444712,Unassigned,new
15581654,Long,France,Low,0.009146163240275288,Unassigned,new
15644296,Scott,France,Low,0.10690529196251625,Unassigned,new
15614420,Gerasimova,Germany,Low,0.11251596506315964,Unassigned,new
15609653,Ifeatu,Germany,Medium,0.6511468671653924,Unassigned,new
15594577,De Luca,France,Low,0.015506008464855295,Unassigned,new
15584114,Ogbonnaya,Germany,Low,0.11209217774639395,Unassigned,new
15673367,Humffray,Germany,Low,0.25070828082839663,Unassigned,new
15685576,Degtyaryov,Spain,Low,0.02422225800615968,Unassigned,new
15774727,Monaldo,Germany,Low,0.13122569863947364,Unassigned,new
15694288,Cawthorne,Spain,Low,0.023914395838283687,Unassigned,new
15603319,Graham,France,Low,0.06079207122358119,Unassigned,new
15759066,Carpenter,France,Low,0.42361325553871354,Unassigned,new
15814816,Kambinachi,France,Low,0.23421473923509684,Unassigned,new
15724402,Tyler,France,Low,0.02902736703759692,Unassigned,new
15571059,Martin,France,High,0.9098148598385346,Unassigned,new
15674206,Walker,France,Low,0.017038161193107096,Unassigned,new
15715160,Khan,France,Low,0.04212752544585811,Unassigned,new
15730448,Iroawuchi,Germany,Low,0.04344567253144757,Unassigned,new
15662067,Summers,France,Low,0.24416735247250873,Unassigned,new
15779581,Bottrill,Spain,Low,0.08621962371519407,Unassigned,new
15662901,Hu,France,Low,0.016724687579081802,Unassigned,new
15689751,Jones,France,Low,0.1391779291016645,Unassigned,new
15667742,Vincent,Spain,Low,0.11483936033101683,Unassigned,new
15738448,Sanford,Germany,Low,0.03820570806008411,Unassigned,new
15680243,Brown,France,Low,0.08536704024135415,Unassigned,new
15745083,Lei,Germany,High,0.9395207920139224,Unassigned,new
15708228,Toscani,Germany,Low,0.25571138893390166,Unassigned,new
15628523,Chien,France,Low,0.031018309593006194,Unassigned,new
15708196,Uchenna,Spain,Low,0.2087080334037439,Unassigned,new
15735549,Lori,Germany,Low,0.041974601129969404,Unassigned,new
15809347,Fanucci,Germany,Low,0.19298100708131397,Unassigned,new
15660866,Chimaobim,France,Low,0.024868243291613898,Unassigned,new
15766609,Jowers,France,Low,0.2469122283755847,Unassigned,new
15654230,Miller,Germany,Low,0.20745682843460858,Unassigned,new
15794566,Kirsova,France,Low,0.02260015167818203,Unassigned,new
15800890,T'ien,France,Low,0.10815945397765157,Unassigned,new
15697424,Ku,Spain,Low,0.09444256495169297,Unassigned,new
15724536,Chin,Spain,Low,0.019312077386428622,Unassigned,new
15735878,Law,Germany,High,0.8521605751800618,Unassigned,new
15707596,Chung,Germany,Low,0.07687398839398943,Unassigned,new
15657163,Cockrum,Germany,Low,0.16525800448387187,Unassigned,new
15622478,Greaves,France,High,0.9013680050203322,Unassigned,new
15779529,Grant,France,Low,0.009393721134929124,Unassigned,new
15636023,O'Donnell,France,Low,0.3589402169215562,Unassigned,new
15582066,Maclean,France,Low,0.06343841668215139,Unassigned,new
15666675,Hsieh,France,Low,0.11158495842886058,Unassigned,new
15732987,Hs?,Spain,Low,0.2827802951102924,Unassigned,new
15789432,Mazzanti,France,Low,0.025917926561709496,Unassigned,new
15663161,Chiu,Germany,High,0.8778688665454208,Unassigned,new
15694879,Reeves,Spain,Low,0.04167457012291524,Unassigned,new
15593715,Castiglione,Germany,Low,0.2194591659333164,Unassigned,new
15575002,Ferguson,France,Low,0.09613321442337308,Unassigned,new
15622171,Nnamdi,France,Low,0.03392059398850718,Unassigned,new
15795224,Wu,France,Low,0.2993691349973758,Unassigned,new
15685346,Chu,Spain,Low,0.08528838677322625,Unassigned,new
15691808,King,France,Low,0.21506437670379921,Unassigned,new
15721007,Charlton,Germany,Low,0.22393475728061568,Unassigned,new
15794253,Marsh,Spain,Low,0.06123289665605104,Unassigned,new
15694453,Walker,Germany,Low,0.08248496410826146,Unassigned,new
15813113,Chang,Spain,High,0.9230437293161292,Unassigned,new
15614187,Pottinger,Germany,Low,0.1595655807282871,Unassigned,new
15619407,Buckley,France,Low,0.09064314743296462,Unassigned,new
15646227,Folliero,France,Low,0.12108250063549189,Unassigned,new
15660541,Olisanugo,France,Low,0.08363203476006414,Unassigned,new
15753874,Kent,France,Low,0.0662922275668647,Unassigned,new
15617877,Jessop,France,Low,0.049991031961330507,Unassigned,new
15772073,Hodge,France,Medium,0.65613130571202,Unassigned,new
15701537,Ignatiev,France,Low,0.35655822661479963,Unassigned,new
15736228,Chambers,France,Low,0.14579529034267358,Unassigned,new
15780572,Mansom,Spain,Low,0.017143303001022087,Unassigned,new
15769596,Yen,Germany,Low,0.13719729390027385,Unassigned,new
15586996,Azikiwe,France,Low,0.01346836535562141,Unassigned,new
15722061,Allen,Germany,Low,0.19053385982702253,Unassigned,new
15638003,Komarova,Spain,Low,0.33199428619072635,Unassigned,new
15775590,Mackay,Germany,Medium,0.6809986673620555,Unassigned,new
15730688,Yu,France,Low,0.05331796171153409,Unassigned,new
15753102,Curtis,Spain,Low,0.37121127658736636,Unassigned,new
15810075,Fang,France,Low,0.09359510271794226,Unassigned,new
15723373,Page,Spain,Low,0.13318370082701173,Unassigned,new
15795298,Olisaemeka,Germany,Low,0.03756506763367508,Unassigned,new
15584320,Brennan,France,Low,0.20946306707056403,Unassigned,new
15724161,Sutton,France,High,0.9669877742859103,Unassigned,new
15750056,Hyde,France,Low,0.06559286764213285,Unassigned,new
15609637,Nkemakolam,France,Low,0.06659668878859201,Unassigned,new
15794493,Chimaijem,Spain,Low,0.010704756474518119,Unassigned,new
15569641,Sung,Germany,Medium,0.5196031409680599,Unassigned,new
15815236,Chiganu,Spain,Low,0.015821209547473857,Unassigned,new
15811177,Beneventi,France,Low,0.19211613035111136,Unassigned,new
15680587,Esposito,France,Low,0.14530415956308407,Unassigned,new
15672821,Owen,France,Low,0.009758863029173006,Unassigned,new
15767681,Smalley,Spain,Low,0.012496846417189142,Unassigned,new
15600379,Hsiung,Spain,Low,0.056142189305044166,Unassigned,new
15801336,Ch'ang,Germany,Low,0.2279303035939227,Unassigned,new
15721592,Barton,France,Low,0.053037643814143734,Unassigned,new
15581282,Lucchese,France,Low,0.31842364213087077,Unassigned,new
15746203,Hsia,Germany,Medium,0.46473446000367014,Unassigned,new
15583137,Pope,France,Low,0.24035575827639288,Unassigned,new
15680752,Horrocks,France,Medium,0.48163345979530203,Unassigned,new
15688172,Tai,Spain,Low,0.03930240738453732,Unassigned,new
15791373,Chikezie,Germany,Low,0.2620866987138816,Unassigned,new
15589449,Frye,France,High,0.8671656274775752,Unassigned,new
15692819,Toscani,Germany,Low,0.2770029396987119,Unassigned,new
15727467,Mellor,France,Low,0.037314408957053166,Unassigned,new
15734312,Kang,Spain,Low,0.04016307590058544,Unassigned,new
15764604,Sutherland,France,High,0.9253104971778251,Unassigned,new
15613014,Hs?,Germany,Low,0.08022398308538761,Unassigned,new
15759684,Ting,France,Low,0.12894947710122717,Unassigned,new
15609669,Chuang,France,Low,0.08325188993188304,Unassigned,new
15685536,Chu,France,Low,0.014834797694109237,Unassigned,new
15750447,Ozoemena,France,High,0.8972604272907584,Unassigned,new
15663249,Howells,Spain,Low,0.14453033265163187,Unassigned,new
15638646,Lucchese,France,Low,0.20095284774795433,Unassigned,new
15734161,Nnonso,France,Low,0.052370767953548725,Unassigned,new
15631070,Gerasimova,Germany,Low,0.37944357573832255,Unassigned,new
15761950,Woronoff,Germany,Medium,0.539666508170449,Unassigned,new
15649668,Wilhelm,Germany,Low,0.08670961960628945,Unassigned,new
15713912,Nebechukwu,Spain,Low,0.2535881110790849,Unassigned,new
15586757,Anenechukwu,France,Low,0.07724579499930072,Unassigned,new
15596522,Meredith,France,Low,0.09540296824743083,Unassigned,new
15625395,Chinomso,France,Low,0.06417068898266123,Unassigned,new
15760570,Stephenson,France,Low,0.015041149893538386,Unassigned,new
15566689,Chimaoke,Spain,Low,0.020245502677878394,Unassigned,new
15725794,Winters,France,High,0.7905677907600926,Unassigned,new
15673539,Napolitani,France,Low,0.13988972272950406,Unassigned,new
15705298,L?,Germany,Low,0.07658394734983369,Unassigned,new
15675791,Williams,France,Low,0.050103368267740436,Unassigned,new
15747043,Giles,Spain,Low,0.019654928293257375,Unassigned,new
15736397,Wang,France,Low,0.07496982439374959,Unassigned,new
15678201,Robertson,France,Low,0.4457649447589268,Unassigned,new
15720745,Murray,Spain,Low,0.052267754379965024,Unassigned,new
15637593,Greco,France,Low,0.018430365769505148,Unassigned,new
15598070,Marchesi,France,Low,0.13379509955317903,Unassigned,new
15787550,Chao,France,Low,0.0129047679953949,Unassigned,new
15603942,Hawthorn,Germany,High,0.9722600648620667,Unassigned,new
15733973,Bibi,France,Medium,0.517399286490213,Unassigned,new
15596761,Hawdon,Germany,High,0.9451748417917628,Unassigned,new
15652400,Moss,Spain,Low,0.23855231327864582,Unassigned,new
15717893,Briggs,Germany,Low,0.23336406062463652,Unassigned,new
15622585,McIntyre,France,Low,0.046272190036487665,Unassigned,new
15733964,Russo,Spain,Low,0.30764188653065816,Unassigned,new
15753861,Ballard,Germany,Low,0.10480148203244409,Unassigned,new
15747097,Hs?,France,Low,0.0883062670226807,Unassigned,new
15594762,Pisani,Spain,Low,0.2675638404880774,Unassigned,new
15667417,Tao,France,Low,0.10022818801601116,Unassigned,new
15684861,Thomson,France,Low,0.04922203438195872,Unassigned,new
15742204,Hsu,Germany,Low,0.12309895682143462,Unassigned,new
15623502,Morrison,Spain,Low,0.25139457295499423,Unassigned,new
15774872,Joslin,France,Low,0.01860281725838841,Unassigned,new
15611191,Scott,Germany,Low,0.11849219430051244,Unassigned,new
15674331,Bidwill,Germany,Low,0.06863816219854994,Unassigned,new
15619465,Cameron,Spain,Low,0.03316163304776864,Unassigned,new
15575247,Cartwright,France,Low,0.01629655920001517,Unassigned,new
15695679,Yao,Spain,Low,0.12901476267956352,Unassigned,new
15713463,Tate,Germany,Medium,0.46352220623922535,Unassigned,new
15785170,Neal,Germany,Low,0.27728564971389724,Unassigned,new
15796351,Yao,Germany,Low,0.06521780863600908,Unassigned,new
15639576,Burns,France,Low,0.07647785604763231,Unassigned,new
15693264,Onyinyechukwuka,France,Low,0.018465507521946416,Unassigned,new
15589715,Fulks,France,High,0.8625022394157286,Unassigned,new
15769902,Christie,France,Low,0.018566328164189193,Unassigned,new
15587177,Lloyd,France,Low,0.09575242416621331,Unassigned,new
15814553,Ball,France,Low,0.026921773441736446,Unassigned,new
15601550,Genovesi,Spain,Low,0.06966669903826642,Unassigned,new
15664907,Alexander,France,Medium,0.6941004512306342,Unassigned,new
15612465,Siciliano,Spain,Low,0.027719233222370104,Unassigned,new
15810800,Ositadimma,Spain,Low,0.12474619521402587,Unassigned,new
15665760,Kazantsev,Spain,Low,0.017048814800172955,Unassigned,new
15588080,Giles,France,High,0.8595978670920938,Unassigned,new
15776844,Hao,Spain,Low,0.02420606086639194,Unassigned,new
15717560,Martin,France,Medium,0.6041762295285524,Unassigned,new
15629739,Hartley,Germany,Low,0.16181761232450867,Unassigned,new
15729908,Allan,France,Medium,0.5975822710849233,Unassigned,new
15716781,Dolgorukova,France,Low,0.08067753629998818,Unassigned,new
15646936,Nnamdi,Germany,Low,0.07476179881268263,Unassigned,new
15768151,Romano,Germany,Medium,0.6008383129938815,Unassigned,new
15579212,Chuang,France,High,0.8945595725006213,Unassigned,new
15721835,Owen,Spain,Low,0.1404018273015613,Unassigned,new
15800515,Singh,France,Low,0.09593965868523735,Unassigned,new
15591279,Nwagugheuzo,France,Low,0.07908051578151705,Unassigned,new
15587419,Shipton,France,Low,0.05503052724243644,Unassigned,new
15750335,Paterson,Germany,High,0.9368249523799911,Unassigned,new
15699619,Rivas,France,Low,0.09299341603638549,Unassigned,new
15606472,Lung,France,Low,0.17924367331877422,Unassigned,new
15778368,Allan,Germany,High,0.8257142431819761,Unassigned,new
15671387,Fetherstonhaugh,France,Low,0.10696698568451332,Unassigned,new
15573926,Lung,Spain,Low,0.0576446136642849,Unassigned,new
15709183,Davidson,France,Low,0.2763319275027332,Unassigned,new
15577514,Mai,Germany,Low,0.24225325265853753,Unassigned,new
15778830,Dellucci,France,Low,0.01767041462386717,Unassigned,new
15768072,Mitchell,Spain,Low,0.24824159827517855,Unassigned,new
15768293,Sun,France,Low,0.07831058487504071,Unassigned,new
15654456,Napolitano,Germany,Medium,0.7130338483148453,Unassigned,new
15807525,Bailey,France,Low,0.05103009785897769,Unassigned,new
15574372,Hoolan,France,Low,0.06072074310425076,Unassigned,new
15671249,Kent,France,Low,0.04674710570885654,Unassigned,new
15779744,Chou,Spain,Low,0.048141405707936555,Unassigned,new
15624755,Pepper,Germany,Medium,0.518675324441256,Unassigned,new
15611430,Abramowitz,France,High,0.8517515438182923,Unassigned,new
15774744,Lord,Germany,Low,0.06187278326246673,Unassigned,new
15629885,Wilson,France,Low,0.1437662629690105,Unassigned,new
15708791,Abazu,Spain,Low,0.10824389848316039,Unassigned,new
15793890,Harriman,France,Medium,0.5226697693039352,Unassigned,new
15646091,Frankland,Spain,Low,0.20994550799022507,Unassigned,new
15596984,Pinto,France,Low,0.11719866207077519,Unassigned,new
15800215,Kwemtochukwu,France,Low,0.014351039602403136,Unassigned,new
15577806,Chiu,Germany,Low,0.3955536706618933,Unassigned,new
15749381,Yu,France,Low,0.26725698424850347,Unassigned,new
15683758,Onyekachukwu,France,Low,0.29608340419303847,Unassigned,new
15670615,Castiglione,Spain,Low,0.023244887235479968,Unassigned,new
15715622,To Rot,France,High,0.7693932076364371,Unassigned,new
15707634,Anenechukwu,France,Low,0.04935084663448766,Unassigned,new
15806901,Henderson,France,Low,0.1249456086509062,Unassigned,new
15775335,Ellis,Germany,Low,0.4166688590267834,Unassigned,new
15724150,Nkemdirim,France,Low,0.21841271452387068,Unassigned,new
15627220,Kang,Germany,Medium,0.6916633673202761,Unassigned,new
15672330,Lear,France,Low,0.01944422438643695,Unassigned,new
15668521,Jamieson,France,Low,0.015261476193142753,Unassigned,new
15807837,Mazzanti,France,Low,0.08695024926679464,Unassigned,new
15592570,Marino,Spain,Low,0.030695292000341507,Unassigned,new
15748589,Winter,France,Low,0.02405940251779763,Unassigned,new
15635893,T'ien,France,Low,0.022457784756261975,Unassigned,new
15757632,Hughes-Jones,France,Low,0.22502722272741696,Unassigned,new
15691863,Cody,France,Low,0.033700336680395404,Unassigned,new
15706071,Hunt,Germany,Low,0.4050560383818683,Unassigned,new
15654296,Estrada,Spain,Low,0.23115558668862482,Unassigned,new
15755018,Dickinson,Germany,Low,0.12130559935880247,Unassigned,new
15594041,Fanucci,Spain,Low,0.2312918594558799,Unassigned,new
15670587,Yang,Germany,Low,0.05438201005861785,Unassigned,new
15724527,Forbes,France,Low,0.008797310054149037,Unassigned,new
15801904,Heard,Germany,Low,0.1124006095583863,Unassigned,new
15658195,Efremova,France,Low,0.04864132991668289,Unassigned,new
15630113,Morphett,Spain,Low,0.05472889078378833,Unassigned,new
15784320,Lenhardt,France,Low,0.2594124991639149,Unassigned,new
15676513,Burns,Germany,Low,0.13141220520097205,Unassigned,new
15574072,Ch'ien,France,Low,0.44651436856858867,Unassigned,new
15633854,Sun,France,Low,0.07789208553717739,Unassigned,new
15618566,Jamieson,France,Low,0.03147422676035162,Unassigned,new
15733014,Nolan,France,Low,0.14155113737592495,Unassigned,new
15753343,Barry,France,Low,0.08257833259335484,Unassigned,new
15746076,Saunders,Spain,Low,0.21254849535648815,Unassigned,new
15608226,McMorran,Spain,Low,0.01905035543843879,Unassigned,new
15605684,Phelan,France,Low,0.11582187625670341,Unassigned,new
15638988,Fu,France,Low,0.05195273811896456,Unassigned,new
15628767,Hotchin,Spain,Low,0.16826252046279813,Unassigned,new
15737977,Aksyonov,France,Low,0.018518771930433265,Unassigned,new
15758116,Rossi,France,High,0.7707838749786019,Unassigned,new
15575119,Hughes,France,Low,0.012714235188444204,Unassigned,new
15625126,Duncan,France,Low,0.05061666936419312,Unassigned,new
15567114,McGarry,France,Low,0.09007240862478048,Unassigned,new
15672242,Aksenov,France,Low,0.07930073188400008,Unassigned,new
15681327,Akhtar,France,Low,0.008216357142954503,Unassigned,new
15802585,Pisani,France,Low,0.20338425370157961,Unassigned,new
15740630,Pisano,Spain,Low,0.03339082293320139,Unassigned,new
15815420,McDaniels,Spain,Low,0.20887033288876214,Unassigned,new
15711468,Tennant,France,Low,0.01730603482175401,Unassigned,new
15799626,Donaghy,Germany,Medium,0.6475943147066939,Unassigned,new
15659325,Todd,Spain,Low,0.028176484430322276,Unassigned,new
15651352,Tobenna,France,Low,0.37136538178597456,Unassigned,new
15684925,Vicars,France,Low,0.06313977044313863,Unassigned,new
15657439,Chao,France,Low,0.008202975821862737,Unassigned,new
15574122,Tien,France,Low,0.09272831954956731,Unassigned,new
15720508,Hsing,France,Low,0.08751380645528609,Unassigned,new
15599078,Yang,Germany,Medium,0.4639231894077236,Unassigned,new
15702300,Walker,France,Low,0.016191519428862645,Unassigned,new
15660735,T'ang,Spain,Low,0.03961442247080462,Unassigned,new
15671390,Chukwukere,Spain,Low,0.018740866671108955,Unassigned,new
15647385,Ch'iu,Spain,High,0.8193705033093015,Unassigned,new
15739223,Pai,Spain,Low,0.019116654385086952,Unassigned,new
15631305,Franklin,Spain,Low,0.07473722771784558,Unassigned,new
15809263,Y?,Germany,Low,0.13536899114702045,Unassigned,new
15640866,Peng,France,Low,0.12892987876854273,Unassigned,new
15775663,Otitodilichukwu,Germany,Low,0.22773989774952577,Unassigned,new
15631800,Pagnotto,France,Low,0.10548270850596593,Unassigned,new
15654292,Vessels,Germany,Low,0.07508656885937798,Unassigned,new
15648320,Heller,France,Low,0.11977698338150593,Unassigned,new
15726747,Donaldson,France,Low,0.1881517929180786,Unassigned,new
15694510,Ifeanyichukwu,France,Low,0.38472361487939155,Unassigned,new
15572291,Kao,France,Low,0.17080908634849198,Unassigned,new
15603465,Dunn,Germany,Low,0.35443194584774024,Unassigned,new
15685628,Calabresi,Spain,Low,0.03597318912777133,Unassigned,new
15792729,Holland,Germany,Low,0.11983994903019654,Unassigned,new
15767414,Calabresi,France,Low,0.063817655715609,Unassigned,new
15568044,Butusov,France,Low,0.015471254590535374,Unassigned,new
15751333,Atkinson,France,Low,0.03409805038390412,Unassigned,new
15623062,Vasilyeva,Germany,Low,0.06799518566454218,Unassigned,new
15713621,Mollison,Germany,Low,0.05547489099698171,Unassigned,new
15670668,Webb,Germany,Low,0.020571672197990054,Unassigned,new
15750638,Obiajulu,Germany,Low,0.3808752976770815,Unassigned,new
15747878,Aiken,Spain,Low,0.3250958957777185,Unassigned,new
15726796,Brabyn,France,Low,0.06141417879317436,Unassigned,new
15754952,Su,Germany,Low,0.3772566367465613,Unassigned,new
15652192,Traeger,France,Low,0.0819995701365133,Unassigned,new
15681924,Ekwueme,Germany,Low,0.3143037946790665,Unassigned,new
15763544,Thompson,France,Low,0.12916390377667353,Unassigned,new
15764431,Chinwenma,Spain,High,0.9140214693634412,Unassigned,new
15684010,Tuan,Germany,Low,0.115613213474346,Unassigned,new
15648881,Tsai,Germany,Low,0.39350599457559376,Unassigned,new
15733303,Liu,France,Low,0.014012777468430725,Unassigned,new
15643294,Robinson,France,Low,0.19693138747722688,Unassigned,new
15749905,Carr,Spain,Medium,0.7245533539556213,Unassigned,new
15625175,Palerma,Germany,Low,0.41552457516757485,Unassigned,new
15643967,Chineze,France,Low,0.1918229190918707,Unassigned,new
15578251,Fang,France,Low,0.1289198311439487,Unassigned,new
15772573,Simpson,Spain,Low,0.24632666141510323,Unassigned,new
15733234,Moretti,France,Low,0.4164079803293574,Unassigned,new
15721582,Hale,Germany,Low,0.0921906537135939,Unassigned,new
15628219,Benson,Germany,Low,0.23516020456457803,Unassigned,new
15571302,Estep,Germany,Low,0.05681707754856351,Unassigned,new
15637178,Mishina,Spain,Low,0.07111710114033835,Unassigned,new
15601184,Abramovich,Spain,Low,0.03753476485512901,Unassigned,new
15629511,Lavrentiev,France,Medium,0.5369925575869483,Unassigned,new
15570629,Alexeyeva,Germany,Low,0.06449084167022229,Unassigned,new
15665766,T'ang,Germany,Low,0.09760879341412278,Unassigned,new
15693732,Kilgour,France,Low,0.02827694229407615,Unassigned,new
15765982,Chin,France,Low,0.12743577036255527,Unassigned,new
15582016,Fiorentini,Spain,Low,0.09098959359020421,Unassigned,new
15798024,Lori,Germany,Low,0.054597204214944,Unassigned,new
15588622,Marchesi,Germany,Low,0.10037967280929057,Unassigned,new
15724863,Sheppard,Spain,High,0.9496757630898357,Unassigned,new
15618213,Nnanna,France,Low,0.07732512290844198,Unassigned,new
15780411,Norris,France,Low,0.13386804101098737,Unassigned,new
15725429,Vincent,Germany,Low,0.12993044714860938,Unassigned,new
15600626,Bradley,France,Low,0.00872912057358631,Unassigned,new
15668460,Bellucci,France,Low,0.008742438132064953,Unassigned,new
15576263,Clements,France,Low,0.21325424090584733,Unassigned,new
15720354,Knowles,France,Low,0.024963302361467248,Unassigned,new
15691624,Chidiebere,France,Low,0.050805014743644565,Unassigned,new
15793196,Kelly,France,Low,0.03862580878227272,Unassigned,new
15633352,Okwukwe,France,Low,0.30012895726914635,Unassigned,new
15750874,Onyemere,France,Low,0.05472796380877076,Unassigned,new
15588923,Murphy,France,Low,0.1278627121871328,Unassigned,new
15715745,Elliott,France,Low,0.07105278038327514,Unassigned,new
15611800,Loggia,France,Low,0.20115354275947467,Unassigned,new
15576928,Walsh,France,Low,0.20790797831771662,Unassigned,new
15793693,Mahomed,France,Low,0.26464172185866014,Unassigned,new
15581252,Dolgorukova,Spain,Low,0.16098580997199263,Unassigned,new
15797760,Bogdanov,France,Low,0.1584903174628622,Unassigned,new
15790564,She,Germany,Low,0.14553462942177725,Unassigned,new
15593736,Cook,Germany,High,0.7791115436537209,Unassigned,new
15595937,Bruno,Germany,Low,0.08130808719592356,Unassigned,new
15815628,Moysey,France,Low,0.1474794936784814,Unassigned,new
15782802,Beneventi,Germany,Low,0.14152639964935254,Unassigned,new
15627412,Ferri,France,Low,0.03802712487809723,Unassigned,new
15734609,Skinner,France,Low,0.025170188897883188,Unassigned,new
15710689,Angel,Spain,Low,0.25116117168063085,Unassigned,new
15565806,Toosey,France,Low,0.02559120844781459,Unassigned,new
15815530,Chin,France,Medium,0.46696471377565624,Unassigned,new
15632272,Lung,France,Low,0.07552038035229167,Unassigned,new
15684103,Mellor,France,Low,0.019170292052025268,Unassigned,new
15654519,Hassall,France,Low,0.00948958981527854,Unassigned,new
15767722,Richardson,France,Low,0.2312548117756866,Unassigned,new
15654346,Poninski,Germany,Low,0.06781313807473008,Unassigned,new
15660147,Dore,Spain,Low,0.07258540713659001,Unassigned,new
15814998,Bonham,Spain,Low,0.07666605799449744,Unassigned,new
15802207,Ibezimako,Germany,Low,0.15277793197288728,Unassigned,new
15658668,Hunter,Spain,Low,0.15661882132623248,Unassigned,new
15715079,Bold,France,Low,0.2019110755571825,Unassigned,new
15570360,Wan,France,Low,0.03228700350021045,Unassigned,new
15674678,Bradley,Germany,Medium,0.4569802888752742,Unassigned,new
15780925,Tretyakova,France,Low,0.0605662493383541,Unassigned,new
15688193,Graham,France,Low,0.1483334230137375,Unassigned,new
15778219,Izmailov,France,Low,0.13817248606171068,Unassigned,new
15696514,Calabrese,Germany,Low,0.427114344632028,Unassigned,new
15712303,Valentin,France,Low,0.10021080688531109,Unassigned,new
15719090,Osonduagwuike,Germany,Low,0.1760980119165804,Unassigned,new
15735632,Williamson,France,Low,0.17806111094263835,Unassigned,new
15619436,Pan,France,Low,0.20342653963210588,Unassigned,new
15722404,Carpenter,France,Low,0.021246056986573357,Unassigned,new
15662063,McIver,France,Low,0.049372969469293856,Unassigned,new
15745605,Trevisan,France,Low,0.3299661922279981,Unassigned,new
15636658,Rozhkova,France,Low,0.014308194947766072,Unassigned,new
15784130,He,Germany,Low,0.14037768628848,Unassigned,new
15606755,Moretti,Spain,Low,0.15299545550694596,Unassigned,new
15801699,Fishbourne,Spain,Low,0.034209854170743056,Unassigned,new
15784097,Gibson,Germany,Low,0.08681105345155622,Unassigned,new
15764654,Zikoranachidimma,France,Low,0.027391290537093205,Unassigned,new
15612092,Palmer,Germany,Low,0.19938154094270985,Unassigned,new
15610903,Chukwueloka,Spain,Low,0.12567918828385055,Unassigned,new
15705777,Real,Germany,Low,0.4402086201799608,Unassigned,new
15661936,Chikelu,France,Low,0.2065531670960805,Unassigned,new
15700864,Fiorentini,France,Low,0.021671590583324414,Unassigned,new
15722965,Yefimova,France,Low,0.22430527820786642,Unassigned,new
15737521,Ball,Germany,Low,0.17153942168519992,Unassigned,new
15814465,Ch'in,France,Low,0.07048485340007357,Unassigned,new
15580988,Odell,France,Low,0.009271380490706235,Unassigned,new
15789974,Enemuo,France,Low,0.12768411294766235,Unassigned,new
15713370,Hunter,Spain,Low,0.11478570168773032,Unassigned,new
15748673,Nepean,France,Low,0.03585840456246078,Unassigned,new
15754919,Nwebube,France,Low,0.039181657000053854,Unassigned,new
15641662,Enticknap,Germany,Low,0.14814265382123928,Unassigned,new
15813422,Lu,Spain,Low,0.12338039980739815,Unassigned,new
15713596,Ugochukwu,France,Low,0.26409535166456405,Unassigned,new
15791216,Mann,Germany,Medium,0.5059852239566565,Unassigned,new
15689031,Murphy,Spain,Low,0.18638361394728206,Unassigned,new
15763704,Docherty,Germany,Low,0.17630301582906802,Unassigned,new
15631339,Adams,France,Low,0.15732021642359043,Unassigned,new
15771509,Hirst,Germany,Low,0.22491498355692946,Unassigned,new
15769586,Horan,France,Low,0.10658971156288859,Unassigned,new
15656096,Cumbrae-Stewart,Spain,Low,0.11084219903286287,Unassigned,new
15585280,Kinney,France,Low,0.024315849783169405,Unassigned,new
15743582,T'ang,France,Low,0.07419987919601552,Unassigned,new
15761692,Muir,France,Low,0.08072506875512805,Unassigned,new
15627840,Toscano,France,Low,0.2989753668164607,Unassigned,new
15778861,Wallace,Spain,Low,0.0836169081256101,Unassigned,new
15770554,Fraser,France,Low,0.014935669324485368,Unassigned,new
15806956,Iqbal,Spain,Low,0.0932519646817414,Unassigned,new
15701908,Nina,Spain,Low,0.2632997937741707,Unassigned,new
15736990,Chuang,France,Low,0.10341932601621531,Unassigned,new
15743714,Ch'ien,France,Low,0.39959280231153815,Unassigned,new
15807993,Bruno,Germany,Low,0.33772358141729836,Unassigned,new
15644686,Kennedy,Spain,Low,0.02338462943490115,Unassigned,new
15677377,Lawrence,Spain,Low,0.017036119641536288,Unassigned,new
15626412,Mort,Spain,Low,0.022432292762245398,Unassigned,new
15643679,Goliwe,Germany,Low,0.020122315580530875,Unassigned,new
15728456,Martinez,France,Low,0.141442314924536,Unassigned,new
15630661,Vasilyev,Spain,Low,0.17883266403863535,Unassigned,new
15734044,Black,France,Low,0.10824267984931474,Unassigned,new
15705001,Napolitani,Spain,Low,0.18021765925938205,Unassigned,new
15809817,Ch'en,Spain,Low,0.04988293319990875,Unassigned,new
15809137,Sagese,France,Low,0.26917025645204695,Unassigned,new
15751593,Fraser,Germany,Low,0.15446032815484015,Unassigned,new
15626491,Hughes,France,Low,0.34168392258962044,Unassigned,new
15765461,Giles,Spain,Low,0.15804619933762562,Unassigned,new
15568120,Lacross,France,Low,0.12435799723698265,Unassigned,new
15787161,Pisani,Germany,Medium,0.6904388080826315,Unassigned,new
15812324,King,France,Low,0.010260302551439547,Unassigned,new
15588944,Maughan,France,High,0.8053252652624298,Unassigned,new
15694253,Palerma,France,Low,0.0952286561611006,Unassigned,new
15759566,Tochukwu,France,Low,0.006212679207301603,Unassigned,new
15675675,Slate,France,Low,0.11599885412342488,Unassigned,new
15802060,Ch'ang,Germany,Low,0.09937252402610897,Unassigned,new
15660505,Romani,Germany,Medium,0.6856431898748299,Unassigned,new
15782630,Genovese,France,Low,0.09622641813326606,Unassigned,new
15700710,Chiebuka,France,Low,0.1193281752336338,Unassigned,new
15742834,Liao,France,Low,0.33467157542209847,Unassigned,new
15806511,Berry,Spain,Low,0.054935947242711426,Unassigned,new
15608166,Fallaci,France,Low,0.04904040621074865,Unassigned,new
15614230,T'an,France,Low,0.014177981530802996,Unassigned,new
15729958,Wilkinson,France,Low,0.1074930483688416,Unassigned,new
15800814,Palerma,France,Low,0.04281350582643791,Unassigned,new
15674727,Lazarev,France,Low,0.17622789111180373,Unassigned,new
15657779,Boylan,Spain,Low,0.00771805393972465,Unassigned,new
15801395,Warren,France,Low,0.11287375888770332,Unassigned,new
15757911,Trevisani,Spain,Low,0.22532640859601472,Unassigned,new
15665340,Trevisano,Spain,Low,0.027099687423367217,Unassigned,new
15787151,Liao,France,Low,0.024916098626458872,Unassigned,new
15757821,Burgess,Spain,Low,0.013923182853057537,Unassigned,new
15600688,Liston,France,Low,0.049349340063266633,Unassigned,new
15594878,Thompson,Spain,Low,0.3860079369988394,Unassigned,new
15569248,Milanesi,France,Low,0.1260156457178114,Unassigned,new
15812706,Mazure,Spain,Low,0.27301708003660563,Unassigned,new
15645045,Rudduck,France,Low,0.030037526454430294,Unassigned,new
15766746,Darwin,France,Low,0.12118286234517353,Unassigned,new
15700383,Uvarova,France,Low,0.04651725305439334,Unassigned,new
15632551,Buccho,Germany,Low,0.034614460147323126,Unassigned,new
15795129,Gallo,France,Low,0.03292016001476601,Unassigned,new
15650545,Tomlinson,France,Low,0.07390173809977098,Unassigned,new
15612769,Carr,France,Low,0.055914440870116044,Unassigned,new
15710853,Ts'ui,France,Low,0.0303778096487806,Unassigned,new
15623712,Coates,Spain,High,0.7602773312088696,Unassigned,new
15653251,Hickey,France,Medium,0.7055330406920433,Unassigned,new
15755077,Norton,Germany,Low,0.11739595713016202,Unassigned,new
15808557,Mancini,France,Low,0.29115322596435195,Unassigned,new
15614687,Tien,Germany,Low,0.20069667691860044,Unassigned,new
15626882,Stobie,Spain,Low,0.06423039321331263,Unassigned,new
15748034,Drakeford,France,Low,0.09317390699689325,Unassigned,new
15632324,Pisani,France,Low,0.0517226926654689,Unassigned,new
15761023,Murphy,Germany,Medium,0.6443949201104961,Unassigned,new
15761453,Kovalev,France,Low,0.3454364092645154,Unassigned,new
15646726,Crawford,France,Low,0.3705104661187067,Unassigned,new
15637169,Maclean,Spain,Low,0.09016451549796275,Unassigned,new
15636024,Blackburn,Spain,Low,0.06970954521031426,Unassigned,new
15801218,Bermudez,France,Low,0.26357462510729956,Unassigned,new
15642655,Savage,Spain,Low,0.1563756003093593,Unassigned,new
15690130,Wyatt,France,Low,0.11732387038672001,Unassigned,new
15653753,Chiemenam,Spain,Low,0.24126117395553362,Unassigned,new
15641359,Shao,Spain,Low,0.030246498315199263,Unassigned,new
15776827,Langdon,Germany,Low,0.062269737327967006,Unassigned,new
15647725,Napolitano,France,High,0.99427763502108,Unassigned,new
15648455,Kung,Germany,High,0.8482620557895199,Unassigned,new
15580629,Blackwood,France,Low,0.0914742223187775,Unassigned,new
15730161,Marcelo,France,Low,0.03316297773447757,Unassigned,new
15626612,Yin,Spain,Low,0.1836461213286417,Unassigned,new
15662865,Storey,Spain,Low,0.016171438262642196,Unassigned,new
15629094,Fomin,France,Low,0.1361648807175464,Unassigned,new
15651823,Nkemjika,France,High,0.8624501198372398,Unassigned,new
15594827,Glasgow,France,Low,0.027655087398875736,Unassigned,new
15786392,Chen,France,Low,0.17755965620445882,Unassigned,new
15727353,Ch'ang,France,High,0.8373511519751429,Unassigned,new
15733777,Evans,France,Low,0.4159785057178345,Unassigned,new
15614302,Crotty,Germany,Low,0.11610099972173474,Unassigned,new
15723263,Cocci,Germany,Low,0.17465904028678983,Unassigned,new
15687270,Iroawuchi,Spain,Low,0.0920594847001687,Unassigned,new
15803121,Chia,France,Medium,0.6686259323384224,Unassigned,new
15598700,Hysell,Spain,Low,0.02622097090229685,Unassigned,new
15741875,Williamson,Spain,Low,0.12162236825179802,Unassigned,new
15631709,Ginikanwa,Spain,Low,0.06341989913831676,Unassigned,new
15672970,Chigolum,Spain,Low,0.011064707816391114,Unassigned,new
15761670,Morley,France,High,0.813109779977971,Unassigned,new
15706005,Roberts,France,Medium,0.5812960706818431,Unassigned,new
15790336,Tokareva,Germany,Low,0.03785638363214359,Unassigned,new
15754267,Fleming,Germany,Low,0.0469963103444679,Unassigned,new
15791988,Chinomso,France,Low,0.014510819528234386,Unassigned,new
15683375,Compton,France,Low,0.12372387945848734,Unassigned,new
15625151,Wan,France,Low,0.15662995882645767,Unassigned,new
15635285,Taylor,France,Low,0.010505287262515562,Unassigned,new
15574296,Kambinachi,France,Low,0.03492190337533051,Unassigned,new
15711618,Chang,Germany,Medium,0.4518051530410291,Unassigned,new
15670943,See,Germany,Low,0.026193889799093123,Unassigned,new
15634359,Dyer,Germany,Medium,0.519751422265095,Unassigned,new
15586629,Campbell,France,Low,0.018376551901347394,Unassigned,new
15588461,Cremonesi,France,Low,0.1583485788362195,Unassigned,new
15773221,Harris,Spain,Low,0.32696576265013066,Unassigned,new
15664227,Threatt,Germany,Low,0.05450709988220101,Unassigned,new
15741745,Lane,France,Low,0.022877501526738276,Unassigned,new
15652626,Grave,France,High,0.7559392265813007,Unassigned,new
15599410,Stanley,France,Low,0.04358648059147592,Unassigned,new
15571958,McIntosh,Spain,Low,0.17811978977790552,Unassigned,new
15785406,Watts,France,Medium,0.7036566696882803,Unassigned,new
15687884,Alekseyeva,France,Low,0.07780209531317558,Unassigned,new
15621685,Davies,France,Low,0.03972636381093607,Unassigned,new
15628886,Matlock,Spain,Low,0.1672957816367924,Unassigned,new
15699325,Fedorova,Germany,Medium,0.5136622341950425,Unassigned,new
15578369,Chiedozie,Germany,Low,0.34125793139196553,Unassigned,new
15654156,Marcelo,Germany,Low,0.1783342855415459,Unassigned,new
15707199,Cooper,France,Low,0.10393907506478049,Unassigned,new
15671630,McMillan,Germany,Medium,0.4939702568966353,Unassigned,new
15632079,Hardy,Germany,Low,0.29300938887681555,Unassigned,new
15767921,Madukwe,France,Low,0.03721223816894518,Unassigned,new
15573599,Adamson,France,Low,0.1755673000738068,Unassigned,new
15747208,Watt,France,Medium,0.7301007627095689,Unassigned,new
15582762,Mazzanti,Spain,Low,0.03154322095796717,Unassigned,new
15772528,Mishin,France,Low,0.38747734513232257,Unassigned,new
15755798,Feng,France,Low,0.07791697517966241,Unassigned,new
15788683,Kang,Germany,Low,0.3279982787230431,Unassigned,new
15616922,Kelly,France,Low,0.01766250316639543,Unassigned,new
15771855,Yu,France,Low,0.016620457047158105,Unassigned,new
15601873,Bull,France,Low,0.2312286020033822,Unassigned,new
15657868,Serra,Germany,Low,0.405109729751543,Unassigned,new
15711716,Ferguson,France,High,0.8510654302603087,Unassigned,new
15734246,She,France,Low,0.038908898271871904,Unassigned,new
15792151,Hamilton,Spain,Low,0.04060255637377097,Unassigned,new
15770159,Nnanna,Germany,Low,0.015448778414980017,Unassigned,new
15747649,Summerville,Germany,Low,0.12005344065743533,Unassigned,new
15639357,Allan,France,High,0.9938524698662542,Unassigned,new
15738907,Tobenna,France,High,0.8805715126330751,Unassigned,new
15663446,Volkova,Germany,Low,0.34474314710946713,Unassigned,new
15750867,Nucci,Germany,High,0.7690960129066141,Unassigned,new
15715939,Wright,France,Low,0.019351254248619682,Unassigned,new
15763806,Astorga,France,Low,0.02531214093726319,Unassigned,new
15637993,Pokrovsky,France,Low,0.05550932510408345,Unassigned,new
15720338,Mazzanti,Spain,Low,0.11420598971757474,Unassigned,new
15627162,Blesing,Germany,Low,0.2071387647960417,Unassigned,new
15596710,Ku,France,Low,0.10485926645455608,Unassigned,new
15781678,Pisani,Spain,Low,0.01736443855566994,Unassigned,new
15634968,Hsueh,Germany,Low,0.25872486508623027,Unassigned,new
15609475,Ricci,Spain,Low,0.1138431205882818,Unassigned,new
15573319,Azubuike,Germany,Low,0.10076514527590268,Unassigned,new
15738291,Nevzorova,France,Low,0.3917363669368753,Unassigned,new
15782456,Odili,France,Low,0.18678319301892143,Unassigned,new
15794841,Kung,Spain,Low,0.09028266793516476,Unassigned,new
15684696,Lei,Spain,Low,0.15893184948361855,Unassigned,new
15629846,Sheehan,Germany,Low,0.44200032589521165,Unassigned,new
15674442,Kung,France,Low,0.10255285101147057,Unassigned,new
15571689,Kelechi,France,Low,0.02314516928536507,Unassigned,new
15730469,Anenechi,Spain,Low,0.02693581547484539,Unassigned,new
15809320,McElhone,Spain,High,0.8550039663842371,Unassigned,new
15684367,Chigbogu,Spain,Low,0.016554105798477128,Unassigned,new
15793049,Atkins,Germany,High,0.8277308461344529,Unassigned,new
15603665,Colombo,Germany,Low,0.15423122184248425,Unassigned,new
15613623,Tilley,Spain,Low,0.3210098059250725,Unassigned,new
15569572,Sopuluchi,France,Low,0.030406303371615127,Unassigned,new
15698791,Udinesi,France,Low,0.3773756352379694,Unassigned,new
15626233,Onyekachi,France,Low,0.025090094712608424,Unassigned,new
15607263,McCartney,France,Low,0.3994599736713963,Unassigned,new
15610900,Thompson,France,Medium,0.7040859744662225,Unassigned,new
15624775,Onyeoruru,France,Low,0.08396364139754552,Unassigned,new
15691703,Shih,France,Low,0.23507959881004156,Unassigned,new
15745355,Golibe,France,Low,0.09803331447095351,Unassigned,new
15724955,Lucchesi,France,Low,0.03370648339786061,Unassigned,new
15628999,Townsend,France,Low,0.02350765943408148,Unassigned,new
15654341,Chao,France,Low,0.09954972028633943,Unassigned,new
15744240,Shen,Germany,Low,0.4283810771841092,Unassigned,new
15632365,Booth,Germany,Low,0.06359162317104652,Unassigned,new
15729689,Chan,Germany,Low,0.052613972956889105,Unassigned,new
15759284,Yeh,France,Low,0.1617451126521023,Unassigned,new
15602124,Badgery,France,Low,0.01229468436380404,Unassigned,new
15661903,Hsia,France,Low,0.4455017766380681,Unassigned,new
15664668,Zarate,France,Low,0.20869310144352546,Unassigned,new
15736431,Congreve,Spain,Low,0.016995086064778092,Unassigned,new
15748639,Hayslett,Germany,Low,0.05442620107089518,Unassigned,new
15628123,Robinson,France,Low,0.09017876414270316,Unassigned,new
15602731,Wong,France,Low,0.13901115082814547,Unassigned,new
15794137,Nevzorova,Germany,Low,0.1774545370616874,Unassigned,new
15748696,Page,France,Low,0.12161326152131444,Unassigned,new
15725068,Quinn,Spain,Low,0.014373403347496257,Unassigned,new
15807340,O'Donnell,Germany,Low,0.08846780245361659,Unassigned,new
15586133,Pisano,Germany,Medium,0.6738416633273013,Unassigned,new
15576185,Sinclair,France,Low,0.010061856469479647,Unassigned,new
15660809,Loving,France,Low,0.011264193676440186,Unassigned,new
15616666,Artemova,Germany,Low,0.39865387849912765,Unassigned,new
15706904,Robertson,France,Low,0.13097684293884562,Unassigned,new
15606915,Genovese,France,Low,0.0820339297165831,Unassigned,new
15749693,Ugonnatubelum,France,Low,0.035665408474381294,Unassigned,new
15791743,Corbett,France,Low,0.054881249558324935,Unassigned,new
15796480,Reilly,France,Low,0.025161097955990877,Unassigned,new
15790442,Wright,Spain,Low,0.012917129328451021,Unassigned,new
15609458,Vincent,France,Low,0.050102992542886325,Unassigned,new
15593897,Carr,Spain,Low,0.02945800629887776,Unassigned,new
15604576,Eiland,Spain,Low,0.07663036262565272,Unassigned,new
15666270,Omeokachie,France,Low,0.24884444138515913,Unassigned,new
15572626,Mackenzie,Spain,Low,0.04249343604494557,Unassigned,new
15727197,Pinto,France,High,0.7745256054622344,Unassigned,new
15714006,Gardener,France,Low,0.0800023399988142,Unassigned,new
15642137,Fang,Spain,Low,0.04979248337359874,Unassigned,new
15665327,Cattaneo,France,Low,0.06840376310110911,Unassigned,new
15626806,Labrador,France,Low,0.016598682547501707,Unassigned,new
15662578,Dettmann,Germany,Low,0.16103406532803105,Unassigned,new
15790829,Gibson,France,Low,0.14077005786745497,Unassigned,new
15654959,Hope,Spain,Low,0.07059145992378961,Unassigned,new
15760244,Ives,France,Low,0.033180512262972,Unassigned,new
15715394,Greece,Spain,Low,0.044924575245772515,Unassigned,new
15722246,Omeokachie,France,Low,0.42157835186582593,Unassigned,new
15609704,Mao,France,Low,0.20768991332722944,Unassigned,new
15757628,Savage,France,Low,0.09498326033989768,Unassigned,new
15633586,Brierly,France,Low,0.19863982179257442,Unassigned,new
15565796,Docherty,Germany,High,0.758079419733065,Unassigned,new
15717935,McDonald,France,Low,0.016473562956249417,Unassigned,new
15577700,Rapuokwu,France,Low,0.06706914535194403,Unassigned,new
15747345,Bergamaschi,France,Low,0.041009143050213026,Unassigned,new
15678317,Manfrin,France,Low,0.05446667457783042,Unassigned,new
15698335,Bergamaschi,France,Low,0.050052978298979145,Unassigned,new
15768451,MacDonald,Germany,High,0.8858162851696989,Unassigned,new
15753213,Lees,France,Low,0.043996079624899924,Unassigned,new
15769645,Senior,France,Low,0.14722052667632002,Unassigned,new
15657565,Nwokezuike,Spain,Low,0.2188727372517622,Unassigned,new
15620323,Ekwueme,Spain,Low,0.13733292300040964,Unassigned,new
15679983,Garmon,France,Low,0.1317275848875786,Unassigned,new
15812616,Enyinnaya,France,High,0.7774801681074853,Unassigned,new
15601796,Chizuoke,France,Low,0.037198117711070844,Unassigned,new
15729489,Hyde,Germany,Low,0.266742017799385,Unassigned,new
15613216,Cameron,Spain,Low,0.1982369469441551,Unassigned,new
15657937,Lord,Germany,Low,0.19648170800369855,Unassigned,new
15815428,Biryukova,France,Low,0.08901182604855916,Unassigned,new
15640409,Carpenter,Germany,Medium,0.45319370097008344,Unassigned,new
15699492,Lorenzo,Germany,Low,0.26084152239932806,Unassigned,new
15623536,Madukwe,Germany,Low,0.261079970278166,Unassigned,new
15707551,Hutcheon,France,Low,0.015900278462732224,Unassigned,new
15577999,Sleeman,France,High,0.8741518405185629,Unassigned,new
15788775,Milne,Germany,Low,0.13357399488042795,Unassigned,new
15758362,Williamson,France,Low,0.12734675511074636,Unassigned,new
15807961,Bruno,France,Low,0.1371115217379645,Unassigned,new
15710978,Palerma,Germany,Low,0.1020079778824312,Unassigned,new
15703541,Wang,Germany,Medium,0.6567897197034507,Unassigned,new
15626474,Onyemere,France,Low,0.026404065404097305,Unassigned,new
15608344,Dawson,Germany,High,0.8776349569460427,Unassigned,new
15768367,Nebechukwu,France,Low,0.21255360780370305,Unassigned,new
15806210,Bateman,Spain,Low,0.0565853804051622,Unassigned,new
15697702,Lord,Spain,Low,0.01821488939465682,Unassigned,new
15689152,Loggia,Spain,Low,0.13278003691268686,Unassigned,new
15568573,Graham,Germany,Medium,0.7177293506914824,Unassigned,new
15689598,Dean,France,Low,0.3129779814779017,Unassigned,new
15713374,Jarvis,Germany,Low,0.14010532469496487,Unassigned,new
15679733,Haugh,Germany,Low,0.12033461093590644,Unassigned,new
15759274,Micklem,France,Low,0.1611509320577261,Unassigned,new
15607748,Bennett,Germany,Low,0.07984674949748596,Unassigned,new
15607577,Roberts,Spain,Low,0.09728063480383332,Unassigned,new
15813697,Onyekaozulu,Germany,Low,0.24292186652129158,Unassigned,new
15801125,Kegley,France,Low,0.19434119983689188,Unassigned,new
15777855,Manna,France,Low,0.04570808416451869,Unassigned,new
15635396,Thompson,Germany,Low,0.3061052038387891,Unassigned,new
15698031,Romano,Germany,Low,0.1614093451428056,Unassigned,new
15678944,Brown,Germany,Low,0.34419362872233117,Unassigned,new
15718507,Su,Germany,Low,0.17950279922040843,Unassigned,new
15808334,Mackay,Germany,Low,0.08265303910118736,Unassigned,new
15804709,Watt,Germany,Low,0.2667416176874259,Unassigned,new
15645835,Milani,France,Low,0.009584467813344787,Unassigned,new
15738166,Hsu,France,Low,0.16907653857027402,Unassigned,new
15675360,Valenzuela,France,Low,0.04815009154178284,Unassigned,new
15793042,Sung,France,Low,0.07556860017534517,Unassigned,new
15630106,Lo,Spain,Low,0.017107805167531267,Unassigned,new
15810385,Giordano,Spain,Low,0.09020425835239498,Unassigned,new
15578211,Connolly,France,Low,0.010658037263736068,Unassigned,new
15572792,Bellucci,Spain,Low,0.051840707966215885,Unassigned,new
15620030,Jamieson,France,Low,0.11377847982633618,Unassigned,new
15783541,Fomina,France,Low,0.017175198810860784,Unassigned,new
15679284,Aksenov,Spain,Medium,0.49447203060122746,Unassigned,new
15582910,Turnbull,France,Low,0.1551302745507978,Unassigned,new
15688337,Dixon,France,Low,0.09298700743631032,Unassigned,new
15734970,White,Spain,Low,0.2045944157089416,Unassigned,new
15759140,Long,France,Low,0.1770642771414576,Unassigned,new
15643042,Han,Germany,Low,0.19513327104221445,Unassigned,new
15773868,Belov,Germany,Low,0.15043429608816902,Unassigned,new
15615820,MacDonald,France,Low,0.2295760977606005,Unassigned,new
15730273,Parsons,France,Low,0.1615614734892887,Unassigned,new
15724890,Cross,Spain,Low,0.042021011101725396,Unassigned,new
15765952,Milanesi,France,Low,0.08975723867876009,Unassigned,new
15685920,Lombardo,Spain,Low,0.11560786178493095,Unassigned,new
15663263,Collins,France,Low,0.28494099885333984,Unassigned,new
15568953,Alexeieva,France,Low,0.04248398955052742,Unassigned,new
15643361,Cullen,Germany,Low,0.03525875026627531,Unassigned,new
15699486,Johnson,Spain,Low,0.04450106341201721,Unassigned,new
15747854,Rudd,France,Low,0.439930700370143,Unassigned,new
15691785,Findlay,France,High,0.9061437015175825,Unassigned,new
15709004,Mai,Germany,Low,0.04452216798982266,Unassigned,new
15652218,Morrison,France,Low,0.08360095258375788,Unassigned,new
15697127,Monaldo,France,Low,0.08234331952458128,Unassigned,new
15658486,Gidney,Spain,Low,0.21549523685962033,Unassigned,new
15694160,Sagese,France,Low,0.024853098507334425,Unassigned,new
15685290,Wall,Germany,Low,0.3564253760695802,Unassigned,new
15701042,Dalton,Germany,Low,0.22800362288081183,Unassigned,new
15680449,Hsing,Germany,Medium,0.6665210994563056,Unassigned,new
15599860,Warner,Spain,Low,0.07612993642342152,Unassigned,new
15723169,Williams,France,Low,0.13891155551131953,Unassigned,new
15803842,Dunn,Germany,Low,0.2798363695214814,Unassigned,new
15728224,Kerr,Germany,Low,0.1826832130955326,Unassigned,new
15644174,Marchesi,Germany,Low,0.13397482894256546,Unassigned,new
15707110,Endrizzi,Germany,Low,0.034652448718440344,Unassigned,new
15765415,King,Spain,Low,0.34531274444129134,Unassigned,new
15756751,Griffiths,Spain,Low,0.39461150233334924,Unassigned,new
15795151,Hartzler,France,Low,0.21860509641327378,Unassigned,new
15632859,Chukwudi,France,Low,0.01752864780544927,Unassigned,new
15584037,Denisov,Germany,High,0.9394095108550053,Unassigned,new
15621409,Endrizzi,France,Low,0.09383135677682133,Unassigned,new
15581102,Baresi,France,Low,0.02585626117869305,Unassigned,new
15578096,Nnachetam,France,Low,0.07372183188347513,Unassigned,new
15669887,Lambert,France,Medium,0.48760401951909454,Unassigned,new
15621834,Game,Spain,Low,0.10175780860235634,Unassigned,new
15655341,Chinagorom,Spain,Low,0.17237922125764232,Unassigned,new
15685314,Noble,France,Low,0.012306369185195197,Unassigned,new
15653997,Haynes,Spain,Low,0.08757074801015415,Unassigned,new
15629551,Cattaneo,Germany,Low,0.25872223102779407,Unassigned,new
15651264,Yobanna,Germany,High,0.8513578706367382,Unassigned,new
15760825,Fraser,France,Low,0.06765912142749918,Unassigned,new
15597394,Rhodes,Spain,Low,0.1352140255670667,Unassigned,new
15740383,Jimenez,Spain,Low,0.042312258543347366,Unassigned,new
15670562,Pharr,France,Low,0.04342591033832274,Unassigned,new
15698117,Jerger,Germany,Low,0.22571239313593053,Unassigned,new
15694805,McIntyre,Spain,Low,0.06375436284297233,Unassigned,new
15746802,Onio,France,Low,0.11406323829881126,Unassigned,new
15589428,Tomlinson,France,Low,0.07058487352294877,Unassigned,new
15790267,Onuoha,France,Low,0.1900807117471315,Unassigned,new
15665402,Panicucci,Spain,Low,0.02289741771930838,Unassigned,new
15642093,Piccio,France,Low,0.01665113724249669,Unassigned,new
15666181,Ramsden,France,Low,0.07282001713844621,Unassigned,new
15602554,Vorobyova,France,Low,0.04253325862942322,Unassigned,new
15724251,Todd,Germany,Low,0.29828837877848174,Unassigned,new
15740147,Cremonesi,France,Low,0.3555905674438475,Unassigned,new
15718289,Bradley,Germany,Medium,0.5713044737010937,Unassigned,new
15763148,Stanley,France,Low,0.2369773474984406,Unassigned,new
15685245,Jowett,Spain,Low,0.12086604604715982,Unassigned,new
15626985,Yefremova,France,Low,0.16523729312633634,Unassigned,new
15585823,Wilson,France,Low,0.08291365801708167,Unassigned,new
15728167,Abramovich,France,Low,0.31184603381227116,Unassigned,new
15762928,Venables,Spain,Medium,0.453508114856511,Unassigned,new
15751774,Monnier,France,Low,0.015341621062885103,Unassigned,new
15654733,Hsieh,Germany,High,0.9204219108125994,Unassigned,new
15809777,Gadsden,Germany,Medium,0.484362100297292,Unassigned,new
15744200,Ni,France,Low,0.18743857490972232,Unassigned,new
15720713,Chibueze,France,Low,0.01907949312007129,Unassigned,new
15695356,Chinwemma,France,Low,0.12802200753930104,Unassigned,new
15653315,Kang,Spain,Low,0.034839984317777996,Unassigned,new
15604792,Kuo,Germany,Low,0.06997399715313155,Unassigned,new
15704819,Ositadimma,Spain,Low,0.1115890584804213,Unassigned,new
15670859,Smith,Germany,Low,0.11119929409987596,Unassigned,new
15602797,Okwudilichukwu,Spain,High,0.9830682579728641,Unassigned,new
15662533,Porter,Spain,Low,0.03755664654629883,Unassigned,new
15778154,Kung,Germany,Medium,0.6434258179932693,Unassigned,new
15806230,Trevisano,Germany,Low,0.14266961553485083,Unassigned,new
15662884,Naylor,Germany,Medium,0.5427969273956275,Unassigned,new
15750778,Ponomarev,France,High,0.9879090746232577,Unassigned,new
15717185,Udinese,France,Low,0.008680809363753383,Unassigned,new
15677804,Aliyeva,Spain,Low,0.4455331067920489,Unassigned,new
15568915,Bailey,France,Low,0.12359262225083992,Unassigned,new
15736495,Jackson,France,Low,0.08058029157268372,Unassigned,new
15737354,Yin,France,Low,0.09555408513235589,Unassigned,new
15667889,Akobundu,France,Low,0.03885670856781261,Unassigned,new
15577831,Byrne,Germany,Low,0.3744977565098366,Unassigned,new
15729836,Robinson,Spain,Low,0.015910726102900556,Unassigned,new
15775293,Stephenson,France,Low,0.10401623951954209,Unassigned,new
15697597,Chiemenam,France,Low,0.04495205649427828,Unassigned,new
15639669,Forbes,France,Low,0.050605315049806324,Unassigned,new
15631392,Douglas,Germany,Low,0.09317551984606723,Unassigned,new
15580935,Okechukwu,Germany,Low,0.07366046718409554,Unassigned,new
15590344,Russell,Germany,Low,0.03372720213630131,Unassigned,new
15653306,Ermakova,Germany,Low,0.2157377029742608,Unassigned,new
15805025,Oster,France,Low,0.2595111728757088,Unassigned,new
15658449,Chizoba,France,Low,0.2572931570176502,Unassigned,new
15694450,Bianchi,France,Low,0.2202229876395012,Unassigned,new
15605666,Peyser,France,Low,0.07318413387974693,Unassigned,new
15615126,Cocci,France,Low,0.06611004809109831,Unassigned,new
15726588,Seleznev,Spain,Low,0.03437977905665665,Unassigned,new
15645095,Huang,France,Low,0.19258013262068593,Unassigned,new
15808960,Alleyne,Germany,Low,0.16832359666138474,Unassigned,new
15729435,McKenzie,France,Low,0.025631869120751476,Unassigned,new
15656840,Zikoranachukwudimma,France,Low,0.060119779818970195,Unassigned,new
15659149,King,France,Low,0.05678503777613555,Unassigned,new
15585490,Nkemdilim,France,Low,0.12523630899778218,Unassigned,new
15674929,Anderson,France,Low,0.02367424075674559,Unassigned,new
15746341,Ejikemeifeuwa,France,Low,0.024190217192204128,Unassigned,new
15662091,Adams,Spain,Low,0.03739425705677065,Unassigned,new
15620123,Christie,France,Low,0.142070989124011,Unassigned,new
15616240,Yeh,Spain,Low,0.02075906112170228,Unassigned,new
15624186,McGregor,Germany,Low,0.1628603845763973,Unassigned,new
15605036,Pisano,Spain,Low,0.09398596519384497,Unassigned,new
15805151,Ginikanwa,Germany,Low,0.03776333626943254,Unassigned,new
15753847,Hawkins,Spain,Low,0.42662760350706447,Unassigned,new
15653222,Otutodilichukwu,Germany,Low,0.09084066744785385,Unassigned,new
15757541,Rickard,France,Low,0.07320732323897947,Unassigned,new
15726945,Andreev,France,Low,0.012563456534125389,Unassigned,new
15794276,Steele,France,Low,0.3664074719002867,Unassigned,new
15568328,Black,France,Low,0.01615468828124547,Unassigned,new
15604355,Shand,France,Low,0.1058155618663298,Unassigned,new
15735788,Chiagoziem,France,Low,0.00917697155629829,Unassigned,new
15618255,Fedorov,Germany,High,0.8503050283780778,Unassigned,new
15720941,Tien,Germany,Low,0.053777236735564636,Unassigned,new
15769110,Stehle,France,Low,0.14147801397564463,Unassigned,new
15576094,Sung,France,Low,0.014455211782525868,Unassigned,new
15756150,Alexander,France,Low,0.038249098676284565,Unassigned,new
15719579,McIntosh,Germany,Low,0.04701716068543687,Unassigned,new
15748854,Sung,Germany,Low,0.27796738780206176,Unassigned,new
15612455,Yao,Germany,Low,0.42566374738417573,Unassigned,new
15664802,Chinweuba,France,Low,0.07197245976772791,Unassigned,new
15735687,Chinweuba,Spain,Low,0.11505620527629232,Unassigned,new
15664734,T'ao,Germany,Low,0.05925029971136188,Unassigned,new
15767894,Ch'ien,France,Low,0.019478866432140852,Unassigned,new
15666884,Su,Germany,Low,0.16643357385061716,Unassigned,new
15750156,Yu,Germany,High,0.9460394192714152,Unassigned,new
15751120,Loyau,France,Low,0.15246417413624871,Unassigned,new
15575748,Conti,France,Low,0.02038437228867807,Unassigned,new
15714610,Alexeeva,Spain,Low,0.01136387398521504,Unassigned,new
15720305,Power,Spain,Low,0.21915888978579434,Unassigned,new
15678129,Hill,Spain,Low,0.2939584305098247,Unassigned,new
15566633,Freeman,Germany,Low,0.18864389185009928,Unassigned,new
15680436,Hsing,France,Low,0.042706082633566435,Unassigned,new
15674343,Esposito,France,Low,0.08159878033491447,Unassigned,new
15658890,Belonwu,Germany,Low,0.22863129467272822,Unassigned,new
15599004,Tsao,Spain,Low,0.13227689854765246,Unassigned,new
15726487,P'eng,France,Low,0.13030684344166593,Unassigned,new
15698716,Baker,France,Medium,0.5256152403903376,Unassigned,new
15710527,Matthews,France,Low,0.13851310511415785,Unassigned,new
15655590,Garcia,Spain,Low,0.27684555905264846,Unassigned,new
15732266,Field,Germany,High,0.876465742644617,Unassigned,new
15669326,Gordon,France,Low,0.20842394671753287,Unassigned,new
15672246,Jefferies,Germany,Low,0.33404276047120096,Unassigned,new
15620276,Palermo,Spain,Low,0.4070340964885161,Unassigned,new
15640258,Chou,France,Low,0.20491497753480784,Unassigned,new
15740283,Ewing,France,Low,0.01408080447336637,Unassigned,new
15759717,Mazzi,Spain,Low,0.05133218824103439,Unassigned,new
15620268,Thomson,Germany,Low,0.27677687885317726,Unassigned,new
15743871,Nkemdirim,France,Medium,0.5042567080826135,Unassigned,new
15614491,Lockyer,France,Low,0.07935590908583828,Unassigned,new
15595047,Murray,France,Low,0.03910327105604751,Unassigned,new
15732334,Black,France,Low,0.062433012197642634,Unassigned,new
15701206,Torreggiani,Spain,Low,0.06799304257364173,Unassigned,new
15581280,Atkinson,Germany,Low,0.09663103981524765,Unassigned,new
15651943,Richards,Spain,Low,0.047159383305419834,Unassigned,new
15609545,Azubuike,France,Low,0.08008288119103814,Unassigned,new
15658548,Ignatiev,Germany,Low,0.12265717691368795,Unassigned,new
15626008,Miller,Germany,Medium,0.6417265247729973,Unassigned,new
15774133,Cox,France,Low,0.17150262506126543,Unassigned,new
15763798,McMillan,France,Low,0.05327339891422593,Unassigned,new
15758013,Napolitano,France,Low,0.047920649133907076,Unassigned,new
15705765,Lane,Spain,Low,0.1694466863067409,Unassigned,new
15648362,Kennedy,Germany,Low,0.33538832621216813,Unassigned,new
15761102,T'ao,Spain,Low,0.14108876009164426,Unassigned,new
15610165,Hsiung,France,Low,0.017070793130769115,Unassigned,new
15723717,Heath,Germany,Medium,0.4614480210326949,Unassigned,new
15654611,Parry,Germany,Low,0.058192292074148,Unassigned,new
15659736,Herbert,Germany,High,0.8831332447359419,Unassigned,new
15603170,Kang,France,Low,0.08796112132916842,Unassigned,new
15786167,Andreyeva,Spain,Low,0.009415318867145025,Unassigned,new
15671915,Bowen,France,Low,0.04906416900170466,Unassigned,new
15794792,Golubev,France,Low,0.0709123335828399,Unassigned,new
15652789,Hancock,Spain,Low,0.02238107459883008,Unassigned,new
15739168,Fowler,France,Low,0.09788099782512909,Unassigned,new
15719950,Sutherland,France,Low,0.2019197930394074,Unassigned,new
15743818,Rowley,Spain,Low,0.14264000864516543,Unassigned,new
15717937,Gibbons,Germany,Medium,0.5260924088629428,Unassigned,new
15602841,Lockett,Spain,Low,0.018824194060764313,Unassigned,new
15619972,Akabueze,France,Medium,0.6782994536870253,Unassigned,new
15796114,Phelps,France,Low,0.13081874007372515,Unassigned,new
15633546,Frederick,Spain,Low,0.13168972071763846,Unassigned,new
15758755,Beneventi,France,Low,0.07303426217731337,Unassigned,new
15695168,Bruce,France,Low,0.03404514694081887,Unassigned,new
15754342,Green,Germany,Low,0.3424576116683949,Unassigned,new
15756610,Carlson,Germany,Low,0.41754282276096816,Unassigned,new
15640917,Tang,France,Low,0.03544678412454396,Unassigned,new
15663164,Yudin,Germany,High,0.9701865544203159,Unassigned,new
15616811,MacDonald,France,Low,0.27826441204954244,Unassigned,new
15610781,Watt,France,Low,0.12877823845943753,Unassigned,new
15600911,Mbadiwe,France,Low,0.1622850212658907,Unassigned,new
15629603,Chuang,France,Low,0.009431016526765,Unassigned,new
15714981,Sabbatini,France,Low,0.12023191859553528,Unassigned,new
15775892,Caldwell,Spain,Low,0.17173754579747916,Unassigned,new
15782778,Ewers,France,Low,0.01672137635683837,Unassigned,new
15786643,Tsao,France,Low,0.010532612692295494,Unassigned,new
15595657,Hannam,Germany,Low,0.2855077450395551,Unassigned,new
15743673,Wood,Spain,Low,0.04603931700154405,Unassigned,new
15634310,Ko,France,Low,0.02456618311124675,Unassigned,new
15790809,Lo Duca,Spain,Low,0.2594791329682685,Unassigned,new
15668695,Endrizzi,France,Low,0.12557416039229338,Unassigned,new
15669281,Ch'iu,Spain,Low,0.12118937865212095,Unassigned,new
15621031,Mofflin,Spain,Low,0.01725615959445433,Unassigned,new
15720071,Fiorentini,France,High,0.7849308998110802,Unassigned,new
15792180,Chiekwugo,Germany,Low,0.06828440862259977,Unassigned,new
15813894,Bogle,Spain,Low,0.015976800084464532,Unassigned,new
15669490,Ifeanacho,Germany,Low,0.09133821901002193,Unassigned,new
15783030,Owens,France,Low,0.3828469285007827,Unassigned,new
15695792,Ch'ien,France,Low,0.15646435162604735,Unassigned,new
15575676,Chung,France,Low,0.010886950457656565,Unassigned,new
15627665,Sung,France,Medium,0.5925915001208047,Unassigned,new
15814092,Wang,France,Medium,0.5284502891081289,Unassigned,new
15695225,Sun,Spain,Low,0.01642124133923465,Unassigned,new
15615091,Maitland,France,Low,0.010285043117443514,Unassigned,new
15794345,Ma,Spain,Low,0.016813617758569006,Unassigned,new
15726484,Pollard,France,Low,0.0659434660267454,Unassigned,new
15650442,Hsieh,Germany,Low,0.17823784183418354,Unassigned,new
15714256,Gerasimov,France,Low,0.04559013550095047,Unassigned,new
15778752,Johnson,France,Low,0.02020732462368928,Unassigned,new
15601659,Fiorentino,Germany,High,0.8600060033336899,Unassigned,new
15602811,Chioke,Germany,Low,0.03739736736068868,Unassigned,new
15779414,Rossi,Spain,Low,0.08243859494386543,Unassigned,new
15763097,Siciliano,Spain,Low,0.0066079573000856155,Unassigned,new
15633666,Efremov,Spain,Low,0.1362759166969029,Unassigned,new
15718789,Brigstocke,France,Low,0.01595262452414376,Unassigned,new
15690620,Olisaemeka,France,Low,0.20041981282336763,Unassigned,new
15737071,Tang,France,Low,0.25264358776367923,Unassigned,new
15665062,Lucchese,France,Low,0.03637288889545435,Unassigned,new
15600692,West,France,Low,0.03539174584569238,Unassigned,new
15792064,Pai,Germany,High,0.8962897719354448,Unassigned,new
15811486,Tang,Germany,Low,0.08728261216494451,Unassigned,new
15626141,Fedorov,France,Low,0.040655333225761106,Unassigned,new
15738546,Gboliwe,Spain,Low,0.07247133227102177,Unassigned,new
15677052,Ko,France,Low,0.08430154435002139,Unassigned,new
15656454,Le Gallienne,France,Low,0.1285100680971966,Unassigned,new
15645496,Seleznyova,France,Low,0.37790136311316297,Unassigned,new
15612505,Joseph,Spain,Low,0.3424561483437339,Unassigned,new
15708513,Bevan,France,Low,0.3059005277878199,Unassigned,new
15685654,Allan,Spain,Low,0.017269212061994086,Unassigned,new
15732307,Lavrentiev,Germany,Low,0.1281592857707032,Unassigned,new
15726814,Walton,Spain,Low,0.06034100935917652,Unassigned,new
15653776,Salier,Germany,High,0.9966597165908541,Unassigned,new
15597914,Evdokimov,Germany,High,0.9921870753962715,Unassigned,new
15631603,Ponomaryova,France,Low,0.05322369768138136,Unassigned,new
15789753,Millar,France,Low,0.10328774433284095,Unassigned,new
15678034,Grosse,France,Medium,0.684508543310692,Unassigned,new
15690209,Hsiao,Germany,Low,0.10817963781702544,Unassigned,new
15592091,Belbin,Spain,Low,0.04198269861338881,Unassigned,new
15647453,Ifeajuna,France,Low,0.19848614656365746,Unassigned,new
15697100,Wright,Germany,High,0.8381428267100033,Unassigned,new
15811290,Komarova,Germany,Low,0.2264374596057383,Unassigned,new
15629187,Titheradge,France,Low,0.15315457236252586,Unassigned,new
15758073,Dellucci,France,Low,0.11188885998370797,Unassigned,new
15640769,Hobbs,France,Low,0.13661272551083897,Unassigned,new
15606641,Beggs,Germany,High,0.95530341044701,Unassigned,new
15718280,Luffman,Germany,Low,0.0732964046249242,Unassigned,new
15764335,Caldwell,Germany,Low,0.2310324622592789,Unassigned,new
15634218,Mancini,Germany,Low,0.06642217759842624,Unassigned,new
15808760,Evseev,Spain,Low,0.29083644549148663,Unassigned,new
15648461,Hs?eh,Spain,Low,0.036764232226943666,Unassigned,new
15593555,Chinedum,France,Low,0.014946782128689315,Unassigned,new
15569079,Hagins,Germany,High,0.7981647461120621,Unassigned,new
15800736,Kirwan,Spain,Low,0.234720538298621,Unassigned,new
15792607,Little,France,Low,0.039865217727756926,Unassigned,new
15640034,Milligan,France,Low,0.2420563349338233,Unassigned,new
15807563,Ch'iu,France,High,0.8980663294707921,Unassigned,new
15684461,McKay,Spain,Low,0.27228874605966036,Unassigned,new
15580134,Crawford,Spain,Low,0.06407786914008869,Unassigned,new
15679075,Onyemere,France,Low,0.11510056623979145,Unassigned,new
15742504,Azuka,France,Low,0.035021798400787896,Unassigned,new
15567328,Ch'en,Spain,Low,0.11843044103958836,Unassigned,new
15698294,Royster,Spain,Low,0.01752548443087921,Unassigned,new
15607142,Parkin,France,Low,0.07175058084734866,Unassigned,new
15738516,Kozlova,Spain,Low,0.2664575787998195,Unassigned,new
15806403,Hu,France,Low,0.020836085075544512,Unassigned,new
15656707,Ma,Spain,Low,0.041757113332838824,Unassigned,new
15653715,Coates,France,Low,0.05178045520895676,Unassigned,new
15806184,Burns,Spain,Low,0.012943795645467363,Unassigned,new
15585734,Gouger,Germany,Low,0.0900755982834485,Unassigned,new
15725639,Ignatyev,France,Low,0.24678025975079226,Unassigned,new
15618401,Douglas,Germany,Low,0.13494468371261117,Unassigned,new
15785385,Fiorentino,Spain,Low,0.2626611508416693,Unassigned,new
15734762,Ignatiev,France,High,0.9963581319158986,Unassigned,new
15767129,Munz,France,Low,0.25308529320130563,Unassigned,new
15797204,Paling,Spain,Low,0.05133779879663345,Unassigned,new
15769272,Clark,France,Low,0.14940947162925758,Unassigned,new
15771966,Akobundu,France,Low,0.1608814803243419,Unassigned,new
15691952,Fanucci,France,Low,0.05406486918941308,Unassigned,new
15593250,Hsiao,France,Low,0.024957938054362496,Unassigned,new
15605333,Clancy,Spain,Low,0.16483933181378832,Unassigned,new
15800083,Macdonald,France,Low,0.41148095801327866,Unassigned,new
15575691,Palerma,France,Low,0.07219658197373369,Unassigned,new
15689886,Holden,Germany,High,0.9224687011573788,Unassigned,new
15809838,Moore,Spain,Low,0.017386491013696263,Unassigned,new
15736154,Gallo,France,Low,0.08858463916038298,Unassigned,new
15767391,Otutodilinna,Germany,Low,0.05996394018674791,Unassigned,new
15704910,Rios,Spain,Low,0.019603213074112995,Unassigned,new
15656613,McGregor,France,Low,0.12181590520069047,Unassigned,new
15611551,Hill,Spain,Low,0.1999594981591245,Unassigned,new
15732430,H?,Spain,High,0.7915267826541629,Unassigned,new
15741865,Ferrari,France,Low,0.08472711402767247,Unassigned,new
15634143,Onyemauchechi,Spain,Low,0.14449146538199767,Unassigned,new
15609676,Nkemakonam,France,Low,0.18060558563500959,Unassigned,new
15761600,White,France,Low,0.14973718768122143,Unassigned,new
15676404,Kirillov,France,High,0.8236209262755166,Unassigned,new
15659236,Iadanza,Spain,Low,0.011030499816194184,Unassigned,new
15690440,Stiles,Spain,Low,0.07203138758711404,Unassigned,new
15694601,Ankudinov,France,Low,0.1287906286309704,Unassigned,new
15812262,Gaffney,Germany,Low,0.38686550947877335,Unassigned,new
15762821,Udinese,Spain,Low,0.011379716855494746,Unassigned,new
15669301,Romani,Germany,Low,0.2705657502741418,Unassigned,new
15672640,Kambinachi,Spain,Low,0.14255860264059822,Unassigned,new
15750458,Hawkins,France,Low,0.04379707905422397,Unassigned,new
15627251,Tsui,France,Low,0.05117236321901567,Unassigned,new
15764294,Ifeatu,Germany,Low,0.1203593171915562,Unassigned,new
15659962,McIntosh,France,Low,0.04555802746536842,Unassigned,new
15788536,Armit,Germany,Low,0.1399234382880765,Unassigned,new
15596979,Fang,France,Low,0.09761145258547752,Unassigned,new
15681220,Chou,France,Low,0.02759716933092073,Unassigned,new
15635097,Okeke,Germany,Low,0.022217422126368108,Unassigned,new
15780779,Ramsbotham,Spain,Low,0.06630020551191916,Unassigned,new
15798470,Scannell,Spain,Medium,0.730663174986106,Unassigned,new
15760880,Edman,France,Low,0.009736333112539245,Unassigned,new
15616929,De Luca,Spain,Low,0.1777743397478728,Unassigned,new
15758775,Vasilyeva,Spain,Low,0.041870007803936966,Unassigned,new
15663386,Tuan,Spain,Low,0.028875573835707255,Unassigned,new
15621267,Ejimofor,France,Low,0.15222225116886895,Unassigned,new
15720509,Hs?,France,Low,0.04291047572818173,Unassigned,new
15693322,Shaver,Germany,Low,0.2659258093314962,Unassigned,new
15589544,Wallis,Spain,Low,0.074964976425663,Unassigned,new
15772030,Coupp,Spain,Low,0.012794265917707643,Unassigned,new
15693337,Perry,Spain,Low,0.0902817693308454,Unassigned,new
15676571,Bezrukova,France,High,0.8766005365876418,Unassigned,new
15701392,Lucciano,Spain,Low,0.014751519341354498,Unassigned,new
15741092,Ingram,Spain,Low,0.07020982688994794,Unassigned,new
15643865,Lo Duca,France,Low,0.24123194959517147,Unassigned,new
15769389,Wan,Germany,Medium,0.4728721212885434,Unassigned,new
15807768,Cohn,Germany,Low,0.12704201374818294,Unassigned,new
15801630,Yen,France,Low,0.04840254192605829,Unassigned,new
15705034,Peng,Spain,Low,0.025391992941415222,Unassigned,new
15763107,Little,France,Low,0.14744637388717965,Unassigned,new
15667085,Meng,France,Low,0.01126177647712575,Unassigned,new
15647008,Adams,Germany,High,0.914987691241894,Unassigned,new
15584505,Hill,France,Low,0.0907289308390762,Unassigned,new
15748068,Boyle,Spain,Low,0.026800193441149877,Unassigned,new
15663964,Pagnotto,France,Low,0.023838585188510047,Unassigned,new
15782311,Feng,France,Low,0.010390933687499942,Unassigned,new
15588197,Endrizzi,France,Low,0.01729760327253205,Unassigned,new
15610105,Shen,Germany,Low,0.059983446322768454,Unassigned,new
15606133,Lay,Spain,Low,0.04595785069839096,Unassigned,new
15599403,Wu,France,Low,0.11750896442518953,Unassigned,new
15648225,Shephard,Spain,Low,0.12506612118521024,Unassigned,new
15608406,Schmidt,France,Low,0.08612741375475307,Unassigned,new
15633378,Davidson,Spain,Low,0.30948806871827844,Unassigned,new
15664759,Lamb,Spain,Low,0.01877868509146198,Unassigned,new
15625545,Hussey,Spain,Low,0.3747996498144571,Unassigned,new
15772148,Ferrari,Germany,Low,0.21733732897808605,Unassigned,new
15810829,Macfarlan,France,Medium,0.6878446842495035,Unassigned,new
15731669,Szabados,France,Low,0.15395721196720907,Unassigned,new
15738634,Yuan,France,Low,0.2938842216959596,Unassigned,new
15737571,Matveyev,Spain,Low,0.08692248378145401,Unassigned,new
15667602,Cheng,Spain,Low,0.01909426064738297,Unassigned,new
15684147,Palerma,France,Low,0.12343923420121937,Unassigned,new
15789874,Wang,France,Low,0.07976726474648096,Unassigned,new
15757952,Teng,France,High,0.787482289811587,Unassigned,new
15698732,K'ung,Germany,High,0.8604571375119922,Unassigned,new
15714355,Sinclair,Germany,Low,0.1305852706019561,Unassigned,new
15599090,McKelvey,Germany,Low,0.2644982605835251,Unassigned,new
15762048,Yuan,Germany,Low,0.05484991293617387,Unassigned,new
15790596,Moran,Spain,Low,0.06799112084316535,Unassigned,new
15609623,McConnell,France,High,0.9293746333973093,Unassigned,new
15711901,Iheatu,France,Low,0.19368190955554393,Unassigned,new
15779809,Giordano,France,Low,0.2567649368188065,Unassigned,new
15729018,Alexander,France,Low,0.08193912548180689,Unassigned,new
15698246,Gordon,France,Low,0.018544294900515866,Unassigned,new
15712409,Tang,Germany,Low,0.022451526095568823,Unassigned,new
15758306,T'an,France,Low,0.01096437137657479,Unassigned,new
15621435,Davies,France,Low,0.1926807602182664,Unassigned,new
15566295,Sanders,France,Low,0.0822938713907684,Unassigned,new
15569098,Winifred,France,Low,0.268517021908797,Unassigned,new
15662532,Holmes,Germany,Low,0.02647410767916778,Unassigned,new
15664001,Riddle,Germany,High,0.8964448120254451,Unassigned,new
15703437,Chinedum,France,Low,0.023642685385534212,Unassigned,new
15708003,Aleksandrova,Spain,Low,0.2140450368686606,Unassigned,new
15599452,Conti,Germany,Low,0.2879737069263106,Unassigned,new
15719793,Watson,Spain,Low,0.05576600731663341,Unassigned,new
15771580,Davison,France,Low,0.10500490524750855,Unassigned,new
15732268,Cook,France,Low,0.08691076351194049,Unassigned,new
15722350,Udinesi,Germany,Low,0.21046795171776894,Unassigned,new
15611371,Siciliani,France,Low,0.2258000606334205,Unassigned,new
15673584,Bell,France,Low,0.008152178285889126,Unassigned,new
15636396,Jackson,France,Low,0.040511042933728314,Unassigned,new
15706170,Onyemere,France,Low,0.08577977089148568,Unassigned,new
15725478,McClemans,France,Low,0.048345842793477284,Unassigned,new
15654562,Ma,Spain,High,0.9914159702276681,Unassigned,new
15737509,Morrison,Spain,Low,0.33062623058037766,Unassigned,new
15690796,Chambers,France,Low,0.2144254189446943,Unassigned,new
15716728,Basedow,Spain,Low,0.05759523590371677,Unassigned,new
15605665,Nwora,Germany,Low,0.051609506140254696,Unassigned,new
15748481,Howey,France,Low,0.1678617436915308,Unassigned,new
15757777,Pai,France,Low,0.02173865125619763,Unassigned,new
15747808,Ni,France,Low,0.04787185467890554,Unassigned,new
15810593,Forbes,France,High,0.8619419825566635,Unassigned,new
15693376,Baryshnikov,Spain,Low,0.06298787885917333,Unassigned,new
15579808,Kramer,Germany,Low,0.27580542819925674,Unassigned,new
15598275,Sochima,France,Low,0.0216796634721659,Unassigned,new
15737080,Marchesi,France,Low,0.01906568867181367,Unassigned,new
15668580,Todd,Spain,Low,0.011488581702900943,Unassigned,new
15569438,Mai,Germany,Low,0.08154913854099777,Unassigned,new
15675842,Pinto,Spain,Low,0.09843569036177939,Unassigned,new
15577587,Reynolds,Germany,Medium,0.557295071950475,Unassigned,new
15625592,Sal,France,Low,0.01013859928866107,Unassigned,new
15635141,Miller,Germany,High,0.8415256937423731,Unassigned,new
15642570,Scott,Spain,Low,0.018382182578214973,Unassigned,new
15702175,Herrin,France,Low,0.04566304355422529,Unassigned,new
15677785,Stevenson,Spain,Low,0.08439985646931841,Unassigned,new
15786153,McKenzie,Germany,Low,0.40067968494414913,Unassigned,new
15759499,Gardiner,France,Low,0.09086392201586763,Unassigned,new
15659568,Atkinson,Spain,Low,0.06950046033095975,Unassigned,new
15715597,Onyemauchechi,France,Low,0.10683403215782324,Unassigned,new
15610147,Ross,France,Low,0.049550796483081895,Unassigned,new
15802362,Newland,Spain,Low,0.06956490868854684,Unassigned,new
15660524,Hu,Germany,Medium,0.5616111501544045,Unassigned,new
15747168,Sanders,Germany,Medium,0.6646129267934033,Unassigned,new
15796910,Tsui,Spain,High,0.9325614485882072,Unassigned,new
15707674,Marino,France,High,0.8535402482294397,Unassigned,new
15565706,Akobundu,Spain,Low,0.11236869593426199,Unassigned,new
15587596,Morrison,Spain,Low,0.19517784686698272,Unassigned,new
15751943,Mai,Spain,Low,0.08927221491521505,Unassigned,new
15621227,Hs?eh,Germany,Low,0.4406629621133702,Unassigned,new
15757588,Wright,France,Low,0.016299042026478805,Unassigned,new
15640922,Demaine,France,Medium,0.48976325569018075,Unassigned,new
15567557,Chien,France,Low,0.0502657279592143,Unassigned,new
15670103,Dickinson,France,Low,0.13334300992120432,Unassigned,new
15720929,Kazantseva,France,High,0.952217780328355,Unassigned,new
15732774,Marchesi,France,Low,0.10763230386843044,Unassigned,new
15628558,Pan,France,Low,0.24416320067110792,Unassigned,new
15729201,Harewood,France,High,0.8809496880704775,Unassigned,new
15731117,Kao,Spain,Low,0.08893517137172613,Unassigned,new
15615207,Yeh,Spain,Low,0.43279944298425194,Unassigned,new
15773512,Bischof,Spain,Low,0.18647760685070924,Unassigned,new
15572145,Ashton,France,Low,0.03020023598018484,Unassigned,new
15642710,Napolitani,France,Low,0.01361098414309456,Unassigned,new
15574213,Wilson,France,Low,0.27841573792831287,Unassigned,new
15718852,Uren,France,Low,0.18997008960969902,Unassigned,new
15583840,Okechukwu,Germany,Low,0.17490944178286902,Unassigned,new
15782418,Ku,Germany,Low,0.10220369394354567,Unassigned,new
15813504,Onyemachukwu,Germany,Low,0.15963391781319008,Unassigned,new
15711314,Kao,Spain,Medium,0.6442794453652807,Unassigned,new
15621064,Russell,Germany,Low,0.015535174580695124,Unassigned,new
15627847,Woronoff,France,Low,0.32079627535870364,Unassigned,new
15588090,Ferri,Germany,Medium,0.6965499238941425,Unassigned,new
15735270,Ruggiero,Spain,Medium,0.6537744634006037,Unassigned,new
15671804,Wilding,Spain,Low,0.034874502465366636,Unassigned,new
15753215,Yashina,Spain,Low,0.033838031931655736,Unassigned,new
15789941,Yevseyev,France,Low,0.14622028373368717,Unassigned,new
15691061,Rapuokwu,France,Low,0.023002188113488857,Unassigned,new
15808326,Maslov,France,Low,0.015778951757244267,Unassigned,new
15566660,Cole,France,Medium,0.6517949619616827,Unassigned,new
15778947,Sullivan,France,Low,0.014386041724147161,Unassigned,new
15632977,Hsiao,France,Low,0.14041905254260606,Unassigned,new
15591747,Rossi,France,Low,0.017163407703323343,Unassigned,new
15567335,Allsop,France,Low,0.07258716035318588,Unassigned,new
15609299,Chamberlain,France,Low,0.07676397937773909,Unassigned,new
15669945,Jackson,France,Low,0.051680871255880834,Unassigned,new
15736271,Dumetochukwu,France,Low,0.29452985280568483,Unassigned,new
15710390,Uspensky,France,Low,0.09058073095262516,Unassigned,new
15756481,Garcia,France,Low,0.24876718592878574,Unassigned,new
15736730,Soto,France,Medium,0.47400544746303597,Unassigned,new
15626040,McDonald,Spain,Low,0.08156897631256448,Unassigned,new
15746553,Castles,Germany,Medium,0.5893893023926701,Unassigned,new
15622518,Stephenson,France,Low,0.09167540521043005,Unassigned,new
15684908,Davidson,Germany,Low,0.328153888881267,Unassigned,new
15569446,Tu,France,Low,0.08773615205894769,Unassigned,new
15777504,Colbert,France,Low,0.12211000911828168,Unassigned,new
15677906,Owens,Spain,Medium,0.5235564026567611,Unassigned,new
15703292,Chimezie,France,Low,0.02073772764920262,Unassigned,new
15712938,Genovese,France,Low,0.045653098467957766,Unassigned,new
15631359,Daluchi,France,Low,0.16763423701772165,Unassigned,new
15720847,Sheffield,France,Low,0.014032716947762295,Unassigned,new
15787830,Bailey,Germany,Low,0.15757769951068204,Unassigned,new
15599869,Dyson,Spain,Low,0.11392500293251266,Unassigned,new
15592078,Davide,Germany,Low,0.11760434009944928,Unassigned,new
15596228,Uwaezuoke,France,Low,0.014227734512101806,Unassigned,new
15578462,Hs?,Spain,Low,0.028607558250007003,Unassigned,new
15756894,Onwuka,France,Low,0.08429272632820758,Unassigned,new
15796167,Flores,Germany,Low,0.07871783156293015,Unassigned,new
15664808,Nicoll,Spain,Medium,0.6005378910402615,Unassigned,new
15664555,Hughes,France,High,0.8146576699031605,Unassigned,new
15607278,Romano,Spain,Low,0.2360159448302325,Unassigned,new
15585222,Norman,France,Low,0.04173777853271357,Unassigned,new
15750299,Davison,Spain,Low,0.06180675724395361,Unassigned,new
15761294,Manna,Germany,High,0.9371244932696243,Unassigned,new
15810454,Reed,France,Low,0.05394469327848333,Unassigned,new
15673984,Daniels,France,Low,0.3323048592260585,Unassigned,new
15609319,Hunt,France,Low,0.14048584676349415,Unassigned,new
15709941,Feng,France,High,0.8673812122293812,Unassigned,new
15580252,Waters,France,Low,0.17245101746307,Unassigned,new
15741275,Yuan,France,Low,0.12200619300623429,Unassigned,new
15707132,Yudin,France,Low,0.012523241789355741,Unassigned,new
15600708,Calabresi,Spain,Low,0.12662021545335972,Unassigned,new
15804787,Onyemauchechukwu,France,Low,0.017157711342379804,Unassigned,new
15690021,Martin,Germany,Medium,0.5263859313612382,Unassigned,new
15763895,Hung,France,Low,0.10394817349276834,Unassigned,new
15623478,Maslova,Germany,Low,0.0754179098827959,Unassigned,new
15797910,Zetticci,Germany,Medium,0.5388785889872797,Unassigned,new
15577751,Pisano,Germany,Low,0.21966283252814622,Unassigned,new
15781777,Sutherland,France,Low,0.09333303782100438,Unassigned,new
15740527,Lai,Germany,Medium,0.5174300980670785,Unassigned,new
15721251,Watson,Spain,Low,0.15141862973854603,Unassigned,new
15602994,Gorbunov,France,Low,0.3578493452629748,Unassigned,new
15750769,Padovano,France,Low,0.1220736113809606,Unassigned,new
15740175,Raynor,Germany,Low,0.2523487265691338,Unassigned,new
15679968,Ting,France,Low,0.2261794753617459,Unassigned,new
15694404,Eberegbulam,France,Low,0.1985145941490213,Unassigned,new
15657529,Chin,Germany,Medium,0.5247456343542269,Unassigned,new
15762882,Manna,Germany,Low,0.08562249061765521,Unassigned,new
15642579,Chang,Spain,Low,0.09051786477722099,Unassigned,new
15598884,Kent,Spain,Low,0.16026665855639438,Unassigned,new
15770185,Buckley,France,Low,0.09338667498727189,Unassigned,new
15800287,Micco,Spain,Low,0.38000369128474026,Unassigned,new
15665861,Avdeev,Spain,Low,0.15240701136431434,Unassigned,new
15662203,Bremer,Germany,Low,0.16578190244304786,Unassigned,new
15616454,Davidson,Germany,Low,0.28146431361702734,Unassigned,new
15702788,Gadsdon,France,Low,0.19353274519611607,Unassigned,new
15778149,Connolly,Spain,Low,0.35752484221594294,Unassigned,new
15680001,McDonald,France,Low,0.06315144264187672,Unassigned,new
15711991,Chiawuotu,France,Low,0.014114329073621987,Unassigned,new
15633834,Milne,Germany,Low,0.11500260443178212,Unassigned,new
15765266,Fleming,France,Low,0.015473963403670816,Unassigned,new
15791867,Hicks,Germany,Medium,0.6163016976781176,Unassigned,new
15675380,Logan,Spain,Low,0.21528762998488737,Unassigned,new
15770576,Hammond,Spain,Low,0.16545192703992886,Unassigned,new
15775294,Weber,France,Low,0.0297180957564758,Unassigned,new
15727059,Lettiere,France,Low,0.12732769705700883,Unassigned,new
15702499,Schnaars,Spain,Low,0.3088377002089745,Unassigned,new
15611699,Tao,France,Low,0.3895551704505071,Unassigned,new
15654000,Algarin,France,Low,0.24695244187943322,Unassigned,new
15657881,Onyemere,France,Low,0.0789374726530254,Unassigned,new
15719991,Korovina,Spain,Medium,0.7047536245888307,Unassigned,new
15720687,Chidubem,France,Low,0.35861022253337604,Unassigned,new
15687079,King,Spain,Medium,0.5915732756635533,Unassigned,new
15582276,Greco,France,Low,0.054197350136796094,Unassigned,new
15763980,Beneventi,Germany,Low,0.04824953864036338,Unassigned,new
15720774,P'eng,Spain,Low,0.33650035352875973,Unassigned,new
15592194,Metcalf,France,Low,0.030132402116034025,Unassigned,new
15803685,Greco,Germany,Low,0.024358692783633593,Unassigned,new
15759456,Lupton,Spain,Low,0.04903921508311959,Unassigned,new
15611544,Ibeamaka,Germany,Low,0.08048245701700474,Unassigned,new
15794257,Hsiung,France,Low,0.04810122924984017,Unassigned,new
15681697,Rueda,France,Low,0.1062012918980996,Unassigned,new
15579566,Li Fonti,Spain,Low,0.36161856525108654,Unassigned,new
15577970,Alexeeva,France,Low,0.12961193787240088,Unassigned,new
15727489,Madueke,Spain,Low,0.3722506969494342,Unassigned,new
15764284,Torres,Spain,Low,0.2899023727784932,Unassigned,new
15581811,Chukwubuikem,Germany,Low,0.08053677609003998,Unassigned,new
15622527,Holloway,France,Low,0.3923955205643318,Unassigned,new
15753362,Evdokimov,Spain,Low,0.056105544707780744,Unassigned,new
15666652,Anayolisa,France,Low,0.015150031749531234,Unassigned,new
15789714,Semmens,Spain,Low,0.03551614264302868,Unassigned,new
15771543,Tu,Germany,Low,0.12542859496342462,Unassigned,new
15748327,Anderson,Germany,Low,0.08173063969129861,Unassigned,new
15754649,Fang,Spain,Low,0.07794788854135042,Unassigned,new
15810460,Fanucci,Spain,Medium,0.7397346117402246,Unassigned,new
15771742,Boyle,Germany,Low,0.12411384595179915,Unassigned,new
15642160,Milanesi,France,Low,0.03150110641811799,Unassigned,new
15798439,Davidson,Spain,Low,0.07580055489763672,Unassigned,new
15605293,McKay,France,Low,0.09024045186780168,Unassigned,new
15692631,Bogdanova,Spain,Low,0.2254198315075391,Unassigned,new
15665376,Lavrentiev,Germany,Low,0.08884896924884,Unassigned,new
15772412,Corser,Spain,Low,0.04854947080652837,Unassigned,new
15654577,Alexeeva,Germany,High,0.910750175530006,Unassigned,new
15585427,Madueke,France,Low,0.09401936645343972,Unassigned,new
15584536,Barber,Germany,Low,0.4184365024140708,Unassigned,new
15585853,McCardle,Spain,Low,0.3359047659230515,Unassigned,new
15645271,Radcliffe-Brown,Germany,Low,0.10757594273175357,Unassigned,new
15579387,Ni,Germany,Low,0.15360408100382394,Unassigned,new
15623107,Chukwumaobim,Spain,High,0.924475778276302,Unassigned,new
15754072,Dennis,Spain,Low,0.03571959326010989,Unassigned,new
15666163,Hayward,France,Low,0.13719648449151572,Unassigned,new
15765192,Jones,France,Low,0.04571033521607204,Unassigned,new
15804822,L?,France,Low,0.024480981810464292,Unassigned,new
15612893,Nelson,Spain,Medium,0.5482609806971265,Unassigned,new
15593636,Cardus,France,Low,0.2508765039724431,Unassigned,new
15693326,Whitehouse,France,Low,0.2019048883155359,Unassigned,new
15809901,Johnstone,France,Low,0.024553747931589983,Unassigned,new
15759751,Tsui,France,Low,0.09312981001987243,Unassigned,new
15605425,Chia,Germany,Medium,0.6357783134195222,Unassigned,new
15801934,Su,France,Low,0.014460331932598377,Unassigned,new
15592000,Calabresi,Germany,High,0.752451018318556,Unassigned,new
15618695,Ts'ui,Spain,Low,0.07652135471657526,Unassigned,new
15637110,McCulloch,Spain,Low,0.2624252337134447,Unassigned,new
15727408,Koo,Germany,Low,0.02810167530073614,Unassigned,new
15716328,Miller,France,Low,0.08822985240462909,Unassigned,new
15669060,Woolnough,France,Low,0.07890312087813917,Unassigned,new
15675854,Douglas,Spain,Low,0.28716485275002873,Unassigned,new
15621116,Fang,Germany,Low,0.24896175078748972,Unassigned,new
15781495,Munro,France,Low,0.043106520294023086,Unassigned,new
15740470,Vinogradov,France,Low,0.08552785535672111,Unassigned,new
15714391,Lai,France,Low,0.1471356467000569,Unassigned,new
15730137,Udegbulam,France,Low,0.0731278625095972,Unassigned,new
15596455,Mao,Spain,High,0.7986983527654482,Unassigned,new
15717290,Onyekaozulu,Germany,Low,0.13588877411824432,Unassigned,new
15616555,Fu,Germany,Low,0.24664359384274484,Unassigned,new
15659820,Cross,France,Low,0.044640269583671434,Unassigned,new
15696301,Snider,France,Low,0.17278123050422753,Unassigned,new
15771087,Harrison,France,Low,0.05981836736187425,Unassigned,new
15808831,Dale,France,Low,0.010492705342985013,Unassigned,new
15812241,Udinese,Germany,High,0.9356702551803256,Unassigned,new
15680370,DeRose,France,Low,0.021756480103026464,Unassigned,new
15780561,Hay,France,Low,0.0787666774494344,Unassigned,new
15800784,Bruce,France,Low,0.12307649967582673,Unassigned,new
15715796,Romani,France,Low,0.016986404224142392,Unassigned,new
15605375,Tseng,France,Low,0.1128002876228808,Unassigned,new
15621520,Tang,Germany,Medium,0.5099879988604711,Unassigned,new
15665460,Isayeva,Spain,Low,0.035626340766850645,Unassigned,new
15801152,Hill,Spain,Low,0.1190119911733679,Unassigned,new
15756425,Barnes,France,Low,0.08348827927779583,Unassigned,new
15674328,Moreno,France,Low,0.2748971091782824,Unassigned,new
15742404,McGregor,France,Low,0.02412109003914668,Unassigned,new
15757140,Genovese,France,Low,0.3852799568252102,Unassigned,new
15570051,Gill,Germany,Low,0.06851895521709683,Unassigned,new
15669175,Ts'ai,Germany,Low,0.06693201420696131,Unassigned,new
15790324,Green,France,Low,0.14330477115322746,Unassigned,new
15691119,Martin,Germany,High,0.7664399520003157,Unassigned,new
15743478,Johnson,Germany,Low,0.032032608074881425,Unassigned,new
15707007,Onio,France,Low,0.33426753377014645,Unassigned,new
15572547,Vaguine,France,Medium,0.4832607135787583,Unassigned,new
15567063,Manna,Germany,Low,0.19696609627277306,Unassigned,new
15689633,Toomey,Spain,Low,0.16620494365944358,Unassigned,new
15720637,Bell,Germany,High,0.7854614171343551,Unassigned,new
15616859,Bonwick,Germany,High,0.980424958760982,Unassigned,new
15766166,Folliero,Spain,Low,0.1615038343313977,Unassigned,new
15617655,Holt,Spain,Low,0.021681859685381007,Unassigned,new
15623450,Brown,Germany,Low,0.16660885648431392,Unassigned,new
15796612,Ch'ang,France,Low,0.1565114701770607,Unassigned,new
15795963,Fiorentini,France,Low,0.05148672111966684,Unassigned,new
15781598,Middleton,Germany,Low,0.2920029390299151,Unassigned,new
15691871,Millar,Germany,Low,0.23552129538445415,Unassigned,new
15740345,Osborne,Spain,Low,0.3420807047518226,Unassigned,new
15662626,Feng,France,Low,0.05278752918191581,Unassigned,new
15596575,Vale,Germany,Low,0.11383472946656652,Unassigned,new
15657321,Arkwookerum,Germany,Low,0.0667425836550505,Unassigned,new
15575955,Lujan,France,Low,0.02906346057578252,Unassigned,new
15743893,Alexeyeva,France,Low,0.24713201797717232,Unassigned,new
15697270,Gannon,Spain,Low,0.038747703502210275,Unassigned,new
15644356,Prokhorova,Spain,Medium,0.5857250413114495,Unassigned,new
15677586,Romero,Germany,Low,0.07415824618596366,Unassigned,new
15571261,Toscani,Germany,Low,0.09006666694449877,Unassigned,new
15698758,Onwuamaegbu,Spain,Low,0.03500958612372974,Unassigned,new
15787014,King,Germany,Low,0.1639898464681217,Unassigned,new
15739857,Trentino,France,Low,0.04137793271099455,Unassigned,new
15774630,Peacock,Germany,Medium,0.5775020638422368,Unassigned,new
15805523,Nnaife,France,Low,0.06745772847043459,Unassigned,new
15749557,Chao,France,Low,0.08639928477814639,Unassigned,new
15681180,Barese,France,Low,0.14246150898591095,Unassigned,new
15742028,Udegbulam,France,Low,0.028667184678575937,Unassigned,new
15686463,Fu,France,Low,0.15039508761530987,Unassigned,new
15654379,Onwuatuegwu,Spain,Low,0.051198127048684455,Unassigned,new
15783629,Degtyaryov,Germany,Low,0.2964601024409939,Unassigned,new
15751193,Nnaemeka,Spain,Low,0.01223476903251043,Unassigned,new
15724099,Udinese,France,Low,0.05320531707030939,Unassigned,new
15568429,Mitchell,Spain,Low,0.1778322152467853,Unassigned,new
15648967,Ch'en,Germany,High,0.8590915355779939,Unassigned,new
15664498,Golovanov,France,Low,0.13128257177944466,Unassigned,new
15779522,Efimov,France,Low,0.03011704573223162,Unassigned,new
15583850,Davidson,Germany,Low,0.10133436167050264,Unassigned,new
15696539,Wade,France,Low,0.056332234003570965,Unassigned,new
15760121,Maynard,France,Low,0.07944782929983338,Unassigned,new
15628279,Murphy,France,Low,0.04096044864989654,Unassigned,new
15766163,Zotova,France,Low,0.018462517676831467,Unassigned,new
15566467,Hannah,Germany,Low,0.06817698391161911,Unassigned,new
15639049,Cartagena,France,Low,0.07629060692223474,Unassigned,new
15736413,Hall,France,Low,0.009254145410817332,Unassigned,new
15634815,Hunt,France,Low,0.03343506588587686,Unassigned,new
15716381,Greece,Germany,Medium,0.6056357185120096,Unassigned,new
15708162,Thomson,Germany,Low,0.16298848917652023,Unassigned,new
15569364,Victor,France,Low,0.019070838348697505,Unassigned,new
15791191,Mitchell,France,Low,0.1930764736057761,Unassigned,new
15621205,Olisaemeka,France,Low,0.08216588472993511,Unassigned,new
15704788,Krawczyk,Spain,Low,0.3604766833570332,Unassigned,new
15775756,Alexandrova,Germany,Low,0.17986056714420945,Unassigned,new
15641312,Paterson,France,Low,0.11129158365719528,Unassigned,new
15782531,Chou,Spain,Low,0.03725909603642741,Unassigned,new
15724428,Abel,France,Low,0.034929906952297536,Unassigned,new
15743617,Chesnokova,Germany,High,0.7515892100434753,Unassigned,new
15585839,Niu,France,Low,0.030717352673677797,Unassigned,new
15658158,Sullivan,Germany,Low,0.28498037389390785,Unassigned,new
15637678,Ma,France,Low,0.16267628705347506,Unassigned,new
15701809,Cavill,Spain,Low,0.2258941346643709,Unassigned,new
15676937,Nicholls,Spain,Low,0.018637866383668995,Unassigned,new
15778975,Nnonso,Germany,High,0.984275061535554,Unassigned,new
15710375,Gibson,France,Low,0.034718592552769954,Unassigned,new
15579914,Garcia,Germany,Low,0.04923488137939328,Unassigned,new
15595160,Renwick,Spain,Low,0.021148863962314354,Unassigned,new
15595391,Norris,France,Low,0.015748870093440438,Unassigned,new
15630363,Nkemakonam,France,Low,0.22253823500279502,Unassigned,new
15692443,Piccio,Spain,Low,0.12553711695210212,Unassigned,new
15593795,Linton,Germany,High,0.8749164221908352,Unassigned,new
15642824,Onyekaozulu,Spain,Low,0.42402269277993765,Unassigned,new
15683524,Tobenna,Germany,Low,0.07828249935189814,Unassigned,new
15713532,Wang,Germany,Low,0.3135592018719458,Unassigned,new
15719827,O'Donnell,France,Low,0.16143919846196794,Unassigned,new
15578435,Langlands,France,Low,0.10149240785275591,Unassigned,new
15723028,Smith,France,Low,0.01644076165945025,Unassigned,new
15595609,Sykes,Germany,Medium,0.6006630854831827,Unassigned,new
15622443,Marshall,France,Low,0.010351729278818318,Unassigned,new
15579112,Gibson,France,Low,0.08451507437139358,Unassigned,new
15648479,Stephenson,France,Low,0.16161664314457888,Unassigned,new
15659234,Y?,France,Low,0.05475823042408845,Unassigned,new
15811970,Kang,France,Low,0.056741925856832444,Unassigned,new
15774192,Miller,Germany,Low,0.3607744592504521,Unassigned,new
15595136,Kryukov,France,Low,0.025894070195884095,Unassigned,new
15630580,Y?,Germany,Low,0.05012339606417961,Unassigned,new
15660646,Fanucci,France,Low,0.10629722582340861,Unassigned,new
15614365,Lombardi,Germany,Low,0.21951015808768748,Unassigned,new
15776128,Hs?,France,Low,0.4165491677880846,Unassigned,new
15787035,Anderson,France,Low,0.027761422506670113,Unassigned,new
15792646,Trentino,Spain,Low,0.16038041636916692,Unassigned,new
15726832,Donnelly,Germany,Low,0.3883993641300479,Unassigned,new
15773260,Tsou,France,Low,0.11223118518436104,Unassigned,new
15624437,Johnson,Spain,Low,0.015867013032276424,Unassigned,new
15717138,Watson,Spain,Low,0.03780054259309123,Unassigned,new
15657317,Allan,France,Low,0.16887611669027489,Unassigned,new
15626948,Butcher,France,Low,0.38271386561005866,Unassigned,new
15758901,Henderson,Spain,Medium,0.7360534010911168,Unassigned,new
15777759,Boucaut,France,Low,0.048251614529954114,Unassigned,new
15773322,Obiajulu,Germany,Medium,0.6736139710549732,Unassigned,new
15697318,Ifeatu,Germany,Low,0.11485505020843714,Unassigned,new
15678916,Kelly,France,Low,0.3367489658170361,Unassigned,new
15632118,Pirozzi,Spain,Low,0.36020353501753466,Unassigned,new
15788118,Siciliano,France,Low,0.04557368473916508,Unassigned,new
15788930,Silva,Spain,Low,0.08455032387544328,Unassigned,new
15628583,Iweobiegbunam,France,Low,0.025893855366840943,Unassigned,new
15635177,Williamson,Spain,Low,0.19982109192371764,Unassigned,new
15587690,Madueke,France,Low,0.08039084176936105,Unassigned,new
15627630,Chiagoziem,France,Low,0.06263201101824951,Unassigned,new
15610930,Kwemto,Germany,Low,0.29822009243386205,Unassigned,new
15657747,Zito,Germany,Low,0.23866666511974272,Unassigned,new
15568006,Ukaegbunam,France,High,0.9527877638232429,Unassigned,new
15751748,Trevisani,France,Medium,0.6701838917266246,Unassigned,new
15722212,Edmondstone,France,Low,0.05447553042194455,Unassigned,new
15658670,Chien,France,Low,0.04155476052786504,Unassigned,new
15761654,Boni,Spain,Low,0.042261064441798356,Unassigned,new
15812210,Yashina,Germany,High,0.929099018693957,Unassigned,new
15787051,Georg,Spain,Low,0.19648924695598852,Unassigned,new
15642991,Tung,Spain,Low,0.030637286644655298,Unassigned,new
15713769,Michelides,Spain,Low,0.15150811178256718,Unassigned,new
15605826,Korovina,Germany,High,0.9741515774016403,Unassigned,new
15648898,Chuang,Spain,Low,0.06781860787727981,Unassigned,new
15705309,Yuriev,Spain,Low,0.03248174352614098,Unassigned,new
15734202,Chidimma,Germany,High,0.8311193106705073,Unassigned,new
15658852,Stevens,France,Low,0.016795455777723095,Unassigned,new
15612633,Kao,Spain,Low,0.18768147209290206,Unassigned,new
15604818,Edmund la Touche,France,Low,0.10089568531018683,Unassigned,new
15593900,Belousov,France,Low,0.13883001874558545,Unassigned,new
15624995,McCane,Spain,Low,0.061472216126167205,Unassigned,new
15570087,Parry-Okeden,France,Low,0.2187348789620055,Unassigned,new
15802617,Hudson,Germany,Low,0.238375059083475,Unassigned,new
15656029,Marsden,France,Low,0.015540254178559905,Unassigned,new
15739194,Manfrin,Spain,Low,0.10197556740502779,Unassigned,new
15607275,Ch'ang,Spain,Low,0.2548536776659485,Unassigned,new
15629475,Clark,France,Low,0.041103151741349146,Unassigned,new
15635034,Aldrich,Germany,Low,0.20108286647510787,Unassigned,new
15756333,Khan,France,Low,0.07815690010646059,Unassigned,new
15777436,Murray,Spain,Low,0.027627324220780847,Unassigned,new
15676835,Anayolisa,Spain,Low,0.01654217841566234,Unassigned,new
15574206,Shillito,France,Low,0.021886493176033358,Unassigned,new
15613017,McMillan,Germany,Low,0.21422346947849602,Unassigned,new
15815131,Howells,Spain,Low,0.09056463758025347,Unassigned,new
15585455,Stewart,France,Low,0.012738875546217623,Unassigned,new
15692929,Ikechukwu,Germany,Low,0.21435489779967826,Unassigned,new
15758081,Repina,Spain,Low,0.07466239996639693,Unassigned,new
15667476,Cox,Germany,Low,0.3548585126096591,Unassigned,new
15738248,Lo,France,Low,0.04771836321949215,Unassigned,new
15672152,Grant,Germany,Low,0.28440562241130485,Unassigned,new
15673372,Stevenson,France,Low,0.40955364831023683,Unassigned,new
15587611,Kauffmann,France,Medium,0.5303606014657047,Unassigned,new
15803415,Samsonova,France,Low,0.13022263215015537,Unassigned,new
15715673,Niu,Spain,Medium,0.5799105182634969,Unassigned,new
15655648,Bock,France,Low,0.026884736124111873,Unassigned,new
15763613,Barlow,France,Low,0.017402213064917006,Unassigned,new
15660385,Stevenson,France,Low,0.030640174922172757,Unassigned,new
15733261,Kung,Spain,Low,0.2631947152474621,Unassigned,new
15796231,Nwankwo,France,Low,0.05336557255898569,Unassigned,new
15624866,Brewer,Germany,Low,0.052474584959822254,Unassigned,new
15623730,Ch'iu,France,Low,0.07325201408778198,Unassigned,new
15668248,Quinn,Germany,High,0.9565300198542501,Unassigned,new
15694518,Kodilinyechukwu,Spain,Low,0.037335335222228754,Unassigned,new
15638028,Ifeanyichukwu,Germany,Low,0.050383484659775414,Unassigned,new
15795895,Yermakova,Germany,Low,0.11254944840662723,Unassigned,new
15694376,Sullivan,Germany,High,0.9924116077826296,Unassigned,new
15669204,Grant,Germany,Low,0.05943435269742909,Unassigned,new
15773779,Jacka,Spain,Low,0.34349080017702854,Unassigned,new
15580682,Tsai,France,Low,0.06831652790216376,Unassigned,new
15768530,Emery,Spain,Low,0.02140190115746085,Unassigned,new
15672875,Piccio,Germany,Low,0.04937608767293537,Unassigned,new
15617082,Sanders,France,Low,0.0503452918480411,Unassigned,new
15760514,Sharp,Germany,Low,0.22679896057284973,Unassigned,new
15761775,Myers,Germany,Low,0.013696557317133552,Unassigned,new
15799964,Campbell,Germany,Low,0.2608504314584179,Unassigned,new
15693906,Abbott,France,Low,0.10929129023627582,Unassigned,new
15739514,Preston,France,Low,0.01779178027287924,Unassigned,new
15756926,Atherton,Germany,Low,0.03852303509892957,Unassigned,new
15770984,Fanucci,Spain,Low,0.099333609555356,Unassigned,new
15703979,Evans,Germany,Low,0.3614336963720264,Unassigned,new
15801821,Cookson,France,Low,0.024619723801301587,Unassigned,new
15711028,Nnachetam,France,High,0.8894567325887532,Unassigned,new
15791842,Johnstone,France,Low,0.09754128630036782,Unassigned,new
15746127,Hort,France,Low,0.17725224216403507,Unassigned,new
15663625,Johnson,France,Low,0.021382697173194732,Unassigned,new
15604891,Zaytseva,Spain,Low,0.04523895287395076,Unassigned,new
15589666,Sorokina,France,Low,0.1405406289170976,Unassigned,new
15627881,Diehl,France,Low,0.009399343323932203,Unassigned,new
15664895,Onuchukwu,France,Low,0.01653683277659445,Unassigned,new
15676094,Osonduagwuike,France,Low,0.15342818695407665,Unassigned,new
15761720,Mead,France,Low,0.15555593375518212,Unassigned,new
15611961,Stewart,France,Low,0.022308297579138575,Unassigned,new
15680167,Thomson,France,Low,0.04085442138317107,Unassigned,new
15762543,Goliwe,France,Low,0.02904517201630641,Unassigned,new
15658475,Lori,France,Low,0.10922000958544548,Unassigned,new
15779743,Onwuamaeze,France,Low,0.09548253672823181,Unassigned,new
15661532,Butusov,France,Low,0.0716480145054444,Unassigned,new
15782360,Rogers,Germany,Low,0.3545053056375995,Unassigned,new
15767908,Nicholson,France,Low,0.062383068904022815,Unassigned,new
15677105,Rossi,Germany,Medium,0.7456044775637416,Unassigned,new
15641474,Hall,France,Low,0.42752985478430205,Unassigned,new
15624451,Huddart,France,Low,0.04366800934381967,Unassigned,new
15577985,Chinomso,France,Low,0.04448871558077911,Unassigned,new
15571666,Shaw,Germany,Low,0.23330181698017566,Unassigned,new
15783691,Hargreaves,Spain,Low,0.15353490897173802,Unassigned,new
15671172,Swain,France,Low,0.029238362458316687,Unassigned,new
15731760,Butcher,France,Low,0.070821984437136,Unassigned,new
15585599,Stone,France,Low,0.028365440200584652,Unassigned,new
15784958,Allan,France,High,0.9403960369964427,Unassigned,new
15734524,Wang,France,High,0.7909427820977574,Unassigned,new
15614103,Colombo,Germany,Low,0.3615069300534529,Unassigned,new
15794895,McKay,Spain,Low,0.012727796091720053,Unassigned,new
15772381,Brient,Germany,Low,0.28644619887641515,Unassigned,new
15710553,Yin,Germany,Low,0.2591193291558481,Unassigned,new
15649292,Bellucci,France,High,0.8259595439936047,Unassigned,new
15792565,Duncan,France,Low,0.07394254824040339,Unassigned,new
15718245,Pirozzi,France,Low,0.010070430651188095,Unassigned,new
15703117,Findlay,France,Low,0.08008605021427086,Unassigned,new
15758136,King,France,Low,0.06785422908316391,Unassigned,new
15799932,Iweobiegbunam,France,Low,0.0087882253578523,Unassigned,new
15633516,Tucker,France,Low,0.308550322621324,Unassigned,new
15622532,Izmailova,France,Low,0.2692694898585457,Unassigned,new
15798960,Meng,France,Low,0.04973879578227575,Unassigned,new
15698664,Liang,Spain,Low,0.18445999949732123,Unassigned,new
15703614,Hutchinson,Spain,Medium,0.4565140796085707,Unassigned,new
15699195,Shen,France,Low,0.07985918723358515,Unassigned,new
15710543,Okwuoma,France,Low,0.23237348350705614,Unassigned,new
15695499,Chinwemma,France,Low,0.18281591083300425,Unassigned,new
15622321,Golubova,France,Low,0.12317094955296512,Unassigned,new
15715744,Schiavone,France,Low,0.16029294059850166,Unassigned,new
15788151,Moore,Spain,Low,0.027067804237045086,Unassigned,new
15687153,Graham,Germany,High,0.8043264973939594,Unassigned,new
15684958,Amadi,Germany,Low,0.0912357750470567,Unassigned,new
15706116,McKay,Germany,Low,0.25191941560476877,Unassigned,new
15740557,Fedorova,France,Low,0.09234938778458103,Unassigned,new
15707291,Percy,Germany,Low,0.25126757194196075,Unassigned,new
15583353,Floyd,Spain,Medium,0.6139629778879938,Unassigned,new
15761024,Long,France,Low,0.06831651007238965,Unassigned,new
15630709,Castiglione,Germany,Low,0.04122347340207558,Unassigned,new
15639590,Melendez,France,Low,0.1413940757420639,Unassigned,new
15659399,Mazzi,Germany,Medium,0.5292421373139606,Unassigned,new
15567078,Kovaleva,France,Low,0.0822097322015741,Unassigned,new
15696373,Gill,France,Low,0.09816165811024215,Unassigned,new
15786617,Arcuri,Germany,Low,0.2667421913575206,Unassigned,new
15657449,Chukwuma,Germany,Low,0.15055319588410823,Unassigned,new
15672594,Stevenson,France,High,0.8948475107122936,Unassigned,new
15714240,Ponomarev,Spain,Low,0.09456051068864278,Unassigned,new
15782144,Gilroy,France,Low,0.018967771487529487,Unassigned,new
15665008,Sidorov,Germany,Low,0.023645320587699383,Unassigned,new
15581733,Bates,France,Low,0.03862033955896712,Unassigned,new
15751392,Fanucci,Spain,Medium,0.6038221911769477,Unassigned,new
15785815,Toscano,Germany,Low,0.038118944088737165,Unassigned,new
15664214,Hearn,France,Low,0.047518101456260425,Unassigned,new
15579996,Iroawuchi,Germany,Low,0.2630057453864427,Unassigned,new
15675252,Martin,Spain,Low,0.07905736040114898,Unassigned,new
15579617,Sinclair,France,Low,0.2610097629960305,Unassigned,new
15593976,Swanson,Germany,High,0.9424883185703029,Unassigned,new
15716041,Chinomso,Spain,Low,0.024412539438296237,Unassigned,new
15654489,Fomin,France,Low,0.1249137010309855,Unassigned,new
15736302,McKay,France,Low,0.07538728711750288,Unassigned,new
15805909,Bergamaschi,Spain,Low,0.08802951743494725,Unassigned,new
15572762,Matveyeva,Germany,High,0.7526086119385381,Unassigned,new
15724632,Madukaego,France,Low,0.10362646864321451,Unassigned,new
15670416,Ferri,France,Low,0.3795320365260317,Unassigned,new
15749528,Achebe,Spain,Low,0.0797231220079358,Unassigned,new
15578783,Mai,Germany,Low,0.09484012606463198,Unassigned,new
15580719,Davis,France,Low,0.016026656806569575,Unassigned,new
15656293,Davey,France,Low,0.020066775179009694,Unassigned,new
15691875,Tsou,Germany,Low,0.391061313616748,Unassigned,new
15596870,Marino,Germany,High,0.885438863425308,Unassigned,new
15780770,Kerr,France,Low,0.04062069206249614,Unassigned,new
15751491,Hsiao,Germany,High,0.8427557080983481,Unassigned,new
15706200,Graham,Germany,Low,0.1544263719091708,Unassigned,new
15808674,Ejikemeifeuwa,Germany,High,0.9744454749918318,Unassigned,new
15641411,Volkova,France,Low,0.05809749881182387,Unassigned,new
15764661,Wang,France,Low,0.14284881984561723,Unassigned,new
15689492,Benjamin,Germany,Low,0.030448093981509907,Unassigned,new
15602405,Ryrie,Germany,Low,0.3980872088844665,Unassigned,new
15610271,Andreev,Spain,Low,0.293640995899359,Unassigned,new
15791780,Ts'ao,Germany,High,0.980426041122754,Unassigned,new
15589147,Frolov,Spain,Low,0.13945522223283704,Unassigned,new
15756975,Montemayor,Spain,Low,0.02314505744803466,Unassigned,new
15729582,Fu,Germany,Medium,0.6585140669253743,Unassigned,new
15742971,Whitehead,France,Low,0.24981864507468224,Unassigned,new
15568046,Izuchukwu,France,Low,0.09487441946053614,Unassigned,new
15694890,Lai,France,Low,0.13973166137267937,Unassigned,new
15736963,Herring,France,Low,0.04209846959647026,Unassigned,new
15646490,Duffy,Spain,Low,0.16465149278352353,Unassigned,new
15607314,Chiefo,Spain,Medium,0.7277755826119088,Unassigned,new
15576745,Fyodorov,France,Low,0.1794292039808897,Unassigned,new
15669606,Chu,France,Low,0.01790197624629781,Unassigned,new
15737832,Robertson,Spain,Low,0.3205286433075716,Unassigned,new
15681990,Palmerston,Germany,Low,0.0876124890941983,Unassigned,new
15758050,Madukwe,Spain,Low,0.024936192420677687,Unassigned,new
15787848,Chinedum,Spain,Low,0.041943829993075,Unassigned,new
15713594,French,France,Low,0.1285698391953582,Unassigned,new
15588186,Polyakov,Spain,Low,0.35070094139758445,Unassigned,new
15786739,Clements,France,Low,0.06462137752120045,Unassigned,new
15699467,Connor,Spain,Low,0.38138116202772365,Unassigned,new
15680706,Balashov,Germany,High,0.7719345570707927,Unassigned,new
15645717,Avdeeva,France,Low,0.0479131142957807,Unassigned,new
15748597,Chester,Spain,Low,0.22270972957749335,Unassigned,new
15773709,Hung,Spain,Low,0.015023968738707675,Unassigned,new
15629787,Tu,France,Low,0.0328574844132257,Unassigned,new
15661007,Thompson,France,Low,0.11800805285130576,Unassigned,new
15686812,Jones,Spain,Low,0.4264040566674171,Unassigned,new
15754113,Li,France,Low,0.028353527319238018,Unassigned,new
15749489,Denisova,Germany,Low,0.333067767810404,Unassigned,new
15574352,Clogstoun,France,Low,0.13541034475912553,Unassigned,new
15701281,Tan,France,Low,0.009755308373512524,Unassigned,new
15811985,Power,Spain,Low,0.07012976788660441,Unassigned,new
15713505,Harriman,France,Low,0.01695942156839181,Unassigned,new
15685653,Benson,Germany,Low,0.15671037599314888,Unassigned,new
15758831,Thornton,France,Low,0.18476206189890315,Unassigned,new
15618774,White,France,High,0.8811255899405623,Unassigned,new
15764448,Mackenzie,Germany,Low,0.18603077742921845,Unassigned,new
15611024,Kalinina,France,Low,0.06761534724481781,Unassigned,new
15738220,Bennet,Spain,Low,0.028498128134122596,Unassigned,new
15805764,Hallahan,France,Low,0.009034810605810299,Unassigned,new
15580487,Martin,Germany,Low,0.08456338056298884,Unassigned,new
15675787,Rivera,France,Low,0.0775821950415907,Unassigned,new
15583580,Chiawuotu,Germany,Low,0.37157759430828574,Unassigned,new
15780654,Sergeyev,Germany,Low,0.08285024550290931,Unassigned,new
15695034,Christie,France,Low,0.4020131021473288,Unassigned,new
15805671,Louis,France,Low,0.07043097524494159,Unassigned,new
15790658,Iqbal,Spain,Low,0.1737709247545947,Unassigned,new
15578648,Marino,Germany,Medium,0.613051450526249,Unassigned,new
15734987,Robertson,France,Low,0.19692041510544692,Unassigned,new
15721740,Pai,Germany,Medium,0.4952821430440312,Unassigned,new
15641822,Barese,France,Low,0.01579959782980253,Unassigned,new
15765650,Chigolum,Germany,Low,0.4165299267028886,Unassigned,new
15788556,Trouette,France,Low,0.1901013873531072,Unassigned,new
15576550,Ugochukwu,Spain,Low,0.32339473066839813,Unassigned,new
15622230,Cribb,France,Low,0.02165925635475349,Unassigned,new
15653937,McIntyre,Germany,High,0.9299778371593069,Unassigned,new
15743538,Pickering,France,Low,0.028062273819290127,Unassigned,new
15591740,Fletcher,France,Low,0.08728044372555428,Unassigned,new
15650086,Uchenna,France,Low,0.15229562292137658,Unassigned,new
15718773,Pisano,France,Low,0.03025640155505898,Unassigned,new
15615140,Corson,France,Low,0.06097706328783007,Unassigned,new
15644361,Hooper,France,Low,0.2715420114526647,Unassigned,new
15774536,He,France,Low,0.05273920892807285,Unassigned,new
15618661,Chidubem,France,Low,0.04219337362911856,Unassigned,new
15605020,Schofield,France,Low,0.24253931853866223,Unassigned,new
15762134,Liang,Germany,Low,0.18791990993741106,Unassigned,new
15685279,Somadina,Spain,Low,0.27221230339358493,Unassigned,new
15582849,McIntosh,France,Medium,0.5669874544105943,Unassigned,new
15655410,Hinton,Germany,High,0.8093994430270818,Unassigned,new
15649129,Sal,France,Low,0.01718438266115579,Unassigned,new
15702380,De Luca,Spain,Low,0.029179671441700243,Unassigned,new
15759067,Bromby,Germany,High,0.9388586431021653,Unassigned,new
15683027,Chang,Germany,Low,0.052929718728794074,Unassigned,new
15597487,Hunter,France,Low,0.12135416457327178,Unassigned,new
15763256,Sheppard,Germany,High,0.8043384548735103,Unassigned,new
15620111,Fan,France,High,0.7502227652482931,Unassigned,new
15623053,Muir,Spain,Low,0.18341919252879055,Unassigned,new
15595592,Lai,France,High,0.939237774139737,Unassigned,new
15740072,Padovesi,France,Low,0.06442034996625084,Unassigned,new
15778005,Kemp,France,Low,0.21873488765826646,Unassigned,new
15583278,Greece,Spain,Low,0.08616953107583415,Unassigned,new
15601263,Young,Spain,Low,0.21611120871995257,Unassigned,new
15709222,Chukwueloka,Spain,Low,0.09932770200053323,Unassigned,new
15713949,Woods,France,Low,0.24462283299616083,Unassigned,new
15717706,Forbes,France,Low,0.0448998594336965,Unassigned,new
15756071,Kang,France,Low,0.03683804333977951,Unassigned,new
15696564,Nweke,France,Low,0.04238869439477539,Unassigned,new
15657637,Ts'ui,Spain,Medium,0.5656787717689791,Unassigned,new
15755863,Milano,Spain,Low,0.16979500578934176,Unassigned,new
15719858,Chao,Spain,Low,0.025938497719918928,Unassigned,new
15688876,Wan,Spain,Low,0.018954175911942872,Unassigned,new
15698528,Napolitani,Spain,Low,0.14455001117744257,Unassigned,new
15770345,Kovaleva,Spain,Low,0.09316796062334422,Unassigned,new
15761506,Russell,Spain,Low,0.015639452379121108,Unassigned,new
15716619,Chiebuka,Germany,Low,0.12457737269698621,Unassigned,new
15788367,Ellis,Spain,Low,0.22623329051269442,Unassigned,new
15709451,Gordon,Germany,Low,0.09100039595613985,Unassigned,new
15640421,Conway,France,Low,0.12865580046013272,Unassigned,new
15580068,Buccho,Spain,Low,0.013721313009960776,Unassigned,new
15677123,Aksyonova,Spain,Low,0.014714298870900344,Unassigned,new
15619801,Batty,France,Low,0.03521411039535322,Unassigned,new
15582246,Rowe,Spain,Low,0.11597198522817108,Unassigned,new
15711843,Pisani,Germany,High,0.9086209282882276,Unassigned,new
15680046,Onochie,Spain,Low,0.019897486834451868,Unassigned,new
15804131,Farmer,Spain,Medium,0.5889911971601042,Unassigned,new
15722611,Cameron,France,Low,0.3040415112537344,Unassigned,new
15729224,Jennings,France,Low,0.040671706199187495,Unassigned,new
15811588,Eluemuno,Spain,High,0.8863651618551847,Unassigned,new
15702138,Swift,France,Low,0.13747690743435115,Unassigned,new
15749799,Pisani,France,Low,0.01950797962047149,Unassigned,new
15752885,Nnonso,France,Low,0.14759391248262477,Unassigned,new
15674932,Cameron,Spain,Low,0.13632288678047727,Unassigned,new
15743828,Stevens,France,Low,0.18211902141450395,Unassigned,new
15642022,Zito,Spain,Low,0.1551863231855408,Unassigned,new
15746461,Taylor,Spain,Low,0.021225466399674296,Unassigned,new
15809991,Ferrari,Spain,Low,0.03775447396922916,Unassigned,new
15787322,Yeh,France,Low,0.2532867129501912,Unassigned,new
15575498,Gould,France,Low,0.104447945035459,Unassigned,new
15691387,Agafonova,France,Low,0.0746869153122212,Unassigned,new
15765457,Fowler,Spain,Low,0.04562691906803857,Unassigned,new
15666173,Chidumaga,Germany,Low,0.15922112789294293,Unassigned,new
15627377,Sabbatini,France,Low,0.027664112940755044,Unassigned,new
15656683,Johnson,France,High,0.7822922402317566,Unassigned,new
15679810,Chapman,France,Low,0.0323449243793918,Unassigned,new
15606310,Birk,France,Low,0.06628195225106612,Unassigned,new
15756871,Capon,Spain,Low,0.28928165141590234,Unassigned,new
15610002,Chidubem,Spain,Low,0.02591950523078823,Unassigned,new
15567802,Childs,Spain,Low,0.05205560405605698,Unassigned,new
15745452,Sun,Germany,Low,0.3769240309981165,Unassigned,new
15617252,Lung,France,Low,0.1469419577466033,Unassigned,new
15753248,Tao,France,Low,0.014703272432653434,Unassigned,new
15610755,Napolitano,France,Low,0.07166574737600065,Unassigned,new
15662238,Davis,France,Low,0.12137482071496972,Unassigned,new
15799186,Sagese,France,Low,0.046338272857097317,Unassigned,new
15686941,Hutchinson,Spain,Low,0.028522272987793584,Unassigned,new
15601172,Nelson,France,Low,0.0931250063763511,Unassigned,new
15723858,Schiavone,Spain,Low,0.025533838296832118,Unassigned,new
15615896,Chienezie,Spain,Low,0.029896265175654604,Unassigned,new
15737647,Obioma,Germany,Medium,0.5628062741196291,Unassigned,new
15582841,Butusov,France,Low,0.009283278621801994,Unassigned,new
15760090,Pisano,France,Low,0.010676252258975063,Unassigned,new
15588587,Stetson,France,Low,0.09497517292412748,Unassigned,new
15683157,Waring,France,Low,0.05081344696284589,Unassigned,new
15694209,Fanucci,France,Low,0.024332221390787587,Unassigned,new
15655875,Thao,France,Low,0.033572922154371264,Unassigned,new
15805704,Murphy,France,High,0.7973287599585451,Unassigned,new
15744789,McConnell,Spain,Low,0.14756794792252076,Unassigned,new
15799357,Armfield,France,Low,0.09351703177508794,Unassigned,new
15726153,Fanucci,France,Low,0.04465556920237951,Unassigned,new
15713346,Panina,France,Low,0.038832475322593506,Unassigned,new
15665053,Nixon,Spain,Low,0.28010748581467676,Unassigned,new
15592379,Walker,Spain,Low,0.1670621265180539,Unassigned,new
15692599,Chiemela,France,Low,0.09438362312125999,Unassigned,new
15620758,Martel,Spain,Low,0.017589977109556846,Unassigned,new
15637428,Briggs,France,Low,0.016998538463381074,Unassigned,new
15808389,Iheatu,France,Low,0.057365762360549646,Unassigned,new
15807003,Jennings,France,Low,0.24104814433591232,Unassigned,new
15702912,Ch'en,Spain,Low,0.2724537875440558,Unassigned,new
15590623,Kovalyov,Spain,Low,0.023511818124036122,Unassigned,new
15728078,Yeh,France,Low,0.04875983305960076,Unassigned,new
15708256,Chien,France,Low,0.015213052949199444,Unassigned,new
15582335,Brown,France,Low,0.23524372640319466,Unassigned,new
15649150,Buddicom,France,High,0.809470544117659,Unassigned,new
15691647,McGregor,France,Low,0.03923908086741378,Unassigned,new
15668270,Thompson,Germany,Low,0.24132780617312974,Unassigned,new
15624820,Ross,Spain,High,0.9820982961041589,Unassigned,new
15736254,Ch'ang,France,Low,0.07745803531776706,Unassigned,new
15720814,Warren,Germany,Low,0.07025977133470648,Unassigned,new
15642997,Uspenskaya,France,Low,0.08683040528326039,Unassigned,new
15693200,King,France,Low,0.046449555694100496,Unassigned,new
15624596,Trentini,France,Low,0.09467906292811688,Unassigned,new
15807167,Konovalova,France,Low,0.09560023415459627,Unassigned,new
15660301,Dellucci,Germany,Low,0.051457341955196925,Unassigned,new
15593094,Goddard,France,Low,0.14980516267225794,Unassigned,new
15618239,Neumann,France,Medium,0.749529407046982,Unassigned,new
15574137,Ch'in,Spain,Low,0.015219487509684345,Unassigned,new
15614740,Walters,France,Low,0.0941295715054416,Unassigned,new
15574071,Muravyova,Germany,Low,0.03794003297247931,Unassigned,new
15671148,Barry,Germany,Low,0.06720179886178174,Unassigned,new
15721921,Woolnough,France,Low,0.1466867809239225,Unassigned,new
15717995,Keen,France,Low,0.008606997238323597,Unassigned,new
15632050,Liebe,France,Low,0.2549354712902705,Unassigned,new
15647111,White,Spain,Low,0.06573426877540793,Unassigned,new
15759991,Hunter,Spain,Low,0.1025234459618784,Unassigned,new
15790204,Myers,Spain,Low,0.22546532388838258,Unassigned,new
15686780,Rogova,Spain,Low,0.2974884868284918,Unassigned,new
15640491,Raff,France,Low,0.07054459302354324,Unassigned,new
15783225,Cocci,France,High,0.8586935320243464,Unassigned,new
15734438,Kanayochukwu,France,Low,0.029925705719961032,Unassigned,new
15688760,Obialo,Germany,Low,0.24163566883197124,Unassigned,new
15768124,Liu,France,Low,0.20319440707695574,Unassigned,new
15661330,Gilbert,France,Low,0.10844969678407673,Unassigned,new
15781272,Coles,France,High,0.9666514966283379,Unassigned,new
15573888,Ponomaryov,Germany,Medium,0.67935426160276,Unassigned,new
15575858,Bergamaschi,France,Low,0.04066479589774842,Unassigned,new
15645937,Guerin,Spain,Low,0.15437355931457838,Unassigned,new
15702337,Sinclair,France,Low,0.014883803548798109,Unassigned,new
15764537,Dominguez,France,Low,0.049239317875565534,Unassigned,new
15619616,Costa,France,Low,0.06344648611628224,Unassigned,new
15585133,Wei,Spain,Low,0.025355315513591367,Unassigned,new
15573971,Mills,France,Low,0.057798293835502994,Unassigned,new
15579433,Pugh,Spain,Low,0.0523938817876705,Unassigned,new
15777045,Price,Spain,Medium,0.4994940641127833,Unassigned,new
15611580,Wood,Spain,Low,0.1147803357903682,Unassigned,new
15614778,Robertson,France,Low,0.014239181805208202,Unassigned,new
15771750,Sawtell,Germany,Low,0.3772402923790807,Unassigned,new
15593280,Yuryeva,Germany,Low,0.3188835113785663,Unassigned,new
15569274,Pisano,Germany,High,0.8069667480196236,Unassigned,new
15654408,Kharitonova,Spain,Low,0.10804993270786886,Unassigned,new
15657468,Simmons,Germany,High,0.8914243169769708,Unassigned,new
15614213,Muramats,France,Low,0.1221300836443003,Unassigned,new
15589869,Tang,France,Low,0.20886618950466637,Unassigned,new
15693205,Peng,Germany,High,0.919237091738027,Unassigned,new
15797113,Bevan,Spain,Low,0.036507141020194735,Unassigned,new
15676958,Zito,Germany,Low,0.02884644303334265,Unassigned,new
15739592,Sokolov,Germany,High,0.8814840188146632,Unassigned,new
15656263,Teng,Spain,Low,0.018037321014575464,Unassigned,new
15636872,Amadi,France,Low,0.0873398945508134,Unassigned,new
15589435,Davide,France,Low,0.00955721885330915,Unassigned,new
15640464,Parkes,France,Low,0.11014727008365655,Unassigned,new
15723851,Mazzanti,Spain,Low,0.3130857688742062,Unassigned,new
15722122,Findlay,France,Low,0.33562821283342764,Unassigned,new
15696852,Hsu,France,Low,0.30150964833288346,Unassigned,new
15634936,Chukwukadibia,France,Low,0.18500828167627076,Unassigned,new
15575935,Baxter,France,Low,0.275881061070416,Unassigned,new
15634491,Kung,France,Low,0.05339128032291475,Unassigned,new
15628530,Booth,France,Low,0.11812742610821589,Unassigned,new
15678720,Evans,France,Low,0.07858362026388366,Unassigned,new
15627999,Kung,Spain,Low,0.017846884057981714,Unassigned,new
15571244,Tung,Spain,Low,0.020798869831422085,Unassigned,new
15739931,Yuan,France,Low,0.05985978951667904,Unassigned,new
15806256,Jackson,France,Medium,0.5139169345451852,Unassigned,new
15787258,Ross,Spain,Low,0.029408553294116124,Unassigned,new
15706463,Yang,France,Low,0.020014787921250245,Unassigned,new
15691004,Yu,Spain,Low,0.19298222346249436,Unassigned,new
15792228,Onwumelu,France,High,0.7655641285648569,Unassigned,new
15733447,Gay,France,Low,0.3826754782096738,Unassigned,new
15679062,Morrison,Germany,Low,0.3031297616181205,Unassigned,new
15594409,Belov,France,Low,0.04477607410899252,Unassigned,new
15613816,Mao,Spain,Low,0.1902751824350068,Unassigned,new
15681991,Walsh,France,Low,0.07588024796135506,Unassigned,new
15796074,Bruno,France,Low,0.0806850645924227,Unassigned,new
15625941,Gray,Spain,Low,0.2879837117099573,Unassigned,new
15615016,Maurer,France,Low,0.013107800277573703,Unassigned,new
15748414,Chiang,Spain,Low,0.08610512922396475,Unassigned,new
15751203,Cattaneo,France,Low,0.013998595532682349,Unassigned,new
15662658,Grieve,Germany,Low,0.07113707634212055,Unassigned,new
15574868,Lowell,Germany,Low,0.08308598106533462,Unassigned,new
15790282,Trentino,Germany,Low,0.24973400644743854,Unassigned,new
15762927,Sung,Germany,Low,0.350392995018877,Unassigned,new
15803456,Yen,France,Medium,0.4522688442822112,Unassigned,new
15771857,Philipp,Spain,Low,0.05073592036272023,Unassigned,new
15700601,Dynon,France,Low,0.059097555223299056,Unassigned,new
15569670,Alexeyeva,Germany,Low,0.12405969656331949,Unassigned,new
15772341,Hs?eh,Germany,Low,0.05678476956308937,Unassigned,new
15661548,Ferri,France,Low,0.11550655855124817,Unassigned,new
15787597,Hsu,Germany,Low,0.08158172529278974,Unassigned,new
15806913,Bishop,France,Low,0.26567085232937143,Unassigned,new
15804862,Toscani,Germany,Medium,0.5212682246134134,Unassigned,new
15792986,T'ao,Germany,Low,0.2861679245320196,Unassigned,new
15625632,Philip,France,Low,0.03833628525011923,Unassigned,new
15727703,Li Fonti,Germany,Low,0.24765930634795247,Unassigned,new
15606273,Rene,France,Low,0.066095044429492,Unassigned,new
15799652,Daigle,France,Low,0.10357849732992079,Unassigned,new
15715047,Joshua,Spain,Low,0.32554281309864924,Unassigned,new
15784687,Simmons,France,Low,0.13192532461739342,Unassigned,new
15615322,Jamieson,Spain,Low,0.10225216431628217,Unassigned,new
15722072,Hou,France,Low,0.2609108671612014,Unassigned,new
15646784,Cochran,France,Low,0.056406126534602516,Unassigned,new
15644692,Bibb,France,Low,0.4368810031680723,Unassigned,new
15670354,Jen,France,Low,0.08330270484683157,Unassigned,new
15716357,Corran,Spain,Low,0.0865411502232996,Unassigned,new
15786717,He,France,Low,0.01941667699300908,Unassigned,new
15771383,Loggia,Germany,Medium,0.48341811096203,Unassigned,new
15649793,Lovely,France,Low,0.020368141093698736,Unassigned,new
15731543,Becker,Spain,Low,0.15974643796403304,Unassigned,new
15684516,Plascencia,Spain,Low,0.08751287910664966,Unassigned,new
15677249,Somadina,Spain,Low,0.12989779322972944,Unassigned,new
15581525,Walker,Germany,Low,0.04101019743474923,Unassigned,new
15628420,Alekseeva,Spain,Low,0.11347746794796569,Unassigned,new
15600478,Watson,France,Low,0.30187528261450614,Unassigned,new
15594502,Zotov,France,Low,0.05405366738725484,Unassigned,new
15784361,Williamson,Spain,Low,0.24576646400777494,Unassigned,new
15767626,Carpenter,France,Low,0.023049109343685863,Unassigned,new
15632521,Cattaneo,Germany,Low,0.311300594777823,Unassigned,new
15665088,Gordon,France,Low,0.06310578455765997,Unassigned,new
15652084,Boni,France,Low,0.118534103110983,Unassigned,new
15574761,Lynch,France,Low,0.12458313550892978,Unassigned,new
15729515,McCarthy,France,Low,0.021688695842179227,Unassigned,new
15682070,Davies,France,Low,0.024856843699594327,Unassigned,new
15743817,Hargreaves,Germany,High,0.8228591836545646,Unassigned,new
15572158,Blackburn,Spain,Low,0.3299409517722791,Unassigned,new
15584477,K?,Spain,Low,0.07747072609803173,Unassigned,new
15614893,Meng,Spain,Low,0.13408117909662332,Unassigned,new
15665963,Cattaneo,Spain,Low,0.04899005477066947,Unassigned,new
15612524,Hunt,Germany,Low,0.394159644517587,Unassigned,new
15596962,Owens,France,Low,0.04651243068755258,Unassigned,new
15744942,Steele,Spain,Low,0.3215185412228497,Unassigned,new
15573278,Kennedy,France,Low,0.029248299694253528,Unassigned,new
15717056,Pan,Germany,Low,0.22845256331156016,Unassigned,new
15795881,Alexander,Spain,Low,0.04335341017595374,Unassigned,new
15758939,Bray,Germany,Low,0.1555300379883476,Unassigned,new
15792250,Nnabuife,Germany,Medium,0.5440381200859234,Unassigned,new
15740406,Padovesi,Germany,Low,0.37675803733914864,Unassigned,new
15768137,Bray,Spain,Low,0.1671958828446712,Unassigned,new
15569120,Lucas,France,Low,0.012529034887859797,Unassigned,new
15723721,Tinline,France,Low,0.08347865525314191,Unassigned,new
15777122,Esomchi,France,Low,0.01830465515659383,Unassigned,new
15742681,Liao,Germany,Low,0.14962258463536798,Unassigned,new
15582090,Iroawuchi,Spain,Low,0.258395880220458,Unassigned,new
15711254,Retana,France,Low,0.04682531114287993,Unassigned,new
15775067,Fang,France,Low,0.17330317666813805,Unassigned,new
15602851,Ozioma,France,Low,0.28998486805610746,Unassigned,new
15802857,Robson,Spain,Low,0.07476086508989402,Unassigned,new
15701175,Bruno,France,Low,0.06444781844975865,Unassigned,new
15783019,Price,France,High,0.9968911852468534,Unassigned,new
15728912,Swanson,France,Low,0.41843540703683135,Unassigned,new
15585580,Chang,Germany,Medium,0.4723698327815642,Unassigned,new
15583480,Morgan,France,Low,0.027427397893685992,Unassigned,new
15620341,Nwebube,Germany,Low,0.13266086203053928,Unassigned,new
15613886,Trevisan,Spain,Low,0.4383921270605672,Unassigned,new
15792916,Ositadimma,Spain,Low,0.1397321596046804,Unassigned,new
15710408,Cunningham,Spain,Low,0.030450340619665284,Unassigned,new
15598695,Fields,Germany,Low,0.14681097140663174,Unassigned,new
15649354,Johnston,Spain,Low,0.01216531446818675,Unassigned,new
15737556,Vasilyev,France,Low,0.0833099699685972,Unassigned,new
15671610,Hooper,France,Low,0.09204736038224409,Unassigned,new
15625092,Colombo,Germany,High,0.9478447237050144,Unassigned,new
15741032,Tsao,France,Low,0.3855312592005184,Unassigned,new
15750014,Chikere,Germany,Low,0.12301585401794854,Unassigned,new
15784761,Ballard,Spain,High,0.9559501261363385,Unassigned,new
15768359,Akhtar,France,Low,0.1162445172240146,Unassigned,new
15805769,O'Loughlin,Spain,Low,0.017939578787926798,Unassigned,new
15719508,Davis,Germany,High,0.9881690684417295,Unassigned,new
15609011,Barry,Spain,Medium,0.5447240130871847,Unassigned,new
15703106,K'ung,France,Low,0.028166053139337264,Unassigned,new
15626795,Gorman,France,Low,0.3925663489363739,Unassigned,new
15773731,John,Spain,Low,0.03446663334274638,Unassigned,new
15756196,Tsou,France,Low,0.17722626660401353,Unassigned,new
15687903,Okonkwo,France,Low,0.030130563796237457,Unassigned,new
15777599,Esposito,Germany,Low,0.04586765131459735,Unassigned,new
15754577,Boni,France,High,0.8513858498246112,Unassigned,new
15584113,Pratt,Germany,Medium,0.6277746617895826,Unassigned,new
15669589,Page,Germany,Low,0.30537953046543137,Unassigned,new
15632793,Wilkinson,France,Low,0.06630350261488814,Unassigned,new
15711130,Tseng,France,Low,0.09327722361670449,Unassigned,new
15615254,Clark,France,Low,0.2924307513762672,Unassigned,new
15720583,Finch,Germany,Medium,0.531197628487127,Unassigned,new
15780432,Shen,France,Low,0.059693055208009965,Unassigned,new
15673223,Hou,France,Low,0.08109201147733937,Unassigned,new
15807989,Wall,Germany,Low,0.03111333904530495,Unassigned,new
15761168,Manna,France,Low,0.2655122173220661,Unassigned,new
15651272,Reyes,France,Low,0.016067657768178742,Unassigned,new
15812832,Jideofor,Germany,Low,0.06476611412271109,Unassigned,new
15680517,Sal,Germany,Low,0.19449089903638367,Unassigned,new
15750569,Iweobiegbunam,Germany,Medium,0.47407861407377805,Unassigned,new
15690743,Shao,France,Low,0.30059351836725356,Unassigned,new
15627741,Heath,Germany,Low,0.06482283508717986,Unassigned,new
15712121,Chidimma,Spain,Low,0.0894848574941792,Unassigned,new
15805429,Murray,Germany,Medium,0.4861885280775724,Unassigned,new
15814923,Sullivan,Spain,Low,0.05815812168808448,Unassigned,new
15589230,Wu,France,Low,0.28903928040036203,Unassigned,new
15775490,Downie,France,Low,0.10123168373831297,Unassigned,new
15749727,Chukwufumnanya,Spain,Low,0.10059539826899347,Unassigned,new
15619238,Allan,Spain,Low,0.018071086694832556,Unassigned,new
15593468,Findlay,France,Low,0.01584409214439113,Unassigned,new
15718454,Ch'eng,Spain,Low,0.1052246130576124,Unassigned,new
15789498,Miller,France,Low,0.04230924576961956,Unassigned,new
15744691,Tsai,France,Medium,0.45833767809484277,Unassigned,new
15708289,Graham,Spain,Low,0.07565167662116457,Unassigned,new
15790412,Norton,Spain,Low,0.01471648735195127,Unassigned,new
15741416,Yegorov,France,Low,0.19553418238215364,Unassigned,new
15598894,Holt,Spain,Low,0.11117531774840274,Unassigned,new
15663294,Kao,France,Low,0.045449218065980554,Unassigned,new
15572728,Ross,Spain,Low,0.09542155112632196,Unassigned,new
15706729,Hsiao,France,Low,0.09893710841095305,Unassigned,new
15674433,Allan,Germany,Low,0.38496417352506695,Unassigned,new
15641170,Liang,Spain,Low,0.22902353394417987,Unassigned,new
15806284,Briggs,Spain,Low,0.010797020448917139,Unassigned,new
15690958,Cantrell,Germany,Low,0.15007248070973778,Unassigned,new
15606386,Wang,Germany,High,0.9840343747834188,Unassigned,new
15682322,Aksenov,France,Low,0.03819177043180872,Unassigned,new
15579915,Glennon,France,Low,0.017869060804436142,Unassigned,new
15681928,Yancy,France,Low,0.1319075005414109,Unassigned,new
15734005,Mazzi,France,Low,0.07363347161770369,Unassigned,new
15650432,Liu,Germany,Low,0.17428243809532537,Unassigned,new
15592578,Nucci,Spain,Low,0.1618158692250776,Unassigned,new
15671243,Y?,France,Low,0.19041142411571338,Unassigned,new
15775709,Nucci,France,Low,0.11668186811420585,Unassigned,new
15702631,Tang,France,Low,0.018053360963041203,Unassigned,new
15602282,Kao,Germany,Medium,0.4735537615535446,Unassigned,new
15717879,Chen,Spain,Low,0.02405098077724235,Unassigned,new
15740878,Yao,Spain,Low,0.019210801775152615,Unassigned,new
15794468,Tsou,France,Low,0.07536829635564492,Unassigned,new
15773277,Barnes,France,Low,0.04372259814935813,Unassigned,new
15572657,H?,France,Low,0.06452458729548428,Unassigned,new
15800295,Cruz,Germany,Low,0.0744703901656605,Unassigned,new
15672397,Smith,France,Low,0.12827429718936792,Unassigned,new
15684921,Onuchukwu,Spain,Low,0.03810219389453823,Unassigned,new
15720676,Bukowski,France,Low,0.03637113713746491,Unassigned,new
15731829,Simmons,France,Low,0.017536208259340276,Unassigned,new
15732672,Stewart,Spain,Low,0.07729904526151583,Unassigned,new
15692406,Gow,France,Low,0.02621740065343426,Unassigned,new
15764405,Williams,France,Low,0.009255530471032848,Unassigned,new
15757537,Francis,France,Low,0.07453513362528681,Unassigned,new
15793307,Calabresi,Spain,High,0.9316087974014745,Unassigned,new
15660679,Chimaobim,Spain,Low,0.1596874569425499,Unassigned,new
15666856,Chikwendu,France,Low,0.28142105570242,Unassigned,new
15687372,Padovesi,Germany,Medium,0.5400665326099672,Unassigned,new
15667289,Henderson,Spain,Low,0.20104146277214932,Unassigned,new
15624641,Kharlamova,Spain,Medium,0.5442117027057043,Unassigned,new
15734610,Onio,France,High,0.878377780350696,Unassigned,new
15631882,Yeh,Germany,Medium,0.6200229949683017,Unassigned,new
15642709,Feng,France,Low,0.02293111183393237,Unassigned,new
15811026,Norman,Germany,Low,0.1993282519456041,Unassigned,new
15596303,White,France,Low,0.0526672590523997,Unassigned,new
15787255,Manfrin,Germany,High,0.9694619935577434,Unassigned,new
15617166,Ritchie,France,Low,0.18495626041608043,Unassigned,new
15742442,Udegbulam,Spain,Low,0.32713583293503984,Unassigned,new
15758692,Kao,France,Low,0.13871194028222603,Unassigned,new
15568238,Diaz,Spain,Low,0.009069700459416257,Unassigned,new
15730353,Olisaemeka,Germany,Low,0.06189707322564862,Unassigned,new
15731555,Ross-Watt,Germany,High,0.8062627073229178,Unassigned,new
15582404,Miller,Spain,Low,0.028964665404901887,Unassigned,new
15721462,Shubin,Spain,Low,0.07495960965374157,Unassigned,new
15632899,Nwankwo,Spain,Low,0.032515308836829564,Unassigned,new
15808526,Cartwright,Germany,Medium,0.5535703503603537,Unassigned,new
15694349,Ngozichukwuka,Spain,Low,0.2762276763613323,Unassigned,new
15718465,Sadler,Germany,High,0.8384213722765255,Unassigned,new
15682995,Azuka,France,Low,0.14242382414866664,Unassigned,new
15584776,Shen,Spain,Low,0.1472049814829806,Unassigned,new
15777772,Whittaker,Spain,Low,0.1707134622843047,Unassigned,new
15576156,Abazu,Spain,Low,0.23003876122150346,Unassigned,new
15646756,Murphy,France,Low,0.08637479749798743,Unassigned,new
15742886,Ford,France,Low,0.0274751616382637,Unassigned,new
15586135,Gratwick,Spain,Low,0.1545426326413445,Unassigned,new
15616152,Pai,France,Medium,0.6915539957978849,Unassigned,new
15721460,Lorenzo,France,High,0.9310836296683618,Unassigned,new
15727317,Brady,Germany,High,0.988912247963291,Unassigned,new
15649536,Wong,Germany,Low,0.3587820762411998,Unassigned,new
15754929,Douglas,France,Low,0.026669691711923755,Unassigned,new
15572051,Kennedy,France,Low,0.17921103235568633,Unassigned,new
15668142,Chang,France,Low,0.033197980949287165,Unassigned,new
15701176,Brown,France,Low,0.09697214870572073,Unassigned,new
15708422,Hsiung,Spain,Low,0.03472878227177808,Unassigned,new
15655632,MacDonald,France,Low,0.09190033645752635,Unassigned,new
15744606,Davidson,Spain,Low,0.057954757985445665,Unassigned,new
15612140,Milano,Spain,Low,0.24924281114353067,Unassigned,new
15656086,Bovee,Spain,Low,0.2145559787403671,Unassigned,new
15655298,Lewis,Spain,Low,0.08234981360264826,Unassigned,new
15644796,Dyer,Spain,Low,0.029628929514329598,Unassigned,new
15726250,Hsia,France,Low,0.09316199694268625,Unassigned,new
15764432,Hicks,Germany,Low,0.40560834957876285,Unassigned,new
15631721,Millar,Germany,Low,0.06162362761638836,Unassigned,new
15707479,Fan,France,Low,0.17381998608661015,Unassigned,new
15579826,Young,France,High,0.8152242266858567,Unassigned,new
15668104,Kerr,Spain,Low,0.06755248301916016,Unassigned,new
15641604,Frolova,France,High,0.8602402114150955,Unassigned,new
15587240,Vasilyev,France,Low,0.062106371086449653,Unassigned,new
15680767,Sabbatini,Germany,Low,0.1813045207403214,Unassigned,new
15601594,Ifeanacho,France,High,0.9968454325373491,Unassigned,new
15589969,Capon,France,Low,0.0801837892962164,Unassigned,new
15703728,Chieloka,Spain,Medium,0.6505158752247093,Unassigned,new
15617790,Hanson,France,Low,0.05886285415658883,Unassigned,new
15662500,Ts'ao,Spain,Low,0.015887811445608257,Unassigned,new
15778526,Bradshaw,Spain,Low,0.22886071819226142,Unassigned,new
15670584,Nkemakolam,Spain,Low,0.10048589084474187,Unassigned,new
15748069,Clunie,France,Low,0.05994082353218728,Unassigned,new
15680597,Cover,Germany,Low,0.17167658785421122,Unassigned,new
15628992,Esposito,Germany,Low,0.07792270270816472,Unassigned,new
15719624,Hodgson,France,Low,0.1841810027418798,Unassigned,new
15812767,Harvey,Spain,Low,0.016511281845742794,Unassigned,new
15689201,Dobie,France,Medium,0.45260105438165127,Unassigned,new
15614716,Okwudilichukwu,France,Low,0.15646822307986405,Unassigned,new
15683618,Dyer,France,Low,0.09405190504009968,Unassigned,new
15799631,Chase,Spain,Low,0.014931398642849869,Unassigned,new
15692259,Baresi,France,Low,0.0293434914600821,Unassigned,new
15590966,Lo,Germany,Low,0.20046692313208178,Unassigned,new
15656426,Tyler,France,Low,0.07246037063594395,Unassigned,new
15675256,Ts'ui,Spain,Low,0.046259177204244835,Unassigned,new
15751185,Aparicio,Spain,Medium,0.5599061770417648,Unassigned,new
15789582,Macleod,France,High,0.8731026306886255,Unassigned,new
15651103,Sal,Spain,Low,0.16204482824656175,Unassigned,new
15672299,Yeh,France,Low,0.06255946986453767,Unassigned,new
15772250,Udegbunam,Spain,Medium,0.6535688341494419,Unassigned,new
15763922,Alexandrov,France,Low,0.027611491624272053,Unassigned,new
15633870,Ozioma,France,Low,0.017694892589907935,Unassigned,new
15624323,Atkins,France,Low,0.017633862821539628,Unassigned,new
15688612,Campos,France,Low,0.11145037629321679,Unassigned,new
15694644,Wood,Spain,Low,0.3232305595567367,Unassigned,new
15587174,Kerr,France,Low,0.009876127338544968,Unassigned,new
15579559,Chienezie,Spain,Low,0.04591582640749079,Unassigned,new
15775430,Tsou,Germany,Low,0.0649111605309923,Unassigned,new
15623695,McKinnon,France,Low,0.019258209298652976,Unassigned,new
15760849,Nwachukwu,France,Low,0.024902562834872147,Unassigned,new
15813095,Nwebube,France,Low,0.0216178004353211,Unassigned,new
15705281,Burt,Spain,Low,0.2256999572456313,Unassigned,new
15812594,Ross,France,Low,0.01767671790230736,Unassigned,new
15626322,Lees,Spain,Low,0.09509265942344701,Unassigned,new
15723105,Feetham,France,Low,0.13951468848640824,Unassigned,new
15588449,Chuang,Spain,Low,0.09927985544886203,Unassigned,new
15794849,Aitken,Germany,Low,0.058838237486878345,Unassigned,new
15620000,Chambers,Germany,Low,0.05435635275937142,Unassigned,new
15799720,Coburn,Spain,Low,0.10591860301889121,Unassigned,new
15711287,Ahmed,Spain,Low,0.1634208345706822,Unassigned,new
15613102,Ogochukwu,France,Low,0.12728400305348528,Unassigned,new
15621440,Soto,France,Low,0.019754011708602144,Unassigned,new
15677146,Obiajulu,France,Low,0.06800785269137241,Unassigned,new
15801169,Yegorova,Germany,Medium,0.4506253762605797,Unassigned,new
15722425,Lucchese,France,Low,0.016257942404769077,Unassigned,new
15682421,Talbot,France,Low,0.019813704626557623,Unassigned,new
15691910,Lu,Spain,Low,0.43024089070329335,Unassigned,new
15721779,Arnold,Spain,Low,0.09581839673319928,Unassigned,new
15579548,Nicholson,Spain,Low,0.02177585377743924,Unassigned,new
15681075,Chukwualuka,France,Low,0.4242617672819109,Unassigned,new
15607884,Wallace,France,Low,0.03157256911805983,Unassigned,new
15767757,Pisano,Spain,Low,0.06777507743997238,Unassigned,new
15791550,Kelly,France,Low,0.0423744655698553,Unassigned,new
15658589,Brady,Spain,Low,0.07371154196046682,Unassigned,new
15670822,Palmer,France,Low,0.0769444631928813,Unassigned,new
15629744,Tan,France,Low,0.0279887565809339,Unassigned,new
15660768,L?,France,Low,0.2021993992014734,Unassigned,new
15726310,Mordvinova,Spain,Low,0.03651690087967001,Unassigned,new
15641298,Corones,Germany,Low,0.17234667697012498,Unassigned,new
15625675,Clements,France,Low,0.13474243609148953,Unassigned,new
15713354,Morrice,Germany,Low,0.28820092148868337,Unassigned,new
15633866,Hsiung,Germany,Low,0.14259134014707894,Unassigned,new
15704231,Barrett,France,Low,0.10488185456231165,Unassigned,new
15735400,Kanayochukwu,France,Low,0.2056342458837232,Unassigned,new
15632826,Tardent,France,Low,0.13245011936158643,Unassigned,new
15751022,Bowhay,Germany,Low,0.11606747058123473,Unassigned,new
15664737,Lei,Spain,Low,0.030793164086198963,Unassigned,new
15681126,Baker,Spain,Low,0.22268185232392523,Unassigned,new
15738954,Pisano,France,Low,0.04364625879719066,Unassigned,new
15662263,Castillo,Germany,Low,0.03793650440640202,Unassigned,new
15621611,Gibson,Germany,Medium,0.48778626016877785,Unassigned,new
15783752,Lindsay,Germany,Low,0.1218989424800606,Unassigned,new
15709474,Macnamara,Germany,Low,0.3469512246367562,Unassigned,new
15701280,Romano,France,Low,0.08340757781022007,Unassigned,new
15671104,Aksakova,Spain,Low,0.20201592110764505,Unassigned,new
15796434,Farnsworth,France,Low,0.039251457761637736,Unassigned,new
15781505,Giordano,France,Low,0.02994977861302191,Unassigned,new
15625819,Arnold,France,Low,0.3398400354044806,Unassigned,new
15753174,Thompson,Germany,High,0.9088785726458809,Unassigned,new
15654067,Koch,Spain,Low,0.029352445329894464,Unassigned,new
15724719,Jones,France,Low,0.12954074214786718,Unassigned,new
15624695,Otitodilinna,Spain,Low,0.04394955572840547,Unassigned,new
15718216,Fleetwood-Smith,Spain,Low,0.4087630859283866,Unassigned,new
15586300,Chinonyelum,France,Low,0.017675599094164673,Unassigned,new
15783349,Montague,Spain,Low,0.09197496995965056,Unassigned,new
15725767,Milani,France,Low,0.016088356432376046,Unassigned,new
15791925,Palermo,France,Low,0.043497232112868905,Unassigned,new
15793585,Anderson,France,Low,0.010932558521917999,Unassigned,new
15576641,Crawford,Germany,Low,0.12002055730222032,Unassigned,new
15749519,Lin,France,High,0.8757802822895615,Unassigned,new
15684960,Yewen,France,Medium,0.6584809310972388,Unassigned,new
15591286,Simmons,Germany,Medium,0.5587700203092077,Unassigned,new
15668323,Mbadiwe,France,Low,0.22600832492046324,Unassigned,new
15608528,Munro,France,High,0.838553124535403,Unassigned,new
15645184,Graham,France,Low,0.019977307972330986,Unassigned,new
15702566,Lombardo,Spain,Low,0.04416542322065469,Unassigned,new
15660840,Kalinin,France,Low,0.0817586412358909,Unassigned,new
15750811,Woodward,Germany,Medium,0.6348266136869437,Unassigned,new
15733842,Pirozzi,France,Low,0.12379454067768147,Unassigned,new
15581526,Iweobiegbulam,France,Low,0.03651758700461349,Unassigned,new
15662751,Piazza,Germany,Low,0.2420686288025602,Unassigned,new
15684319,Baranova,Germany,Low,0.3723864884770897,Unassigned,new
15702190,Fan,Spain,Low,0.03520695043818395,Unassigned,new
15588517,Sun,France,Low,0.01653437107639067,Unassigned,new
15801863,Marino,France,Low,0.05203945909136416,Unassigned,new
15584271,Donaldson,France,Low,0.3094730463615,Unassigned,new
15700366,Burton,France,Low,0.08705452277073349,Unassigned,new
15804038,Quinn,France,Low,0.25739528624942054,Unassigned,new
15720820,Sabbatini,Germany,Low,0.030604346011215523,Unassigned,new
15743759,Brooks,France,Low,0.024768279071693485,Unassigned,new
15749947,Black,France,Low,0.05878469612952943,Unassigned,new
15670496,Schwartz,Spain,Low,0.027838517030468746,Unassigned,new
15746664,Ts'ui,Spain,Low,0.10763309893015618,Unassigned,new
15745533,Sargent,France,High,0.7798250985236875,Unassigned,new
15761497,Udinesi,Spain,Medium,0.6520174661651287,Unassigned,new
15628600,Lee,Germany,Medium,0.5627411028412492,Unassigned,new
15627002,Taylor,France,Low,0.0745246643163531,Unassigned,new
15614635,Kepley,France,Low,0.2856050478743039,Unassigned,new
15731281,Ozuluonye,Germany,Low,0.07230472839203844,Unassigned,new
15814022,Lassetter,France,Low,0.12520432629562633,Unassigned,new
15659194,Mishina,France,Low,0.044946797787650636,Unassigned,new
15745030,Trevisano,Germany,Low,0.06369538590394938,Unassigned,new
15691817,Iloerika,Spain,High,0.8314265369651717,Unassigned,new
15707488,Tan,France,Low,0.029190836992783978,Unassigned,new
15784700,Chikelu,France,Low,0.04518478177726751,Unassigned,new
15710397,Lin,France,Low,0.017748677951530824,Unassigned,new
15687648,Nicholson,France,Low,0.014840045855960425,Unassigned,new
15732281,Ugoji,Germany,Low,0.23949530500041066,Unassigned,new
15607230,Michel,Germany,Low,0.04040302121968602,Unassigned,new
15567630,Bruce,Germany,Low,0.4034012059174159,Unassigned,new
15587507,Feng,France,Medium,0.7007713548561368,Unassigned,new
15733904,McDonald,France,Low,0.1017440422902075,Unassigned,new
15709511,Watt,France,Low,0.05972525118180821,Unassigned,new
15579616,Goodwin,France,Low,0.08338449229400713,Unassigned,new
15694852,Arcuri,France,Low,0.027074725864239334,Unassigned,new
15589924,Rapuluolisa,Spain,Low,0.05024963065930297,Unassigned,new
15799300,Kao,Germany,Low,0.27659155919455,Unassigned,new
15731330,Tsui,Spain,Low,0.14153830011880378,Unassigned,new
15694129,Summers,Germany,Low,0.30184245187541203,Unassigned,new
15620372,Cross,Spain,Low,0.016904682263224485,Unassigned,new
15744622,Osorio,France,Low,0.07727877397595828,Unassigned,new
15799815,Bobrov,Germany,Low,0.13698663338597483,Unassigned,new
15759250,Barnett,Germany,Medium,0.5475174007965504,Unassigned,new
15732643,Pike,Spain,Low,0.31548251526635435,Unassigned,new
15690540,Gearheart,Spain,Low,0.24442160261829105,Unassigned,new
15803078,Bruno,Spain,Low,0.045555503390185874,Unassigned,new
15652180,Egobudike,France,Low,0.01161343440527509,Unassigned,new
15741195,Okechukwu,Spain,Low,0.09161287442586594,Unassigned,new
15743490,Zikoranachidimma,Germany,High,0.9409744618795383,Unassigned,new
15575510,Milanesi,France,Low,0.09968024228898954,Unassigned,new
15732610,Ahern,France,Low,0.03739943400005428,Unassigned,new
15602909,Dickson,Spain,Low,0.06221662616545881,Unassigned,new
15734058,Anayochukwu,Germany,Low,0.06119112011241749,Unassigned,new
15801788,McDonald,Germany,Low,0.118193669249467,Unassigned,new
15702462,Fiorentini,Spain,Low,0.3440510797924853,Unassigned,new
15683416,Russo,Germany,High,0.9706509364235179,Unassigned,new
15794187,Young,France,Low,0.048072225981530624,Unassigned,new
15792989,Bianchi,France,Low,0.07252330774920081,Unassigned,new
15613734,Fallaci,France,Low,0.0376764801801158,Unassigned,new
15606177,Crawford,France,Low,0.031437449887286854,Unassigned,new
15636700,Marsh,France,Low,0.08207934733843236,Unassigned,new
15645766,Kosisochukwu,Spain,Low,0.0091593083168517,Unassigned,new
15671345,Piccio,Spain,Low,0.12620194009405,Unassigned,new
15652469,Nevels,France,Low,0.015694520756675857,Unassigned,new
15749638,Kaodilinakachukwu,France,Low,0.3855669270826139,Unassigned,new
15728706,Amaechi,France,High,0.7941730697079269,Unassigned,new
15735439,P'an,Spain,Low,0.11960779469139524,Unassigned,new
15778696,Ikemefuna,Spain,Low,0.23940257077058874,Unassigned,new
15624744,Tai,Germany,Medium,0.5126940332033625,Unassigned,new
15584338,Winn,France,Low,0.06502550113481438,Unassigned,new
15726178,Hardy,Spain,Low,0.274874645073378,Unassigned,new
15794939,Chiu,France,Low,0.03553111844346153,Unassigned,new
15788068,Lopez,Germany,High,0.9716920226535082,Unassigned,new
15572956,Steen,France,Low,0.05105763134254638,Unassigned,new
15780386,Ferri,Spain,Low,0.18685319707719206,Unassigned,new
15791114,Yegorova,France,Low,0.10308710892299998,Unassigned,new
15708046,Knowles,Spain,Low,0.07260430221237069,Unassigned,new
15719779,May,Germany,Low,0.05135012721600373,Unassigned,new
15591550,Bianchi,Spain,Low,0.14098254955395162,Unassigned,new
15639368,Pipes,France,Low,0.07217835852254488,Unassigned,new
15699830,Doherty,France,Low,0.040738296943712914,Unassigned,new
15569264,Yobanna,France,Low,0.08883259353664118,Unassigned,new
15595158,Hsu,Germany,Low,0.034952704018079414,Unassigned,new
15599126,Russell,France,Low,0.22409211542383078,Unassigned,new
15650575,Payne,Spain,Low,0.10506550164853512,Unassigned,new
15641490,Windsor,Germany,Low,0.03738333469126052,Unassigned,new
15680234,Bray,Germany,Low,0.18674324174170595,Unassigned,new
15592230,Seleznyov,France,Low,0.03167314210382194,Unassigned,new
15626212,Wark,France,Low,0.09052703258353752,Unassigned,new
15700627,Y?,Germany,Medium,0.7367781175132994,Unassigned,new
15782641,Brown,Spain,Low,0.15167964033892067,Unassigned,new
15784445,Huang,Spain,Low,0.09665793615830105,Unassigned,new
15813681,Zito,Germany,Low,0.0429747943210488,Unassigned,new
15596649,Bailey,France,Low,0.33932567710107037,Unassigned,new
15700460,Allnutt,France,Low,0.3281865437364427,Unassigned,new
15724076,Christie,Spain,High,0.9815373805878627,Unassigned,new
15784000,Pope,Germany,Low,0.3783351497422592,Unassigned,new
15733966,Johnstone,Germany,Medium,0.5291327909389976,Unassigned,new
15612667,Bird,Spain,Low,0.3634182120306374,Unassigned,new
15654025,Jones,France,Medium,0.7210455417246512,Unassigned,new
15589431,Pedder,Germany,Low,0.21796011301928697,Unassigned,new
15578238,Calabrese,France,Low,0.1735145686909981,Unassigned,new
15566269,Chialuka,France,Low,0.014406177611975218,Unassigned,new
15639217,McKenzie,France,Low,0.015763485613032514,Unassigned,new
15688644,Holloway,France,Low,0.07546724283743673,Unassigned,new
15662426,Tang,Spain,Low,0.08933335996299771,Unassigned,new
15720511,Byrne,Germany,Low,0.3272338701622005,Unassigned,new
15567246,Selwyn,Germany,Low,0.0443805947964341,Unassigned,new
15647965,Genovese,France,Low,0.16914028837707912,Unassigned,new
15679048,Koger,Germany,Low,0.29984716477717793,Unassigned,new
15675749,Baranov,France,Low,0.01881053389155644,Unassigned,new
15782181,Greco,Spain,Low,0.12485740203097684,Unassigned,new
15795738,Owens,France,Low,0.09680753375306671,Unassigned,new
15773751,Y?,France,Low,0.11848357241974862,Unassigned,new
15655436,Kendall,Germany,Low,0.4075645019651989,Unassigned,new
15691396,Ko,Germany,Low,0.09013550187648524,Unassigned,new
15796958,Tang,France,Low,0.02737322803119379,Unassigned,new
15801832,Lombardo,Germany,Low,0.39885306233596457,Unassigned,new
15661349,Perkins,France,Low,0.020022682487439228,Unassigned,new
15719265,Feng,France,Low,0.12440826415664712,Unassigned,new
15779985,Lo,Germany,Low,0.12385258654631341,Unassigned,new
15663410,Piccio,Spain,High,0.9684314308981868,Unassigned,new
15704144,Mazzanti,Germany,Low,0.04400838458171092,Unassigned,new
15774104,Chukwualuka,Spain,Low,0.023576597568145497,Unassigned,new
15812230,Elliot,Germany,High,0.7901332389524302,Unassigned,new
15742848,Gratton,France,Low,0.17573743115440119,Unassigned,new
15745326,Carandini,France,High,0.920833309188463,Unassigned,new
15674541,Robinson,Spain,Medium,0.609655001875333,Unassigned,new
15728564,Lo,France,Low,0.028279619287557498,Unassigned,new
15580701,Ma,France,Low,0.08328126400769957,Unassigned,new
15688973,Vinogradova,Spain,Low,0.03406827165653667,Unassigned,new
15709412,H?,Spain,Low,0.010827314753490368,Unassigned,new
15607753,Alexandrova,Spain,Low,0.10355180180022132,Unassigned,new
15705352,Yang,Spain,Low,0.06405266292434854,Unassigned,new
15602500,Maslova,Spain,Low,0.06974859119964225,Unassigned,new
15672437,Buccho,France,Low,0.021610032997006385,Unassigned,new
15720968,Young,Germany,Low,0.06789316445962351,Unassigned,new
15730796,Barker,France,Low,0.06927456886807862,Unassigned,new
15768219,Sung,Spain,Low,0.01968484659248075,Unassigned,new
15663883,Hansen,Germany,Low,0.03710794293496952,Unassigned,new
15589296,Brown,France,Low,0.13207064674674848,Unassigned,new
15586425,Lo Duca,France,Low,0.014120530149039433,Unassigned,new
15679813,Ellis,Spain,Low,0.15458378681638657,Unassigned,new
15681410,Korff,Germany,Low,0.29544262587243175,Unassigned,new
15668283,Gardiner,France,High,0.9871307483349949,Unassigned,new
15624072,Kiernan,Spain,Low,0.017096658478779635,Unassigned,new
15669664,Thompson,Germany,High,0.9398843024072622,Unassigned,new
15682728,Mathews,France,Low,0.028765887215839545,Unassigned,new
15573851,Macrossan,France,Medium,0.6156627164500569,Unassigned,new
15733661,Illingworth,Spain,Low,0.07300903666270663,Unassigned,new
15710012,Bowen,Spain,Low,0.07268126960600449,Unassigned,new
15763327,Craig,France,Low,0.03185949593182931,Unassigned,new
15668853,Menhennitt,Spain,Low,0.21524456288696497,Unassigned,new
15639303,Moore,Germany,Medium,0.5367422779859267,Unassigned,new
15691011,Shoebridge,France,Low,0.08827888700234969,Unassigned,new
15638513,Palermo,France,Low,0.13667229263244252,Unassigned,new
15648933,Reilly,Germany,Medium,0.47672173011738206,Unassigned,new
15628904,Bowen,Spain,Low,0.044956610246275015,Unassigned,new
15644788,Fyodorov,France,Low,0.0423303284449085,Unassigned,new
15598161,Clements,France,Low,0.12366934734458358,Unassigned,new
15745624,McKenzie,France,Low,0.023377992251496227,Unassigned,new
15733169,Craig,Spain,Low,0.04431758411099457,Unassigned,new
15801417,Iloerika,France,Low,0.07976912551492366,Unassigned,new
15592707,Dolgorukova,Germany,Low,0.04687525990113058,Unassigned,new
15593954,Eva,France,Medium,0.5825044022916757,Unassigned,new
15714431,Yeh,France,Low,0.043957197526172664,Unassigned,new
15638257,P'an,Spain,Low,0.1872452019252486,Unassigned,new
15690939,Howe,Spain,Low,0.08365953414961713,Unassigned,new
15723613,Jenkins,France,Low,0.02600846424605478,Unassigned,new
15813640,Shih,France,Low,0.050925303077661015,Unassigned,new
15707322,Nnamdi,France,Medium,0.604383246316192,Unassigned,new
15588918,Mitchell,France,Low,0.107530713434728,Unassigned,new
15600357,Findlay,France,Low,0.1641885636728495,Unassigned,new
15747014,Pisani,France,Low,0.05701161850763857,Unassigned,new
15809830,Belisario,France,Low,0.075820501174901,Unassigned,new
15662245,Pomeroy,France,Low,0.01071839033640294,Unassigned,new
15651075,Ibrahimova,Germany,Low,0.1466753416558499,Unassigned,new
15594456,K?,Spain,Low,0.2848767966747671,Unassigned,new
15583462,Graham,France,Low,0.04612146142772308,Unassigned,new
15757661,Trevisano,France,Low,0.04595782143375966,Unassigned,new
15729117,Trevisano,France,Low,0.07313995580074754,Unassigned,new
15749671,K?,France,Low,0.011054365834475667,Unassigned,new
15566253,Manning,Germany,Medium,0.5502369414373145,Unassigned,new
15595153,Tucker,Germany,Low,0.3634847537995197,Unassigned,new
15698572,Schaffer,Spain,Low,0.2604785187437294,Unassigned,new
15674149,Esomchi,Germany,Low,0.07007100007321082,Unassigned,new
15623082,Ch'ang,France,Low,0.03543012448187194,Unassigned,new
15797905,Walker,France,Low,0.2004941881490715,Unassigned,new
15746028,Chu,France,Low,0.037649472068092,Unassigned,new
15582951,Crawford,France,Low,0.1157582102234784,Unassigned,new
15616471,Milne,Spain,Low,0.4387396631863676,Unassigned,new
15641575,Anenechukwu,France,Low,0.12159495091474817,Unassigned,new
15638803,Donaldson,Spain,Low,0.03356249387334449,Unassigned,new
15808283,Kelly,France,Low,0.2360391813575925,Unassigned,new
15811200,Ts'ao,France,Low,0.0338019204857094,Unassigned,new
15733476,Gonzalez,Germany,Low,0.06706646529483869,Unassigned,new
15633274,Tai,France,Low,0.09910225398553225,Unassigned,new
15582168,Muravyova,Germany,High,0.8078100637896592,Unassigned,new
15807269,Milanesi,Germany,Low,0.4103066762603067,Unassigned,new
15602979,Lin,France,Low,0.08896049299284524,Unassigned,new
15660417,Lambert,Germany,Medium,0.5971502510909976,Unassigned,new
15590199,Temple,Spain,Low,0.0473275803156552,Unassigned,new
15641794,Ridley,France,Low,0.029173065591599108,Unassigned,new
15779174,Young,France,Low,0.04199152832013239,Unassigned,new
15785547,Slye,France,Low,0.11455850817790127,Unassigned,new
15795124,Pan,Germany,Medium,0.49563523760674355,Unassigned,new
15718912,Hsueh,Germany,Medium,0.4870174390365036,Unassigned,new
15592028,Roberts,France,Low,0.421274447616244,Unassigned,new
15580227,Moss,France,Low,0.01697746468535098,Unassigned,new
15657830,Andrews,France,Low,0.11434281769825921,Unassigned,new
15798256,Takasuka,France,Low,0.2430760330348223,Unassigned,new
15643819,Dawson,France,Low,0.024818499253550248,Unassigned,new
15754301,Bruche,France,Low,0.23079093569747125,Unassigned,new
15726855,Oliver,Germany,Medium,0.7305350333469874,Unassigned,new
15755225,Ryan,Germany,Low,0.07099320276379678,Unassigned,new
15725221,Sabbatini,Germany,Low,0.2590391891210187,Unassigned,new
15789055,Watt,Spain,Low,0.09629202728642083,Unassigned,new
15617507,Wilson,Spain,Low,0.03454926381190034,Unassigned,new
15668894,Abramova,Germany,Low,0.12123006018014286,Unassigned,new
15589563,Purdy,Spain,Low,0.04733127213493047,Unassigned,new
15693162,Higgins,France,Low,0.11446982759398923,Unassigned,new
15750099,Marshall,France,Low,0.2934464840218264,Unassigned,new
15795540,Reye,France,Low,0.11417252614126344,Unassigned,new
15794941,Chibueze,Germany,High,0.8208978096740841,Unassigned,new
15611848,Kwemtochukwu,Germany,Low,0.11952147759290044,Unassigned,new
15581237,Biryukova,Spain,Low,0.051156941338072276,Unassigned,new
15738150,Chidozie,France,Low,0.053824977581671915,Unassigned,new
15678571,Barber,France,Low,0.012165675402107546,Unassigned,new
15736124,Thompson,France,Low,0.022717852439513735,Unassigned,new
15623202,Maslov,Germany,Low,0.206723422121929,Unassigned,new
15804201,Jones,Germany,Low,0.33324604807910463,Unassigned,new
15596863,Chidumaga,Germany,Low,0.21280512247485794,Unassigned,new
15696277,Hs?,France,Low,0.031787535467934454,Unassigned,new
15748608,Trentini,Germany,Low,0.31916066415659067,Unassigned,new
15723864,Lucas,Spain,Low,0.27826908502598635,Unassigned,new
15802390,Willoughby,France,Low,0.019448189329485544,Unassigned,new
15774336,Jamieson,Germany,Low,0.18005546920008772,Unassigned,new
15648766,Robertson,Spain,Low,0.08970951702625175,Unassigned,new
15659094,Ojiofor,Germany,Low,0.1228053336964274,Unassigned,new
15606397,Cameron,Germany,Medium,0.4638439957508433,Unassigned,new
15642619,Mayne,Spain,Low,0.131557127230072,Unassigned,new
15666032,Mancini,Spain,Low,0.08408837503782543,Unassigned,new
15595842,Paramor,Germany,Medium,0.6756374863657709,Unassigned,new
15753837,Young,Spain,Low,0.024282713863005862,Unassigned,new
15783882,Daly,Spain,Low,0.043400750224673205,Unassigned,new
15799790,Carter,France,Low,0.08157155934425407,Unassigned,new
15628155,Dike,France,Low,0.1850135073590916,Unassigned,new
15703778,Hughes,France,Low,0.04857195293082891,Unassigned,new
15722322,Green,Spain,Low,0.013238265808311096,Unassigned,new
15639278,Chinomso,Germany,Low,0.1349564252179568,Unassigned,new
15568487,Gorshkov,France,Low,0.05170700761914927,Unassigned,new
15682084,Chinomso,France,Low,0.013871903387842366,Unassigned,new
15642821,Ijendu,Spain,High,0.8875457877610764,Unassigned,new
15601387,Yen,France,Low,0.017430086963375283,Unassigned,new
15642515,Arcuri,France,Low,0.06017291411531841,Unassigned,new
15710421,Baresi,Spain,Low,0.13892287594060296,Unassigned,new
15726774,Field,France,Low,0.08654598578228063,Unassigned,new
15649078,Christian,Germany,Low,0.057756885920785254,Unassigned,new
15641877,Ross,France,Low,0.20516466737652347,Unassigned,new
15796496,Trevisani,France,Low,0.15233196680150096,Unassigned,new
15815690,Akabueze,Spain,Low,0.14834277430529244,Unassigned,new
15631739,Dunn,Spain,Low,0.03688622549415182,Unassigned,new
15625584,Martin,France,Low,0.039207241055044265,Unassigned,new
15802466,Donaldson,France,Low,0.09191474759027074,Unassigned,new
15697028,McClinton,Spain,Low,0.0211394119193513,Unassigned,new
15575759,Bentley,Spain,Low,0.3733527614134791,Unassigned,new
15567442,Ibezimako,France,Low,0.007730883388467648,Unassigned,new
15746805,Thomson,France,Low,0.015215487438267209,Unassigned,new
15636330,Ch'in,Germany,Medium,0.541320730787146,Unassigned,new
15714970,Holbrook,Germany,Low,0.25414063963898553,Unassigned,new
15653784,Solomina,France,Low,0.07407714813515215,Unassigned,new
15693543,McDonald,France,Low,0.01685983041945025,Unassigned,new
15773283,Dennis,France,High,0.8181154733662444,Unassigned,new
15742534,Faulk,Germany,Low,0.08760560358140113,Unassigned,new
15569878,Dale,France,Low,0.07130538513006977,Unassigned,new
15729454,Gorbunov,France,Low,0.024783819464354925,Unassigned,new
15578375,Farrell,France,Low,0.031584433887002786,Unassigned,new
15785559,De Luca,France,Low,0.25092006837677716,Unassigned,new
15649414,Walker,France,Low,0.2190180127343058,Unassigned,new
15701605,Forster,France,Low,0.100439773641447,Unassigned,new
15686696,Brown,France,Low,0.06957698969577025,Unassigned,new
15625586,Monaldo,France,Low,0.09496036451507231,Unassigned,new
15654975,Wu,France,Low,0.3121730655229839,Unassigned,new
15782993,Pan,France,Low,0.17186329859994512,Unassigned,new
15774382,Longo,Germany,Low,0.3199776206394677,Unassigned,new
15689602,Findlay,France,Low,0.07662263231316974,Unassigned,new
15756155,Fu,France,Low,0.012383495969315159,Unassigned,new
15812647,Yin,France,Low,0.0435457386342727,Unassigned,new
15736043,Hamilton,France,Low,0.04561406374623473,Unassigned,new
15696744,Miller,France,Low,0.17145047193237534,Unassigned,new
15602572,Hsing,France,Low,0.009981874022724931,Unassigned,new
15674765,Mitchell,Spain,Medium,0.4681610640767798,Unassigned,new
15678725,Chamberlin,France,Low,0.020193947684964287,Unassigned,new
15694444,Buttenshaw,Germany,High,0.8354051411972362,Unassigned,new
15795878,Anayochukwu,Spain,Low,0.05668338928040049,Unassigned,new
15735346,Wallace,Germany,Low,0.3738710768960486,Unassigned,new
15687094,Calabresi,Germany,Low,0.053697084452688074,Unassigned,new
15790067,Sun,Spain,Low,0.13636791814657526,Unassigned,new
15605742,Tuan,France,Low,0.315865452459253,Unassigned,new
15566740,Nazarova,Spain,Low,0.3580668276262178,Unassigned,new
15664897,Bryant,France,Low,0.16719316935531703,Unassigned,new
15585777,Pai,France,Low,0.06680174144004714,Unassigned,new
15650864,Power,France,Low,0.042809354453720146,Unassigned,new
15806709,Hao,Germany,Low,0.19178625090848825,Unassigned,new
15633818,McMillan,France,Low,0.017137679310810852,Unassigned,new
15713845,Merrett,France,Low,0.12894247314432206,Unassigned,new
15639662,Phillips,France,Low,0.024606074460405334,Unassigned,new
15567013,De Luca,Spain,Low,0.019390505542109696,Unassigned,new
15777784,Tu,France,Low,0.2801845440094003,Unassigned,new
15800251,Elder,Germany,Low,0.05018765436334238,Unassigned,new
15651315,Dilke,France,Low,0.042475981368475975,Unassigned,new
15651450,Panicucci,Germany,Low,0.04867478066667477,Unassigned,new
15784218,Mason,Spain,Low,0.023529143604746013,Unassigned,new
15572398,Townsend,Spain,Low,0.04953294467854966,Unassigned,new
15707962,Gunson,France,Low,0.08886368869479444,Unassigned,new
15705663,Milano,Germany,Low,0.10478095783931897,Unassigned,new
15645355,Macleod,Germany,Low,0.1689915131065092,Unassigned,new
15729557,Olisaemeka,Germany,Low,0.3240578125096305,Unassigned,new
15631436,Gleeson,France,Low,0.17543111716413867,Unassigned,new
15583073,Martin,Spain,Medium,0.4881881057895062,Unassigned,new
15614361,Liao,Spain,Low,0.1210343931923965,Unassigned,new
15724684,Sung,Spain,Low,0.41884324769553843,Unassigned,new
15700083,Lai,Spain,Low,0.08368593807522691,Unassigned,new
15636541,Cartwright,Germany,Low,0.16157654235988708,Unassigned,new
15796015,Wu,Germany,Low,0.42131239178804747,Unassigned,new
15787222,Ch'in,Germany,Low,0.01842549635756024,Unassigned,new
15594270,Biryukov,France,Low,0.12230161266006466,Unassigned,new
15701524,Ting,France,Low,0.021659641816422586,Unassigned,new
15645847,P'eng,Germany,High,0.8716931609422638,Unassigned,new
15708867,Niu,Spain,High,0.9085310841046391,Unassigned,new
15613140,Mellor,France,Low,0.07726267860673842,Unassigned,new
15628893,Power,France,Low,0.1256204451671864,Unassigned,new
15764073,Arcuri,Spain,Low,0.02083614095945187,Unassigned,new
15782879,Lang,France,Low,0.033242286870645996,Unassigned,new
15635964,Eve,Germany,High,0.9119722107721492,Unassigned,new
15726087,Ch'in,France,Low,0.34388854863563745,Unassigned,new
15726313,Napolitani,Spain,Low,0.2930168553717309,Unassigned,new
15578073,Barker,Spain,Low,0.01778534168806726,Unassigned,new
15786249,Whitfield,Spain,Low,0.022611567587604804,Unassigned,new
15812850,Stradford,Spain,Low,0.017665928797308196,Unassigned,new
15596972,Brownlow,France,Low,0.26554049201389157,Unassigned,new
15620579,Dunn,Spain,Low,0.0205912388077418,Unassigned,new
15768270,DeRose,Spain,Low,0.029243346284482583,Unassigned,new
15656597,Wang,Germany,Low,0.10167105571733959,Unassigned,new
15699446,Hobbs,Germany,Low,0.04611980307988067,Unassigned,new
15615004,Anderson,France,Low,0.027566325295099486,Unassigned,new
15704771,Ugochukwu,France,Low,0.04676133504645338,Unassigned,new
15588372,Kirsova,Germany,Low,0.41414845799223077,Unassigned,new
15681439,Tsou,Germany,Low,0.024045418386999775,Unassigned,new
15607509,Ozerova,France,Low,0.025825867260754157,Unassigned,new
15670343,Li,Spain,Low,0.013407082880841543,Unassigned,new
15597968,Fyans,Spain,High,0.7844654042042762,Unassigned,new
15658432,Freeman,France,Low,0.16819273803496823,Unassigned,new
15616431,Chiu,France,Low,0.09770528561162928,Unassigned,new
15796957,Iadanza,Spain,Low,0.40083134118263114,Unassigned,new
15815552,Ferguson,France,Low,0.17608733735326623,Unassigned,new
15631871,Kelly,Germany,Medium,0.4868782649080294,Unassigned,new
15635870,She,Germany,Medium,0.7470168113190715,Unassigned,new
15596713,Christie,France,Low,0.0415973204354287,Unassigned,new
15684211,Creel,Spain,Low,0.3696048258380072,Unassigned,new
15760521,Thompson,France,Low,0.409664412312004,Unassigned,new
15608408,Lazareva,Spain,Low,0.0336543914223702,Unassigned,new
15804721,Boni,France,Medium,0.4676559621048512,Unassigned,new
15730272,Evseev,France,Low,0.1636034076006331,Unassigned,new
15741988,Marino,Germany,High,0.8825796877425638,Unassigned,new
15771728,Mackenzie,Germany,High,0.8713110628267756,Unassigned,new
15605113,Sutherland,France,Low,0.08425015719226212,Unassigned,new
15661945,Nicolay,Spain,Medium,0.6433852585004114,Unassigned,new
15783816,Lori,France,Low,0.024790570963507143,Unassigned,new
15721207,Piazza,Germany,Medium,0.466306753538854,Unassigned,new
15764072,Somerville,France,Low,0.06675456454137736,Unassigned,new
15689412,Christie,France,Low,0.13264175952029134,Unassigned,new
15798385,Grave,Spain,Low,0.08909570953725668,Unassigned,new
15775339,Lori,France,Low,0.11561539467091526,Unassigned,new
15585256,Iloerika,Spain,Low,0.012070967135587063,Unassigned,new
15797329,Muir,France,Low,0.26088190986635873,Unassigned,new
15780220,Pauley,France,Low,0.11495051127530234,Unassigned,new
15648951,Kao,Spain,Low,0.026610874595473875,Unassigned,new
15752409,Grant,France,Low,0.016158745778374867,Unassigned,new
15807524,Chukwuma,France,Low,0.11945361047841954,Unassigned,new
15766649,Vincent,France,Low,0.12649624343988483,Unassigned,new
15696812,Lazareva,Spain,Low,0.03381943466409724,Unassigned,new
15581295,Ch'ien,Spain,Medium,0.6761325406497787,Unassigned,new
15663234,Bishop,France,Low,0.2056587848094491,Unassigned,new
15741417,Chibuzo,Spain,Low,0.05457770370633551,Unassigned,new
15695174,Chang,France,Low,0.04261481161993988,Unassigned,new
15665168,Calabrese,Germany,Low,0.26089994399559674,Unassigned,new
15601503,Tokaryev,Spain,Low,0.015405116528798087,Unassigned,new
15706131,Logan,Spain,Low,0.07402255688769234,Unassigned,new
15782758,Ozerova,France,Low,0.09601889133250836,Unassigned,new
15591091,Goering,France,Low,0.36642039655959135,Unassigned,new
15715877,Lo,France,Low,0.014003028949282402,Unassigned,new
15756918,Simmons,France,Low,0.03457634635321397,Unassigned,new
15746662,Maduabuchim,Spain,Low,0.07908866235800524,Unassigned,new
15626679,Linger,France,Low,0.011535433422691557,Unassigned,new
15793343,Yeh,France,Low,0.027314874600686007,Unassigned,new
15576774,Stevenson,France,Low,0.03840348956726096,Unassigned,new
15801316,Ifeatu,France,Low,0.2306965566964688,Unassigned,new
15800514,Kenechukwu,Germany,Low,0.13357395594877935,Unassigned,new
15662232,Learmonth,Germany,Low,0.1713376856721857,Unassigned,new
15737778,Dickson,Spain,Low,0.44240805192549976,Unassigned,new
15782096,Volkova,Spain,Low,0.1743045075997403,Unassigned,new
15783522,Mitchell,Spain,Low,0.08844663669301446,Unassigned,new
15785373,Wong,Spain,Medium,0.5195651344338897,Unassigned,new
15756272,James,Germany,Low,0.37580608123975356,Unassigned,new
15615245,Shao,France,Low,0.03920761578240449,Unassigned,new
15600174,Walton,France,Low,0.0749605274524885,Unassigned,new
15752956,Stanley,Spain,Low,0.01149444694201697,Unassigned,new
15644882,Watson,Germany,Low,0.22975280843683665,Unassigned,new
15766272,Folliero,Germany,Medium,0.4953185645650574,Unassigned,new
15800620,Fitzgerald,France,Low,0.05046867374014782,Unassigned,new
15569764,Garner,Germany,Low,0.4136090565302744,Unassigned,new
15747458,Folliero,Spain,Low,0.13315593658867161,Unassigned,new
15573171,Liao,Spain,Low,0.1653390377429616,Unassigned,new
15736769,Lucchesi,France,Low,0.03478288233053565,Unassigned,new
15763381,Chan,France,Low,0.046996437634449106,Unassigned,new
15814430,Ma,Spain,Low,0.3262932665431639,Unassigned,new
15638607,Nwabugwu,France,High,0.8586013288756118,Unassigned,new
15737133,P'eng,Spain,Low,0.07436526942181033,Unassigned,new
15613945,Andrews,France,Low,0.02944293419864035,Unassigned,new
15659937,Otutodilinna,France,Low,0.04449076890101254,Unassigned,new
15765287,Grant,France,Low,0.03635763705815933,Unassigned,new
15661723,Abramovich,Spain,Low,0.0645087382239538,Unassigned,new
15766064,Komarova,France,Low,0.040435066671640874,Unassigned,new
15649616,Otutodilichukwu,Spain,Low,0.17264575057267678,Unassigned,new
15719017,Donaldson,France,Low,0.016275067785193362,Unassigned,new
15720919,Duggan,France,Low,0.22113935349888497,Unassigned,new
15706706,Chinwendu,Germany,Low,0.04677960784982142,Unassigned,new
15709653,Hamilton,France,Low,0.014794518035137923,Unassigned,new
15805104,Smith,France,Low,0.011928976521948808,Unassigned,new
15622442,Mazzi,France,Low,0.025175063995944418,Unassigned,new
15572801,Krischock,Spain,Low,0.04533365494106362,Unassigned,new
15767598,Kent,Spain,Low,0.02894967558883022,Unassigned,new
15757897,Binder,France,Low,0.06006343584541789,Unassigned,new
15568104,Zubarev,France,Low,0.015258762640357991,Unassigned,new
15763414,Degtyarev,Germany,Low,0.2134189326294077,Unassigned,new
15732265,Obialo,France,Low,0.015853260909414163,Unassigned,new
15621974,Davydova,Germany,Low,0.11665536353369207,Unassigned,new
15803947,Teng,Germany,Low,0.2547309625957306,Unassigned,new
15720706,Hsing,Spain,Low,0.17093818332608288,Unassigned,new
15759290,Coleman,Spain,Low,0.01605491909229185,Unassigned,new
15651664,Wilder,France,High,0.8932682792555496,Unassigned,new
15795132,Molineux,France,Low,0.1191568396430241,Unassigned,new
15811565,Cocci,Spain,Low,0.42675054395275075,Unassigned,new
15713774,Chikwendu,Spain,Medium,0.7141714960861468,Unassigned,new
15691840,Fraser,Germany,Low,0.07411707024357646,Unassigned,new
15682021,Lai,Germany,Low,0.06573054939445873,Unassigned,new
15612931,Korovin,Spain,Low,0.332371493545802,Unassigned,new
15676707,Sidorov,Spain,Low,0.0512663216154003,Unassigned,new
15601383,Ibrahimova,Spain,Low,0.2663340217203295,Unassigned,new
15662662,Duigan,France,Low,0.02395879200060307,Unassigned,new
15752694,Taylor,France,Low,0.08639988063273978,Unassigned,new
15590683,Donaldson,France,Low,0.12131928419458345,Unassigned,new
15773591,Jobson,France,Low,0.1166806616375905,Unassigned,new
15723620,Lu,France,Low,0.028821835009436053,Unassigned,new
15671779,Nebechi,France,Low,0.040336856114463776,Unassigned,new
15672966,Cross,Spain,Low,0.044423686042791885,Unassigned,new
15624667,Wallace,France,Low,0.047740663493272655,Unassigned,new
15812888,Perreault,France,High,0.8910435493270699,Unassigned,new
15724154,Manna,Germany,High,0.8437450012335811,Unassigned,new
15749540,Hsiung,France,Low,0.02093477108295419,Unassigned,new
15621063,Gibbons,France,Low,0.39956221915860485,Unassigned,new
15661626,Algeranoff,Germany,Medium,0.6905986664413423,Unassigned,new
15698703,Doherty,Germany,Low,0.03233902549809564,Unassigned,new
15801431,Rowe,Spain,Low,0.28001952536109137,Unassigned,new
15649451,Yates,France,Low,0.009251510136342499,Unassigned,new
15626156,Galloway,France,Low,0.0753898325917263,Unassigned,new
15606158,Genovese,France,Low,0.30264569962368615,Unassigned,new
15589496,Arrington,France,Low,0.047322680160301604,Unassigned,new
15730345,Miah,France,Low,0.10030569505805738,Unassigned,new
15572038,Chijindum,Germany,Low,0.2677398409919986,Unassigned,new
15643439,Ferguson,France,Low,0.06258620606884953,Unassigned,new
15604158,Smith,France,Low,0.03174186434551097,Unassigned,new
15657396,Marshall,France,Low,0.010383443913818563,Unassigned,new
15709478,P'an,Germany,Low,0.08820844829153016,Unassigned,new
15628824,Burton,France,Low,0.12627578888264626,Unassigned,new
15814519,Kamdibe,France,Low,0.05670592756525908,Unassigned,new
15636520,Milani,France,Low,0.08185404443213477,Unassigned,new
15794414,Forbes,Spain,Low,0.20535688850181358,Unassigned,new
15643671,Chiekwugo,Germany,Medium,0.4922123666999752,Unassigned,new
15700650,Cousens,France,Low,0.015353063271912527,Unassigned,new
15680224,Ross,France,Low,0.014930537987392871,Unassigned,new
15784286,Wood,Spain,Low,0.10115168460935228,Unassigned,new
15693996,Hawks,France,Low,0.14051393575854282,Unassigned,new
15764343,T'ien,Spain,Medium,0.4691041480731453,Unassigned,new
15704168,Ting,Germany,Low,0.35780902404438314,Unassigned,new
15680197,Thynne,France,Low,0.021674649653970413,Unassigned,new
15633729,Wang,France,Low,0.15007588696319982,Unassigned,new
15577683,Maclean,France,Low,0.018754337401869926,Unassigned,new
15800746,Watson,France,Low,0.17943384117751662,Unassigned,new
15788686,Gibson,Spain,Low,0.026170853768247716,Unassigned,new
15742798,French,France,Low,0.1280936553450763,Unassigned,new
15596647,Henderson,France,Low,0.2537724778402761,Unassigned,new
15756070,Greenwood,Spain,Low,0.07478531438396367,Unassigned,new
15775116,Anderson,France,Low,0.016594822547523203,Unassigned,new
15575428,Mistry,Germany,Low,0.10683025677263418,Unassigned,new
15654074,Tuan,France,Low,0.12086989924434181,Unassigned,new
15695872,Fiorentini,France,Low,0.07260711159270417,Unassigned,new
15568885,Scott,Germany,Low,0.2869390512823415,Unassigned,new
15725036,Jideofor,France,Low,0.11305562566910513,Unassigned,new
15632665,Yevseyev,France,Low,0.32546091429337826,Unassigned,new
15571476,Kelly,Spain,Low,0.11901480543186768,Unassigned,new
15776850,Smith,Spain,Low,0.2076702819114333,Unassigned,new
15623649,Ogle,Spain,Low,0.012330176735787794,Unassigned,new
15751131,Moss,Spain,Low,0.1261524304483702,Unassigned,new
15688128,Loggia,Spain,Low,0.0502497876417312,Unassigned,new
15678412,Nwankwo,France,Medium,0.4622340444832064,Unassigned,new
15770291,Allan,France,Low,0.030840760587214654,Unassigned,new
15583392,Woronoff,Germany,High,0.8897774197372953,Unassigned,new
15690731,Wolfe,France,Low,0.09453558128931308,Unassigned,new
15697948,Henderson,Spain,Low,0.02283442344855135,Unassigned,new
15608328,Sutherland,Spain,Low,0.060406741261576344,Unassigned,new
15766378,Marsden,Germany,Low,0.2910727120100777,Unassigned,new
15600813,Hyde,France,Low,0.24893096702523518,Unassigned,new
15706217,Kao,Germany,Low,0.048114773950392396,Unassigned,new
15601417,T'ang,France,Low,0.028729349771358735,Unassigned,new
15610972,Crawford,Germany,Low,0.27859500346577704,Unassigned,new
15674620,Dilibe,Germany,Low,0.07660991758904812,Unassigned,new
15785350,Austin,Spain,Low,0.10748956456142521,Unassigned,new
15749119,Santiago,France,Low,0.018158401288192336,Unassigned,new
15756535,Chibugo,Germany,Low,0.19309237715208744,Unassigned,new
15700965,Toscano,France,Low,0.02235781795319856,Unassigned,new
15791851,Afanasyeva,France,Low,0.12319756694436082,Unassigned,new
15717156,Sokolov,France,Low,0.03253519779328245,Unassigned,new
15740846,Wei,France,Low,0.10065399622409435,Unassigned,new
15573284,Olisanugo,France,Low,0.1129074624074547,Unassigned,new
15729083,Gorman,France,Low,0.06310978878827868,Unassigned,new
15611612,Priestley,France,Low,0.16781164840919083,Unassigned,new
15694381,Lloyd,France,Medium,0.6363926311889053,Unassigned,new
15651737,Salmond,Spain,Low,0.22454345126725667,Unassigned,new
15663168,MacDonald,France,Low,0.09184189508814478,Unassigned,new
15643426,Robertson,Spain,Low,0.14842288387115385,Unassigned,new
15618245,Chukwumaobim,Germany,Low,0.0841343614007384,Unassigned,new
15717527,Ifeanacho,France,Medium,0.6443616480396617,Unassigned,new
15793478,Li Fonti,Germany,Low,0.3433335004907282,Unassigned,new
15642248,Ko,Spain,Low,0.07266388146719724,Unassigned,new
15640377,Goloubev,France,Low,0.03719746015277545,Unassigned,new
15723950,Kruglov,Spain,Low,0.14980797014026048,Unassigned,new
15590327,Liao,Germany,Low,0.4447132865274716,Unassigned,new
15706199,White,Germany,Low,0.30937018718928777,Unassigned,new
15671514,Sinclair,Spain,Low,0.021549996520802972,Unassigned,new
15727041,Fiorentini,France,Low,0.012326087282347364,Unassigned,new
15738063,Shen,France,Low,0.0107728728677704,Unassigned,new
15711733,Rapuokwu,France,Low,0.07338009895918451,Unassigned,new
15652320,Woronoff,France,Low,0.03827948990585368,Unassigned,new
15634180,Holden,Germany,Low,0.06159744336283342,Unassigned,new
15694566,Roberts,France,Low,0.20444008696058572,Unassigned,new
15726103,Tsou,Germany,High,0.8847993012216487,Unassigned,new
15646351,Somerville,Spain,Low,0.01594535761453686,Unassigned,new
15730044,Greco,Germany,High,0.8617857993187626,Unassigned,new
15795186,Leonard,France,Low,0.22412706552204759,Unassigned,new
15784890,McKenzie,Spain,Low,0.030819010024714235,Unassigned,new
15694125,McElhone,France,Low,0.041409427768920766,Unassigned,new
15565891,Dipietro,France,Low,0.02756498624660233,Unassigned,new
15674254,Kerr,Spain,Low,0.11228418295942198,Unassigned,new
15775206,Hunter,France,Low,0.02048011156782562,Unassigned,new
15797627,Niehaus,Spain,Low,0.2613262940553433,Unassigned,new
15649853,Craig,France,Medium,0.5106675986580403,Unassigned,new
15610379,Barclay-Harvey,France,Low,0.03962949515424114,Unassigned,new
15659800,Teng,Spain,Medium,0.6225870081604307,Unassigned,new
15716236,Milani,France,Low,0.016285038414148037,Unassigned,new
15672053,Mistry,Spain,Low,0.028879089319472178,Unassigned,new
15663933,Jamieson,Germany,Low,0.09145326012355319,Unassigned,new
15814236,Kay,Spain,Low,0.12007177068344314,Unassigned,new
15583597,Ikedinachukwu,Spain,Low,0.2117908966424653,Unassigned,new
15607395,Holt,France,Low,0.085690543100582,Unassigned,new
15694556,Nkemakolam,France,High,0.8180024464147966,Unassigned,new
15744109,Hartung,France,Low,0.09192464481034039,Unassigned,new
15800688,Ch'en,Spain,Low,0.09449004732442345,Unassigned,new
15810878,Baker,Spain,Low,0.13576134665719883,Unassigned,new
15587835,Osinachi,France,Low,0.11170533076195964,Unassigned,new
15763515,Shih,France,Low,0.020881507987583287,Unassigned,new
15725882,Feng,Germany,Low,0.19198448862152187,Unassigned,new
15788022,Sternberg,Germany,Low,0.16568538574135885,Unassigned,new
15663917,Adams,France,Low,0.17663234707528214,Unassigned,new
15656865,Gray,Germany,Low,0.08980281214860099,Unassigned,new
15667971,Shepherd,Germany,Low,0.06589194234823743,Unassigned,new
15800366,Walton,France,Low,0.07508555897200948,Unassigned,new
15717231,Yang,Germany,Low,0.27259351127207887,Unassigned,new
15643188,Barnett,Germany,Medium,0.5487394533198561,Unassigned,new
15671351,Romani,Spain,Low,0.022028574593534054,Unassigned,new
15573628,Greene,Germany,High,0.865642531106306,Unassigned,new
15698953,Hart,Spain,Low,0.43398411426288697,Unassigned,new
15753888,Johnston,Spain,Low,0.20478879945566392,Unassigned,new
15737961,Miller,Germany,Low,0.07786078614321021,Unassigned,new
15801701,Robson,Spain,Low,0.012159064790597156,Unassigned,new
15684419,Wallace,Spain,Medium,0.6038855641686137,Unassigned,new
15794266,Cross,France,Low,0.08363891606103292,Unassigned,new
15810711,Marcum,Germany,Low,0.07239630270883013,Unassigned,new
15771270,North,France,Low,0.0838865207322255,Unassigned,new
15607786,Mao,France,Low,0.045956764033491304,Unassigned,new
15624519,Calabrese,Germany,High,0.8265184837203101,Unassigned,new
15799910,Martin,France,Low,0.022072418619103078,Unassigned,new
15602479,Fleming,Spain,Low,0.06244410510842531,Unassigned,new
15617419,Roberts,Germany,Low,0.07645102746233394,Unassigned,new
15657603,Finch,France,Low,0.15801138170207651,Unassigned,new
15570379,Whitelegge,Spain,Medium,0.6509660672635406,Unassigned,new
15772996,Rooke,Germany,Low,0.10261146191547749,Unassigned,new
15729574,Lu,Spain,Low,0.01668380543255782,Unassigned,new
15737267,Marcelo,France,High,0.7711097202903572,Unassigned,new
15799128,Matthews,Spain,Low,0.10120213605938036,Unassigned,new
15813327,Romani,France,Low,0.021283751041515666,Unassigned,new
15711921,Scott,France,Low,0.008797340570039194,Unassigned,new
15654300,Mao,Germany,Low,0.07499752242052576,Unassigned,new
15569945,Horsley,Spain,Low,0.017352802153667617,Unassigned,new
15569666,Goddard,France,High,0.772289284531559,Unassigned,new
15681887,Eskridge,Germany,Low,0.07639018129581443,Unassigned,new
15608873,Smith,France,High,0.7542429665500623,Unassigned,new
15762091,Simpson,Germany,Low,0.18266373074134482,Unassigned,new
15722053,Oguejiofor,Spain,Low,0.018944467514560928,Unassigned,new
15782100,Holloway,Spain,Low,0.07360202271853253,Unassigned,new
15765300,L?,Germany,High,0.7852678290714742,Unassigned,new
15743570,Feng,France,Low,0.02117203470567901,Unassigned,new
15608541,Claiborne,France,Medium,0.4702768836299604,Unassigned,new
15750671,Egobudike,Spain,Low,0.021039246174722706,Unassigned,new
15813659,Folliero,France,High,0.9213605183864074,Unassigned,new
15757867,Bray,France,Low,0.28724911549340093,Unassigned,new
15652914,Ibrahimov,Spain,Low,0.13259763831463606,Unassigned,new
15723818,Carpenter,France,Low,0.08673440189039276,Unassigned,new
15713819,Walsh,France,Low,0.3030548724722381,Unassigned,new
15656484,Woods,France,Low,0.027617766517909852,Unassigned,new
15778515,Wu,France,Low,0.24050355777403992,Unassigned,new
15803840,Forbes,France,Low,0.03971770073613423,Unassigned,new
15735339,Lynch,France,Low,0.24034807516800644,Unassigned,new
15600392,Amaechi,France,Low,0.3227963876187883,Unassigned,new
15625740,Enriquez,Germany,Low,0.16865824081246655,Unassigned,new
15663817,Y?an,France,Low,0.3001716452960868,Unassigned,new
15734461,Brooks,Germany,Low,0.18735132954650804,Unassigned,new
15780142,Wang,France,Low,0.2770325523503923,Unassigned,new
15709920,Burke,France,Medium,0.5211540860050338,Unassigned,new
15684248,Meng,Spain,Low,0.010899981277370529,Unassigned,new
15643158,Chiganu,France,Low,0.36758397944407517,Unassigned,new
15693902,Hunt,France,Low,0.009955896506568637,Unassigned,new
15578307,Lucchese,France,Low,0.04437294843387134,Unassigned,new
15585379,Humphries,France,Low,0.15356914421054868,Unassigned,new
15758510,Frolova,France,Low,0.02101512280652944,Unassigned,new
15692918,Hsing,Germany,Low,0.15464824065818486,Unassigned,new
15705301,Parkes,France,Low,0.06896713089759414,Unassigned,new
15718231,Gregory,France,Low,0.027459618283451726,Unassigned,new
15567991,Obiuto,Spain,Low,0.028929529261043297,Unassigned,new
15772650,Longo,France,Low,0.19716602981468043,Unassigned,new
15574795,Lombardo,France,Low,0.15236518809058386,Unassigned,new
15706036,Lombardo,Germany,Low,0.08849204167470917,Unassigned,new
15723856,Gonzalez,France,Low,0.033834560879805985,Unassigned,new
15812920,Nwabugwu,Germany,Low,0.3438600121472017,Unassigned,new
15691287,Ford,Germany,Low,0.3148897844824559,Unassigned,new
15804797,Gilleland,France,Low,0.27243022083850305,Unassigned,new
15708650,Fullwood,France,Low,0.03307132528922462,Unassigned,new
15712777,Kao,France,Low,0.14211752731928634,Unassigned,new
15786469,Montalvo,France,Low,0.02889783046208754,Unassigned,new
15669219,Wilson,Germany,Low,0.24805667598788142,Unassigned,new
15641004,Doyne,Spain,Low,0.3366661278101799,Unassigned,new
15648067,Onwuamaeze,France,Low,0.07757635186129715,Unassigned,new
15704014,K'ung,Germany,Low,0.058602475895077985,Unassigned,new
15645136,O'Donnell,Spain,Low,0.08819071856245532,Unassigned,new
15709604,McMillan,France,Low,0.08824635815940862,Unassigned,new
15713637,Chinedum,France,Low,0.09582019556872179,Unassigned,new
15793901,Capon,France,Low,0.027594978046161307,Unassigned,new
15569759,Rawling,France,Medium,0.6889340872570043,Unassigned,new
15712930,Duncan,France,Low,0.3591279750143719,Unassigned,new
15586504,Trevisani,France,Low,0.034189584309003186,Unassigned,new
15677317,Ankudinova,France,Low,0.06591389950320986,Unassigned,new
15664270,Balsillie,Germany,High,0.9816266962288737,Unassigned,new
15731519,Kerr,France,Low,0.038128519440107894,Unassigned,new
15745623,Worsnop,France,Low,0.07704825411153399,Unassigned,new
15813862,Yevseyev,Spain,Low,0.048343436157958934,Unassigned,new
15641934,Manna,Spain,Medium,0.6099865038055322,Unassigned,new
15713043,Siciliani,France,Low,0.018110889435958722,Unassigned,new
15700749,Powell,France,Low,0.20438815168357735,Unassigned,new
15697567,Bazarova,France,Low,0.009581623060254845,Unassigned,new
15715414,White,France,Low,0.20687248030849317,Unassigned,new
15639530,Buda,Spain,Low,0.23830776445096494,Unassigned,new
15726058,Cattaneo,Germany,Low,0.04686571728575659,Unassigned,new
15725665,Lo,France,High,0.8004598059037006,Unassigned,new
15698872,Brown,Spain,Low,0.08356022338241335,Unassigned,new
15812184,Rose,France,Low,0.18697171970057108,Unassigned,new
15742609,Lombardo,Germany,Low,0.16154744128558396,Unassigned,new
15815043,McMillan,Spain,Low,0.18964910480843256,Unassigned,new
15640648,Howe,France,Low,0.01251578034283372,Unassigned,new
15627203,Hsu,Spain,Low,0.3525374100152725,Unassigned,new
15786196,Han,France,High,0.9628474003404954,Unassigned,new
15612095,Calabrese,France,High,0.7855176167097304,Unassigned,new
15674368,Riley,France,Low,0.10417153836393606,Unassigned,new
15783477,Biryukov,Germany,Low,0.3349205868906608,Unassigned,new
15757559,Broadhurst,France,Low,0.3540088708895958,Unassigned,new
15591036,Genovesi,Germany,Medium,0.5894859086779224,Unassigned,new
15761241,Hsieh,Germany,Low,0.2278567695793562,Unassigned,new
15695078,Kemp,France,Low,0.012147346410794872,Unassigned,new
15645744,Chukwudi,France,Low,0.023040270587365057,Unassigned,new
15566988,Iqbal,Germany,Medium,0.7397141412668973,Unassigned,new
15749300,Teng,France,Low,0.31985478885410656,Unassigned,new
15594340,Tao,France,Low,0.2022513351631153,Unassigned,new
15607065,Chinedum,France,Low,0.08626903465217602,Unassigned,new
15778089,Stevenson,Spain,Low,0.0279571039215594,Unassigned,new
15773723,Duncan,Spain,Low,0.1312323902283028,Unassigned,new
15697035,Garrett,Spain,Low,0.028817870852337973,Unassigned,new
15679668,Yao,Spain,Low,0.06755142934479015,Unassigned,new
15709861,He,Germany,Low,0.053744851486764764,Unassigned,new
15791958,Mazzi,France,Low,0.0455467599761582,Unassigned,new
15791030,Edwards,France,Low,0.045649466271282926,Unassigned,new
15695339,Lucchesi,Germany,High,0.9059604132620483,Unassigned,new
15658813,Siciliani,France,Low,0.0702199186523741,Unassigned,new
15715709,Shih,Germany,Low,0.3583596144375062,Unassigned,new
15722533,Logue,France,Low,0.06230930968045559,Unassigned,new
15683118,Rechner,France,Low,0.018033149747478886,Unassigned,new
15672798,O'Brien,France,Low,0.24300646599708764,Unassigned,new
15680112,Stewart,Germany,Low,0.28585382455763286,Unassigned,new
15714575,Batt,Germany,Medium,0.5072593644018641,Unassigned,new
15806808,Hope,Germany,High,0.9951129894697995,Unassigned,new
15590637,Ahmed,France,Low,0.023210034168151445,Unassigned,new
15657535,Pearson,Spain,Low,0.08301808772586634,Unassigned,new
15696141,Kruglov,Spain,Low,0.22525671097627453,Unassigned,new
15811947,Gordon,France,Low,0.05001468827044835,Unassigned,new
15649024,Trujillo,France,Low,0.12157779427179874,Unassigned,new
15594928,Pagnotto,Germany,Low,0.3926979865717979,Unassigned,new
15765532,Horton,Germany,Low,0.05642147663441602,Unassigned,new
15741719,DeRose,France,Low,0.1783455491130542,Unassigned,new
15665629,Chiang,Spain,Low,0.031196285270318997,Unassigned,new
15728917,Gill,France,Medium,0.5198498471759225,Unassigned,new
15762993,Trevisano,Spain,Low,0.026733756179705526,Unassigned,new
15571193,Morrison,Germany,Low,0.38217929152599023,Unassigned,new
15653521,Onuora,Germany,Low,0.34909950320014277,Unassigned,new
15802220,Ikenna,Spain,Low,0.09451037663627498,Unassigned,new
15644132,Mancini,France,Low,0.066977980206233,Unassigned,new
15600832,Moss,France,Medium,0.5063477043979793,Unassigned,new
15797919,Ting,Spain,Low,0.06428237112124904,Unassigned,new
15603743,Tai,France,Low,0.050034407567849555,Unassigned,new
15579714,Pan,France,Low,0.03672464717780794,Unassigned,new
15634295,Wilson,France,Low,0.08689788627071578,Unassigned,new
15786680,Bianchi,Spain,Low,0.028871724773541625,Unassigned,new
15623499,Holman,Germany,High,0.8007254917118114,Unassigned,new
15691823,Obidimkpa,France,Low,0.05597004131649791,Unassigned,new
15809279,Wallace,France,Low,0.16394948161534587,Unassigned,new
15758039,Ash,France,Low,0.05292741496885367,Unassigned,new
15807163,Ku,France,Low,0.294473064080367,Unassigned,new
15631639,Uspensky,France,Low,0.22245683885944387,Unassigned,new
15713770,Shih,Spain,Low,0.27097232883630246,Unassigned,new
15698167,Kumm,France,Low,0.0797794370277069,Unassigned,new
15781710,Carey,Spain,Low,0.03747751503811072,Unassigned,new
15801296,Farber,Germany,Low,0.11514709802193336,Unassigned,new
15704378,Calabrese,Germany,Low,0.20319398741213,Unassigned,new
15767891,Findlay,Germany,Low,0.09720747381816569,Unassigned,new
15640667,Yu,France,Low,0.0664233802718972,Unassigned,new
15702145,Edments,Spain,Low,0.06386371121131494,Unassigned,new
15679738,Brown,Spain,Low,0.2585757429203945,Unassigned,new
15636634,Lindon,Germany,Low,0.1456183311947836,Unassigned,new
15809227,Chukwudi,France,Low,0.010329642722133797,Unassigned,new
15601811,Caldwell,France,High,0.8530847184926779,Unassigned,new
15625494,Li Fonti,France,Low,0.04412620633713582,Unassigned,new
15723737,Pitcher,France,Low,0.13361208036242242,Unassigned,new
15682955,Capon,France,Low,0.07772151882267445,Unassigned,new
15758856,Kable,France,Low,0.10501195511318889,Unassigned,new
15746065,Lo Duca,Germany,Low,0.05981176659051665,Unassigned,new
15783865,Kulikova,France,Low,0.18041039167337605,Unassigned,new
15745455,Navarrete,Germany,Low,0.20901158165581715,Unassigned,new
15583033,Huguley,France,Low,0.01734461432104712,Unassigned,new
15644212,Han,Spain,Low,0.016740620427908536,Unassigned,new
15735688,Horsley,France,Low,0.11359111507232456,Unassigned,new
15658577,Massie,France,High,0.8616374715167043,Unassigned,new
15606887,Singh,France,Low,0.283749535751829,Unassigned,new
15783026,H?,France,Low,0.39760892362645023,Unassigned,new
15579892,Doyle,Spain,Low,0.03653072474733896,Unassigned,new
15802088,Grant,Spain,Low,0.13263229868361084,Unassigned,new
15589323,Law,France,Low,0.0167154616619317,Unassigned,new
15636395,King,France,Low,0.02660909081126885,Unassigned,new
15712772,Onwubiko,France,Low,0.07077892146465758,Unassigned,new
15700937,Romano,Spain,Low,0.017862560579282434,Unassigned,new
15766659,Okwudilichukwu,Spain,Low,0.020485703126034007,Unassigned,new
15814033,Milano,Spain,Low,0.03194243774748467,Unassigned,new
15783007,Parker,Germany,Medium,0.6166964241171574,Unassigned,new
15654183,Aitken,France,Low,0.027933866637408433,Unassigned,new
15609899,Obiora,Spain,Low,0.20679121824043248,Unassigned,new
15747323,Vasilyeva,Spain,Medium,0.5224427067399515,Unassigned,new
15582591,Chiabuotu,Spain,Low,0.18577611112999703,Unassigned,new
15738835,Slater,Germany,Low,0.10940566952574818,Unassigned,new
15782404,Hughes,France,Low,0.11845341547526343,Unassigned,new
15697480,Menkens,France,Low,0.0108377773755675,Unassigned,new
15697045,Pisani,Spain,Low,0.022340825779832513,Unassigned,new
15781234,Y?an,France,Low,0.15700966770317618,Unassigned,new
15579891,Milani,France,Low,0.2762615045258526,Unassigned,new
15805690,Chin,Spain,Low,0.26650646235093456,Unassigned,new
15612139,Fu,France,Low,0.0863686934954146,Unassigned,new
15568834,Howells,Spain,Low,0.04301872089615331,Unassigned,new
15709917,Ni,France,Medium,0.5281360257642455,Unassigned,new
15718843,Maslova,Spain,Low,0.2916428131244401,Unassigned,new
15799494,Forster,Germany,Low,0.13801749779254677,Unassigned,new
15673439,Sun,Spain,Low,0.29146197193948475,Unassigned,new
15669011,Bocharova,France,Medium,0.5852975210121485,Unassigned,new
15581388,Y?an,Spain,Low,0.08936629641843623,Unassigned,new
15743153,Singh,Germany,Low,0.17875580125574914,Unassigned,new
15579787,Nkemakonam,France,Low,0.0321855223747853,Unassigned,new
15759966,Chiemenam,Spain,Low,0.10143779708599623,Unassigned,new
15601045,Angelo,Spain,Low,0.06361271644909539,Unassigned,new
15764021,Frolov,France,Low,0.027360178796532873,Unassigned,new
15687218,West,France,Low,0.08566164768856453,Unassigned,new
15626452,Beatham,Spain,Low,0.01048410425129989,Unassigned,new
15700964,Pollard,Germany,Low,0.18441585315230288,Unassigned,new
15768887,Hsing,Spain,Low,0.011882723346132856,Unassigned,new
15735358,Dowse,Spain,Low,0.35287550601552237,Unassigned,new
15749472,Lucciano,France,Medium,0.5058627878667455,Unassigned,new
15685872,Godfrey,France,Low,0.070726692874698,Unassigned,new
15760851,Gratton,France,Low,0.017339183497137485,Unassigned,new
15734588,Manning,France,Low,0.058600072373688715,Unassigned,new
15784594,Mazzi,Germany,Low,0.11306425567168239,Unassigned,new
15606435,Wall,Germany,Low,0.021283516106359104,Unassigned,new
15790247,Sims,Spain,Low,0.026902744410957913,Unassigned,new
15676433,Allan,France,Low,0.23505162368612437,Unassigned,new
15625905,Griffen,Spain,Low,0.04448610806709307,Unassigned,new
15626414,Russell,France,Low,0.28946818674535135,Unassigned,new
15623220,Brown,Spain,Low,0.1319580151816816,Unassigned,new
15752857,Palerma,Germany,Medium,0.60044074364921,Unassigned,new
15677908,Gilbert,Spain,Low,0.08212269410657208,Unassigned,new
15773013,Uvarov,France,Medium,0.5252195265195426,Unassigned,new
15623972,Wisdom,Germany,Low,0.16360889372385615,Unassigned,new
15738627,Hussain,France,Low,0.008206296386360447,Unassigned,new
15643392,Woods,France,Low,0.04275977254099957,Unassigned,new
15684868,Cameron,Germany,High,0.923075138847981,Unassigned,new
15627854,Mai,Spain,Low,0.04384035114237225,Unassigned,new
15669253,Gibson,Spain,Low,0.08722003335204712,Unassigned,new
15758023,Grigoryeva,Germany,Medium,0.7433242594186146,Unassigned,new
15574558,Gunter,Spain,Low,0.009715215020531446,Unassigned,new
15635256,Arcuri,France,Low,0.0389754254577086,Unassigned,new
15680399,Tung,France,Low,0.01794082124650347,Unassigned,new
15674720,Smith,Germany,Low,0.22692019564014929,Unassigned,new
15580249,Lori,France,Medium,0.49205030717982423,Unassigned,new
15675431,Chidimma,France,Low,0.022358562551525157,Unassigned,new
15698285,Ting,France,Low,0.14077370307985843,Unassigned,new
15810775,Tsao,Spain,Low,0.1838368964587811,Unassigned,new
15678173,Collee,Spain,Low,0.06664404257769298,Unassigned,new
15665222,Lettiere,Spain,Medium,0.6125365679056297,Unassigned,new
15803908,Fu,France,Low,0.04947418147315302,Unassigned,new
15586039,Bergamaschi,Germany,Low,0.06740952948499557,Unassigned,new
15802570,Dyer,France,Low,0.08425788477443626,Unassigned,new
15781451,Buccho,France,Low,0.11940347631527687,Unassigned,new
15721019,Jones,France,Low,0.1528513316847344,Unassigned,new
15738588,Nebechi,Germany,Low,0.38193669329607666,Unassigned,new
15730657,Ibekwe,France,Low,0.19473331294860707,Unassigned,new
15739292,Gorshkov,Germany,Low,0.12234800206475469,Unassigned,new
15725945,Nweke,Spain,Medium,0.5357856647992438,Unassigned,new
15813159,Hairston,France,Low,0.3190214573546374,Unassigned,new
15636820,Loggia,Germany,Low,0.4260525881083555,Unassigned,new
15603880,Morgan,Germany,Low,0.30136385845130126,Unassigned,new
15619494,Abdulov,Germany,Low,0.16560283294871292,Unassigned,new
15596992,Norris,Germany,Medium,0.5466878744074714,Unassigned,new
15735025,Clark,Spain,Low,0.06810001679543155,Unassigned,new
15730759,Chukwudi,France,Low,0.13656414315365284,Unassigned,new
15752912,Perkin,France,Low,0.02530291434550627,Unassigned,new
15711316,Ch'ang,France,Low,0.01166508985640762,Unassigned,new
15738785,Kang,France,Low,0.013003411955552654,Unassigned,new
15777896,Chukwudi,Germany,Low,0.10333072619936619,Unassigned,new
15628963,Frolova,Germany,Low,0.1493985444391692,Unassigned,new
15742126,Chiu,Germany,Low,0.08209739115830123,Unassigned,new
15575623,Simpson,France,Low,0.14467451818096574,Unassigned,new
15741652,McLean,Spain,Low,0.09358805272534342,Unassigned,new
15738884,Hu,Germany,Low,0.3303045294158595,Unassigned,new
15615050,Savage,Germany,Low,0.26772715161779487,Unassigned,new
15803005,Wallace,Germany,Low,0.37999780243756154,Unassigned,new
15743498,Winter,Germany,High,0.8409812000990727,Unassigned,new
15720463,Ho,France,Low,0.044288831078363566,Unassigned,new
15588695,Su,Spain,Low,0.0883961775982364,Unassigned,new
15665802,Li Fonti,Spain,Low,0.02356232521586789,Unassigned,new
15571144,Ives,France,Low,0.009998092037917539,Unassigned,new
15750731,Trevisani,Germany,High,0.8349931092166782,Unassigned,new
15605134,Bond,France,Low,0.07420209707858881,Unassigned,new
15626044,Lettiere,Germany,Low,0.04524260062622427,Unassigned,new
15737910,Houghton,Germany,Low,0.07236743224240082,Unassigned,new
15761076,Lei,France,Low,0.050998757165060415,Unassigned,new
15710105,Stirling,Germany,Low,0.19580221066058554,Unassigned,new
15577402,Grant,France,Low,0.009473182581254184,Unassigned,new
15803337,Baresi,France,Low,0.13649001553796242,Unassigned,new
15654372,Pearce,Germany,Low,0.0656600110976897,Unassigned,new
15585867,Rutledge,Spain,Low,0.016635245744010214,Unassigned,new
15662488,Udegbunam,France,Low,0.10195072101884439,Unassigned,new
15604813,Zaytseva,France,Low,0.03694745249989463,Unassigned,new
15611644,Onyemauchechukwu,France,Low,0.03250471071962321,Unassigned,new
15674928,Mullah,Spain,Low,0.02364121146159618,Unassigned,new
15656100,Candler,France,High,0.7679643428471361,Unassigned,new
15764293,Konovalova,France,Low,0.0117259609639501,Unassigned,new
15636423,Lei,France,Low,0.17323411190542007,Unassigned,new
15607629,Hollis,France,Low,0.13369967982268083,Unassigned,new
15577313,Lionel,France,Low,0.3446388240664238,Unassigned,new
15714493,Francis,Spain,Low,0.02077780213073934,Unassigned,new
15643359,Carter,Spain,Low,0.08035751626240753,Unassigned,new
15687913,Mai,Germany,Low,0.2707059092453133,Unassigned,new
15790935,Johnson,France,Low,0.018384137301210517,Unassigned,new
15708693,Sherman,France,Low,0.0282694719041708,Unassigned,new
15672016,Sabbatini,France,Low,0.011287440169895802,Unassigned,new
15727605,Shih,Germany,Low,0.10636415894053503,Unassigned,new
15651144,Yao,Germany,Low,0.10316792231793832,Unassigned,new
15749401,Ko,France,Medium,0.7302575807972176,Unassigned,new
15691874,Kazakova,France,Low,0.14375554107049002,Unassigned,new
15620735,Chiganu,Germany,Low,0.12979473870546904,Unassigned,new
15769781,Nucci,Spain,Low,0.01522686440413158,Unassigned,new
15624611,Marsden,Spain,Low,0.03935484238721671,Unassigned,new
15773071,Serena,Spain,Low,0.08417863121414602,Unassigned,new
15720371,McLean,France,High,0.8716991397433334,Unassigned,new
15717984,Longo,France,Medium,0.47402827032812156,Unassigned,new
15806407,Wilson,France,Low,0.04738177013235093,Unassigned,new
15785042,Hsiung,France,Low,0.12448927485840032,Unassigned,new
15809302,Wright,France,Low,0.010390089064674956,Unassigned,new
15677550,Folliero,France,Low,0.048461880156157364,Unassigned,new
15654096,Johnston,Germany,Low,0.12953971156188457,Unassigned,new
15617320,Palermo,Spain,Medium,0.45621906374337184,Unassigned,new
15653065,Nwabugwu,Spain,Low,0.031479986401080795,Unassigned,new
15649112,Endrizzi,Spain,Low,0.05600353422935802,Unassigned,new
15690526,Tuan,Germany,Low,0.08167455294984748,Unassigned,new
15806945,Udobata,France,Low,0.1693261103704536,Unassigned,new
15670066,Ibezimako,Spain,Low,0.01174652962935167,Unassigned,new
15625761,Maclean,Germany,High,0.9603349264957769,Unassigned,new
15761525,Shaw,Spain,Low,0.06302688381110218,Unassigned,new
15735080,Cummins,France,Low,0.25211686519849474,Unassigned,new
15619537,Lavrentiev,France,Low,0.027086460407722935,Unassigned,new
15598162,Saunders,Germany,Low,0.23775520458224994,Unassigned,new
15694300,Fiorentino,France,Low,0.017747061079917383,Unassigned,new
15637235,Knight,Spain,Low,0.017467940391238647,Unassigned,new
15612444,Manfrin,France,Low,0.017896609196237177,Unassigned,new
15626457,Zetticci,France,Low,0.06591442220029704,Unassigned,new
15627995,Angelo,Germany,Low,0.17597127482834393,Unassigned,new
15706128,Zhdanov,France,Low,0.020794549466935312,Unassigned,new
15666430,Peck,France,Low,0.02591557464799215,Unassigned,new
15627385,Uwaezuoke,France,Low,0.05193084299748548,Unassigned,new
15581323,White,Germany,Low,0.09134674103889859,Unassigned,new
15608109,Greco,Germany,Low,0.09421829558907245,Unassigned,new
15801942,Chu,Spain,Medium,0.6659425898127518,Unassigned,new
15567431,Kodilinyechukwu,France,Low,0.15915754950023858,Unassigned,new
15810167,Scott,Spain,Low,0.01830433819034313,Unassigned,new
15644501,Enyinnaya,France,Low,0.06967403729320917,Unassigned,new
15785290,Hao,France,Low,0.11962172920561437,Unassigned,new
15611157,McElhone,France,Low,0.14863798272081075,Unassigned,new
15673837,Ko,Spain,Low,0.17514386797963005,Unassigned,new
15656822,Day,Germany,High,0.9562838785465175,Unassigned,new
15580560,Harris,France,Low,0.06549268235416958,Unassigned,new
15760641,Gerald,Germany,Low,0.166526785790171,Unassigned,new
15587584,Nebeuwa,Spain,Low,0.011051349774599909,Unassigned,new
15604146,Kaodilinakachukwu,Germany,Low,0.11164934083999846,Unassigned,new
15813974,Maruff,Germany,Low,0.35596583660439557,Unassigned,new
15746986,Howe,Germany,Low,0.15571363695909368,Unassigned,new
15759741,Knepper,Germany,Low,0.16219448069493148,Unassigned,new
15734892,Fennell,Spain,Low,0.015410684610015164,Unassigned,new
15797194,T'ao,France,Low,0.07138401458354197,Unassigned,new
15723786,Morris,France,Low,0.03646064823702412,Unassigned,new
15642726,Holmes,France,Medium,0.7366407982642267,Unassigned,new
15664339,Yu,Spain,Medium,0.4879985232843739,Unassigned,new
15754526,Walker,Germany,Low,0.15875892609365516,Unassigned,new
15703037,Edwards,France,Low,0.20500651708190623,Unassigned,new
15751412,Harvey,France,Low,0.06343518920150294,Unassigned,new
15609558,McDonald,Germany,Low,0.29616861997193483,Unassigned,new
15572408,Chambers,Germany,Low,0.11644232744540367,Unassigned,new
15613923,Reed,Spain,Low,0.24751216021573572,Unassigned,new
15747000,Shih,France,Low,0.0106052081719009,Unassigned,new
15731781,Onyemachukwu,France,Low,0.0718141507785099,Unassigned,new
15727198,Teng,Germany,Low,0.04422808344517116,Unassigned,new
15794273,Hand,France,Low,0.41001718052566555,Unassigned,new
15804950,Onyemauchechukwu,France,Low,0.0390668395319386,Unassigned,new
15576304,Bailey,France,Low,0.0415141499677643,Unassigned,new
15645200,Chiang,Germany,High,0.9130283872068663,Unassigned,new
15779627,Maclean,Germany,Low,0.1484068637797506,Unassigned,new
15750755,Yobachi,Spain,Low,0.045677094353562764,Unassigned,new
15569654,Munro,Germany,Low,0.11844477762982336,Unassigned,new
15753079,Chidi,France,Medium,0.6563637586773513,Unassigned,new
15684995,Chamberlain,Spain,Low,0.22625723652174856,Unassigned,new
15790763,Trujillo,Spain,Low,0.2713435658689471,Unassigned,new
15766458,Tang,France,Low,0.11356065339658952,Unassigned,new
15616221,Wilson,France,Low,0.12142467786579567,Unassigned,new
15776124,Mann,Spain,Low,0.4156508925961982,Unassigned,new
15665811,Parry,France,Low,0.08899703538888033,Unassigned,new
15729804,Manfrin,France,Low,0.0093275321740155,Unassigned,new
15714062,Millar,France,Low,0.42242523546007044,Unassigned,new
15592197,Simmons,Spain,Low,0.019806666868303756,Unassigned,new
15793116,Beneventi,Germany,Medium,0.5841783824973733,Unassigned,new
15638231,Chung,Spain,Low,0.10886805842358487,Unassigned,new
15697678,Maxwell,Germany,Low,0.05420131984667859,Unassigned,new
15800412,Dale,Germany,Low,0.05763873769500749,Unassigned,new
15597610,Stevens,Spain,Low,0.10785020175024877,Unassigned,new
15726634,Wei,France,Medium,0.6594646866251197,Unassigned,new
15670866,Chiu,France,Low,0.010584363109554611,Unassigned,new
15667462,Duncan,Spain,Low,0.053187707431445595,Unassigned,new
15662574,Brady,Spain,Low,0.12638401810949504,Unassigned,new
15716926,Macleod,France,Low,0.03722758643208061,Unassigned,new
15603554,Berkeley,France,High,0.9815887967906549,Unassigned,new
15716800,Kaur,France,Low,0.009614539142868061,Unassigned,new
15679429,Bell,France,Low,0.03996664146225001,Unassigned,new
15616122,Nwokike,France,Low,0.017720133844286463,Unassigned,new
15742172,Williamson,Germany,Low,0.06382177468533759,Unassigned,new
15792305,Mountgarrett,Germany,High,0.9648556016947695,Unassigned,new
15636016,Wreford,France,Low,0.07462194009799694,Unassigned,new
15733138,Paterson,Germany,Low,0.2590834653931534,Unassigned,new
15669741,Hou,France,Low,0.16697850124834865,Unassigned,new
15616954,Smith,France,Low,0.013730761349168086,Unassigned,new
15729238,Peng,Germany,Medium,0.5611334932802478,Unassigned,new
15718242,Wollstonecraft,Germany,High,0.8029510196933036,Unassigned,new
15682914,Bolton,France,Low,0.054762953288752914,Unassigned,new
15654274,Corrie,France,Low,0.02633364887059153,Unassigned,new
15691457,Boyle,Spain,Low,0.016186912805393933,Unassigned,new
15719649,Lambie,France,Low,0.18291845737185877,Unassigned,new
15778897,Cartwright,France,Low,0.019381736651827856,Unassigned,new
15589437,Lu,France,Low,0.05231791727564296,Unassigned,new
15682369,Pisano,France,Low,0.21865435395284852,Unassigned,new
15626507,Chukwubuikem,France,Low,0.07924173430087934,Unassigned,new
15571995,Harper,Germany,Low,0.09424824029740049,Unassigned,new
15673333,Wilson,Germany,Medium,0.4706632446950356,Unassigned,new
15748752,Ch'in,Germany,Low,0.08306479298815356,Unassigned,new
15725302,Streeton,Spain,Low,0.022994058570998323,Unassigned,new
15722083,Ch'ang,Spain,Low,0.02785367523739473,Unassigned,new
15771442,Pennington,France,Low,0.1282113289255465,Unassigned,new
15803633,T'ien,France,Low,0.15035546857378737,Unassigned,new
15672185,Liu,France,Low,0.1568038143211991,Unassigned,new
15806486,Cunningham,France,Low,0.30257866645637105,Unassigned,new
15570895,Ch'in,France,Low,0.2211256687007218,Unassigned,new
15614520,Smith,France,Low,0.17581789636874812,Unassigned,new
15687492,Anderson,Germany,Low,0.0603601791641994,Unassigned,new
15675337,Forbes,Germany,Low,0.16452620300915413,Unassigned,new
15721047,Ansell,Germany,Low,0.22944030007709745,Unassigned,new
15589017,Chiu,Germany,High,0.9952610462831071,Unassigned,new
15611186,Yevdokimova,France,Low,0.14533776831997047,Unassigned,new
15617301,Chamberlin,Germany,Low,0.2488257870360143,Unassigned,new
15726046,Johnston,France,Low,0.12270291681710321,Unassigned,new
15585748,McDonald,Germany,Low,0.0699696248836194,Unassigned,new
15672826,Chen,France,Low,0.03744213432096972,Unassigned,new
15595162,Cattaneo,Spain,Low,0.19163761646121308,Unassigned,new
15650026,Barclay-Harvey,France,Low,0.08586698223574331,Unassigned,new
15745826,Dawson,France,Low,0.02753638193981083,Unassigned,new
15708610,Costa,Germany,Low,0.23777903457564367,Unassigned,new
15624471,Chikwado,France,Low,0.02488139559890988,Unassigned,new
15590097,Ch'eng,Spain,Low,0.13823333237598562,Unassigned,new
15689328,Harrison,Germany,High,0.8159671383160118,Unassigned,new
15582154,Crawford,France,Low,0.3453566725866705,Unassigned,new
15734626,Gibson,Spain,Low,0.026524896878166566,Unassigned,new
15702806,Martin,Spain,Low,0.15213593926491056,Unassigned,new
15620756,Stokes,France,Medium,0.7143295596432648,Unassigned,new
15611331,Niu,France,Medium,0.5020192884922697,Unassigned,new
15576935,Ampt,Spain,Low,0.10851777597726518,Unassigned,new
15661275,Wynn,Germany,High,0.8663194862800321,Unassigned,new
15814940,Lawrence,Spain,Low,0.02440855715450869,Unassigned,new
15768471,Wagner,Germany,High,0.9341190010706123,Unassigned,new
15697391,Argyle,Spain,Low,0.02901943071930825,Unassigned,new
15793346,Ofodile,France,Low,0.01470058424001835,Unassigned,new
15608338,Chiemenam,Spain,High,0.9975063199156833,Unassigned,new
15578546,Akobundu,Germany,Low,0.11277436697984644,Unassigned,new
15656921,Locke,France,Low,0.01820904787966452,Unassigned,new
15761340,Bullen,France,Low,0.01174257751290553,Unassigned,new
15591135,Forster,France,Low,0.057894370415113514,Unassigned,new
15623219,Smith,France,Low,0.14015032810515873,Unassigned,new
15655229,Craig,Germany,Low,0.20564688916735938,Unassigned,new
15805884,Archer,France,Low,0.07982525261909827,Unassigned,new
15668289,McWilliams,Spain,Low,0.0681562703189682,Unassigned,new
15568562,Moss,France,Low,0.18302367559603194,Unassigned,new
15773276,Townsend,Spain,High,0.8201167007969307,Unassigned,new
15622801,Brown,France,Low,0.06088385114508095,Unassigned,new
15779886,Munson,Spain,Low,0.01628936226739506,Unassigned,new
15713673,T'ien,France,Low,0.07385076507386623,Unassigned,new
15783083,Shubin,France,Low,0.01996968769423756,Unassigned,new
15742824,Isayeva,Germany,Low,0.3882507637034812,Unassigned,new
15621550,Hung,Spain,High,0.992096799883659,Unassigned,new
15799480,Webb,France,Low,0.016260986614606475,Unassigned,new
15625247,Scott,France,Low,0.18377361632377864,Unassigned,new
15755241,Rahman,France,Medium,0.6083761738232678,Unassigned,new
15575679,Lori,France,Low,0.0938931820984886,Unassigned,new
15668235,Cooke,France,Low,0.19796779887517887,Unassigned,new
15683183,Volkova,Germany,Medium,0.696450127216694,Unassigned,new
15684592,Lamb,Spain,Low,0.03724448215006842,Unassigned,new
15591169,Hawes,Germany,High,0.8322388631725127,Unassigned,new
15653455,Smith,France,Low,0.03073262097708569,Unassigned,new
15732563,Swanton,Germany,Low,0.06516874311513864,Unassigned,new
15656471,Mitchell,France,Low,0.007005277240194109,Unassigned,new
15598510,Colombo,Germany,Low,0.04524587027496461,Unassigned,new
15766427,Shaw,Germany,Medium,0.6125985729458082,Unassigned,new
15785342,Shipp,France,Low,0.009298617159685031,Unassigned,new
15641595,Jonathan,Spain,Low,0.12980746374353982,Unassigned,new
15798429,Hernandez,France,Low,0.009807449615718259,Unassigned,new
15648136,Green,Germany,Low,0.23272722447702876,Unassigned,new
15812482,Young,France,Low,0.08095777464342989,Unassigned,new
15790810,Han,France,Low,0.2054395063820985,Unassigned,new
15687421,Highland,Spain,Medium,0.5898977242424938,Unassigned,new
15765643,Hamilton,France,Low,0.053568014992911986,Unassigned,new
15654878,Yobanna,France,Low,0.04442789974005171,Unassigned,new
15686835,Crawford,Germany,High,0.9488563347571806,Unassigned,new
15768340,Beavers,Germany,Low,0.16718892005096103,Unassigned,new
15673599,Williamson,Spain,Low,0.054321963463301384,Unassigned,new
15689096,Beneventi,France,Low,0.28254355884402954,Unassigned,new
15684294,Chidumaga,France,Low,0.08771658093419923,Unassigned,new
15615828,Mitchell,France,Low,0.07539238081196445,Unassigned,new
15746012,Chibugo,Spain,Low,0.019637178216515505,Unassigned,new
15615797,Hyde,Germany,Medium,0.5018771514136277,Unassigned,new
15788494,Alekseeva,France,Low,0.08056868327698205,Unassigned,new
15793856,Abdulov,Spain,Low,0.06722894762344746,Unassigned,new
15629545,Buckley,Spain,Low,0.22440348572211352,Unassigned,new
15661198,Howard,Germany,Low,0.13562151129064742,Unassigned,new
15715117,Peel,France,Low,0.3149888374394075,Unassigned,new
15701074,Herz,Germany,Low,0.15200386458236342,Unassigned,new
15793046,Holden,France,Low,0.09322418102398675,Unassigned,new
15623744,McLean,France,Low,0.042498330793448426,Unassigned,new
15611329,Findlay,Spain,Low,0.028973073868226045,Unassigned,new
15740428,Wyatt,France,Low,0.03318764186524296,Unassigned,new
15781534,Rapuluolisa,Germany,Low,0.33377991760597014,Unassigned,new
15618243,Buckland,Spain,Low,0.20259310640840728,Unassigned,new
15784161,Hargreaves,Germany,Low,0.3495602049804059,Unassigned,new
15700325,Onyeoruru,France,Low,0.11672720391781899,Unassigned,new
15659064,Salas,Spain,Low,0.014526253136498512,Unassigned,new
15658364,Laney,Germany,Low,0.35314830662104535,Unassigned,new
15704340,Fu,France,Low,0.1575078330799688,Unassigned,new
15793455,Tien,Spain,High,0.9215012227379662,Unassigned,new
15579777,Sazonova,France,Low,0.03795796806273664,Unassigned,new
15632345,Tuan,France,Low,0.03243579371374817,Unassigned,new
15814468,Wei,Germany,Medium,0.626367037518599,Unassigned,new
15754820,Bergamaschi,Germany,Low,0.05245286875448426,Unassigned,new
15707505,Taylor,Spain,Low,0.04496296666457019,Unassigned,new
15699507,Messersmith,France,Low,0.016495499240328147,Unassigned,new
15799600,Coles,Germany,Medium,0.5813369085198844,Unassigned,new
15794472,Brookes,France,Low,0.03911789636236057,Unassigned,new
15646632,Reid,France,Low,0.024156980729181918,Unassigned,new
15676353,Etheridge,France,Low,0.05292671996775156,Unassigned,new
15566312,Jolly,Spain,High,0.7710047767117757,Unassigned,new
15570414,Chizoba,Spain,Low,0.19433182801900942,Unassigned,new
15776743,Eberegbulam,France,Low,0.035182661846212625,Unassigned,new
15674637,Pagnotto,France,Low,0.09266742367487403,Unassigned,new
15730418,Lucchesi,France,Low,0.025815889444070136,Unassigned,new
15739972,Hughes,Germany,High,0.9741270502422348,Unassigned,new
15661591,Panicucci,Germany,Low,0.24768575418510735,Unassigned,new
15675585,Burns,Germany,Low,0.13205656282898798,Unassigned,new
15814750,Ricci,Spain,Low,0.013737216869029779,Unassigned,new
15593454,Lambert,Spain,Low,0.25125000766661604,Unassigned,new
15663421,Esposito,Spain,Low,0.04819737155503499,Unassigned,new
15576196,Benson,Spain,Medium,0.5427470688551376,Unassigned,new
15677324,Botts,Germany,Low,0.0708067847881153,Unassigned,new
15568742,Parkes,France,Low,0.43686315280939425,Unassigned,new
15693764,Mai,Spain,Medium,0.5957527688339243,Unassigned,new
15714260,Castiglione,France,Low,0.06726537038620914,Unassigned,new
15798200,Manna,France,Low,0.32194548482282626,Unassigned,new
15656627,Lin,France,Low,0.010903175828652838,Unassigned,new
15791111,Fink,France,Low,0.40062118648506795,Unassigned,new
15638269,Baresi,France,Low,0.01953233509296284,Unassigned,new
15807473,Morehead,France,Low,0.02291804051441525,Unassigned,new
15708534,Afamefuna,Spain,High,0.8982518335360263,Unassigned,new
15640686,Greco,France,Low,0.4045499037044716,Unassigned,new
15588904,Balashova,France,Low,0.14382527661743372,Unassigned,new
15768763,Bogdanov,France,Low,0.1287658477095765,Unassigned,new
15770543,Lowe,France,Low,0.173831278204889,Unassigned,new
15642162,Ponce,Germany,Low,0.24820191010570672,Unassigned,new
15714046,Trevisano,Spain,Low,0.028091241102293565,Unassigned,new
15575060,Gardner,France,Low,0.0220968760088727,Unassigned,new
15812040,Lorenzo,France,Low,0.08918518864982092,Unassigned,new
15812073,Palmer,France,Low,0.03039390601571676,Unassigned,new
15706810,Zuyeva,Germany,Low,0.08244953619290463,Unassigned,new
15584090,Jen,Spain,Low,0.05180629917535369,Unassigned,new
15810807,Alekseeva,France,Low,0.12803429503099104,Unassigned,new
15582033,Manfrin,Germany,Medium,0.6108293840270327,Unassigned,new
15687607,Chiemenam,France,Low,0.08944424548657792,Unassigned,new
15588406,Chiemenam,Spain,Low,0.03305763457883754,Unassigned,new
15784099,Clark,France,Low,0.19209712840580728,Unassigned,new
15701352,Fanucci,Spain,Low,0.08541955885285231,Unassigned,new
15789371,Cattaneo,Germany,Low,0.16404752236350278,Unassigned,new
15602845,Udinesi,Germany,Low,0.10937794094800156,Unassigned,new
15707918,Bentley,Germany,Low,0.16118985360385774,Unassigned,new
15602812,Holmes,Germany,Low,0.2620800800890003,Unassigned,new
15675888,Austin,Spain,Low,0.09294591742602566,Unassigned,new
15591822,Mackenzie,Spain,Low,0.11384103162669529,Unassigned,new
15738501,Booth,Germany,Low,0.4387024970633344,Unassigned,new
15585907,Collier,Spain,Low,0.045414364075390026,Unassigned,new
15579040,Hs?,France,Low,0.16738596833336958,Unassigned,new
15804211,Oluchukwu,France,Low,0.05006088736545103,Unassigned,new
15736126,Sung,Germany,Medium,0.49258945478360083,Unassigned,new
15745399,Marino,Spain,High,0.7829285914561052,Unassigned,new
15760749,Vinogradov,Spain,Low,0.10232667126042892,Unassigned,new
15637118,Burns,France,Low,0.08771503457227633,Unassigned,new
15657829,Fanucci,Germany,Low,0.14465931235999793,Unassigned,new
15738497,Chukwujamuike,Spain,Low,0.15972612018527818,Unassigned,new
15690695,Flynn,France,Low,0.015269296756379912,Unassigned,new
15762351,Chao,Spain,Low,0.07282201363428854,Unassigned,new
15791172,Yeh,Germany,Low,0.1042247100962692,Unassigned,new
15598982,Klein,Germany,Medium,0.5671094778435944,Unassigned,new
15734765,Mahmood,France,Low,0.07519429593227708,Unassigned,new
15642912,Tu,France,Low,0.1130216817681929,Unassigned,new
15769516,Shcherbakov,France,Low,0.06449384987877885,Unassigned,new
15789379,Zetticci,France,Low,0.08616947489570309,Unassigned,new
15695103,Carr,Spain,Low,0.015087241394164976,Unassigned,new
15801924,Browne,Spain,Low,0.031222317695519516,Unassigned,new
15767804,Feng,France,Low,0.07241153493564774,Unassigned,new
15718039,Ferguson,Germany,Low,0.3834312499654704,Unassigned,new
15579994,Shaw,France,Low,0.05697280669127764,Unassigned,new
15595037,Palermo,France,Low,0.19839749192098619,Unassigned,new
15600720,Moore,Spain,Low,0.1804159798460641,Unassigned,new
15782608,Huang,France,Low,0.056108734408461966,Unassigned,new
15566894,Gray,France,Low,0.13627272258742068,Unassigned,new
15749123,Sokolova,Spain,Low,0.35470047084936396,Unassigned,new
15668943,Henderson,France,Low,0.024982390940758464,Unassigned,new
15577423,Mosley,Germany,Low,0.4224998351367907,Unassigned,new
15623102,Nnaemeka,Spain,Low,0.04414868149095626,Unassigned,new
15728012,Everett,Spain,Low,0.26361455262353495,Unassigned,new
15683363,Goddard,Spain,Low,0.19259334900318006,Unassigned,new
15699335,Kuo,Germany,Low,0.08280404341237749,Unassigned,new
15574369,Bianchi,Spain,Low,0.2780943724901016,Unassigned,new
15703167,Rouse,France,Low,0.19132205430166635,Unassigned,new
15754874,Nwoye,France,Low,0.0777440532274686,Unassigned,new
15723216,Greco,Germany,Low,0.07199335227673824,Unassigned,new
15725094,Fang,France,Low,0.1008063991734852,Unassigned,new
15647974,Chiemenam,France,Low,0.24188223664459554,Unassigned,new
15583371,Artemiev,Spain,Low,0.1274800409408614,Unassigned,new
15772559,Burrows,France,Low,0.33943057224409035,Unassigned,new
15711251,Chizuoke,France,Low,0.4191669513832475,Unassigned,new
15719212,T'ien,France,Low,0.13318996259252905,Unassigned,new
15764927,Rogova,France,Low,0.03155958154635416,Unassigned,new
15731412,Trevisano,Germany,Low,0.212930461182246,Unassigned,new
15719170,Sagese,France,Low,0.06794584942930998,Unassigned,new
15596011,Artyomova,Spain,Low,0.09219175766105743,Unassigned,new
15614834,Long,Spain,Low,0.09239849790278769,Unassigned,new
15600510,Hsueh,Spain,Low,0.09333730263414772,Unassigned,new
15625706,White,Germany,Low,0.34535981680778793,Unassigned,new
15781409,Lazarev,France,Low,0.1866229533759009,Unassigned,new
15722583,Benjamin,Spain,Low,0.06082793685139057,Unassigned,new
15677243,Wan,Spain,Low,0.06645873457420663,Unassigned,new
15815070,Romano,Germany,Low,0.2850035962325708,Unassigned,new
15705899,Craig,Spain,Low,0.048323690872048054,Unassigned,new
15701522,Yermolayeva,France,Low,0.015364485224825827,Unassigned,new
15755978,Tseng,France,Low,0.02007003968602488,Unassigned,new
15722090,Tseng,Spain,Low,0.3319628590621525,Unassigned,new
15783526,Le Hunte,France,Low,0.0619820135691698,Unassigned,new
15632125,Blake,Germany,Low,0.2336493945276063,Unassigned,new
15688395,Lane,France,Low,0.01999155357415983,Unassigned,new
15666975,Sparks,France,Low,0.16381048592488626,Unassigned,new
15682211,Tu,France,Low,0.06545763987623215,Unassigned,new
15637411,Tochukwu,France,Low,0.010122821705137801,Unassigned,new
15591512,Whittaker,Germany,Low,0.1929263251097096,Unassigned,new
15606855,Wang,Spain,Low,0.012051136442100024,Unassigned,new
15763683,Northern,Germany,Low,0.11685176047239806,Unassigned,new
15641782,Humphries,France,Low,0.20079076312598032,Unassigned,new
15677184,Cremonesi,France,Low,0.0926671315287836,Unassigned,new
15775042,Ku,France,Low,0.047136269934579415,Unassigned,new
15616630,Tobenna,Germany,Low,0.36610852849718917,Unassigned,new
15800233,Okwuadigbo,France,Low,0.05189276192743199,Unassigned,new
15588419,Johnston,Germany,Low,0.3058990305711829,Unassigned,new
15595557,Li,France,Low,0.017463166337919958,Unassigned,new
15626143,Talbot,France,Low,0.016375644350465835,Unassigned,new
15566030,Tu,Germany,Low,0.2999158137852891,Unassigned,new
15701412,T'ien,France,Low,0.055931199786126894,Unassigned,new
15702464,Ross,France,Low,0.03511797040861781,Unassigned,new
15573348,Maclean,France,Low,0.05215688965796264,Unassigned,new
15704160,Wan,Spain,Medium,0.7289827418034248,Unassigned,new
15693704,Tsou,France,Low,0.04648177372426841,Unassigned,new
15664752,Jack,Germany,Low,0.13420032594645417,Unassigned,new
15628292,Lucchesi,France,Low,0.024846567645866714,Unassigned,new
15621195,Ch'eng,Germany,Low,0.13697222141005302,Unassigned,new
15668629,Saunders,Spain,Low,0.08711494648500058,Unassigned,new
15635197,Glover,Germany,Low,0.10578488628268397,Unassigned,new
15592761,Tung,France,Low,0.045156408026513675,Unassigned,new
15574283,Padovano,France,Low,0.011145854442858615,Unassigned,new
15598097,Johnstone,France,Low,0.0614984923881984,Unassigned,new
15711352,Endrizzi,France,Low,0.037523524179289836,Unassigned,new
15620751,Secombe,France,Low,0.01868431586793575,Unassigned,new
15656717,Elewechi,France,Low,0.04640274717182873,Unassigned,new
15643121,Chu,Germany,Low,0.06916442702735345,Unassigned,new
15723671,Lucciano,France,Low,0.08518137644439154,Unassigned,new
15752846,Pinto,France,Low,0.008603573708612497,Unassigned,new
15640852,McGregor,Germany,High,0.8453284455041888,Unassigned,new
15789313,Ugorji,Germany,Low,0.3472381062882331,Unassigned,new
15793688,Bancks,France,High,0.9338203869750062,Unassigned,new
15770405,Warlow-Davies,France,Low,0.14065645191228437,Unassigned,new
15702561,Dale,France,Low,0.07135792348832003,Unassigned,new
15625964,Buckley,France,Low,0.3686659174237801,Unassigned,new
15761364,Nkemjika,France,Low,0.017136259034144417,Unassigned,new
15590286,Fairley,France,Low,0.2409417491448855,Unassigned,new
15587978,Boothby,Germany,Low,0.11855620432111208,Unassigned,new
15773242,Chukwuhaenye,France,Low,0.011209791821189271,Unassigned,new
15761053,Lock,Germany,High,0.8163084228191493,Unassigned,new
15702095,Clarke,Spain,High,0.8550240942054028,Unassigned,new
15764253,Ramsey,France,Low,0.09554589777955715,Unassigned,new
15700801,Eipper,Germany,High,0.8103766175248908,Unassigned,new
15730590,Ko,Germany,Low,0.2686361256709889,Unassigned,new
15643916,Munro,Spain,Low,0.2982868665235809,Unassigned,new
15720636,McGregor,France,Low,0.4095639661693875,Unassigned,new
15795429,Henderson,France,Low,0.025405760983245942,Unassigned,new
15609254,Fernandez,Spain,Low,0.1254343937666127,Unassigned,new
15625141,Porter,Spain,Low,0.01453029703480161,Unassigned,new
15810898,Pan,France,Low,0.12507008203505812,Unassigned,new
15775797,Esposito,Spain,Medium,0.4596915557013856,Unassigned,new
15795246,Kaeppel,Germany,Low,0.31586994076623415,Unassigned,new
15795275,Lamb,Spain,Low,0.42920893592366605,Unassigned,new
15571869,Lei,Germany,High,0.8927242127859526,Unassigned,new
15694143,Conti,France,Low,0.4241650078868311,Unassigned,new
15748231,Hargreaves,Germany,Low,0.07520827432514735,Unassigned,new
15632185,Yermolayev,France,Low,0.13511655436752218,Unassigned,new
15806249,Kerr,Spain,Low,0.019465098629134456,Unassigned,new
15743293,Waters,Germany,High,0.7945200860465396,Unassigned,new
15598157,Onyeorulu,France,Low,0.0799348478809456,Unassigned,new
15700946,Kolesnikova,France,Low,0.07000519031923376,Unassigned,new
15722692,Kazakova,France,Low,0.14374500442958477,Unassigned,new
15696506,MacDonald,Spain,Low,0.07077688459760675,Unassigned,new
15728823,Sharwood,Spain,Low,0.035726362042910985,Unassigned,new
15808851,Bufkin,Germany,Low,0.07321023626664182,Unassigned,new
15675231,Nwankwo,France,Low,0.06892958553429016,Unassigned,new
15732299,Boniwell,France,Medium,0.4665312454942257,Unassigned,new
15706269,Willis,France,Low,0.20093299943533174,Unassigned,new
15590078,Burns,Spain,Low,0.050694793483319664,Unassigned,new
15776985,Kung,France,Low,0.05736958369505161,Unassigned,new
15756743,Howells,France,Low,0.17600160947198715,Unassigned,new
15782364,Bevan,Spain,Low,0.21353885098265404,Unassigned,new
15604093,Neitenstein,France,Low,0.03517576326094834,Unassigned,new
15749328,Johnson,France,Low,0.12878465621608928,Unassigned,new
15656322,Sandover,Germany,Low,0.11459217324236738,Unassigned,new
15685564,Nnamutaezinwa,Spain,Low,0.04653390330846801,Unassigned,new
15785831,Sinclair,France,Low,0.0967909951101982,Unassigned,new
15796218,Wei,Germany,Low,0.03369065684018954,Unassigned,new
15716218,Higgins,France,Low,0.34997842652880623,Unassigned,new
15572735,Chang,Spain,Low,0.012764042881504447,Unassigned,new
15633840,Henderson,France,Low,0.018884799390228198,Unassigned,new
15608760,Cox,France,Low,0.08578628083752116,Unassigned,new
15627848,Tsui,France,Low,0.06124836952331054,Unassigned,new
15792029,Lee,France,Low,0.015783575974910435,Unassigned,new
15617331,Sergeyeva,Germany,Low,0.2932578413943226,Unassigned,new
15651740,Napolitani,Spain,Low,0.028581497388305087,Unassigned,new
15636407,Beatham,Germany,Low,0.32888275432597264,Unassigned,new
15607526,Lu,Germany,High,0.8329524954022719,Unassigned,new
15632576,Yashina,France,Low,0.08813855887538141,Unassigned,new
15581505,Bales,France,Low,0.01939325674975727,Unassigned,new
15612207,Hill,Germany,Medium,0.5622664810037716,Unassigned,new
15707242,Ibeamaka,Spain,Low,0.0511281915282856,Unassigned,new
15721937,Romilly,France,Low,0.07049331880394044,Unassigned,new
15773852,Hayes,Germany,Low,0.0429837266943415,Unassigned,new
15719778,Chiu,France,Low,0.0258324694486977,Unassigned,new
15650538,Sun,Germany,Medium,0.6527230419204384,Unassigned,new
15797475,Brennan,France,Low,0.3703064541107296,Unassigned,new
15780359,Storey,Germany,Low,0.10338725141064875,Unassigned,new
15737104,Lawson,Germany,Low,0.41618891287904436,Unassigned,new
15789936,T'ao,France,Low,0.03470917397538041,Unassigned,new
15709523,Yao,Germany,Low,0.06616889849007165,Unassigned,new
15593425,Bracewell,Spain,High,0.9002472903207208,Unassigned,new
15776725,Kerr,Germany,Low,0.21777770542255884,Unassigned,new
15604706,Blake,Germany,Low,0.3419197768698786,Unassigned,new
15790958,Sanders,Spain,Low,0.017588193820376647,Unassigned,new
15747534,Torkelson,France,Medium,0.5550817053318062,Unassigned,new
15574237,Hsueh,France,Low,0.015292475959816353,Unassigned,new
15690332,Wang,Germany,Low,0.04127349452741542,Unassigned,new
15661290,Hightower,Germany,Low,0.44051668020208024,Unassigned,new
15651883,Genovesi,Germany,High,0.9396227071625163,Unassigned,new
15808905,Levan,France,Low,0.06481242565979561,Unassigned,new
15715532,Lai,Germany,Low,0.21220293614240832,Unassigned,new
15786078,Loginov,France,Low,0.03230332151924851,Unassigned,new
15652401,Lafleur,France,Low,0.035220463421664565,Unassigned,new
15673074,Obidimkpa,Germany,Low,0.20916497572145218,Unassigned,new
15598744,Ch'ang,Germany,Low,0.17115157562617955,Unassigned,new
15785975,Mason,Spain,Low,0.12045147653221391,Unassigned,new
15613180,Miranda,Germany,Low,0.06854197552484645,Unassigned,new
15584229,Simon,Germany,Low,0.1829314533583568,Unassigned,new
15773804,Golubeva,France,Low,0.25527025478138826,Unassigned,new
15699515,Manfrin,Germany,Low,0.043616833454656556,Unassigned,new
15705313,Stange,France,Low,0.10060559019452507,Unassigned,new
15693817,Ferrari,Spain,Low,0.016697287138921643,Unassigned,new
15673790,Taylor,Germany,Low,0.2317836462198094,Unassigned,new
15674868,Wei,Spain,Low,0.027734958529502824,Unassigned,new
15692110,Ch'eng,France,Low,0.27263352610755476,Unassigned,new
15645904,Parsons,France,Low,0.03296793037188093,Unassigned,new
15581332,Pan,Germany,Low,0.03414148143128962,Unassigned,new
15808544,Cameron,France,Low,0.3827527557894227,Unassigned,new
15734948,Igwebuike,Spain,Low,0.019476805185955844,Unassigned,new
15654531,Tuan,France,Low,0.04416802363050141,Unassigned,new
15637774,Fraser,France,Low,0.10307613770332746,Unassigned,new
15677141,Turnbull,Spain,Low,0.04794306587316238,Unassigned,new
15739578,Chiazagomekpere,France,Medium,0.5776304977567475,Unassigned,new
15697360,Yudina,France,Low,0.21366630346999574,Unassigned,new
15655213,Udinese,Germany,Medium,0.6055347593450465,Unassigned,new
15580872,Chinweike,Germany,Low,0.17477591801151499,Unassigned,new
15683213,Bergamaschi,France,Low,0.05975040409281079,Unassigned,new
15801188,Milliner,France,Low,0.30365426097867454,Unassigned,new
15645029,Knowles,Spain,Low,0.03061277727147438,Unassigned,new
15633181,Swinton,France,Low,0.017967347360701203,Unassigned,new
15598259,Gregory,Germany,Medium,0.5139858756490241,Unassigned,new
15576000,Chibueze,France,Low,0.10258150919404953,Unassigned,new
15766047,Sukhorukova,France,Low,0.16030935792992806,Unassigned,new
15596339,French,France,Low,0.35406453081128414,Unassigned,new
15715199,Estrada,Spain,Low,0.03092138112594571,Unassigned,new
15615938,Fleming,France,Low,0.16262559616863886,Unassigned,new
15679991,Kennedy,France,Low,0.027128636488884073,Unassigned,new
15626135,Combes,France,Low,0.0900700697203043,Unassigned,new
15792934,Carruthers,France,Low,0.025580064477849475,Unassigned,new
15744046,Andrejew,Spain,Low,0.010996148771968597,Unassigned,new
15700826,Ko,Germany,Low,0.3590080784901345,Unassigned,new
15756301,Daniels,Germany,Low,0.18600730431216408,Unassigned,new
15586517,Toscano,France,Low,0.04195054634144296,Unassigned,new
15751297,Wilson,France,Low,0.02260037290428349,Unassigned,new
15710365,Thomson,France,Low,0.4333335036398421,Unassigned,new
15679307,Kazantseva,France,Low,0.3604878584672916,Unassigned,new
15610753,Cremonesi,France,Low,0.04377101552284785,Unassigned,new
15811036,Ferri,France,Low,0.22048623982469848,Unassigned,new
15610912,Ferri,Spain,Low,0.24277226146454306,Unassigned,new
15619932,Lombardi,France,Low,0.09479321998937038,Unassigned,new
15746199,Eluemuno,France,Low,0.31041785534345523,Unassigned,new
15584967,Chiganu,Spain,Low,0.047950045489994333,Unassigned,new
15734365,Hsueh,France,Low,0.02063471176359692,Unassigned,new
15726960,O'Brien,France,Low,0.022974781098026607,Unassigned,new
15665177,Booth,France,Low,0.05665142829773205,Unassigned,new
15779915,O'Loghlin,Spain,Low,0.15430386961645604,Unassigned,new
15729110,Lavrov,Spain,Low,0.07608452256189696,Unassigned,new
15575399,Somadina,France,Low,0.15386813352708872,Unassigned,new
15678374,Colombo,France,Low,0.10248049033014782,Unassigned,new
15792679,Troupe,France,Low,0.011369025441684777,Unassigned,new
15668767,Kenenna,France,Low,0.02484323771721196,Unassigned,new
15761886,Franklin,France,Low,0.08843676176143017,Unassigned,new
15583076,Deleon,Germany,Low,0.13783221707906015,Unassigned,new
15815615,Kung,France,Low,0.06134655627348213,Unassigned,new
15591942,Zito,Spain,Low,0.01882807812669658,Unassigned,new
15724924,Giordano,France,Low,0.10258074941138241,Unassigned,new
15762123,Davide,Spain,Low,0.03145304034563836,Unassigned,new
15567893,Lei,Germany,Low,0.08516707088130916,Unassigned,new
15648989,Moss,France,Low,0.11806015061738855,Unassigned,new
15662021,Lucciano,Spain,Low,0.10979163647486377,Unassigned,new
15691627,Tai,France,Low,0.15782841463429412,Unassigned,new
15731751,Osinachi,France,Low,0.06815485738594643,Unassigned,new
15635277,Coates,Spain,Low,0.4429643338733314,Unassigned,new
15655252,Larionova,Germany,Low,0.13544072653220035,Unassigned,new
15803941,Seleznev,France,Low,0.3690508825439687,Unassigned,new
15714380,Butcher,France,Low,0.02621990601564603,Unassigned,new
15666559,Gould,Germany,Low,0.013589495774130227,Unassigned,new
15799998,Cunningham,France,Low,0.16172207023237564,Unassigned,new
15703763,Sanderson,France,Low,0.18180209629648528,Unassigned,new
15795640,Mai,Germany,Low,0.1301998242273462,Unassigned,new
15780056,Reid,Spain,Low,0.16238907130778887,Unassigned,new
15777873,Downer,France,Low,0.246805055718281,Unassigned,new
15584749,Humphries,Germany,Low,0.20844025699546756,Unassigned,new
15765258,Bochsa,France,Low,0.021579719062896907,Unassigned,new
15623346,Czajkowski,France,Low,0.019701712635935183,Unassigned,new
15614054,Pankhurst,France,Low,0.014813506937148493,Unassigned,new
15766185,She,Germany,Low,0.10912237583385682,Unassigned,new
15667632,Birdseye,France,Low,0.047328233949451626,Unassigned,new
15599024,Hope,Spain,Low,0.019675092350599895,Unassigned,new
15798709,Gill,Spain,Low,0.0528744672903522,Unassigned,new
15741921,Moon,Spain,Low,0.020326592002871128,Unassigned,new
15793671,Watt,France,Low,0.15828947297511733,Unassigned,new
15797900,Chinomso,France,High,0.828786464031384,Unassigned,new
15667932,Bellucci,Spain,Low,0.05306450540122609,Unassigned,new
15795933,Barese,France,Low,0.1455661169018116,Unassigned,new
15660403,Fleming,Spain,Low,0.025837639719438425,Unassigned,new
15736299,Bell,France,Low,0.1419898391365668,Unassigned,new
15759034,Li Fonti,France,Low,0.11444993500213406,Unassigned,new
15724663,Christmas,Spain,Low,0.04580946328818433,Unassigned,new
15594556,Chuter,Spain,Low,0.07632221861914723,Unassigned,new
15737169,Johnson,Spain,Low,0.04977893385590061,Unassigned,new
15632472,Scott,Spain,Low,0.06943259335548507,Unassigned,new
15722813,Byrne,Spain,Low,0.08888603823637702,Unassigned,new
15588450,Chukwudi,France,Low,0.2901658686328998,Unassigned,new
15736717,Ma,France,Low,0.05196724198213364,Unassigned,new
15680683,Simmons,Spain,Low,0.09140937582753458,Unassigned,new
15710316,Fang,Spain,Low,0.274496324321193,Unassigned,new
15746333,Blake,France,High,0.9828713152836086,Unassigned,new
15606861,Tien,France,Low,0.015007124747113392,Unassigned,new
15641285,Yusupova,Spain,Low,0.3386383411178355,Unassigned,new
15662908,Davidson,Germany,Low,0.07289120388504111,Unassigned,new
15814267,Zhdanova,France,Low,0.04381068671308175,Unassigned,new
15614923,Nielson,Spain,Low,0.10793024763865011,Unassigned,new
15579223,Niu,Germany,Low,0.2171096648679347,Unassigned,new
15651389,Kay,Spain,Low,0.052003788673158156,Unassigned,new
15677087,Green,France,Low,0.21259691516143386,Unassigned,new
15665784,She,France,Low,0.09164674963536842,Unassigned,new
15576706,Ajuluchukwu,Germany,Low,0.24114794314788635,Unassigned,new
15615473,Sabbatini,France,Low,0.04733906595720727,Unassigned,new
15587299,Board,France,Medium,0.7480750052418261,Unassigned,new
15655389,Leckie,France,Low,0.12172052361789161,Unassigned,new
15784491,Ho,France,Low,0.18903700100492324,Unassigned,new
15809999,Gordon,France,Low,0.13736110156438502,Unassigned,new
15681115,Iroawuchi,Spain,Low,0.06631479506708549,Unassigned,new
15629390,Liao,France,Low,0.10385812440000292,Unassigned,new
15792668,Hamilton,Germany,Low,0.09799591674844867,Unassigned,new
15583863,Chimaobim,Germany,High,0.7800218738821462,Unassigned,new
15681878,Fan,Germany,Low,0.2466803314056362,Unassigned,new
15782875,Cayley,France,Low,0.033372875182166736,Unassigned,new
15732235,Kuykendall,France,Low,0.12011114285988729,Unassigned,new
15735909,McDonald,Germany,Low,0.3891183082084251,Unassigned,new
15653448,Duncan,France,Low,0.009290617595396247,Unassigned,new
15587647,Browne,Germany,Low,0.40770850806609554,Unassigned,new
15701037,Barton,France,Low,0.03068955461694408,Unassigned,new
15727499,Boyle,Germany,Low,0.13685916359468872,Unassigned,new
15724838,Moretti,France,Medium,0.5781420199704875,Unassigned,new
15666711,Ukaegbulam,France,High,0.8968097576152629,Unassigned,new
15588933,Nwankwo,France,Low,0.07596507535343623,Unassigned,new
15763111,Niu,Spain,Low,0.12568159587841213,Unassigned,new
15805676,Hsu,Spain,Low,0.045648686210509826,Unassigned,new
15586674,Shaw,Spain,High,0.8187219797068845,Unassigned,new
15744553,Ho,France,Low,0.09107984680115289,Unassigned,new
15776629,Christie,France,Low,0.08099650103217641,Unassigned,new
15647207,Onwuemelie,France,Low,0.01688175772601767,Unassigned,new
15715638,Ch'ang,Germany,Low,0.009009427727823585,Unassigned,new
15750602,Clendinnen,France,Low,0.09887629484130965,Unassigned,new
15766810,Onyemauchechi,Germany,Low,0.3523533314021123,Unassigned,new
15756625,Crawford,France,Low,0.07553425260800584,Unassigned,new
15639552,Mellor,Germany,Low,0.4088787172674005,Unassigned,new
15633213,Rizzo,Spain,High,0.781124385930803,Unassigned,new
15610416,Christie,France,Low,0.24981182365853313,Unassigned,new
15715208,Watkins,Germany,Low,0.15938328763890325,Unassigned,new
15619608,Ojiofor,Germany,High,0.8750633669820064,Unassigned,new
15628697,Tung,Spain,Low,0.22818697048289174,Unassigned,new
15643826,McKay,France,Low,0.013442207066638723,Unassigned,new
15718588,Meng,France,Low,0.03668117345775243,Unassigned,new
15709741,Hussain,France,Low,0.08960579743567759,Unassigned,new
15723318,Mactier,France,High,0.983502188811015,Unassigned,new
15717328,Hsueh,France,Low,0.07270534616804956,Unassigned,new
15771299,Nnachetam,France,Low,0.3661020778151467,Unassigned,new
15706223,Barnes,Spain,Low,0.0451644547283377,Unassigned,new
15612358,Christie,Germany,Low,0.053457780019974026,Unassigned,new
15769191,Lipton,France,Low,0.116953916723911,Unassigned,new
15618816,Yu,Germany,Low,0.3638810150364385,Unassigned,new
15730810,Storey,Spain,Low,0.14983564551772016,Unassigned,new
15783463,Read,France,Low,0.02456463908165345,Unassigned,new
15616213,Levy,Germany,High,0.8698774322173601,Unassigned,new
15611287,Chiu,France,Low,0.019098972997094562,Unassigned,new
15786454,Moore,Spain,Low,0.34024056397603514,Unassigned,new
15768682,Amies,Spain,Low,0.16994810743850844,Unassigned,new
15766172,Tsao,France,Low,0.08639410182713554,Unassigned,new
15637646,Rowley,France,Low,0.08179017324696289,Unassigned,new
15653404,Aliyev,Spain,Low,0.14744182080872453,Unassigned,new
15690546,Riley,France,High,0.8992869190542443,Unassigned,new
15735636,Toscano,France,Low,0.3131500518525902,Unassigned,new
15605424,Oluchukwu,Spain,Low,0.12273384491677927,Unassigned,new
15568449,Fu,Spain,Low,0.07497852083324959,Unassigned,new
15688085,Warner,Spain,Low,0.08450468601739552,Unassigned,new
15683483,Fleming,Spain,Low,0.03780736656803707,Unassigned,new
15659567,Ch'iu,France,Low,0.07832451111403425,Unassigned,new
15766667,Langler,Spain,Low,0.0328562069370112,Unassigned,new
15624975,Angelo,Spain,Low,0.050125553107194416,Unassigned,new
15660878,T'ien,France,Low,0.01799765260442167,Unassigned,new
15586557,Milani,France,Low,0.19182410391285123,Unassigned,new
15746183,Pye,France,Low,0.024676865533474947,Unassigned,new
15631457,Asher,France,Low,0.09215549009219029,Unassigned,new
15754053,Chung,France,Medium,0.5008768922830189,Unassigned,new
15645839,Yudin,France,Low,0.16244945785448212,Unassigned,new
15689955,Arcuri,France,Low,0.10147791190299996,Unassigned,new
15593510,Capon,Germany,Low,0.21649178238220781,Unassigned,new
15654964,Piccio,Spain,Medium,0.5921219227363921,Unassigned,new
15594039,Lung,Spain,Low,0.05133280850967453,Unassigned,new
15625929,Trevisan,France,Low,0.38893558562731456,Unassigned,new
15815295,John,France,Low,0.18734406568577402,Unassigned,new
15621818,Anayolisa,Germany,Low,0.12789183907274762,Unassigned,new
15652700,Ritchie,France,Low,0.022237394123297224,Unassigned,new
15636860,Ch'eng,France,Low,0.27880282361995695,Unassigned,new
15569432,Macleod,France,Low,0.09939758617972554,Unassigned,new
15751455,Boyle,France,High,0.8150690399324385,Unassigned,new
15800583,Chukwuemeka,Spain,Medium,0.4980263326373341,Unassigned,new
15770214,Bryant,France,Low,0.036172580334604715,Unassigned,new
15613463,Hackett,Germany,Low,0.36241669064182547,Unassigned,new
15587066,Kovaleva,France,Low,0.21376152281540636,Unassigned,new
15693752,Reed,France,Low,0.018725886764498052,Unassigned,new
15714874,Major,France,Low,0.05113083939776728,Unassigned,new
15657809,Lo,France,High,0.9492452312583968,Unassigned,new
15651955,Hanson,France,Low,0.010549024182850123,Unassigned,new
15570912,Ogbonnaya,Germany,Low,0.08350321959920141,Unassigned,new
15640266,Windsor,Spain,Low,0.10248595372290115,Unassigned,new
15652069,Calabrese,France,Low,0.014292811194267037,Unassigned,new
15596074,Keating,France,Low,0.11401501870807905,Unassigned,new
15800268,Costa,Germany,Low,0.21510568036346536,Unassigned,new
15809847,Tan,France,Low,0.10699533119085751,Unassigned,new
15599074,Ma,Spain,Low,0.13668061914663412,Unassigned,new
15599591,Martin,Germany,Low,0.12040210833763847,Unassigned,new
15776096,Halpern,Spain,Low,0.06591577981837062,Unassigned,new
15611669,Nyhan,Germany,Medium,0.6479247097412079,Unassigned,new
15694098,Jackson,France,Low,0.4064538142618358,Unassigned,new
15713347,Reynolds,Spain,Medium,0.6042395218933561,Unassigned,new
15713094,Tai,France,Low,0.016571061254018072,Unassigned,new
15811978,Trevisani,Germany,Medium,0.4685904772971152,Unassigned,new
15799925,Uwakwe,France,Low,0.10366048649132033,Unassigned,new
15692575,Kerr,France,Low,0.14788142565797996,Unassigned,new
15743149,Findlay,France,Low,0.12783006417055118,Unassigned,new
15776947,Ugorji,Spain,Low,0.41800486927684016,Unassigned,new
15700656,Balashova,France,Low,0.01374841778631074,Unassigned,new
15594515,Cheng,France,Low,0.08690479638317006,Unassigned,new
15787884,Martin,France,Low,0.015676213331154317,Unassigned,new
15577988,Skinner,France,Low,0.024361125840172047,Unassigned,new
15795586,McDonald,France,Low,0.13306194906400778,Unassigned,new
15677739,Dellucci,France,Low,0.017437751324797576,Unassigned,new
15720134,Reynolds,Germany,Low,0.04365990408584622,Unassigned,new
15688868,Birdsall,France,Low,0.12871879110754145,Unassigned,new
15642996,Tsai,Germany,Low,0.1590702077844417,Unassigned,new
15771222,Oguejiofor,France,Low,0.07072210081589937,Unassigned,new
15605059,Mackie,Germany,High,0.9296073113064688,Unassigned,new
15568088,Jamieson,Germany,Medium,0.47778859243926824,Unassigned,new
15665943,Mai,France,Low,0.016442444769001897,Unassigned,new
15795571,Patterson,Spain,Low,0.06797923966802485,Unassigned,new
15662243,Taylor,France,Medium,0.6709161446062849,Unassigned,new
15593128,Vinogradoff,France,High,0.80569507442358,Unassigned,new
15589739,North,France,Low,0.1167658336961589,Unassigned,new
15787602,Carter,Spain,Low,0.022544337949601027,Unassigned,new
15685019,Graham,France,Low,0.08597566989138532,Unassigned,new
15704209,Noble,France,Low,0.08382410801760988,Unassigned,new
15605264,Walker,Germany,Low,0.12489590702184292,Unassigned,new
15708265,Chibugo,Spain,Low,0.08126189574435663,Unassigned,new
15740264,Yobachi,France,Low,0.025950413384402585,Unassigned,new
15615477,Ignatyeva,Spain,Low,0.12255670600535701,Unassigned,new
15727361,Chiemela,France,Low,0.11813363783122595,Unassigned,new
15760216,Pokrovskaya,France,High,0.8342656772539174,Unassigned,new
15806134,Storey,Germany,Low,0.06243453474623937,Unassigned,new
15601351,Moroney,France,Low,0.13550529100697994,Unassigned,new
15669262,Maslov,France,Low,0.14446671566978744,Unassigned,new
15696989,Chukwueloka,Germany,High,0.9926953076179028,Unassigned,new
15688498,Chu,Germany,Low,0.06277351772783679,Unassigned,new
15686964,Spence,France,Low,0.17222811556143033,Unassigned,new
15625035,Mills,France,Low,0.16390672508963125,Unassigned,new
15618391,Doyle,France,Low,0.009530649711851968,Unassigned,new
15591344,Donnelly,Spain,Low,0.030360880278542716,Unassigned,new
15605455,Tai,France,Low,0.04870698262014611,Unassigned,new
15680804,Abbott,France,Low,0.009371888646157756,Unassigned,new
15768282,Perez,Germany,Low,0.048459280804648876,Unassigned,new
15685826,Hsiung,France,Low,0.0782133747615553,Unassigned,new
15793491,Cherkasova,Germany,Low,0.0820801355075174,Unassigned,new
15797787,Denisov,France,Low,0.10204765903452456,Unassigned,new
15611171,Fowler,France,Low,0.04029846256771328,Unassigned,new
15601627,Siciliano,France,Low,0.07954168946687944,Unassigned,new
15734085,Crocker,Germany,Low,0.10677255994068807,Unassigned,new
15809309,Longo,Spain,Low,0.15751523055683758,Unassigned,new
15809462,Polyakova,France,Low,0.010897686573647042,Unassigned,new
15634628,Brown,France,Low,0.05648035618019356,Unassigned,new
15775678,Uspensky,France,Low,0.3870994865579151,Unassigned,new
15579526,O'Meara,France,Low,0.23256241233213218,Unassigned,new
15779103,Cantamessa,Germany,Low,0.17043850418293732,Unassigned,new
15738715,Alexander,France,Medium,0.6217574593549374,Unassigned,new
15593943,Chinagorom,France,Low,0.22303859347450009,Unassigned,new
15754574,Tomlinson,Spain,Low,0.013419599604326812,Unassigned,new
15737814,Lo,France,Low,0.1935338621271034,Unassigned,new
15670889,Nwachukwu,France,Low,0.060062039221908295,Unassigned,new
15629299,Yang,Germany,Medium,0.6825450573493579,Unassigned,new
15771569,Bage,Germany,Medium,0.4870564659935205,Unassigned,new
15811927,Marcelo,France,Low,0.19238583607336054,Unassigned,new
15785654,Ofodile,Germany,Low,0.21695626718594413,Unassigned,new
15665524,Savage,Spain,Low,0.19611845110512152,Unassigned,new
15736287,Piccio,France,Low,0.1291938247335624,Unassigned,new
15765732,Simmons,Spain,Low,0.07951756883399654,Unassigned,new
15797381,DeRose,Germany,Low,0.3140755238924718,Unassigned,new
15598536,Onuchukwu,Germany,Low,0.10599251156445777,Unassigned,new
15664506,Goodwin,Spain,Low,0.10902571526719143,Unassigned,new
15575619,Teakle,Spain,Low,0.07300154944880924,Unassigned,new
15587394,Thomson,France,Low,0.07808922876178877,Unassigned,new
15654457,Cross,Spain,Medium,0.5250600220368814,Unassigned,new
15762793,Jones,Germany,Low,0.07059247189864272,Unassigned,new
15658067,Walker,Germany,High,0.8464984175293051,Unassigned,new
15642816,De Salis,France,Low,0.015571292059528327,Unassigned,new
15693088,Oliver,France,Low,0.022658946778347507,Unassigned,new
15793883,Lo Duca,France,Low,0.013548952678259613,Unassigned,new
15665283,Brookes,France,High,0.9762800244657163,Unassigned,new
15680421,Challis,France,Low,0.1325481247329539,Unassigned,new
15695148,Ibeabuchi,Spain,Low,0.027167421220513552,Unassigned,new
15636592,Iroawuchi,France,Low,0.06690077861717882,Unassigned,new
15772618,Tyler,France,Low,0.040213400691839304,Unassigned,new
15724453,Fan,France,Low,0.25221372186318697,Unassigned,new
15565878,Bates,Spain,Low,0.013406310727590675,Unassigned,new
15609160,Marsden,France,Low,0.013613394519594677,Unassigned,new
15678460,Dodgshun,France,Low,0.12803465309239837,Unassigned,new
15662571,Maclean,France,Low,0.020519797125819295,Unassigned,new
15606849,Blackall,France,Low,0.06065916363585866,Unassigned,new
15670738,Mazzanti,Germany,Low,0.35181281463540875,Unassigned,new
15662641,Amadi,France,Low,0.060172333148941416,Unassigned,new
15727539,Schoenheimer,France,Low,0.027754471853790045,Unassigned,new
15651020,Fiorentino,France,Low,0.05180519164182243,Unassigned,new
15673877,Murray,France,Medium,0.7403571148576075,Unassigned,new
15760865,Fan,Germany,High,0.7966649928408466,Unassigned,new
15705009,Cartwright,France,High,0.8668527726412288,Unassigned,new
15657540,Cremonesi,France,Low,0.41498440063552067,Unassigned,new
15707441,White,Spain,Low,0.041143509976320984,Unassigned,new
15694765,Sabbatini,Germany,High,0.8196756115204434,Unassigned,new
15649086,Patterson,France,Low,0.03292539298536872,Unassigned,new
15650488,Bromley,France,Low,0.30081081732846665,Unassigned,new
15760924,Doherty,Spain,Low,0.18832451311808435,Unassigned,new
15700263,Ifeatu,France,High,0.8223272842343088,Unassigned,new
15806922,Bergamaschi,Spain,Low,0.1664262484915484,Unassigned,new
15637522,Shubina,France,Low,0.07136536241641224,Unassigned,new
15636548,Lung,Spain,Low,0.11987755863061672,Unassigned,new
15566891,Kinder,Germany,Medium,0.48571750131995367,Unassigned,new
15627185,Terry,Germany,Low,0.07389210214288111,Unassigned,new
15754012,Shepherdson,France,Low,0.05460214194683357,Unassigned,new
15627514,Short,Spain,Low,0.090935787155241,Unassigned,new
15661433,Zetticci,France,Low,0.15292584198853773,Unassigned,new
15610653,Belov,Spain,Low,0.02403105731299153,Unassigned,new
15667002,Knight,Spain,Low,0.05603888216030824,Unassigned,new
15709199,Burson,Spain,Low,0.36947877847829186,Unassigned,new
15710087,Nicholls,Germany,High,0.9941123814012628,Unassigned,new
15679884,Hs?eh,France,High,0.9397487908465478,Unassigned,new
15784180,Ku,France,Low,0.29282238406425676,Unassigned,new
15808849,T'ien,France,Low,0.10210905974470712,Unassigned,new
15751549,H?,Germany,Low,0.03254770081916124,Unassigned,new
15588235,Vasilieva,France,Low,0.07200227769135215,Unassigned,new
15640418,Omeokachie,Germany,Medium,0.5114450188809438,Unassigned,new
15721116,Napolitano,Spain,Low,0.029012542315865718,Unassigned,new
15599084,Hopwood,France,Low,0.10008028072506736,Unassigned,new
15773394,Bergamaschi,France,Low,0.01871508907063529,Unassigned,new
15625713,Lindeman,Spain,Low,0.13358843264847356,Unassigned,new
15766417,McKinley,France,Low,0.06718352312839984,Unassigned,new
15622578,Sergeyev,France,Low,0.052959012717421296,Unassigned,new
15799924,Sanchez,Spain,Low,0.2441150924944002,Unassigned,new
15618363,Muomelu,Germany,Low,0.06783149760113089,Unassigned,new
15637138,Murray,France,Low,0.016065551434432394,Unassigned,new
15781665,Ibekwe,France,Low,0.24707746264803182,Unassigned,new
15804853,McVey,France,Medium,0.7367671628423881,Unassigned,new
15651627,White,Germany,Low,0.27833068441363656,Unassigned,new
15680685,Patterson,France,Low,0.0918508594693596,Unassigned,new
15808930,Mai,France,Low,0.2981971469934121,Unassigned,new
15570970,Han,France,Low,0.04601316343571779,Unassigned,new
15679961,Davidson,Spain,Low,0.24280680587453188,Unassigned,new
15705458,Parkin,Spain,Low,0.05061089566595974,Unassigned,new
15750396,McKissick,France,Low,0.010486566068991402,Unassigned,new
15679928,Horsfall,France,Low,0.039552898177813656,Unassigned,new
15711181,Clapp,France,Low,0.2159745038427543,Unassigned,new
15698324,Azikiwe,France,Low,0.11816086984835479,Unassigned,new
15807433,Zubarev,France,Low,0.05503444234777095,Unassigned,new
15636590,Pisano,France,Low,0.06030263615449031,Unassigned,new
15628950,Coates,Germany,Low,0.17620825866668882,Unassigned,new
15617206,Trentino,Germany,Low,0.18142481018643855,Unassigned,new
15603741,MacDonnell,Spain,Low,0.10081384070872998,Unassigned,new
15742607,Ermakov,Germany,Low,0.14219013487228968,Unassigned,new
15747821,K?,Germany,Low,0.26300340693329616,Unassigned,new
15612043,Hammonds,France,Low,0.045295395426489964,Unassigned,new
15809558,Peppin,Spain,Low,0.08144607488046178,Unassigned,new
15803750,Ball,Spain,Low,0.11025790199214497,Unassigned,new
15704681,Yeh,Germany,Low,0.06363146484343687,Unassigned,new
15667392,L?,Spain,Low,0.08078228098876682,Unassigned,new
15738889,Shih,France,Low,0.12344891162230145,Unassigned,new
15598838,Greco,France,Low,0.08734316187867647,Unassigned,new
15579109,Napolitano,Germany,Low,0.10944489507572872,Unassigned,new
15799042,Zaytseva,France,Low,0.1261114623885449,Unassigned,new
15697042,Genovesi,Spain,Low,0.09759155714060185,Unassigned,new
15696605,Angelo,France,Medium,0.6238947902240186,Unassigned,new
15802274,Waters,France,Medium,0.5545813230058911,Unassigned,new
15596808,Maclean,Spain,Low,0.09495136015430951,Unassigned,new
15705403,Seleznyova,Spain,Low,0.29037250980201745,Unassigned,new
15732903,Fontenot,France,Low,0.057697451267177555,Unassigned,new
15581968,Reid,France,Low,0.02027060629529935,Unassigned,new
15683892,Fraser,Germany,Low,0.263823324901272,Unassigned,new
15595447,Tuan,Spain,Low,0.14678891000250852,Unassigned,new
15569249,Howarth,France,High,0.8986600519285867,Unassigned,new
15656188,Davis,Spain,Low,0.025500860747035517,Unassigned,new
15689661,Gorbunov,France,Low,0.0114904560067342,Unassigned,new
15644934,Gentry,France,Low,0.07179577163346794,Unassigned,new
15721793,Chiu,Germany,Medium,0.6250999421205201,Unassigned,new
15687413,Sunderland,Spain,Low,0.033450660603175586,Unassigned,new
15761286,Fan,Germany,Low,0.1464678892022553,Unassigned,new
15658240,Parry,France,Low,0.21843415483849563,Unassigned,new
15706232,Niu,France,Low,0.388480543902872,Unassigned,new
15583394,Zuyev,Germany,Low,0.07382964632311444,Unassigned,new
15715643,Ijendu,France,Low,0.04462773858521205,Unassigned,new
15644856,Bird,Spain,Low,0.13277879364519413,Unassigned,new
15785488,Palmer,Spain,Low,0.033145937220389485,Unassigned,new
15711571,Y?,Spain,Low,0.22657859639952302,Unassigned,new
15778604,Nicholson,France,Low,0.1945252375302203,Unassigned,new
15751180,Adams,France,Low,0.36023835822920874,Unassigned,new
15748360,Cocci,Germany,Low,0.08845718475940514,Unassigned,new
15770039,Kuo,Germany,Low,0.3906304274904277,Unassigned,new
15685096,Trevisani,France,Low,0.08966266759054387,Unassigned,new
15669501,Kuo,France,Low,0.011474756174725625,Unassigned,new
15622631,H?,France,Low,0.27859669154291467,Unassigned,new
15586699,Thomson,France,Low,0.01295095097204224,Unassigned,new
15702377,Knorr,Spain,Medium,0.5047327411097954,Unassigned,new
15577170,Manfrin,France,Low,0.09017252059792312,Unassigned,new
15769451,Hayes,France,Low,0.07282320780340067,Unassigned,new
15811877,Shao,France,Low,0.03762945144405114,Unassigned,new
15648725,Sinclair,France,Low,0.02848962671510468,Unassigned,new
15752801,Bradshaw,Germany,Low,0.07711357727033594,Unassigned,new
15808175,Castiglione,France,Low,0.30168000804889533,Unassigned,new
15681342,Hurst,France,Low,0.049753139838483,Unassigned,new
15589210,Adamson,France,Low,0.18316901605407288,Unassigned,new
15696826,James,France,Low,0.07391773383733852,Unassigned,new
15614962,Pavlova,Spain,Low,0.3779580371396714,Unassigned,new
15689061,Davey,France,Low,0.0318319797367048,Unassigned,new
15640074,Barrett,Spain,High,0.7904934430798323,Unassigned,new
15776156,Dolgorukova,France,Low,0.05173109622002027,Unassigned,new
15739548,Johnson,France,Low,0.07632410232161696,Unassigned,new
15662854,Manna,Germany,Low,0.44853085760575384,Unassigned,new
15687688,Hou,Germany,Low,0.10264946289807098,Unassigned,new
15715750,Okeke,Germany,Medium,0.6623269744740642,Unassigned,new
15571121,Kodilinyechukwu,France,Low,0.37541778504238515,Unassigned,new
15726466,Esposito,France,Low,0.25117980754522196,Unassigned,new
15660390,Boyle,France,Low,0.019331193448873758,Unassigned,new
15663942,Hsiung,France,Low,0.04009149593391067,Unassigned,new
15638610,Kennedy,Germany,High,0.9163134404401309,Unassigned,new
15644446,Norton,France,Low,0.1162061811307118,Unassigned,new
15585892,Zakharov,France,Low,0.2873352672177917,Unassigned,new
15609356,Chimaraoke,France,Low,0.023731458768566176,Unassigned,new
15803378,Small,Spain,Low,0.04191280436392273,Unassigned,new
15599440,McGregor,France,Low,0.027326759870274896,Unassigned,new
15692408,Brown,Spain,Low,0.021849745711342697,Unassigned,new
15683168,Frederickson,France,Low,0.19654356648007532,Unassigned,new
15790254,Wood,Spain,Low,0.3666933916754293,Unassigned,new
15767729,Smith,Spain,Low,0.05141144675133178,Unassigned,new
15768600,Harris,Germany,High,0.8309811220401715,Unassigned,new
15699839,Hall,France,Low,0.05885845534359063,Unassigned,new
15786237,Pickworth,France,Low,0.013929707715518668,Unassigned,new
15694530,Porter,France,Low,0.061470013445726245,Unassigned,new
15796813,Storey,France,Medium,0.7042098856387189,Unassigned,new
15605791,Li,Germany,Low,0.07505208490897577,Unassigned,new
15714087,McGill,Germany,Medium,0.6479002115559821,Unassigned,new
15711446,Sinclair,Spain,High,0.9597525398738135,Unassigned,new
15588123,Horton,France,Low,0.019916893970543813,Unassigned,new
15748552,Sal,Germany,Low,0.23355161072747607,Unassigned,new
15618410,Murray,Germany,Low,0.2164278118430339,Unassigned,new
15672432,Giles,France,High,0.8630062108795498,Unassigned,new
15610042,Brown,France,Low,0.07313372338022463,Unassigned,new
15580914,Okechukwu,Spain,Low,0.21408193755436059,Unassigned,new
15583680,White,Spain,Low,0.2504169094351771,Unassigned,new
15813718,Kirillova,Spain,Low,0.13518448033437133,Unassigned,new
15767264,Lawson,Germany,High,0.8982790142020368,Unassigned,new
15686461,Sarratt,France,Low,0.17848138653805593,Unassigned,new
15678882,Hay,Germany,Low,0.3250595287631634,Unassigned,new
15789611,Lin,Germany,Medium,0.6360105600665561,Unassigned,new
15668679,Ozerova,France,Low,0.010266198060205579,Unassigned,new
15631685,Lambert,Germany,Low,0.3614761962308953,Unassigned,new
15655658,Bulgakov,France,Low,0.09319557024232342,Unassigned,new
15753591,He,France,Low,0.03303940183361833,Unassigned,new
15617348,Uchechukwu,France,Low,0.06560906693076984,Unassigned,new
15704581,Robertson,Germany,Low,0.042107421650925084,Unassigned,new
15738487,Leworthy,France,Low,0.015028283253273461,Unassigned,new
15648069,Onyemachukwu,France,Low,0.025110733602976415,Unassigned,new
15737627,Rivero,Germany,Low,0.10217333305158893,Unassigned,new
15731586,Lai,Spain,Low,0.07748696910284779,Unassigned,new
15757467,Feng,Spain,Low,0.044598596544816245,Unassigned,new
15597709,Hornung,France,Low,0.14623970148829873,Unassigned,new
15720529,Schiavone,France,Low,0.01098923912104057,Unassigned,new
15596797,Barnet,Spain,Low,0.037288912724726425,Unassigned,new
15681755,Dennys,France,Low,0.015952858486666503,Unassigned,new
15815271,Ritchie,Germany,High,0.9420716274054665,Unassigned,new
15682860,Lo,Spain,Low,0.02832513661637789,Unassigned,new
15621546,Yuriev,France,Low,0.09959521197387468,Unassigned,new
15705918,Howarth,France,Low,0.008723825686654526,Unassigned,new
15684512,Gibson,Germany,Low,0.07950265114291351,Unassigned,new
15671769,Zikoranachidimma,France,High,0.9058965439883032,Unassigned,new
15642934,Mason,Germany,Low,0.13946391087447743,Unassigned,new
15594305,Rizzo,France,Low,0.025930906775378723,Unassigned,new
15789201,Thomson,Germany,Low,0.31906278529265486,Unassigned,new
15706762,Ignatyev,France,Low,0.10118568590791477,Unassigned,new
15766183,Ferguson,Germany,Low,0.0450314047307489,Unassigned,new
15777994,Woods,France,Low,0.04068500285035358,Unassigned,new
15568162,Sung,Spain,Low,0.368276617612092,Unassigned,new
15680643,Lo,Spain,Low,0.06017069436322614,Unassigned,new
15761854,Burn,France,Low,0.12076101424565638,Unassigned,new
15730793,Russell,Germany,Medium,0.5915119783289129,Unassigned,new
15692137,Jen,France,Low,0.44069230021520683,Unassigned,new
15608595,Lo Duca,France,Low,0.133202638040563,Unassigned,new
15709459,Oluchi,Spain,Low,0.3907822309540261,Unassigned,new
15775750,Yao,France,Low,0.1181862017382186,Unassigned,new
15585855,Gould,France,Low,0.20327188668785506,Unassigned,new
15752139,Salter,Germany,Low,0.037888976884967986,Unassigned,new
15768295,Warner,France,Low,0.067564048139418,Unassigned,new
15766906,Salier,France,Low,0.06143686026606018,Unassigned,new
15725776,Lazar,Germany,Low,0.19692141524448595,Unassigned,new
15682576,Onyenachiya,France,Low,0.059931840900940274,Unassigned,new
15704081,Findlay,Germany,Low,0.05212980167067687,Unassigned,new
15719940,Gibbons,Germany,Medium,0.7236806853912372,Unassigned,new
15672894,McCawley,France,Low,0.06447013939541667,Unassigned,new
15667451,Taylor,France,Low,0.012942911693828465,Unassigned,new
15636767,Yang,Spain,Low,0.12225891726935391,Unassigned,new
15571415,Okwudiliolisa,Germany,High,0.8949853661527916,Unassigned,new
15575605,Napolitano,France,Low,0.017235845022322636,Unassigned,new
15649160,Vavilov,France,Low,0.11380143621388514,Unassigned,new
15615832,Teague,Spain,Low,0.07557174880658067,Unassigned,new
15600975,Chiemenam,France,High,0.8423822175495408,Unassigned,new
15690772,Hughes,Spain,Low,0.1294356613488725,Unassigned,new
15565714,Cattaneo,France,Low,0.11775526246597182,Unassigned,new
15763108,Davis,Germany,High,0.8703670387435527,Unassigned,new
15723884,Nekrasova,Spain,Low,0.039437681174662655,Unassigned,new
15644453,Loggia,Germany,Medium,0.5011391886740582,Unassigned,new
15655464,Combes,France,Low,0.16057396121627027,Unassigned,new
15783883,Onwuka,Germany,Low,0.4178946010028525,Unassigned,new
15787693,Kharlamov,Spain,Low,0.13225803429450372,Unassigned,new
15664793,Scott,Spain,Low,0.343349728885082,Unassigned,new
15642391,Lettiere,Germany,High,0.8963654536860826,Unassigned,new
15756538,Osonduagwuike,France,Low,0.17207719963520907,Unassigned,new
15668830,Wan,Spain,Low,0.08786197647146975,Unassigned,new
15796569,Donaldson,Spain,Low,0.3542484189664702,Unassigned,new
15677112,Chukwufumnanya,France,Low,0.08335171708362106,Unassigned,new
15815040,Ma,Germany,Medium,0.5123750328533476,Unassigned,new
15590434,Alexander,Spain,Low,0.14195831517332427,Unassigned,new
15597536,Nkemjika,Spain,Low,0.3321898859224454,Unassigned,new
15723989,Carroll,France,Low,0.0701058773378919,Unassigned,new
15767358,Obioma,Germany,Low,0.39642329135741133,Unassigned,new
15594812,Campbell,Spain,Low,0.056366672409450036,Unassigned,new
15688210,Sims,France,Low,0.18031235346935295,Unassigned,new
15681509,McKay,Spain,Low,0.018576904138068794,Unassigned,new
15572390,Huang,Spain,Low,0.04244963768049124,Unassigned,new
15801441,Campbell,Germany,Low,0.17741810445339914,Unassigned,new
15783859,Boni,France,Low,0.07369199279452307,Unassigned,new
15575243,Gorbunova,France,Low,0.0831544023082657,Unassigned,new
15773421,Genovese,France,Low,0.07957119301988848,Unassigned,new
15788776,Landor,Germany,High,0.9859574594956184,Unassigned,new
15765257,Meng,Spain,Low,0.04600557489787521,Unassigned,new
15661412,Wardell,France,Low,0.18963728509021538,Unassigned,new
15636478,Williams,France,Low,0.04596372118179098,Unassigned,new
15603683,Ofodile,Spain,Low,0.08758832370950356,Unassigned,new
15651868,Clark,France,Low,0.13083723568989186,Unassigned,new
15815443,Lo,Spain,Medium,0.5110164766106596,Unassigned,new
15682686,Chukwuemeka,France,Low,0.042148790736383904,Unassigned,new
15697460,Lai,Germany,Low,0.05345551844428302,Unassigned,new
15748432,Arcuri,France,Low,0.017283638345898217,Unassigned,new
15698271,Graham,France,Low,0.04711184763581924,Unassigned,new
15808662,Krylov,France,Low,0.07064608343271427,Unassigned,new
15690372,Henry,Spain,Low,0.08976060538152814,Unassigned,new
15781875,Jamieson,Spain,Low,0.023850606793174137,Unassigned,new
15801473,Moore,Germany,Low,0.028090298851147867,Unassigned,new
15704509,Tan,France,Low,0.08496457997301969,Unassigned,new
15694666,Thornton,Spain,Low,0.2284498677226292,Unassigned,new
15731166,Macleod,France,Low,0.06436616929199238,Unassigned,new
15728523,Rizzo,France,Low,0.13447101823349195,Unassigned,new
15788442,Chukwukadibia,Spain,Low,0.4128565447034343,Unassigned,new
15689781,Ts'ai,France,High,0.8359724815444781,Unassigned,new
15764226,Lu,Germany,Low,0.18578613198971047,Unassigned,new
15809837,Kent,Germany,Low,0.09571104335121192,Unassigned,new
15805212,Black,France,Low,0.028458919898983276,Unassigned,new
15716082,Chukwubuikem,Spain,Low,0.12659733036113505,Unassigned,new
15643056,McMillan,Germany,Low,0.19365965529789772,Unassigned,new
15654859,Ngozichukwuka,Spain,High,0.799252358092029,Unassigned,new
15761158,Y?an,France,Low,0.0886275222978737,Unassigned,new
15577515,Sung,Germany,Medium,0.604017898030958,Unassigned,new
15723827,Macartney,France,Low,0.10504091615925679,Unassigned,new
15646594,Ali,France,Low,0.14242737078524065,Unassigned,new
15712877,Morley,Spain,Low,0.022847285487999965,Unassigned,new
15598802,Martin,Spain,Low,0.01030827257747919,Unassigned,new
15699340,Okorie,France,Low,0.02237402484056953,Unassigned,new
15691150,Ku,France,Low,0.06750908060770408,Unassigned,new
15608688,Andreyeva,France,Low,0.015731631801816033,Unassigned,new
15737998,Cheng,France,Medium,0.6011717883763739,Unassigned,new
15735837,Hsia,Spain,Low,0.014538575614865181,Unassigned,new
15659100,Lane,France,Low,0.08611051257443761,Unassigned,new
15609070,Findlay,Germany,High,0.9663150582639535,Unassigned,new
15650313,Okonkwo,Germany,Low,0.26391634837908284,Unassigned,new
15627699,Pirogova,France,Low,0.07874713649862461,Unassigned,new
15591010,McDonald,Germany,Medium,0.7303450690291533,Unassigned,new
15798895,Okonkwo,France,High,0.9212371152321591,Unassigned,new
15745375,Nnanna,Germany,Low,0.10003877842895514,Unassigned,new
15775235,Ku,France,Low,0.13236704817610145,Unassigned,new
15780088,Porter,Spain,Low,0.086375893239434,Unassigned,new
15649379,Somayina,France,Low,0.08247412006202086,Unassigned,new
15713983,Mao,Germany,Low,0.07471546911743297,Unassigned,new
15709252,Fuller,Germany,Low,0.2235861579559458,Unassigned,new
15699238,Craig,Spain,Low,0.0632176458855199,Unassigned,new
15732884,Trevisano,France,Low,0.08974414466835867,Unassigned,new
15587297,Ruiz,France,Low,0.011841624409210796,Unassigned,new
15684722,Fraser,France,Low,0.047774856520115046,Unassigned,new
15621244,Gallo,France,Low,0.04989908974792447,Unassigned,new
15744273,Waterhouse,Germany,Low,0.08298065724067082,Unassigned,new
15682540,Cremonesi,France,Low,0.01906982819378846,Unassigned,new
15636521,Feng,Spain,Low,0.073935669776937,Unassigned,new
15785339,H?,France,Medium,0.4707420089590942,Unassigned,new
15638983,Jara,France,Low,0.17666791738217286,Unassigned,new
15654625,Wilson,Germany,Low,0.11029369039514557,Unassigned,new
15697310,O'Callaghan,Germany,Low,0.23113953987324504,Unassigned,new
15678210,Robson,France,Low,0.03616860604419205,Unassigned,new
15575438,Pease,France,Low,0.12137917520178865,Unassigned,new
15632789,Maclean,France,Low,0.008662757013512823,Unassigned,new
15621423,Lavrentyev,France,High,0.9369915832732281,Unassigned,new
15573520,Rhodes,Germany,Low,0.277881525159214,Unassigned,new
15740458,Murphy,Spain,Low,0.09198001678381224,Unassigned,new
15762799,Alexander,Germany,Low,0.013979112694591678,Unassigned,new
15686885,Nekrasov,Germany,Low,0.18727167877783296,Unassigned,new
15565996,Arnold,France,Low,0.04208857584208525,Unassigned,new
15662152,Trevisan,France,Low,0.1754185206362304,Unassigned,new
15711742,Mason,France,Low,0.11712717590974002,Unassigned,new
15701885,Tucker,France,Low,0.04507131361415354,Unassigned,new
15774262,Hobson,Germany,Low,0.16359704187377308,Unassigned,new
15567839,Gordon,France,Low,0.12862608175056844,Unassigned,new
15644400,Anderson,France,Low,0.28500566020027646,Unassigned,new
15797246,Terry,Germany,Low,0.09218665505154162,Unassigned,new
15778290,Lappin,France,Low,0.05917783618742797,Unassigned,new
15708714,Santiago,France,Low,0.024414999542928497,Unassigned,new
15586183,Wallace,France,Low,0.028207302049610607,Unassigned,new
15761733,King,France,Low,0.06264949424798244,Unassigned,new
15773934,Fang,France,Low,0.08650704385502805,Unassigned,new
15705343,May,Spain,Low,0.22174943939738184,Unassigned,new
15593959,Travis,France,Low,0.04567835631238953,Unassigned,new
15664615,Nnachetam,Germany,Low,0.18777591450998748,Unassigned,new
15671014,Zhdanova,Spain,Low,0.038989989700771936,Unassigned,new
15657778,Jefferson,France,Low,0.03024525423095524,Unassigned,new
15585192,Cremonesi,Spain,Low,0.12297938528819463,Unassigned,new
15592914,Fang,France,Low,0.01580780973845387,Unassigned,new
15770995,Sinclair,Germany,High,0.754135289123577,Unassigned,new
15570990,Begley,Spain,Low,0.10560943129886569,Unassigned,new
15596165,Degtyarev,Germany,Low,0.0385318399634162,Unassigned,new
15788131,Atkins,France,Medium,0.6132770870593778,Unassigned,new
15800773,Ikenna,Spain,Low,0.08478168771817396,Unassigned,new
15690153,Sun,France,Low,0.10726440325488604,Unassigned,new
15638989,Lettiere,France,Low,0.30679871454454494,Unassigned,new
15623210,Smith,Germany,High,0.9952721628911038,Unassigned,new
15652658,Finch,France,Low,0.03581579369176135,Unassigned,new
15684440,Monaldo,Germany,Low,0.12854916950046175,Unassigned,new
15730287,Ugonna,France,High,0.9062434386548465,Unassigned,new
15720353,Chiang,France,Low,0.04106812709603244,Unassigned,new
15767231,Sun,France,Low,0.0972278984807581,Unassigned,new
15761554,Blackburn,France,High,0.7906366719818567,Unassigned,new
15706637,Chang,Spain,Low,0.0396391506322168,Unassigned,new
15690492,Palermo,France,Low,0.08195960981586939,Unassigned,new
15694237,McEwan,Spain,Low,0.16117986724935346,Unassigned,new
15729771,Davide,Germany,Low,0.12427627883797289,Unassigned,new
15609823,Chieloka,Spain,Low,0.06394896270354314,Unassigned,new
15793366,Humphreys,Germany,Low,0.045470970169644305,Unassigned,new
15614813,Cocci,Germany,High,0.784021402864389,Unassigned,new
15566495,Hanson,Spain,Low,0.24041390565321444,Unassigned,new
15707602,Macleod,France,Low,0.2855367453011386,Unassigned,new
15635244,Ritchie,France,Low,0.017324352460031098,Unassigned,new
15805627,Nebechukwu,France,Low,0.01517343862473319,Unassigned,new
15607986,Nnamutaezinwa,France,Low,0.10720259816196183,Unassigned,new
15799785,Ikemefuna,Germany,Low,0.0875559396429453,Unassigned,new
15699963,Scott,France,Low,0.08148157351329699,Unassigned,new
15624595,Chiang,Spain,Low,0.0834886755924182,Unassigned,new
15629750,Artyomova,France,Low,0.1043355026787013,Unassigned,new
15651460,Hsieh,Spain,Low,0.05833738307907646,Unassigned,new
15753550,Levien,France,Low,0.09326977588140162,Unassigned,new
15594133,Erskine,Spain,High,0.9006633681476395,Unassigned,new
15772329,Fiorentino,Germany,Medium,0.6389893360705814,Unassigned,new
15591552,Okonkwo,France,Low,0.12440242421279926,Unassigned,new
15750921,Monds,France,Low,0.04037193137103979,Unassigned,new
15701687,Campbell,Spain,High,0.8887068787887688,Unassigned,new
15728906,Ibekwe,France,Low,0.005487205650109101,Unassigned,new
15670029,Marcelo,France,Low,0.03220763133480319,Unassigned,new
15763579,Castro,Germany,Low,0.09276635607524565,Unassigned,new
15728010,Capon,France,Low,0.028612421652687046,Unassigned,new
15663194,Voronova,Germany,Low,0.42713936956771426,Unassigned,new
15736510,Loggia,Spain,High,0.984102561964447,Unassigned,new
15745804,Law,France,Low,0.012193083104847614,Unassigned,new
15631451,Grant,Spain,Low,0.01827115412882563,Unassigned,new
15746995,Greco,Germany,Low,0.24819339530763126,Unassigned,new
15730673,Dietz,Germany,Low,0.419677875865703,Unassigned,new
15734649,Martel,Spain,High,0.8522656697085019,Unassigned,new
15701081,Jarvis,France,Low,0.10018278939776576,Unassigned,new
15632503,Meng,France,Low,0.14053890933203117,Unassigned,new
15585928,Hay,Germany,Low,0.10751753477517577,Unassigned,new
15648681,Voronoff,France,High,0.9905095224457744,Unassigned,new
15747757,Trevascus,Germany,High,0.9563464608950689,Unassigned,new
15718921,Ho,Spain,Low,0.044442895396000166,Unassigned,new
15571081,Hansen,France,Low,0.2908173415551547,Unassigned,new
15734578,Craig,France,Low,0.3997368070754216,Unassigned,new
15579583,Hall,Spain,Low,0.14369215635056942,Unassigned,new
15622729,Sun,France,Low,0.08322658951358743,Unassigned,new
15662189,Durant,Spain,Low,0.0904984560096394,Unassigned,new
15692718,Jackson,France,Low,0.03881483358837608,Unassigned,new
15762716,Chigozie,Spain,High,0.8773474338814694,Unassigned,new
15724851,Farmer,Germany,Low,0.2171790471631902,Unassigned,new
15587266,Douglas,Germany,Low,0.0830069077214948,Unassigned,new
15675926,Ardis,Germany,Low,0.2528837885718048,Unassigned,new
15706268,Smith,Germany,Medium,0.5415489593502744,Unassigned,new
15581871,Butler,Germany,Low,0.12691776743822653,Unassigned,new
15666166,Pettry,France,Low,0.033582315777713485,Unassigned,new
15671582,John,Spain,Low,0.06552054751835967,Unassigned,new
15680901,Potter,France,Low,0.04336471652811625,Unassigned,new
15642336,Shaw,France,Low,0.08167165657341582,Unassigned,new
15653147,Boyle,France,Low,0.058415568022493765,Unassigned,new
15571284,Elmore,Germany,Low,0.05986548079755076,Unassigned,new
15591360,Udinesi,France,Low,0.03732030859117201,Unassigned,new
15810485,Sun,Germany,Low,0.33982411608818225,Unassigned,new
15611973,Tuan,France,Low,0.0528325847545252,Unassigned,new
15735572,Lawrence,France,Low,0.17080840746247358,Unassigned,new
15567860,Burrows,Spain,Low,0.319912545016817,Unassigned,new
15795690,Shao,France,Low,0.04992665486646834,Unassigned,new
15706464,White,Spain,Low,0.04599206860690362,Unassigned,new
15725028,Chialuka,France,Low,0.01011292677992694,Unassigned,new
15751167,Toscano,France,Low,0.054496410292534436,Unassigned,new
15633944,McKay,Spain,Low,0.05600371394889894,Unassigned,new
15672637,Voronkov,France,Low,0.16480247121432395,Unassigned,new
15680895,Sal,Spain,Low,0.302275654028223,Unassigned,new
15793825,Ikechukwu,France,Low,0.03358953245631284,Unassigned,new
15611318,Kruglova,Spain,Low,0.1381676872953592,Unassigned,new
15768474,Clements,Spain,Low,0.01933305555021061,Unassigned,new
15716276,Kennedy,France,Low,0.14507982984961473,Unassigned,new
15623668,Johnson,Germany,Low,0.06649754847069307,Unassigned,new
15696361,Chung,Germany,Low,0.13197698495919657,Unassigned,new
15607988,Garland,Germany,Low,0.32004000631451124,Unassigned,new
15637891,Docherty,Germany,Low,0.4489199770854068,Unassigned,new
15789865,Nnaife,France,Low,0.09127024952390216,Unassigned,new
15627190,Lettiere,France,Low,0.25364631846625046,Unassigned,new
15788224,Sanderson,Germany,Medium,0.6596468698972601,Unassigned,new
15702149,Fomin,Germany,Low,0.16308127958554347,Unassigned,new
15708236,Wright,France,Low,0.03282687075969007,Unassigned,new
15568469,Buckley,France,Low,0.07348504289850481,Unassigned,new
15764444,Pan,Germany,Low,0.19736169622747787,Unassigned,new
15794204,Manna,France,Low,0.04194848729091682,Unassigned,new
15807546,Chinwendu,France,Low,0.02108833431743194,Unassigned,new
15782159,Ndubuagha,France,Low,0.015861711401376873,Unassigned,new
15618703,White,Spain,Low,0.33651505085638983,Unassigned,new
15793317,Hale,Spain,Low,0.1468481530951625,Unassigned,new
15740487,Ross,France,Medium,0.691075782483496,Unassigned,new
15722479,Ikenna,France,Low,0.017006547302175917,Unassigned,new
15688264,Nkemdilim,France,Low,0.07138559004964702,Unassigned,new
15583067,McMillan,France,Low,0.08878303263297602,Unassigned,new
15686670,Duke,France,Low,0.03500748437486449,Unassigned,new
15593345,Bradbury,Germany,Low,0.08191288728567177,Unassigned,new
15811690,Bayley,Germany,High,0.927735830236829,Unassigned,new
15734008,Bartlett,Germany,High,0.9114202873286847,Unassigned,new
15771856,Cremin,Spain,Low,0.031461441933966876,Unassigned,new
15762045,Gilchrist,Germany,Low,0.07640717261795155,Unassigned,new
15778142,Shih,Germany,Low,0.07029381824371281,Unassigned,new
15689268,Fitzpatrick,France,Low,0.09890929320626393,Unassigned,new
15721507,Pagan,France,Low,0.13237928813615857,Unassigned,new
15750476,Hendrick,Spain,Low,0.015586529970856695,Unassigned,new
15810723,Sanderson,France,Medium,0.7309259433422743,Unassigned,new
15787229,Samsonova,Spain,Low,0.03245350739093834,Unassigned,new
15570508,Azubuike,France,Medium,0.553968699781455,Unassigned,new
15617065,Pan,Spain,Low,0.3550758558927829,Unassigned,new
15689786,Massie,Germany,High,0.8715875962787789,Unassigned,new
15648876,Sandover,France,Low,0.19641567355026648,Unassigned,new
15802106,Craig,France,Low,0.1450694595227065,Unassigned,new
15773869,Onwudiwe,Spain,Low,0.1781012535405286,Unassigned,new
15711635,Chu,Germany,Low,0.2578227711576403,Unassigned,new
15795527,Zetticci,Spain,Low,0.13441959994052757,Unassigned,new
15759133,Vaguine,France,Low,0.009147691264663357,Unassigned,new
15679394,Owen,France,Low,0.2362123480220926,Unassigned,new
15801072,Hurst,France,Low,0.033661538155955885,Unassigned,new
15646082,Harding,France,Low,0.14795136209050436,Unassigned,new
15796111,Smith,Germany,Medium,0.5659856944677469,Unassigned,new
15670646,Moore,Spain,Low,0.22937905913998197,Unassigned,new
15578722,Bradley,France,Low,0.04116635731054369,Unassigned,new
15815095,Burfitt,Spain,Medium,0.6422172524221331,Unassigned,new
15730360,Mackenzie,France,Low,0.010492184227216362,Unassigned,new
15763194,Milanesi,France,Low,0.01172221600740082,Unassigned,new
15720725,Shubin,France,Low,0.017865579804611287,Unassigned,new
15567834,Nieves,France,Low,0.24196629851256546,Unassigned,new
15720644,Martin,France,Low,0.01690172002694198,Unassigned,new
15811742,Jen,Spain,Low,0.04506092291926236,Unassigned,new
15813363,Woods,Spain,Low,0.01693858782401459,Unassigned,new
15717629,Docherty,Germany,Low,0.06337951966271511,Unassigned,new
15713160,Lin,Spain,Low,0.04786805254677006,Unassigned,new
15568878,Cheng,Spain,Low,0.018512745321237686,Unassigned,new
15809800,Korovina,France,Low,0.03665165695026353,Unassigned,new
15736420,Macdonald,France,Low,0.032596104230623375,Unassigned,new
15757933,Hardy,Germany,Low,0.3312321145518816,Unassigned,new
15623072,Shaw,Spain,Low,0.033677715424327376,Unassigned,new
15683993,Knight,France,Low,0.10584529199146764,Unassigned,new
15570947,Bruny,Spain,Low,0.057056788454156196,Unassigned,new
15797767,Ikedinachukwu,France,Medium,0.5921862690846994,Unassigned,new
15731989,Moran,France,Low,0.04980123645185907,Unassigned,new
15591035,Macleod,Spain,Low,0.3463875687130435,Unassigned,new
15586479,Yin,France,Low,0.30499664445992086,Unassigned,new
15605872,Felix,France,Low,0.02453203985327997,Unassigned,new
15666012,Rippey,France,Low,0.06030708045356828,Unassigned,new
15641733,Mishina,France,Low,0.15859229154794183,Unassigned,new
15593178,Graham,Spain,Low,0.06622209574964734,Unassigned,new
15649183,Johnston,Spain,Medium,0.523934448851104,Unassigned,new
15736399,Korovin,Spain,Low,0.05324662659580556,Unassigned,new
15751137,Lei,Germany,Low,0.174350772244428,Unassigned,new
15757188,Chimaijem,Spain,Low,0.04705716279860468,Unassigned,new
15726167,Scott,France,Low,0.016147212530762175,Unassigned,new
15624850,Grant,France,Low,0.03825509713610595,Unassigned,new
15717700,McIntyre,Spain,Low,0.026946457752412844,Unassigned,new
15716347,Griffin,Germany,Low,0.056822819624797134,Unassigned,new
15696287,Converse,Germany,Low,0.31614085031980166,Unassigned,new
15638871,Ch'ang,France,Low,0.00999736405006978,Unassigned,new
15765093,Coates,France,Low,0.050188911292892054,Unassigned,new
15592999,Reid,France,Low,0.16397822322651454,Unassigned,new
15641715,Ts'ui,France,Low,0.0130849645711366,Unassigned,new
15607746,Belstead,France,Low,0.15226895186855507,Unassigned,new
15625311,Dickinson,Germany,Low,0.2926806107727857,Unassigned,new
15573077,Nwora,Germany,Low,0.15528445411121536,Unassigned,new
15735106,Bishop,Spain,Low,0.044127152738599316,Unassigned,new
15672912,Loggia,Spain,Low,0.1175413822544157,Unassigned,new
15589881,Rowe,France,Low,0.046543769965434335,Unassigned,new
15660144,Balashov,France,Low,0.025675093337437983,Unassigned,new
15664083,Ulyanova,Germany,Low,0.19785547442543588,Unassigned,new
15690898,Bogolyubova,France,Low,0.28364136600426415,Unassigned,new
15808023,Remington,France,Low,0.07082104811695092,Unassigned,new
15676909,Mishin,Spain,Low,0.03801653067557033,Unassigned,new
15764922,Tu,Spain,Low,0.12298158381652229,Unassigned,new
15766734,Castiglione,France,Low,0.14100900856340837,Unassigned,new
15795079,Nnaife,Spain,Low,0.019619232560333495,Unassigned,new
15757434,Yang,France,Low,0.07903840151638686,Unassigned,new
15673747,Ayers,France,Low,0.1878864895061026,Unassigned,new
15808386,Cocci,Germany,Medium,0.7072986436653445,Unassigned,new
15603565,Mackenzie,Spain,High,0.8028734986335462,Unassigned,new
15744044,Fiorentini,Germany,High,0.7739492545797892,Unassigned,new
15577771,Akabueze,Germany,Low,0.36476050945492744,Unassigned,new
15769548,Hyde,France,Low,0.1575480919581294,Unassigned,new
15802071,Levi,Germany,Low,0.19241496539463643,Unassigned,new
15677395,Nwabugwu,France,Low,0.15083914996940245,Unassigned,new
15632010,Chia,Spain,Low,0.04505394598339763,Unassigned,new
15779492,Trevisano,Spain,High,0.8124384258048487,Unassigned,new
15694677,Bennetts,France,Low,0.020076256061486386,Unassigned,new
15704315,Teng,France,Low,0.053312103113741155,Unassigned,new
15742009,Hsueh,Spain,Low,0.07610499471823357,Unassigned,new
15766663,Mahmood,France,Low,0.015728263171687348,Unassigned,new
15742297,Sinclair,France,Low,0.05614203192984269,Unassigned,new
15688059,Chin,Germany,Low,0.1802459383341878,Unassigned,new
15752344,She,Spain,Low,0.023321062662402667,Unassigned,new
15698749,He,Germany,Low,0.19356917672975266,Unassigned,new
15631693,Hill,France,Low,0.011577250052794783,Unassigned,new
15604536,Vachon,Germany,Low,0.1328745324123214,Unassigned,new
15802869,Ball,Germany,Low,0.2642834890295045,Unassigned,new
15635598,Hsieh,France,Low,0.019213583358973343,Unassigned,new
15592326,Baker,France,Low,0.012950247946126016,Unassigned,new
15736533,Monaldo,Germany,Low,0.3729506276439197,Unassigned,new
15647191,Lucchesi,France,Low,0.018916083860646273,Unassigned,new
15622507,Hamilton,Germany,Low,0.20575726231534658,Unassigned,new
15765487,Kuo,Germany,Low,0.20366763265790222,Unassigned,new
15646521,Fan,Spain,Low,0.18281454479715828,Unassigned,new
15746258,Wright,France,Low,0.042666802028014324,Unassigned,new
15692430,Milano,Germany,Low,0.08991067650415259,Unassigned,new
15625501,Wall,Germany,Low,0.32742857198152486,Unassigned,new
15640521,Chidumaga,Germany,Low,0.23333296890350969,Unassigned,new
15790630,Olisaemeka,France,High,0.7586770031622797,Unassigned,new
15664720,Kovalyova,Spain,Low,0.09170283523579922,Unassigned,new
15750055,Onio,Spain,Low,0.027433769412154623,Unassigned,new
15644878,Hill,Spain,Low,0.31956857947745404,Unassigned,new
15754578,Okeke,France,Low,0.08581680133239003,Unassigned,new
15705379,Upjohn,France,Low,0.026018820105528705,Unassigned,new
15761047,H?,Germany,Low,0.04244713851857942,Unassigned,new
15671293,Marcus,Germany,Low,0.2915089846496876,Unassigned,new
15687527,Yobachukwu,Spain,Low,0.019947512673889133,Unassigned,new
15647898,Russell,Spain,High,0.9916254457664869,Unassigned,new
15671534,Hovell,Germany,High,0.9406710864434327,Unassigned,new
15591248,Chukwumaobim,France,Low,0.08541456858467657,Unassigned,new
15676156,Boyle,France,Low,0.07536167286078742,Unassigned,new
15812918,Scott,France,Low,0.031217175407384053,Unassigned,new
15604130,Johnstone,Spain,Medium,0.5388463402815441,Unassigned,new
15700549,Alvares,France,Low,0.046905965930865205,Unassigned,new
15715519,McDavid,Spain,Low,0.023688250782182865,Unassigned,new
15707042,Dellucci,France,Low,0.13621360265299448,Unassigned,new
15605276,Brothers,France,Low,0.024226899718454906,Unassigned,new
15630592,Sanders,France,Medium,0.6344851352762633,Unassigned,new
15636626,Morrison,France,Low,0.048113072935197634,Unassigned,new
15740411,Molle,Germany,Low,0.044949420184367074,Unassigned,new
15593834,Genovese,Spain,Low,0.09841430599559155,Unassigned,new
15804235,Zetticci,France,Low,0.07199118163733852,Unassigned,new
15679801,Hsueh,Spain,Low,0.08658577958614569,Unassigned,new
15673907,Alexander,France,Low,0.012879458003951273,Unassigned,new
15636562,Muravyova,Spain,Low,0.062173855642469696,Unassigned,new
15702571,Wright,Germany,High,0.7590389493429093,Unassigned,new
15627365,Calabresi,France,Low,0.06821686772269639,Unassigned,new
15748499,Johnson,Germany,Low,0.17428510004668116,Unassigned,new
15598614,Lucchesi,Spain,Low,0.014566217549826326,Unassigned,new
15668889,Galgano,Germany,High,0.9801564864733168,Unassigned,new
15800049,Grigoryeva,Spain,Low,0.33909980441125886,Unassigned,new
15583724,Raymond,Spain,Low,0.01876278986066377,Unassigned,new
15622083,Paterson,Germany,Low,0.07568561834234479,Unassigned,new
15645571,Genovese,Spain,Low,0.013766163419038906,Unassigned,new
15598266,Martin,France,Low,0.19465175045447175,Unassigned,new
15667934,Moretti,France,Low,0.1089107498117308,Unassigned,new
15569682,Leckie,Germany,Low,0.32535268988778726,Unassigned,new
15772941,Lane,Germany,Low,0.14475818356248818,Unassigned,new
15586174,Brodney,Germany,Low,0.1735328733788145,Unassigned,new
15803682,Angelo,Germany,Low,0.11252559238562877,Unassigned,new
15627328,Millar,Spain,Low,0.01909757250880406,Unassigned,new
15717065,Balashov,France,Low,0.13695063767308288,Unassigned,new
15602456,Afanasyev,Germany,Low,0.28145876772149475,Unassigned,new
15721569,Chialuka,Germany,Medium,0.5572990039358002,Unassigned,new
15573798,Yermolayev,France,Low,0.06484907437289389,Unassigned,new
15638272,Tien,Spain,Low,0.04553700038666988,Unassigned,new
15799859,Lucchesi,France,Medium,0.6052400855873599,Unassigned,new
15599152,Lai,France,Low,0.0805204920291995,Unassigned,new
15737909,Bates,France,Low,0.15260602136642812,Unassigned,new
15646190,Saunders,France,High,0.8885273605015963,Unassigned,new
15711249,Chukwuemeka,Spain,Low,0.01812735720672305,Unassigned,new
15671987,Meagher,Spain,Low,0.08565596138032909,Unassigned,new
15812766,Golubeva,Spain,Low,0.16676373588172147,Unassigned,new
15778589,Collier,France,Low,0.028926381028134777,Unassigned,new
15750104,Chan,Germany,Low,0.2348869798247782,Unassigned,new
15784526,Chen,France,Low,0.24854747325089227,Unassigned,new
15646563,Wright,France,Low,0.1418800912465572,Unassigned,new
15744423,Cocci,France,Low,0.016765891051864733,Unassigned,new
15593694,Williams,France,Low,0.18680558264277902,Unassigned,new
15785367,McGuffog,France,High,0.9250615550476825,Unassigned,new
15687765,Chukwujamuike,Germany,Low,0.40320911927166414,Unassigned,new
15789014,Scott,France,Low,0.11066540390166678,Unassigned,new
15703177,Bell,France,Low,0.0853929285394059,Unassigned,new
15660263,Olisaemeka,France,Low,0.08707049686904231,Unassigned,new
15776545,Napolitani,France,Medium,0.4508875052557597,Unassigned,new
15683276,Sargood,Spain,Low,0.06980555262048616,Unassigned,new
15599272,Harrington,France,Low,0.07111346068771351,Unassigned,new
15589541,Sutherland,France,Low,0.017235594046507777,Unassigned,new
15608804,Allan,Germany,Medium,0.5315790766910273,Unassigned,new
15645820,Folliero,France,Low,0.016671239815384715,Unassigned,new
15659031,Mordvinova,France,Low,0.06089131719702211,Unassigned,new
15790113,Schofield,Germany,High,0.8647692921474655,Unassigned,new
15652289,Williams,France,Low,0.1668365456366295,Unassigned,new
15605341,Baird,France,Low,0.29209480115475406,Unassigned,new
15697844,Whitehouse,Spain,Low,0.2328112664941124,Unassigned,new
15652048,Thompson,Germany,Low,0.14997498105754364,Unassigned,new
15587038,Ogochukwu,Spain,Low,0.13784653610610853,Unassigned,new
15660528,Niu,Spain,Low,0.017554984057769698,Unassigned,new
15700300,Okoli,Germany,Medium,0.5128578358954815,Unassigned,new
15642001,Lorenzen,Germany,Medium,0.5811508133981963,Unassigned,new
15580366,Okechukwu,Germany,Low,0.2551163843686051,Unassigned,new
15657228,Anderson,Germany,Low,0.06947371481155915,Unassigned,new
15729377,Ku,France,Low,0.011956428531884765,Unassigned,new
15686913,Kung,France,Low,0.20166187523758183,Unassigned,new
15631267,Lu,France,Low,0.15422789813078763,Unassigned,new
15632275,Trevisano,France,Low,0.13509496286433315,Unassigned,new
15715907,Onwubiko,France,Medium,0.7280456489038053,Unassigned,new
15764841,Vidler,France,Low,0.09700952571548103,Unassigned,new
15748649,Shen,France,Low,0.18057384962703504,Unassigned,new
15771409,McGregor,France,High,0.7841439127010177,Unassigned,new
15779207,Nnamdi,Germany,Low,0.05868872861471226,Unassigned,new
15814116,Castiglione,France,Low,0.0959458969688861,Unassigned,new
15665087,Bergamaschi,Germany,Low,0.18738897907406485,Unassigned,new
15611189,Allingham,Spain,Low,0.26502891219335867,Unassigned,new
15729718,Stelzer,France,Medium,0.5362525598875676,Unassigned,new
15733602,Rubin,Spain,Low,0.013636884691919348,Unassigned,new
15620103,Ho,France,Low,0.19954963119762517,Unassigned,new
15770406,Watson,Germany,Low,0.1787701125736646,Unassigned,new
15800554,Perry,France,Low,0.007845079953317943,Unassigned,new
15611409,Sun,Spain,Low,0.02069078516479142,Unassigned,new
15646535,Harrell,France,Low,0.4133763031954364,Unassigned,new
15575430,Robson,France,Low,0.07816165190618987,Unassigned,new
15711299,Wilson,Germany,Medium,0.6252629091852594,Unassigned,new
15642063,Kelechi,France,Low,0.20006655294635461,Unassigned,new
15706602,Bates,Spain,Low,0.056940090956468105,Unassigned,new
15592773,Eberegbulam,Germany,High,0.9898089503708012,Unassigned,new
15786539,Olisaemeka,France,Low,0.007810631126357218,Unassigned,new
15737542,Davey,Germany,Low,0.34657238064700713,Unassigned,new
15590234,De Luca,France,Medium,0.48724611019720093,Unassigned,new
15773776,Ho,France,Low,0.24029782762090435,Unassigned,new
15728082,Vasiliev,Spain,Low,0.016015177139678996,Unassigned,new
15609987,Smith,France,Low,0.2180950030765534,Unassigned,new
15735330,Sung,France,Low,0.19316906127339697,Unassigned,new
15649430,White,France,Low,0.010455590859090246,Unassigned,new
15768777,Wang,Spain,Low,0.019569759922381486,Unassigned,new
15777893,Davide,France,Low,0.061310203969554035,Unassigned,new
15791326,Nnamdi,France,Low,0.2219566082804609,Unassigned,new
15615176,Welsh,France,Low,0.017649996205976213,Unassigned,new
15735221,Sousa,France,Low,0.07079105575213787,Unassigned,new
15617991,Andrews,France,Low,0.047620175825038746,Unassigned,new
15658504,Chiawuotu,Germany,Low,0.24210447248535152,Unassigned,new
15785705,Thomson,Germany,Medium,0.6656574621904856,Unassigned,new
15801817,Carpenter,France,Low,0.11838231018981724,Unassigned,new
15752578,Yefimova,France,Low,0.10498868398852167,Unassigned,new
15781574,Ma,Spain,Low,0.017290201080156935,Unassigned,new
15792107,Black,Spain,Low,0.1771428310734571,Unassigned,new
15569917,Obijiaku,Spain,Low,0.039836278532170026,Unassigned,new
15721504,King,Spain,Low,0.04417461232867643,Unassigned,new
15757306,Miller,Spain,High,0.8421308052155487,Unassigned,new
15647295,Chin,France,Low,0.02870904370465643,Unassigned,new
15642098,Cox,Spain,Low,0.08819469514065216,Unassigned,new
15696120,Wallace,Spain,Low,0.03089058773133082,Unassigned,new
15675176,Price,France,Low,0.2639567935217735,Unassigned,new
15700046,Yuan,France,Low,0.08891696638300187,Unassigned,new
15782089,Mullen,France,Low,0.13820874185253484,Unassigned,new
15706394,Howell,France,Low,0.0593945481185884,Unassigned,new
15759387,McIntosh,Germany,Low,0.25128826838545615,Unassigned,new
15623369,Clifton,France,Medium,0.6001251182362566,Unassigned,new
15732943,Okwuoma,Spain,Low,0.1429305704341984,Unassigned,new
15750545,Chidiebere,France,High,0.9111329418665733,Unassigned,new
15809909,Fan,Spain,Low,0.06505098640899083,Unassigned,new
15642448,Onyemauchechukwu,Spain,Low,0.04345374401591859,Unassigned,new
15791944,Harker,France,High,0.9232093221033737,Unassigned,new
15768342,Bolton,France,High,0.9178582954585114,Unassigned,new
15567919,Lazarev,Germany,Low,0.0426226159739499,Unassigned,new
15674750,Alexeyeva,Spain,Low,0.034804288638201696,Unassigned,new
15778345,Stevens,France,Low,0.17075424771249584,Unassigned,new
15687634,Glover,Germany,Medium,0.5192105390873888,Unassigned,new
15666096,Ibekwe,Spain,Low,0.09077677171890139,Unassigned,new
15581700,Paterson,Germany,Low,0.29190463580219644,Unassigned,new
15656417,Marsh,France,Low,0.11176169106356108,Unassigned,new
15649101,Reeves,France,Low,0.18267440746853972,Unassigned,new
15781975,Rees,France,Low,0.0864433061670875,Unassigned,new
15700511,Hanson,Germany,Low,0.04601309585985005,Unassigned,new
15770255,Onwughara,Germany,Low,0.1933674422510398,Unassigned,new
15643574,Odinakachukwu,France,Low,0.019415292094368194,Unassigned,new
15595010,Huang,Spain,Low,0.0488216475765799,Unassigned,new
15580579,Trevisani,France,Low,0.2701629474382499,Unassigned,new
15748532,Dale,Spain,Low,0.21130131524187165,Unassigned,new
15773789,Pavlova,Spain,Low,0.1723688340084853,Unassigned,new
15600027,Meng,Spain,Low,0.012250953989393867,Unassigned,new
15620832,Dean,France,Low,0.022892528554856954,Unassigned,new
15568819,Chiganu,Germany,High,0.9325942075102984,Unassigned,new
15748691,Lung,Spain,Low,0.09250295574844208,Unassigned,new
15583552,Donaldson,Germany,Medium,0.5155410646361567,Unassigned,new
15588019,Li Fonti,France,Low,0.15767608692171567,Unassigned,new
15713250,Izmailova,France,Low,0.011753383767299804,Unassigned,new
15569595,Walker,France,High,0.7925984360107462,Unassigned,new
15794868,Nnonso,Germany,Low,0.1196780507630091,Unassigned,new
15576680,Stevenson,France,Low,0.01517350123233497,Unassigned,new
15613699,Schnaars,France,High,0.923585590162063,Unassigned,new
15609758,Geoghegan,France,Medium,0.49624938173143635,Unassigned,new
15762392,Ilyina,Spain,Low,0.04713165762883169,Unassigned,new
15693382,Muir,France,Low,0.08512222128008062,Unassigned,new
15791769,Gardener,France,Low,0.136837012487404,Unassigned,new
15712483,Chidi,Spain,Low,0.027724469614673654,Unassigned,new
15636454,Fu,France,High,0.8792267347984258,Unassigned,new
15710138,Sun,Spain,Low,0.020445198416360263,Unassigned,new
15571571,Ting,Germany,High,0.7740499957415666,Unassigned,new
15638751,Ashton,Spain,Low,0.0527513562058146,Unassigned,new
15598574,Uwakwe,Spain,Low,0.018892273204235387,Unassigned,new
15796787,Vassiliev,France,Low,0.43255476220961026,Unassigned,new
15615670,Kazakova,France,Low,0.0560235440716273,Unassigned,new
15705506,Perry,Spain,Low,0.026820343178361614,Unassigned,new
15599535,Howell,Spain,Low,0.04969720187576265,Unassigned,new
15768449,Ricci,France,Low,0.048066048072458845,Unassigned,new
15725002,Smith,France,Low,0.02191148205907628,Unassigned,new
15611682,Rossi,Spain,Low,0.08200428764487473,Unassigned,new
15749964,Jones,France,Low,0.07535718294691297,Unassigned,new
15678779,Quezada,France,Low,0.009874693864094555,Unassigned,new
15752601,McCulloch,France,Low,0.055882017853964176,Unassigned,new
15758477,Tobeolisa,France,Low,0.030309667769322906,Unassigned,new
15629133,Black,France,Low,0.02946054389064189,Unassigned,new
15604963,Fraser,France,Low,0.04567947691328014,Unassigned,new
15796413,Green,France,Low,0.13544286038892103,Unassigned,new
15812470,Allan,France,Low,0.044260457628241906,Unassigned,new
15587443,Akudinobi,France,Low,0.03020285572562337,Unassigned,new
15689692,Walker,Germany,Low,0.07777313141319951,Unassigned,new
15779586,Olisaemeka,Germany,Medium,0.5137092974717755,Unassigned,new
15667588,Arcuri,Spain,Low,0.30891223365296466,Unassigned,new
15624423,Liu,France,Low,0.09572917843809547,Unassigned,new
15591107,Flemming,Germany,High,0.8869535066046736,Unassigned,new
15748986,Bischof,Germany,Low,0.08916797191105404,Unassigned,new
15793896,John,Spain,Low,0.10024811604537363,Unassigned,new
15620570,Sinnett,France,Medium,0.5714641952004479,Unassigned,new
15727811,Ts'ui,Germany,High,0.8464845036387396,Unassigned,new
15707681,Pokrovsky,Germany,Low,0.06881720288204811,Unassigned,new
15702030,Azarov,France,Low,0.14105446986644207,Unassigned,new
15673238,McCarthy,Germany,High,0.7954905901689027,Unassigned,new
15604196,Simpson,France,Low,0.10086237993504313,Unassigned,new
15769356,Stevenson,Germany,Low,0.0790563551921756,Unassigned,new
15665590,Moore,France,Low,0.05579805017942488,Unassigned,new
15572361,Chill,Germany,Low,0.19174166926490785,Unassigned,new
15667460,Moore,France,Low,0.008860000475211068,Unassigned,new
15654760,Su,France,Low,0.08890807611519133,Unassigned,new
15632669,Rees,Spain,Low,0.019123977851718568,Unassigned,new
15613673,Lung,France,Low,0.13011646336177227,Unassigned,new
15698522,Thomas,Germany,Low,0.11995039097742363,Unassigned,new
15741633,Fuller,Spain,Low,0.04519434367061673,Unassigned,new
15674583,Trevisani,France,Low,0.0457204341349091,Unassigned,new
15665374,Dumolo,Spain,Low,0.026986238875143648,Unassigned,new
15588854,Wu,France,Low,0.06337341854645596,Unassigned,new
15810716,Kerr,Germany,Low,0.15958319062998635,Unassigned,new
15776921,Geoghegan,Germany,Low,0.17182121728655012,Unassigned,new
15569394,Bailey,France,Low,0.046710431289202235,Unassigned,new
15788215,Hsia,Spain,Low,0.13665384901901492,Unassigned,new
15641007,Holden,France,Low,0.15394168819617413,Unassigned,new
15594651,Milani,France,Low,0.08124560435184358,Unassigned,new
15575146,Jamieson,Germany,Low,0.30748482994627807,Unassigned,new
15608916,Ndubueze,France,Low,0.10420571912023925,Unassigned,new
15666297,Abramova,Spain,High,0.9682146907310415,Unassigned,new
15598586,Wetherspoon,France,Low,0.03546651555461059,Unassigned,new
15665014,Middleton,Spain,Low,0.021541937653109643,Unassigned,new
15701738,Arcuri,Germany,Low,0.4158237112260649,Unassigned,new
15650591,Calabrese,Germany,Medium,0.517123243504588,Unassigned,new
15652667,Hampton,France,Low,0.02211038979882535,Unassigned,new
15679622,Clayton,France,Low,0.08928692115683014,Unassigned,new
15730150,Otutodilichukwu,Spain,Low,0.13692750090747863,Unassigned,new
15813192,Chukwuemeka,France,Low,0.01128370544947575,Unassigned,new
15606554,Douglas,France,Low,0.06392558867779366,Unassigned,new
15611794,Galloway,Germany,Low,0.17572815652322746,Unassigned,new
15672357,Sochima,Spain,Low,0.031637980526921405,Unassigned,new
15711759,Wilkins,France,Low,0.06410217528013636,Unassigned,new
15615296,Rice,France,High,0.7552966432926693,Unassigned,new
15699294,Pope,France,Low,0.014744000351331617,Unassigned,new
15788634,Romani,Spain,Low,0.15466235414803758,Unassigned,new
15660871,Ch'ang,France,Low,0.08366070449581633,Unassigned,new
15618258,Chizuoke,Spain,Low,0.11941663865989063,Unassigned,new
15722535,Ireland,France,Low,0.07580541409994776,Unassigned,new
15711977,Finch,France,Low,0.11632616209349263,Unassigned,new
15690169,Meng,France,Low,0.05038238634692614,Unassigned,new
15790689,Hibbins,Spain,Low,0.05478914551473846,Unassigned,new
15665181,Chung,Spain,Low,0.010612387921897731,Unassigned,new
15633608,Black,France,Low,0.03319965580685247,Unassigned,new
15805261,Balashov,Spain,Low,0.011523614365324421,Unassigned,new
15740356,Palmer,Germany,Low,0.1330183681731067,Unassigned,new
15808223,Lea,Spain,Low,0.12882968612853313,Unassigned,new
15769980,Singleton,Germany,Low,0.310111208920402,Unassigned,new
15675450,Burt,France,Low,0.05534952879604483,Unassigned,new
15776494,Siciliano,France,Low,0.17911036949926065,Unassigned,new
15592412,Sun,Germany,Medium,0.6540192045651573,Unassigned,new
15777452,Sauve,France,Medium,0.49486936695157374,Unassigned,new
15692258,Thompson,Spain,Low,0.08627752123328059,Unassigned,new
15791045,Boni,France,Low,0.11276898305373197,Unassigned,new
15807889,Wood,Germany,Medium,0.5285888344668647,Unassigned,new
15602043,Buccho,Germany,Medium,0.4578133728175644,Unassigned,new
15807335,Spencer,Spain,Low,0.15561993632758922,Unassigned,new
15629985,Eidson,Germany,Medium,0.47210196058218373,Unassigned,new
15679453,Hung,Germany,Low,0.29296005471957093,Unassigned,new
15637315,Melvin,Spain,Low,0.06002118834399746,Unassigned,new
15691513,Dawkins,France,High,0.8912700355378396,Unassigned,new
15622289,Rizzo,Spain,Low,0.022332082544777518,Unassigned,new
15715184,Capon,Spain,Low,0.083571221915897,Unassigned,new
15702801,Ts'ao,France,Low,0.12803068703728682,Unassigned,new
15719931,Johnstone,France,Low,0.02059251487603583,Unassigned,new
15806081,Fleming,Germany,Medium,0.5533549317676992,Unassigned,new
15796336,Chang,Spain,Low,0.03251968606511136,Unassigned,new
15647306,Gibbs,France,Low,0.0805735539494093,Unassigned,new
15742369,Rita,Spain,Low,0.010208513645631686,Unassigned,new
15655859,Munro,Spain,Low,0.05186583126960853,Unassigned,new
15675650,Duncan,France,Low,0.1434556547897605,Unassigned,new
15574119,Okwuadigbo,Spain,Low,0.26251691584729314,Unassigned,new
15754168,McIntosh,France,Low,0.33791836652844576,Unassigned,new
15763029,Ch'iu,Germany,Low,0.38320125359080287,Unassigned,new
15765048,Watt,France,Low,0.02153157882977759,Unassigned,new
15786215,Udinese,France,Medium,0.6483550765284422,Unassigned,new
15707559,Clark,France,Low,0.024199799389068074,Unassigned,new
15582129,Hsia,France,High,0.9907130204715328,Unassigned,new
15687540,Obiuto,France,Low,0.02475046885206217,Unassigned,new
15787196,T'ien,Spain,Low,0.05749638438680183,Unassigned,new
15670898,McKenzie,France,High,0.7927415044655463,Unassigned,new
15775433,Tang,Germany,Low,0.025248595128520346,Unassigned,new
15700693,Tu,France,Low,0.014926730163162101,Unassigned,new
15677955,Tsui,Germany,Low,0.2713981772922494,Unassigned,new
15570086,Lynch,Germany,Low,0.10059965763172828,Unassigned,new
15794875,Hung,Spain,Low,0.0186079699667832,Unassigned,new
15673591,Oluchukwu,France,High,0.9683681412904431,Unassigned,new
15631756,Tuan,France,Low,0.07103988798828258,Unassigned,new
15757617,Lewis,France,Medium,0.7177938289007929,Unassigned,new
15612729,Chidiebere,France,Low,0.050846177720568556,Unassigned,new
15637857,Woolacott,France,Low,0.12816954551519402,Unassigned,new
15681007,Yen,France,High,0.9398589709634605,Unassigned,new
15593622,Service,France,Low,0.1200756824032763,Unassigned,new
15629273,Lin,Germany,Low,0.39629334276994327,Unassigned,new
15765846,Chuang,Spain,Low,0.13030195382714393,Unassigned,new
15596013,Akhtar,Germany,High,0.9407305291497136,Unassigned,new
15722473,Faulkner,France,Low,0.03730079751992439,Unassigned,new
15774936,Liang,Germany,Low,0.26925468397773267,Unassigned,new
15685640,Dancy,France,Low,0.17533386719725444,Unassigned,new
15566563,Duigan,France,Low,0.13322705735986803,Unassigned,new
15768746,McLean,France,Low,0.02453757025272991,Unassigned,new
15689952,Zuyeva,Spain,Low,0.19047512525359225,Unassigned,new
15725906,Hankinson,Spain,Medium,0.4637680244278013,Unassigned,new
15634501,Wei,France,Low,0.20704509839097768,Unassigned,new
15571940,Afamefula,Spain,Low,0.04833359952957217,Unassigned,new
15741643,Chiang,Germany,Low,0.1537807537215985,Unassigned,new
15806822,Myers,France,Low,0.03880254313775105,Unassigned,new
15701166,Chinedum,France,Low,0.061621687720668075,Unassigned,new
15718531,Ukaegbunam,France,Low,0.03098322911586603,Unassigned,new
15628308,Akubundu,France,Low,0.01636445676618777,Unassigned,new
15585287,Sal,Germany,Low,0.3636807901396793,Unassigned,new
15781619,Stevenson,France,Low,0.30864237976346076,Unassigned,new
15805162,Sutherland,France,Low,0.011633121386251558,Unassigned,new
15588535,Ts'ao,Spain,Low,0.04750272419567996,Unassigned,new
15775307,Sung,Spain,Low,0.11317753202600957,Unassigned,new
15777616,Pisani,Germany,Low,0.24287489164816603,Unassigned,new
15692291,Hs?eh,Spain,Low,0.20574094726177997,Unassigned,new
15680843,Sherrod,France,Low,0.013094852618161632,Unassigned,new
15606232,Holloway,Spain,Low,0.09734654404031108,Unassigned,new
15641585,Newton,France,Low,0.10006496265649321,Unassigned,new
15684358,Kang,France,Low,0.03450002742436122,Unassigned,new
15806389,Walton,Germany,Low,0.3456263307597122,Unassigned,new
15641860,Bradley,Germany,Low,0.07635311566940711,Unassigned,new
15814237,Watkins,Germany,Low,0.058643407539736854,Unassigned,new
15808780,Tien,France,Low,0.020320692325761485,Unassigned,new
15767064,Davide,Spain,Low,0.16940585488395324,Unassigned,new
15751177,Milne,Germany,Medium,0.6613608514321905,Unassigned,new
15613427,Barling,Germany,Medium,0.6110347009002616,Unassigned,new
15647259,Barnett,Spain,Low,0.019583223427448834,Unassigned,new
15748660,Ellis,Germany,High,0.8601856641645812,Unassigned,new
15726695,Hsia,Spain,Low,0.058216038097919254,Unassigned,new
15757473,Chukwujamuike,France,Low,0.05168986404745196,Unassigned,new
15809509,Venables,France,Low,0.04144185229290195,Unassigned,new
15715512,Hsia,Germany,Low,0.0904127357226008,Unassigned,new
15614168,Alexander,Germany,High,0.863317159387423,Unassigned,new
15679818,Yuan,Germany,Low,0.21657744942164103,Unassigned,new
15609928,Johnston,Germany,Low,0.21831879117051564,Unassigned,new
15731246,Hobler,Spain,Low,0.04520728552748651,Unassigned,new
15685243,Jamieson,France,Low,0.05434923840405643,Unassigned,new
15638730,Macleod,France,Low,0.04253248004883886,Unassigned,new
15697034,Norris,Spain,Low,0.02017822140774228,Unassigned,new
15699225,Pirozzi,France,Low,0.11322041622240471,Unassigned,new
15677387,Folliero,Germany,Low,0.09791026730528213,Unassigned,new
15759184,Russell,France,Low,0.08350511780108497,Unassigned,new
15595991,Hsiung,France,Low,0.19792575578239033,Unassigned,new
15681332,Tate,France,Medium,0.5827685602811403,Unassigned,new
15756299,Davis,France,Low,0.22276108114387505,Unassigned,new
15750547,Bair,France,Low,0.008743997064744264,Unassigned,new
15566380,Drury,Spain,Low,0.03757628012218767,Unassigned,new
15675963,Padovano,France,Low,0.07715787709492468,Unassigned,new
15674671,Conway,Spain,Low,0.021843050739245286,Unassigned,new
15621466,Waters,Germany,Low,0.32047196127035027,Unassigned,new
15607176,Kang,France,Low,0.08936800785137823,Unassigned,new
15570299,Martin,Germany,Low,0.21539185942260697,Unassigned,new
15613197,Ugochukwutubelum,France,Low,0.03356445305450288,Unassigned,new
15798885,Burns,France,Low,0.1313267844652302,Unassigned,new
15714883,Genovese,France,Low,0.07054732269813202,Unassigned,new
15604497,Beale,Germany,Medium,0.46787204225687434,Unassigned,new
15773949,Cherkasova,France,Low,0.022388730303149283,Unassigned,new
15774164,Coles,Germany,Low,0.024561617597220396,Unassigned,new
15774127,Potter,France,Low,0.1125050680085923,Unassigned,new
15619016,McMinn,Germany,Low,0.22150682951285594,Unassigned,new
15795759,Bergamaschi,Germany,High,0.8970272928815359,Unassigned,new
15798844,Chijindum,France,High,0.8117238333507251,Unassigned,new
15717962,Ch'iu,Spain,Low,0.14955603460271585,Unassigned,new
15691504,Yusupova,Germany,High,0.8954779116966955,Unassigned,new
15693893,Davis,Germany,Medium,0.4504060036910709,Unassigned,new
15672499,Iadanza,France,Low,0.031408395633856015,Unassigned,new
15750410,Jordan,France,Low,0.057831330829685904,Unassigned,new
15568904,Kruglova,Germany,Low,0.14965037804453404,Unassigned,new
15649033,Echezonachukwu,Germany,High,0.8330462400438223,Unassigned,new
15780989,Hajek,Spain,Low,0.13336912262720804,Unassigned,new
15771059,Welch,Germany,Low,0.22770251402182987,Unassigned,new
15687852,Vinogradoff,France,Low,0.07986591630187144,Unassigned,new
15695280,Hung,Germany,Low,0.24418115579978947,Unassigned,new
15592751,Okwudiliolisa,Germany,High,0.9132030757954704,Unassigned,new
15598338,Mays,Germany,Low,0.05680985029250998,Unassigned,new
15735784,Gardner,France,Low,0.20393275241322206,Unassigned,new
15629128,Mamelu,Germany,Low,0.12099942049892533,Unassigned,new
15642870,Ross,France,Low,0.3623488488582363,Unassigned,new
15637977,Barese,Germany,Low,0.19493378978846204,Unassigned,new
15600792,Swayne,Spain,Low,0.014128774572795872,Unassigned,new
15576131,Phillips,France,Low,0.03921675834588556,Unassigned,new
15686588,Manfrin,France,Low,0.07124457052466512,Unassigned,new
15761018,Tan,Germany,Medium,0.5161585765893492,Unassigned,new
15616029,Adams,France,Low,0.013725155276528716,Unassigned,new
15761149,Teng,France,Low,0.24123733725827165,Unassigned,new
15802758,Chinwendu,Germany,Low,0.10600504737835674,Unassigned,new
15647838,Davison,Germany,High,0.8963829505423827,Unassigned,new
15735968,Hsing,France,Low,0.028580023718059424,Unassigned,new
15581286,Castro,France,Low,0.2512250075751637,Unassigned,new
15625445,Parkin,France,Low,0.034314814740752264,Unassigned,new
15600173,Manna,France,Low,0.01565253244047513,Unassigned,new
15635143,Fennescey,France,Low,0.06715816992656932,Unassigned,new
15664849,Colon,Spain,Low,0.4059329452683918,Unassigned,new
15762455,Yeh,Spain,Low,0.09828004203811903,Unassigned,new
15797165,Bergamaschi,France,High,0.8784873669212753,Unassigned,new
15788189,Matveyeva,France,Low,0.2744366668302566,Unassigned,new
15780492,Ignatyeva,France,Low,0.04356950556148033,Unassigned,new
15678497,Lederer,Spain,Medium,0.720424446132917,Unassigned,new
15588560,Nwabugwu,Germany,Low,0.15745620180718523,Unassigned,new
15606003,Abramowitz,France,Low,0.013839608057789922,Unassigned,new
15611756,Chapman,Germany,Low,0.3505455908855654,Unassigned,new
15789563,Fiorentino,Germany,Medium,0.5429289331661772,Unassigned,new
15702416,Cecil,France,Low,0.32011403342282185,Unassigned,new
15766288,Ikechukwu,Germany,Low,0.37387008881159006,Unassigned,new
15667633,Allen,France,Low,0.033901595647493496,Unassigned,new
15622774,Kao,France,Low,0.06975304686442664,Unassigned,new
15755416,Hart,France,Low,0.0769723633194752,Unassigned,new
15769915,Charlton,Spain,Low,0.06407378832068786,Unassigned,new
15643908,Turnbull,France,Medium,0.5146275812818538,Unassigned,new
15627395,Manners,Germany,Low,0.23032150975038532,Unassigned,new
15679663,Chiazagomekpere,France,Low,0.04308672411574561,Unassigned,new
15651581,Lavrentyev,Germany,High,0.8497073449515029,Unassigned,new
15596379,Wallace,Germany,Low,0.2910280391314877,Unassigned,new
15746674,Miller,France,Medium,0.7198777474152427,Unassigned,new
15801256,Bazhenov,Spain,Low,0.06372604462127518,Unassigned,new
15663808,Ifesinachi,Germany,Low,0.20508597088183297,Unassigned,new
15598521,Ma,Germany,Low,0.09899856570040116,Unassigned,new
15621457,Chu,France,Low,0.041904221750183004,Unassigned,new
15764726,Kerr,France,Low,0.05426350767093784,Unassigned,new
15646374,Wynne,Germany,Low,0.029662109528609225,Unassigned,new
15716501,Moon,France,Low,0.06377889010488859,Unassigned,new
15589948,Disher,Spain,Low,0.0326588435187567,Unassigned,new
15811343,Cattaneo,Germany,High,0.7867776451685896,Unassigned,new
15659677,Beluchi,France,Low,0.21010153879155039,Unassigned,new
15594436,Mazzi,Spain,Low,0.01238329383021476,Unassigned,new
15748995,Ifeajuna,Spain,Low,0.009536221021924158,Unassigned,new
15677062,Howe,France,Low,0.11337914413702264,Unassigned,new
15697201,Yocum,Spain,Medium,0.500840591165088,Unassigned,new
15666453,Moore,Germany,Low,0.03506667795878849,Unassigned,new
15693771,Y?an,Spain,Low,0.4274400988081292,Unassigned,new
15569867,Chinweuba,France,Low,0.02550383981609921,Unassigned,new
15711602,Lowrie,France,Low,0.0903216247393026,Unassigned,new
15717736,Shen,Germany,Low,0.3213884715454052,Unassigned,new
15750441,Lavarack,France,Low,0.026173240733155887,Unassigned,new
15732791,Davide,Germany,Low,0.12856783717721204,Unassigned,new
15775104,Gomes,France,Low,0.2749095526005233,Unassigned,new
15757607,Matveyeva,France,Medium,0.5922031832524244,Unassigned,new
15793070,Fiorentino,Spain,Low,0.15955001007823852,Unassigned,new
15760456,Eberechukwu,France,Low,0.13242215557382148,Unassigned,new
15665385,Gibney,France,Low,0.34128241779128426,Unassigned,new
15612418,Virgo,France,Low,0.038096038461750366,Unassigned,new
15727138,Kulikova,Spain,Low,0.04591873707675798,Unassigned,new
15732061,Liu,Germany,High,0.7587228485819606,Unassigned,new
15776051,Kao,France,Low,0.06810052702742705,Unassigned,new
15616530,Foran,France,Low,0.2018209063841292,Unassigned,new
15632344,Jones,France,Low,0.17266049510542972,Unassigned,new
15744979,Fowler,France,Low,0.19358960678405068,Unassigned,new
15745433,Conti,Germany,Low,0.14469173626970816,Unassigned,new
15683657,Stephenson,France,Low,0.1294556671639145,Unassigned,new
15718572,Willis,Germany,Low,0.18290527319281655,Unassigned,new
15665783,Ts'ui,France,Low,0.06790014751979587,Unassigned,new
15652782,Chibuzo,Germany,Low,0.3110147405230781,Unassigned,new
15707025,Fang,Spain,Low,0.017888096769884492,Unassigned,new
15647807,Wyckoff,France,Low,0.17868595268240467,Unassigned,new
15718281,Muir,Germany,Low,0.13993716143917692,Unassigned,new
15660571,Halpern,Spain,Low,0.1176322120179443,Unassigned,new
15727857,Flynn,Spain,Low,0.04459682322342334,Unassigned,new
15639252,Shao,Spain,Low,0.0288709807081293,Unassigned,new
15628144,Soares,France,Low,0.050206728476390905,Unassigned,new
15683560,Gallo,France,Low,0.07929952726005207,Unassigned,new
15653275,Lei,Spain,Medium,0.5074565890233661,Unassigned,new
15622182,Daniels,Germany,Low,0.078480554352848,Unassigned,new
15613962,Kenechi,France,Low,0.06296404644233783,Unassigned,new
15618437,Singleton,Spain,Low,0.012694349530535448,Unassigned,new
15783338,Williams,Spain,Low,0.049227438658638864,Unassigned,new
15764491,Greece,Spain,Low,0.03304646557910064,Unassigned,new
15712960,Olisanugo,Spain,Low,0.08616432272840686,Unassigned,new
15688157,Padovano,Germany,Low,0.05098020847117681,Unassigned,new
15579287,Rossi,France,Low,0.014641985338142836,Unassigned,new
15570931,Grant,France,High,0.9097907622321176,Unassigned,new
15615177,Ebelegbulam,Spain,Low,0.045819302260737806,Unassigned,new
15809906,Mitchell,Germany,Low,0.04964095745314408,Unassigned,new
15652169,Buckley,France,Low,0.057545931729534296,Unassigned,new
15649450,Repina,Germany,Low,0.06579489970872877,Unassigned,new
15777179,Ellis,France,Low,0.011913454371056969,Unassigned,new
15803538,Douglas,Spain,High,0.9818876059732483,Unassigned,new
15610936,Becher,France,Low,0.017106268235157228,Unassigned,new
15590094,Nwachukwu,Germany,Low,0.12505967249714986,Unassigned,new
15572706,Smith,France,Low,0.1887839345274698,Unassigned,new
15634564,Aksyonov,Spain,Low,0.049270229638753334,Unassigned,new
15684296,Artyomova,France,Low,0.04805508714223178,Unassigned,new
15702293,Medvedeva,Spain,Low,0.022358085750486166,Unassigned,new
15642099,Tsui,Spain,Low,0.02970126367476275,Unassigned,new
15773273,Runyon,Spain,Low,0.064857182821381,Unassigned,new
15613337,Gallo,France,Low,0.062403615790329714,Unassigned,new
15800482,Bradshaw,Spain,Low,0.02599583327387441,Unassigned,new
15732644,Evans,Spain,High,0.7641775449844189,Unassigned,new
15713426,Hancock,Germany,Low,0.22001811612770697,Unassigned,new
15640789,Butler,France,Low,0.1239218441318201,Unassigned,new
15598892,Bradshaw,France,Low,0.03107828451126828,Unassigned,new
15606436,Bergamaschi,Spain,Low,0.051653167553354466,Unassigned,new
15751227,Ebelegbulam,France,Low,0.44417258389787084,Unassigned,new
15812365,Greco,France,Low,0.190113551969048,Unassigned,new
15616088,Lucas,France,Low,0.0848169244712834,Unassigned,new
15803886,Barber,Spain,Low,0.048945359701888444,Unassigned,new
15587311,Dobbs,Spain,Low,0.011999114335744965,Unassigned,new
15617401,Thomson,France,Low,0.01567399503171974,Unassigned,new
15775886,Su,France,Low,0.17035576072243014,Unassigned,new
15807305,Watkins,France,Low,0.25657790764714095,Unassigned,new
15761717,Ch'ien,France,Low,0.01942255099150265,Unassigned,new
15628008,Monds,Spain,Low,0.12833676153999873,Unassigned,new
15583755,McClemans,Germany,Low,0.10372502669145515,Unassigned,new
15661409,Shen,France,Low,0.4026862312973383,Unassigned,new
15774250,Gallo,France,Low,0.24863652043115597,Unassigned,new
15681476,Foveaux,France,Low,0.2062393173498128,Unassigned,new
15654870,Longo,France,Low,0.07195390605383284,Unassigned,new
15790448,Calabresi,France,Low,0.23207966509344066,Unassigned,new
15785326,Randall,Spain,Low,0.08271743862513797,Unassigned,new
15592854,Garcia,France,Low,0.057606359787006074,Unassigned,new
15617486,Sullivan,France,Medium,0.6759082481423877,Unassigned,new
15806796,Higgins,Germany,Low,0.18117862711368263,Unassigned,new
15644699,Crawford,France,Low,0.0599571233819998,Unassigned,new
15622305,Martin,Germany,Low,0.08102815605937595,Unassigned,new
15608209,Currey,Germany,Low,0.06778114953643673,Unassigned,new
15626898,Teng,France,Low,0.1041140510865964,Unassigned,new
15644297,Austin,Germany,Low,0.04623562658905598,Unassigned,new
15731569,Hudson,France,Low,0.004830991312877859,Unassigned,new
15582149,Ts'ui,Germany,Low,0.058080629058702295,Unassigned,new
15802483,Hancock,France,Low,0.0282295454108567,Unassigned,new
15686999,Nicholas,France,Low,0.05292426238729277,Unassigned,new
15772479,Napolitano,France,Low,0.02731565163948487,Unassigned,new
15778884,Jamieson,France,Low,0.0671737733815493,Unassigned,new
15623630,Foster,Germany,Medium,0.5775296145980792,Unassigned,new
15774316,Moretti,France,Low,0.015762842009663602,Unassigned,new
15695097,Chiedozie,Germany,Low,0.10368865711174717,Unassigned,new
15645404,Okwukwe,France,Medium,0.5424071748041944,Unassigned,new
15750574,Lumholtz,Spain,Low,0.01964324634870144,Unassigned,new
15636812,Rose,France,Low,0.1710705083335697,Unassigned,new
15712068,Wan,Spain,Low,0.21135934516198931,Unassigned,new
15652030,De Bernales,Germany,High,0.8100058952722577,Unassigned,new
15577398,Ch'eng,France,Low,0.05656155128641363,Unassigned,new
15756848,Edmondson,Spain,Low,0.2421209757363514,Unassigned,new
15806929,Ch'ien,Germany,Low,0.07395802578905228,Unassigned,new
15656005,Millar,Germany,Low,0.21433541899481817,Unassigned,new
15722632,Dickson,Germany,Medium,0.604942415655241,Unassigned,new
15794356,Toscani,Germany,Low,0.1443734464761843,Unassigned,new
15659656,Pan,France,Low,0.08938506552237603,Unassigned,new
15588341,Chigozie,Spain,Low,0.19969637514906752,Unassigned,new
15709142,Sagese,Germany,Low,0.08922568346595966,Unassigned,new
15627042,Reilly,France,Low,0.027076521142348344,Unassigned,new
15627517,Taylor,Spain,Low,0.07962786767176605,Unassigned,new
15803032,Yen,Germany,Low,0.27407766516059623,Unassigned,new
15665129,Kapustin,Germany,Low,0.05866936176162579,Unassigned,new
15628272,Singh,France,Low,0.1572354464534807,Unassigned,new
15678206,Yeh,France,Low,0.42642819658919007,Unassigned,new
15678427,Genovese,Germany,Low,0.06693480342685251,Unassigned,new
15678067,Boyle,Spain,Low,0.10360438834069464,Unassigned,new
15793331,Blair,France,Low,0.041096346160436906,Unassigned,new
15699532,Okagbue,France,Low,0.2178903863190661,Unassigned,new
15605827,Khan,France,Low,0.027891746528755333,Unassigned,new
15643635,Robertson,Spain,Low,0.08405455275472723,Unassigned,new
15787710,Tikhonov,Spain,Low,0.039991379393096056,Unassigned,new
15614137,MacDonald,France,Low,0.05788460271984734,Unassigned,new
15754494,Ah Mouy,France,Low,0.12031757486900788,Unassigned,new
15713440,Barese,Germany,High,0.8388667166442845,Unassigned,new
15803479,Winter-Irving,France,Low,0.029775088280909953,Unassigned,new
15709639,Wilson,France,Low,0.06049376963847254,Unassigned,new
15601719,Fiorentino,Germany,Low,0.17002978489973325,Unassigned,new
15772482,Iloerika,Germany,High,0.8270857566470875,Unassigned,new
15591489,Davison,France,Low,0.09827975660990057,Unassigned,new
15629002,Hamilton,Germany,Low,0.06162902606214352,Unassigned,new
15798053,Nnachetam,Spain,Low,0.01746853471596365,Unassigned,new
15753895,Blue,Spain,Low,0.02813167201127564,Unassigned,new
15595426,Madukwe,Spain,Low,0.11401946090542617,Unassigned,new
15645815,Mills,France,Low,0.05975361845107364,Unassigned,new
15632848,Ferrari,France,Low,0.19564703270329523,Unassigned,new
15703068,Nixon,Germany,Low,0.10481323178370623,Unassigned,new
15791513,Manfrin,France,Low,0.11296535785240251,Unassigned,new
15587210,McCartney,Germany,Medium,0.6935350310120902,Unassigned,new
15793803,Robinson,France,Low,0.08721034082190503,Unassigned,new
15787756,Nkemdirim,Germany,Medium,0.5944953678173234,Unassigned,new
15723437,Sal,France,Low,0.020410801270741002,Unassigned,new
15702715,Kao,France,Low,0.01521246781515781,Unassigned,new
15809872,Ikechukwu,France,Low,0.09531736640347187,Unassigned,new
15644295,Hargreaves,Spain,Low,0.11786428742719371,Unassigned,new
15778694,Sievier,Germany,Low,0.07589229676378001,Unassigned,new
15759555,Murphy,Spain,Low,0.047063802812157746,Unassigned,new
15631406,Munro,Germany,High,0.8036119517489908,Unassigned,new
15616676,Donnelly,Germany,Low,0.21912302650269533,Unassigned,new
15771154,North,France,Low,0.034392270113776484,Unassigned,new
15669491,Cruz,France,Low,0.28390533823846587,Unassigned,new
15697691,Sinclair,France,Low,0.266883413532316,Unassigned,new
15665180,Vasiliev,France,Low,0.14685254148134483,Unassigned,new
15752588,Vasilyeva,France,Low,0.01393271131941101,Unassigned,new
15743051,Hamilton,France,Low,0.04360686664743314,Unassigned,new
15571873,Sung,France,Low,0.041031575443070505,Unassigned,new
15679743,Genovesi,France,Low,0.08466288198832103,Unassigned,new
15769412,Atkinson,Spain,Low,0.2749692486841102,Unassigned,new
15775124,Watterston,Spain,Low,0.012648271066805236,Unassigned,new
15732113,Butters,Spain,Low,0.42588584902328275,Unassigned,new
15578141,Chien,Spain,Low,0.15708371600387314,Unassigned,new
15595874,Gorbunova,Spain,Low,0.04450033858035217,Unassigned,new
15755642,Bulgakov,France,Low,0.01077866074388207,Unassigned,new
15576526,Steele,Spain,Low,0.013082365865441922,Unassigned,new
15792489,Polyakova,Spain,Low,0.051788027671287463,Unassigned,new
15733705,Bull,France,Low,0.0412731105967416,Unassigned,new
15807221,Weaver,Spain,Low,0.01363326534330334,Unassigned,new
15573045,Earl,France,Low,0.09778880722400034,Unassigned,new
15756824,Giordano,Germany,Medium,0.63524133576312,Unassigned,new
15773520,Begg,France,Low,0.15295290589425392,Unassigned,new
15627439,Pickering,Spain,Low,0.044917031107215316,Unassigned,new
15701439,Fanucci,Spain,High,0.9808309573807431,Unassigned,new
15785352,Chang,France,Low,0.18801823024897268,Unassigned,new
15616525,Sopuluchi,Spain,Low,0.092543987188416,Unassigned,new
15717489,Martin,France,Low,0.19762866514367322,Unassigned,new
15795737,McNaughtan,Spain,Low,0.16532618032474994,Unassigned,new
15693877,Stewart,France,Low,0.435043693919915,Unassigned,new
15576111,Reagan,Germany,Low,0.26217596503209156,Unassigned,new
15595713,Heller,Spain,Low,0.08875565270288363,Unassigned,new
15808868,Nwokeocha,France,High,0.8736224452731849,Unassigned,new
15708193,Liu,France,Low,0.017596647346283696,Unassigned,new
15697801,Sokolova,Germany,Low,0.16183567563381163,Unassigned,new
15770121,Bancroft,France,Low,0.2041276807279244,Unassigned,new
15800524,Nnanna,Germany,Low,0.06935349883532756,Unassigned,new
15686236,Trevisani,Germany,High,0.8186826139408077,Unassigned,new
15659807,Nwachinemelu,Spain,Low,0.09463954806839822,Unassigned,new
15736078,Ting,Germany,Low,0.36139764097420807,Unassigned,new
15620836,Lo Duca,Germany,Low,0.0964931526722028,Unassigned,new
15698184,Marshall,France,Low,0.44764832470999166,Unassigned,new
15717643,Band,France,Low,0.03423313629367111,Unassigned,new
15776596,Ferri,Spain,Low,0.2289886903636993,Unassigned,new
15814757,Carter,Spain,Low,0.01897602113721784,Unassigned,new
15812607,Wilson,Germany,Medium,0.517400908794449,Unassigned,new
15663888,Connor,Germany,Low,0.016836238503968343,Unassigned,new
15748882,Reid,Spain,Low,0.017266654807821916,Unassigned,new
15690829,Sandefur,Germany,High,0.7625507406753754,Unassigned,new
15695819,Bidwill,Germany,Low,0.20186865568960582,Unassigned,new
15696834,Cone,France,Low,0.030138562428173997,Unassigned,new
15797710,Saunders,Germany,Low,0.14411421394908228,Unassigned,new
15700654,Liardet,Germany,Low,0.1087007533764677,Unassigned,new
15583764,Wilkes,Germany,Low,0.21853989594017675,Unassigned,new
15688849,Martin,France,High,0.9720281842684589,Unassigned,new
15661473,Boni,Germany,High,0.8299355945558445,Unassigned,new
15601030,Patel,Germany,Low,0.1888642213357524,Unassigned,new
15789557,Howell-Price,Germany,Low,0.19482983340992974,Unassigned,new
15745250,Simpson,France,High,0.8590114241412472,Unassigned,new
15590349,Rowland,France,Low,0.20183350297241107,Unassigned,new
15741693,Barnard,France,Low,0.10031305817499851,Unassigned,new
15618446,Nnonso,France,Low,0.09780805522800733,Unassigned,new
15766552,Rossi,France,Low,0.023570466381381352,Unassigned,new
15668775,Pendred,France,Low,0.43766941308438934,Unassigned,new
15757895,Martin,Germany,Low,0.1410394357957166,Unassigned,new
15774551,K?,Spain,Low,0.05524806373377573,Unassigned,new
15684011,Miller,Germany,Low,0.13358439911897482,Unassigned,new
15736146,Afamefula,Germany,Low,0.11396378407259278,Unassigned,new
15656286,Sims,France,Low,0.021385422283894506,Unassigned,new
15774847,Knight,France,Medium,0.6866771663206641,Unassigned,new
15619340,Obijiaku,Spain,Low,0.029257371540184773,Unassigned,new
15815656,Hopkins,Germany,Low,0.405018441529246,Unassigned,new
15623357,Onio,Germany,Low,0.16357349039406188,Unassigned,new
15601324,Black,France,Low,0.10957870918258773,Unassigned,new
15715510,Eluemuno,France,Low,0.022262302221507796,Unassigned,new
15663770,Doyle,France,Low,0.06661733835461103,Unassigned,new
15779267,Onyemere,France,Low,0.13240189883786582,Unassigned,new
15597957,Rahman,Spain,Low,0.034006426452064066,Unassigned,new
15584620,Su,Germany,Low,0.4248299891794476,Unassigned,new
15750772,Walker,France,Low,0.1127743282942041,Unassigned,new
15706557,Ferguson,France,Low,0.3378071405301885,Unassigned,new
15594391,Samaniego,France,High,0.8816426787617886,Unassigned,new
15661656,Onwumelu,France,Low,0.04534148365705786,Unassigned,new
15631217,Young,France,Low,0.11520145393536997,Unassigned,new
15588955,Mazzi,Germany,High,0.9531248913873965,Unassigned,new
15758252,Toscano,Germany,Low,0.14462960313397338,Unassigned,new
15740223,Walton,Germany,High,0.9883468477566347,Unassigned,new
15805413,Chiang,France,Low,0.07972237772840211,Unassigned,new
15635116,Burgos,Spain,High,0.9118118303846349,Unassigned,new
15764892,Spinelli,Spain,Low,0.2394159441585683,Unassigned,new
15795936,Lung,France,Low,0.203838052983304,Unassigned,new
15655232,Noble,Germany,Low,0.05359884155485551,Unassigned,new
15640133,Pai,France,Low,0.033199949869795374,Unassigned,new
15751524,Chigozie,Germany,Low,0.18535303762580613,Unassigned,new
15670552,Peavy,France,Low,0.12493505190580424,Unassigned,new
15623966,Yermakov,France,Low,0.022108449445620317,Unassigned,new
15752193,Burton,Spain,Low,0.03418264018160655,Unassigned,new
15607269,Costa,Germany,Low,0.32018373081428303,Unassigned,new
15700752,Pugliesi,France,Low,0.015939094785629687,Unassigned,new
15777901,Lindell,Germany,Medium,0.6200659194341053,Unassigned,new
15639117,Sorenson,Spain,Low,0.24211713794294892,Unassigned,new
15720203,Arcuri,Spain,Low,0.15236977907634172,Unassigned,new
15586236,Banks,France,Medium,0.7036177162995747,Unassigned,new
15676645,Parry,France,Low,0.05375378172361669,Unassigned,new
15715988,Cockett,France,Low,0.011675835000758864,Unassigned,new
15603749,Galkina,France,Low,0.419156826060903,Unassigned,new
15608956,Su,France,Low,0.12568546665122624,Unassigned,new
15733872,Marino,Germany,Low,0.12572163687359078,Unassigned,new
15666982,Spears,Germany,Low,0.4162494073283596,Unassigned,new
15602647,Cunningham,Germany,Low,0.24369696230734875,Unassigned,new
15623063,Taylor,Germany,Low,0.23502881890201904,Unassigned,new
15682928,Chiazagomekpere,Spain,Low,0.12071025618696588,Unassigned,new
15729246,Hardacre,Spain,Low,0.009812486310627396,Unassigned,new
15588928,Maslow,France,Low,0.056384047424968824,Unassigned,new
15803352,Scott,Germany,Low,0.04680116504415085,Unassigned,new
15607485,Wakelin,Spain,Low,0.03360881451306029,Unassigned,new
15656249,Esposito,France,Low,0.04662743811396452,Unassigned,new
15761783,Shah,France,Low,0.21406742867537787,Unassigned,new
15716605,Chukwufumnanya,Germany,Low,0.12084463820943898,Unassigned,new
15757425,Fleming,France,Low,0.02885645877632609,Unassigned,new
15603096,Lori,France,Low,0.18880629547373487,Unassigned,new
15588580,Kennedy,Germany,Low,0.23374641332689308,Unassigned,new
15770539,Walters,France,Low,0.03515146053549616,Unassigned,new
15572022,Han,France,Low,0.15230049398104606,Unassigned,new
15571843,Lawrence,Spain,Low,0.15909494036179228,Unassigned,new
15752502,Cooke,France,Low,0.12429455358097007,Unassigned,new
15609058,Wan,France,Low,0.03916265267089021,Unassigned,new
15775108,Lo Duca,France,Low,0.036579681709682794,Unassigned,new
15708904,Yermakova,France,Low,0.24250474442530695,Unassigned,new
15600086,Combs,France,Low,0.23361372108407233,Unassigned,new
15814675,Chien,Germany,Low,0.44786548511879265,Unassigned,new
15572777,Meng,Spain,Low,0.22046260657250943,Unassigned,new
15585106,Calabresi,Germany,Low,0.08875006934297404,Unassigned,new
15738936,Stevenson,Germany,Low,0.04339297444468608,Unassigned,new
15750970,Davidson,Spain,Low,0.1222779075061045,Unassigned,new
15725772,Ch'in,Spain,Low,0.02934933093632146,Unassigned,new
15692106,Rose,Spain,High,0.8942612529633301,Unassigned,new
15791533,Ch'ien,Spain,Medium,0.732286323427421,Unassigned,new
15715715,Artyomova,Spain,Low,0.016684997814458567,Unassigned,new
15785576,Mayrhofer,Germany,Medium,0.706287661084754,Unassigned,new
15798834,Yefremov,Spain,Low,0.21963399802271885,Unassigned,new
15744127,Kosovich,France,Low,0.0350726408983641,Unassigned,new
15637427,Lu,Spain,Low,0.015035534765602937,Unassigned,new
15576990,Taplin,Germany,Low,0.23028540274623704,Unassigned,new
15615352,Ebelechukwu,France,Low,0.025450953567782483,Unassigned,new
15647333,Fleming,France,Low,0.10392699743283425,Unassigned,new
15572050,Yefimov,Germany,Medium,0.5963166704807683,Unassigned,new
15581370,Andreyeva,Spain,Low,0.06360952619272045,Unassigned,new
15813503,Pickering,Spain,Low,0.06327345877701293,Unassigned,new
15769783,Allan,Spain,Low,0.1181455948046821,Unassigned,new
15793135,Wang,Germany,Low,0.148229351718807,Unassigned,new
15599182,Reynolds,Spain,Low,0.02057485066149621,Unassigned,new
15689517,Hales,France,Low,0.08420347491838075,Unassigned,new
15641366,Y?an,Germany,Medium,0.4870275349230926,Unassigned,new
15588859,Rowley,Spain,Low,0.3140348017243473,Unassigned,new
15732293,Chia,Spain,Low,0.01011729010010646,Unassigned,new
15568032,Moore,Germany,High,0.8099281849724018,Unassigned,new
15623525,Copeland,Spain,Low,0.047958066747521386,Unassigned,new
15606601,Rishel,France,Low,0.15295152848925897,Unassigned,new
15800811,Wan,France,Low,0.10566248471042203,Unassigned,new
15610711,Eluemuno,Germany,Medium,0.5273336214422222,Unassigned,new
15809654,Hsia,France,Low,0.21290331649268235,Unassigned,new
15576077,Kelly,France,Low,0.08497399598758461,Unassigned,new
15643378,Muir,France,Low,0.11604329757226857,Unassigned,new
15566790,McIntyre,France,Low,0.027735053617498943,Unassigned,new
15774402,Donaldson,Spain,Low,0.16205252693079872,Unassigned,new
15694641,Wright,Spain,Low,0.11620011529375805,Unassigned,new
15605916,Uvarova,France,High,0.8513221441505535,Unassigned,new
15812356,Doherty,Germany,Low,0.14781257451032595,Unassigned,new
15644179,Allen,France,Low,0.04510741148555957,Unassigned,new
15771674,Ma,Spain,Low,0.12097611299463328,Unassigned,new
15623314,Tucker,Germany,Medium,0.6911538534545091,Unassigned,new
15613292,Ch'eng,France,Low,0.012443927974744093,Unassigned,new
15813871,Hs?,France,Low,0.13712910367462794,Unassigned,new
15759480,H?,France,Low,0.16078573527786164,Unassigned,new
15587712,Chimaijem,France,Low,0.10364436019452232,Unassigned,new
15671165,Esomchi,France,Low,0.09290602299972954,Unassigned,new
15620746,Lorenzo,France,Low,0.2279797436545091,Unassigned,new
15706537,Pirogov,Germany,Medium,0.6070041093253931,Unassigned,new
15589312,Larkin,France,Low,0.1068419387492182,Unassigned,new
15741180,Eddy,France,Low,0.1993308843109562,Unassigned,new
15733888,Sells,Spain,Low,0.15256738849720253,Unassigned,new
15798532,Crawford,France,Low,0.023581453209652013,Unassigned,new
15577359,Bezrukov,Spain,Medium,0.6474189810651005,Unassigned,new
15614936,Mancini,Spain,Low,0.3857555536236506,Unassigned,new
15747647,Iadanza,Spain,Low,0.037343559545303426,Unassigned,new
15588566,Wilkinson,Spain,Low,0.02673999963676403,Unassigned,new
15570141,P'eng,France,Low,0.13141046669931272,Unassigned,new
15800793,St Clair,Germany,Low,0.1354709891701279,Unassigned,new
15572415,Preston,France,Low,0.012186667005245743,Unassigned,new
15635125,Findlay,Spain,Low,0.11042870009374578,Unassigned,new
15636551,Nixon,France,Low,0.07373431990373575,Unassigned,new
15600912,Gorshkov,Germany,Low,0.031015234887195257,Unassigned,new
15768476,Chukwubuikem,Spain,Low,0.010356172499187377,Unassigned,new
15650266,Medvedeva,Germany,Low,0.0524000309694532,Unassigned,new
15621004,Chukwuhaenye,France,Low,0.2035739010255531,Unassigned,new
15748352,Endrizzi,Spain,Low,0.050103786525441125,Unassigned,new
15788920,Ch'ang,Germany,Low,0.10290757315770002,Unassigned,new
15743236,Piccio,France,High,0.902049337323493,Unassigned,new
15637717,Lockington,Germany,Low,0.11979973477369511,Unassigned,new
15635500,Seleznyov,Germany,Low,0.03233385544616348,Unassigned,new
15634792,Weston,France,Low,0.040806463166586336,Unassigned,new
15607560,Groom,France,Low,0.031424205424571014,Unassigned,new
15727177,Manfrin,France,Low,0.4009017771033397,Unassigned,new
15774358,Robertson,Germany,High,0.9411937267809493,Unassigned,new
15791304,Ch'ang,Germany,Low,0.07233081454981383,Unassigned,new
15603328,Lucchesi,France,Low,0.0527993968477299,Unassigned,new
15804937,Cambage,France,Low,0.199439495217082,Unassigned,new
15804142,Tan,Spain,High,0.8475269188834591,Unassigned,new
15608845,Tao,Spain,Low,0.17537866551791512,Unassigned,new
15702434,Hsieh,France,Low,0.0225284125676083,Unassigned,new
15632609,Burdekin,France,Low,0.21507409491238788,Unassigned,new
15603550,Longo,Germany,Low,0.07386066637329962,Unassigned,new
15755239,Maughan,Germany,Low,0.03726971733245842,Unassigned,new
15670528,Franz,Germany,Medium,0.6003037770869954,Unassigned,new
15732704,Piazza,Spain,Low,0.04099499598044212,Unassigned,new
15589019,Morant,Spain,Low,0.09812913774466275,Unassigned,new
15677796,Becher,Germany,Medium,0.7496182522165586,Unassigned,new
15760177,Lombardi,Spain,Low,0.059519240014952395,Unassigned,new
15636595,Loton,Spain,Low,0.04698070297668455,Unassigned,new
15737275,Conti,France,Low,0.09203738729967467,Unassigned,new
15672905,Sani,Spain,Low,0.05010206013867335,Unassigned,new
15753955,Lori,Spain,Low,0.045100398237540286,Unassigned,new
15708504,Wong,Germany,Medium,0.5429292813292745,Unassigned,new
15592451,Lombardi,France,Low,0.013015231419174739,Unassigned,new
15790455,Obialo,France,Medium,0.5630602268330203,Unassigned,new
15572174,Mazzi,France,Low,0.02694564443089786,Unassigned,new
15656330,Von Doussa,Spain,Low,0.12711530054397474,Unassigned,new
15569626,Miller,Spain,Low,0.047696859361295,Unassigned,new
15608726,Miracle,France,Low,0.010781129611925679,Unassigned,new
15637366,Su,Germany,Low,0.0587611339349117,Unassigned,new
15778049,Wyatt,Germany,Low,0.24709105329325534,Unassigned,new
15727421,Anayolisa,France,Low,0.025374997328258618,Unassigned,new
15688865,Wade,France,Low,0.028821425772067442,Unassigned,new
15751032,Enemuo,Germany,Low,0.04877345984859559,Unassigned,new
15734737,Bruno,France,Low,0.06313064709035238,Unassigned,new
15746515,Greece,France,Medium,0.7488636446103606,Unassigned,new
15664311,Yang,Germany,Low,0.13143210411101872,Unassigned,new
15708139,Brown,France,Low,0.28124892072227275,Unassigned,new
15768574,Anderson,Spain,Low,0.22740718757996417,Unassigned,new
15738018,Johnston,France,Low,0.03458817629848011,Unassigned,new
15699753,Zakharov,France,Low,0.217089344336859,Unassigned,new
15703199,Golibe,Spain,Low,0.13680330104398475,Unassigned,new
15627830,Nikitina,Germany,Low,0.08844780126602565,Unassigned,new
15570855,Leonard,France,Low,0.016311951745160154,Unassigned,new
15772503,Burns,France,Low,0.03138042288627833,Unassigned,new
15584453,Burtch,Spain,Low,0.012438772048145395,Unassigned,new
15710111,Clark,France,Low,0.014756324251513242,Unassigned,new
15618562,Woodward,Germany,Medium,0.4514826361586843,Unassigned,new
15706764,Spencer,France,Low,0.03079112760647182,Unassigned,new
15798737,Chao,France,Low,0.02570718721817837,Unassigned,new
15712608,Costa,Germany,Low,0.09723173370568113,Unassigned,new
15636736,McLachlan,France,Low,0.13850090408796312,Unassigned,new
15703544,Hung,Spain,Low,0.14531760474003366,Unassigned,new
15815645,Akhtar,France,Low,0.03193986441097985,Unassigned,new
15705739,Toscani,Germany,Low,0.16905813851656631,Unassigned,new
15709643,Gray,France,Low,0.39158787643401505,Unassigned,new
15669805,Warren,Germany,Low,0.28517362736219765,Unassigned,new
15737489,Ramsden,Spain,Medium,0.4684407511896751,Unassigned,new
15775131,Bartlett,Spain,Low,0.03203179725789154,Unassigned,new
15765283,Wenz,Germany,Low,0.15265361190848817,Unassigned,new
15628715,Kisch,France,Low,0.019843736963225823,Unassigned,new
15813283,Mai,France,Low,0.1882472100388452,Unassigned,new
15745716,McGregor,Spain,Low,0.06754409118084649,Unassigned,new
15598485,Pinto,Spain,Low,0.17469835511729354,Unassigned,new
15696552,Newman,France,Low,0.05543276259350806,Unassigned,new
15754569,Pagnotto,France,Low,0.04830874700749645,Unassigned,new
15701741,Williams,France,Low,0.18835553432070024,Unassigned,new
15572631,Ndubuisi,France,Low,0.06814281033438273,Unassigned,new
15636069,Plummer,Spain,Low,0.09433489574613439,Unassigned,new
15682467,Chimezie,France,Low,0.08282976683776251,Unassigned,new
15790744,Nash,France,Low,0.05496489859042908,Unassigned,new
15625023,Onochie,France,Low,0.1999758028823171,Unassigned,new
15731267,Rizzo,France,Low,0.14502507582257818,Unassigned,new
15742879,Boni,Spain,Low,0.0805398040929695,Unassigned,new
15757015,Davies,Germany,Medium,0.5323841572913494,Unassigned,new
15770711,Lu,Germany,Low,0.16874935468187044,Unassigned,new
15569430,Burrows,Spain,Low,0.18781430818944247,Unassigned,new
15617304,Ershova,France,Low,0.024699283590447128,Unassigned,new
15704466,Udokamma,France,Low,0.04156172441818673,Unassigned,new
15664681,Aitken,France,Low,0.07520248700651555,Unassigned,new
15605534,Turnbull,Germany,High,0.8715478643890731,Unassigned,new
15792473,Reilly,Germany,High,0.9691605353681247,Unassigned,new
15802625,Hardy,Germany,Low,0.3831458187309474,Unassigned,new
15766017,Brookman,Germany,Low,0.2735936694680348,Unassigned,new
15762172,Kerr,France,Low,0.04901529236750509,Unassigned,new
15728333,McBurney,France,Low,0.2634433954688239,Unassigned,new
15792868,Mickey,France,Low,0.24765447524350148,Unassigned,new
15605698,Harrison,France,High,0.810075275741093,Unassigned,new
15777060,Olszewski,France,Low,0.23114618800936898,Unassigned,new
15626243,Chijioke,France,Low,0.054721783076764584,Unassigned,new
15719898,Young,France,Low,0.03464402972145422,Unassigned,new
15599976,Bellasis,France,Low,0.03186070631368145,Unassigned,new
15752809,De Mestre,Spain,Low,0.24683231728352617,Unassigned,new
15589698,De Luca,Germany,Low,0.3412899812325815,Unassigned,new
15609977,Mundy,France,Medium,0.5395951571780409,Unassigned,new
15750121,Tung,France,Low,0.21391877009341656,Unassigned,new
15734177,Donahue,France,Low,0.012038343701563191,Unassigned,new
15781347,Okagbue,France,Low,0.04783877476494477,Unassigned,new
15592025,Nnaemeka,France,Low,0.05753043076229437,Unassigned,new
15670163,Verjus,France,Low,0.02665083175034176,Unassigned,new
15765402,H?,France,Low,0.2065795308770743,Unassigned,new
15624343,Napolitani,Spain,Medium,0.6567289325428051,Unassigned,new
15602354,Ginikanwa,Germany,Low,0.24699910445962087,Unassigned,new
15579183,Spaull,France,Low,0.030334591524182577,Unassigned,new
15584899,Siciliani,France,Low,0.02284619778523909,Unassigned,new
15723658,Voronina,Spain,Low,0.03693679907163168,Unassigned,new
15803965,Tang,France,Low,0.22482307519326492,Unassigned,new
15682489,Crumbley,France,Low,0.02126901307196443,Unassigned,new
15813645,Hamilton,France,Low,0.12883729325508,Unassigned,new
15766787,Piazza,France,Low,0.01874487823482226,Unassigned,new
15687171,Birch,Spain,Low,0.09610508972866352,Unassigned,new
15690744,Custance,France,Low,0.13612481485045363,Unassigned,new
15707974,Anayochukwu,Spain,Low,0.2899830780131499,Unassigned,new
15673084,Galkin,Spain,Low,0.11908906462680471,Unassigned,new
15814772,Adams,Germany,Medium,0.4937106153434024,Unassigned,new
15743709,Toomey,France,Low,0.059118856736231344,Unassigned,new
15610343,Marshall-Hall,France,Low,0.02270301897876012,Unassigned,new
15737414,Shen,France,Low,0.09156486692436189,Unassigned,new
15788480,Pagnotto,Germany,Low,0.37663493201065357,Unassigned,new
15568519,Wood,France,Low,0.038588104837784236,Unassigned,new
15792453,More,Spain,Low,0.18525940981289107,Unassigned,new
15658100,Piccio,France,Low,0.06368906618152081,Unassigned,new
15695197,Tochukwu,Germany,Low,0.09488999473278305,Unassigned,new
15749807,Graham,Spain,Low,0.0331679173120104,Unassigned,new
15773876,Tung,France,Low,0.03614075283330228,Unassigned,new
15591698,P'eng,Germany,High,0.8400660864492971,Unassigned,new
15712813,Nevzorova,Germany,High,0.9446195283597311,Unassigned,new
15763898,Toscani,Spain,Low,0.08640365755626586,Unassigned,new
15793324,McKenzie,Spain,Low,0.27222265013867614,Unassigned,new
15757759,Okwuoma,Spain,High,0.9219082626961193,Unassigned,new
15796230,Morley,Germany,High,0.8587806378828341,Unassigned,new
15611729,Kerr,Germany,Low,0.24392390893612748,Unassigned,new
15709531,Harding,France,Low,0.15263445299626244,Unassigned,new
15650751,Butler,France,Low,0.020230339442731598,Unassigned,new
15641413,Crawford,Germany,Medium,0.5240586515371451,Unassigned,new
15753840,Brown,Spain,Low,0.14275522416004563,Unassigned,new
15669994,Greece,Germany,Low,0.10708188729845923,Unassigned,new
15695301,Matthews,Spain,Low,0.17200223876142107,Unassigned,new
15792004,Heath,Spain,Low,0.030070007236343798,Unassigned,new
15603035,Vincent,France,Low,0.011504915566358638,Unassigned,new
15717286,Sal,Spain,Low,0.3499316982908152,Unassigned,new
15577107,Milne,Spain,Medium,0.5238523415117782,Unassigned,new
15754747,Bazile,Germany,Low,0.04377735134352769,Unassigned,new
15705676,Wardle,France,Low,0.07213301812622512,Unassigned,new
15751912,Lilly,France,Low,0.012687866357325864,Unassigned,new
15677336,Aitken,Germany,High,0.9446435550856634,Unassigned,new
15684395,Enderby,Spain,Low,0.2564528897404287,Unassigned,new
15659949,Chiu,France,Low,0.032487607274846404,Unassigned,new
15812422,Ugorji,France,Low,0.03357162824627896,Unassigned,new
15806941,Sharpe,France,Low,0.07956080133968259,Unassigned,new
15637690,Houghton,Germany,Low,0.29474260734180713,Unassigned,new
15632882,Konovalova,Germany,Low,0.09386365931085829,Unassigned,new
15807107,Patel,France,Low,0.08516557739800946,Unassigned,new
15661034,Ngozichukwuka,Germany,Low,0.36689302890606174,Unassigned,new
15811958,Medland,Germany,Low,0.24214453010722511,Unassigned,new
15785167,Padovano,Spain,Low,0.019196437602470914,Unassigned,new
15646720,Tsui,Spain,High,0.9818724358687968,Unassigned,new
15658614,H?,Germany,Low,0.09000326772681447,Unassigned,new
15704657,Denman,France,Low,0.18735404834615327,Unassigned,new
15567147,Ratten,Spain,Low,0.024303594330815765,Unassigned,new
15701319,Baxter,Germany,Low,0.10793371229171991,Unassigned,new
15745266,Norman,Spain,Low,0.31705952206735366,Unassigned,new
15650437,Shen,Germany,Low,0.05480356610520612,Unassigned,new
15764314,Reilly,Germany,Low,0.10142392313503405,Unassigned,new
15612594,Ifeanacho,Spain,Low,0.010463606433728135,Unassigned,new
15593501,Graham,France,Low,0.08032256115935374,Unassigned,new
15804150,Lysaght,France,Low,0.011281680909804354,Unassigned,new
15649297,T'ang,France,Low,0.1880798586671404,Unassigned,new
15641110,Abron,France,Low,0.28874198739102613,Unassigned,new
15660608,Chimaraoke,France,Low,0.32308962151430015,Unassigned,new
15806570,Y?an,France,High,0.8713581254550601,Unassigned,new
15715345,Sergeyeva,Spain,Low,0.016622297399200996,Unassigned,new
15755521,Ma,France,Low,0.3344401080200812,Unassigned,new
15579074,Obiajulu,Germany,Low,0.14636273588555773,Unassigned,new
15641158,Belcher,Germany,Low,0.2382359470933287,Unassigned,new
15752507,K?,Germany,High,0.9072575592783308,Unassigned,new
15597983,Brown,France,Low,0.04976772285022488,Unassigned,new
15586069,Abernathy,France,Low,0.1263627837687134,Unassigned,new
15655082,Pape,France,High,0.9906158886207265,Unassigned,new
15720155,Tao,Germany,Low,0.17396845044665746,Unassigned,new
15582116,Ma,Germany,Low,0.43656864104612103,Unassigned,new
15749365,Earle,France,Low,0.027811192695624883,Unassigned,new
15632069,Kazantsev,France,Low,0.06842983366272568,Unassigned,new
15663134,Uspenskaya,Spain,Low,0.0739874508522396,Unassigned,new
15766683,Coombes,Germany,Low,0.23461099153324108,Unassigned,new
15707219,Hopman,France,Low,0.016110126261930712,Unassigned,new
15709232,McKay,Germany,Low,0.25368730007928997,Unassigned,new
15801351,Milanesi,France,Low,0.03636719097184059,Unassigned,new
15578747,Chineze,Spain,Low,0.05709373185554065,Unassigned,new
15675626,Dawson,France,Low,0.129697378817624,Unassigned,new
15583736,Shih,Germany,Low,0.043673572782868125,Unassigned,new
15590011,Hughes,Spain,Low,0.065236699644195,Unassigned,new
15609913,Clark,France,Medium,0.6767153506735195,Unassigned,new
15719479,Chukwuhaenye,Spain,Low,0.07637649087470241,Unassigned,new
15575147,Wall,France,Low,0.08275064681470748,Unassigned,new
15597309,Howell,Spain,Low,0.019646866071551743,Unassigned,new
15648367,Lo,Germany,Low,0.03288434714231594,Unassigned,new
15758031,Lazarev,Spain,Low,0.07499775589921472,Unassigned,new
15751771,Lowe,Germany,Low,0.14822901235131752,Unassigned,new
15689288,Folliero,France,Low,0.039229543318629996,Unassigned,new
15731026,Han,Germany,Low,0.17037407468076637,Unassigned,new
15775809,Holloway,Germany,Low,0.1935937140634529,Unassigned,new
15743076,Pai,Spain,Low,0.08058097226068489,Unassigned,new
15658258,Trejo,France,Low,0.2619658112376749,Unassigned,new
15756321,Johnston,Spain,Medium,0.7187672440766271,Unassigned,new
15706799,Macknight,Spain,Low,0.448490492661227,Unassigned,new
15775703,Lo,France,Low,0.0560224538757033,Unassigned,new
15642636,Glossop,France,Low,0.04056679424703087,Unassigned,new
15704651,Bishop,France,Low,0.016325783723552895,Unassigned,new
15806771,Yefremova,France,Low,0.0908376521344479,Unassigned,new
15566735,Obialo,Germany,Low,0.09842695487483367,Unassigned,new
15681671,Nkemjika,Germany,Low,0.04023576450441816,Unassigned,new
15775949,Trevisani,France,Low,0.1346219295399407,Unassigned,new
15586752,Parkes,Germany,Low,0.11903912598719445,Unassigned,new
15582519,Seleznyov,France,Low,0.2601502599087843,Unassigned,new
15658233,Naylor,France,Low,0.18973926397567978,Unassigned,new
15755330,Forbes,Germany,Low,0.3360640270655602,Unassigned,new
15605072,Douglas,France,Low,0.24804473455359766,Unassigned,new
15617538,Nwankwo,Spain,Low,0.03873735221435761,Unassigned,new
15591428,Myers,France,Low,0.023174448486672886,Unassigned,new
15692142,Rogova,Germany,Medium,0.5844787958627847,Unassigned,new
15692931,Hsing,France,Low,0.04509538232740862,Unassigned,new
15781127,Giordano,Spain,Low,0.0682681107310131,Unassigned,new
15677136,Okwukwe,France,Low,0.030768559802271302,Unassigned,new
15677828,Chalmers,France,Low,0.024337346094821806,Unassigned,new
15567897,Chiazagomekpere,Germany,Low,0.12184517109030886,Unassigned,new
15793641,Evseyev,France,Low,0.025182424828451982,Unassigned,new
15678333,Parry-Okeden,France,Low,0.027739449584524768,Unassigned,new
15630511,Picot,France,Low,0.03853721134129625,Unassigned,new
15792627,Reid,Spain,Low,0.08561659626431209,Unassigned,new
15717191,Ferri,France,Low,0.20492514299325804,Unassigned,new
15625716,Genovesi,France,Low,0.08081725392096004,Unassigned,new
15710053,Neumayer,Germany,Low,0.2325635490389923,Unassigned,new
15580043,Murray,Spain,Low,0.06458480943316343,Unassigned,new
15601410,Tien,Spain,High,0.8991776534075369,Unassigned,new
15684669,Parkes,France,Low,0.2927349730153213,Unassigned,new
15619083,Yip,France,Low,0.021495647751784433,Unassigned,new
15692207,Ingle,France,Low,0.09553150242728567,Unassigned,new
15730705,Chidubem,France,Low,0.13324509669882126,Unassigned,new
15749688,Lu,France,Low,0.013694423521379092,Unassigned,new
15728542,Vorobyova,France,Low,0.01857085643342957,Unassigned,new
15760063,Chiedozie,Spain,Low,0.011847745100457448,Unassigned,new
15658982,Napolitani,Germany,High,0.8107053307246181,Unassigned,new
15758769,Coffey,France,Medium,0.5329867429408998,Unassigned,new
15778481,Chigbogu,France,Low,0.19169616129857872,Unassigned,new
15661162,Akabueze,Spain,Medium,0.7450189878834653,Unassigned,new
15568164,Istomin,France,Low,0.030650487715753322,Unassigned,new
15601569,Ndubueze,France,Low,0.4024557872494358,Unassigned,new
15772383,Toscani,France,Low,0.09041701454027574,Unassigned,new
15667456,Ross,Spain,Low,0.049576794301796366,Unassigned,new
15672983,Fernando,Spain,Low,0.07380079145468049,Unassigned,new
15799534,McClaran,France,Low,0.07074550897812175,Unassigned,new
15582847,Yermakova,France,Low,0.010822127080239184,Unassigned,new
15612478,Somadina,France,High,0.9704975255683143,Unassigned,new
15709621,Wan,France,Low,0.010868858312378058,Unassigned,new
15802009,Mazzi,France,Low,0.018379063847671916,Unassigned,new
15698816,Tuan,Spain,Low,0.09715642518388029,Unassigned,new
15574830,Townsley,Germany,High,0.8036261525234784,Unassigned,new
15603082,Yashina,France,Low,0.18949115956822624,Unassigned,new
15685947,Henderson,Germany,Low,0.196904176063954,Unassigned,new
15643048,Mueller,France,Low,0.02003495598752462,Unassigned,new
15807568,Wright,France,Low,0.18178515655728444,Unassigned,new
15597591,Lung,France,Low,0.04332070004287325,Unassigned,new
15747558,Bryant,Spain,Low,0.061837985506624914,Unassigned,new
15756655,Madukaife,France,Low,0.041986603794216905,Unassigned,new
15589949,Maclean,Spain,Low,0.06487807432509472,Unassigned,new
15601012,Abdullah,France,High,0.88092379827292,Unassigned,new
15724269,Yao,France,Low,0.00906923741828565,Unassigned,new
15567506,Cheatham,Germany,Low,0.15167577174774585,Unassigned,new
15791877,Gallagher,Germany,Low,0.04839486606457768,Unassigned,new
15794360,Hao,Germany,Medium,0.5611101950409804,Unassigned,new
15686538,Nixon,France,Low,0.09357011396165986,Unassigned,new
15585985,Wang,France,Medium,0.531449461063367,Unassigned,new
15699257,Kerr,Spain,Low,0.12136678989161272,Unassigned,new
15804104,Romani,France,Low,0.025283588779130287,Unassigned,new
15727619,Lock,Germany,High,0.9812320319046457,Unassigned,new
15740237,Millar,Germany,Low,0.31043491643703924,Unassigned,new
15801436,K'ung,France,Low,0.3573427975114567,Unassigned,new
15705735,Onyekachi,Spain,Low,0.04354071640838558,Unassigned,new
15649359,Somayina,France,Low,0.016459185250757315,Unassigned,new
15624892,Dennis,Germany,Low,0.08327022349232725,Unassigned,new
15784918,Brown,Germany,Low,0.08981971943405825,Unassigned,new
15584785,Ogochukwu,France,Low,0.120428087884178,Unassigned,new
15797197,Macleod,Spain,Low,0.01704302733808672,Unassigned,new
15574858,Page,France,Low,0.014400162602616926,Unassigned,new
15794101,Barese,France,Low,0.13848761666778436,Unassigned,new
15743245,Agafonova,France,Low,0.2580671484610668,Unassigned,new
15791535,Caraway,France,Low,0.08252302190028694,Unassigned,new
15605215,Stevenson,France,Low,0.08767910131176061,Unassigned,new
15771749,Duncan,Germany,Low,0.1158280286356883,Unassigned,new
15616833,Wang,Spain,Low,0.011304333681311509,Unassigned,new
15750728,Kaur,Spain,Medium,0.4614035731925948,Unassigned,new
15769353,Jenkins,France,Low,0.2909748800908125,Unassigned,new
15770091,Edwards,Germany,Low,0.061333805697417094,Unassigned,new
15716420,Kelly,Spain,Low,0.10364921857873148,Unassigned,new
15740602,Boyle,Germany,Low,0.21771430382560789,Unassigned,new
15796071,Loane,Spain,Low,0.09927280346354983,Unassigned,new
15811389,Padovano,Germany,Low,0.03727214134249017,Unassigned,new
15783875,Li Fonti,France,Low,0.02555813148905911,Unassigned,new
15671800,Robinson,France,Low,0.013818930484796488,Unassigned,new
15677288,Geach,France,Medium,0.608681050622454,Unassigned,new
15633525,Payne,France,Low,0.011959741646395702,Unassigned,new
15634606,Chinonyelum,Spain,Low,0.08429244243981236,Unassigned,new
15579207,Watkins,France,Low,0.12694267151795705,Unassigned,new
15619892,Page,Spain,Low,0.013349553231518383,Unassigned,new
15567778,Genovese,Germany,Medium,0.5239954349062832,Unassigned,new
15711750,Watson,France,Low,0.024642891880965773,Unassigned,new
15751084,Mancini,France,Low,0.07134521692721978,Unassigned,new
15768945,Chibueze,France,Low,0.059161943421408646,Unassigned,new
15586931,Hunter,Spain,Low,0.15404639344830628,Unassigned,new
15636353,Buchi,Spain,Low,0.01965991077704188,Unassigned,new
15623858,Charteris,France,Medium,0.5502803488265103,Unassigned,new
15703354,Aksenov,France,Low,0.11264202955991674,Unassigned,new
15663987,Wright,Spain,Low,0.4452730837938183,Unassigned,new
15780805,Lu,France,Low,0.03309154269760306,Unassigned,new
15768566,K?,France,Low,0.008662814597670617,Unassigned,new
15643229,Hou,France,Low,0.016153522277350993,Unassigned,new
15754940,Descoteaux,Spain,Low,0.20512243179514245,Unassigned,new
15676576,Stephenson,France,Low,0.3530958579543821,Unassigned,new
15800068,Cooper,Spain,Low,0.09679626414868567,Unassigned,new
15648030,Crump,Spain,Low,0.09630924056661025,Unassigned,new
15668594,Diggs,Germany,Low,0.16472122636153477,Unassigned,new
15728709,Shih,Germany,Low,0.15221329720326152,Unassigned,new
15724181,Hudson,Spain,Low,0.1493600722310075,Unassigned,new
15647546,Carvosso,Germany,Low,0.08142304297974862,Unassigned,new
15702601,Wyatt,Germany,Low,0.05280774000923851,Unassigned,new
15567725,Kodilinyechukwu,France,Low,0.09947558029757116,Unassigned,new
15674179,Vorobyova,Germany,Low,0.1040935895936563,Unassigned,new
15686957,Piccio,Germany,Low,0.06860702733134282,Unassigned,new
15607690,Hsing,Germany,Medium,0.4578392994523041,Unassigned,new
15806546,Lucas,Spain,Medium,0.6161637925280334,Unassigned,new
15632850,T'ang,France,Low,0.016884983000271653,Unassigned,new
15709016,North,Germany,High,0.803932005045848,Unassigned,new
15638068,Thompson,Spain,Low,0.01703255370036555,Unassigned,new
15749345,Simpson,France,Low,0.13405161999972123,Unassigned,new
15791321,Nwora,Spain,High,0.9372275150848464,Unassigned,new
15699095,Chandler,France,Low,0.23024161974508456,Unassigned,new
15638329,Uspensky,Germany,Low,0.11566924089301728,Unassigned,new
15575445,Ferguson,Spain,Low,0.16256609056810037,Unassigned,new
15752622,Kerr,France,Low,0.16559141895822335,Unassigned,new
15774507,Furneaux,France,Low,0.19444099227585948,Unassigned,new
15570857,Kambinachi,Germany,Low,0.15505664540694158,Unassigned,new
15599386,Black,Germany,Low,0.05393538054144621,Unassigned,new
15744913,Chizoba,Spain,Low,0.04998206913128094,Unassigned,new
15647292,Peng,France,High,0.7981134957516276,Unassigned,new
15728838,Leach,France,Low,0.36939048275035413,Unassigned,new
15584704,Chiazagomekpele,France,Medium,0.6349630494838846,Unassigned,new
15749068,Nickson,France,Low,0.2573888219964276,Unassigned,new
15622985,Lin,France,Low,0.43204900165494436,Unassigned,new
15587676,Alexeieva,France,Low,0.06947678638309637,Unassigned,new
15779496,Sykes,France,Low,0.07149799190342426,Unassigned,new
15733460,Martin,Spain,Low,0.014392006593466811,Unassigned,new
15711457,Herz,France,Low,0.09782199825956882,Unassigned,new
15795290,Nikitina,France,Low,0.33142452713808096,Unassigned,new
15611223,Ko,Germany,Low,0.18827560776958133,Unassigned,new
15794159,Highett,France,Low,0.07405618490682635,Unassigned,new
15780677,Jackson,France,Low,0.11068803174950424,Unassigned,new
15690175,Ball,Spain,Low,0.14108755196596448,Unassigned,new
15722599,Nelson,France,Low,0.2127276562159238,Unassigned,new
15569976,Woronoff,Germany,Low,0.3475112696482879,Unassigned,new
15707011,Morrison,France,Medium,0.4785244740325268,Unassigned,new
15702277,Smith,France,Low,0.04819732163691642,Unassigned,new
15801915,Rendall,France,Low,0.12475456274994708,Unassigned,new
15580213,McIntyre,France,Low,0.08837626002971864,Unassigned,new
15637947,Wei,Spain,Low,0.0502236397462468,Unassigned,new
15715888,Allardyce,France,Low,0.11585421752275206,Unassigned,new
15732967,Cremonesi,France,Low,0.0089529697663973,Unassigned,new
15737047,Weatherford,France,Medium,0.6188767966942527,Unassigned,new
15694039,Jen,Germany,Low,0.43827969555795543,Unassigned,new
15649457,Macleod,Germany,Low,0.15008685943930591,Unassigned,new
15742809,Mironova,Spain,Low,0.17138542209280136,Unassigned,new
15637829,Sharpe,France,Low,0.025831031058690772,Unassigned,new
15633194,Osborne,France,High,0.9633840090049,Unassigned,new
15611635,Chu,Spain,Low,0.30472234214778254,Unassigned,new
15638774,Chong,Spain,Low,0.08038148851305277,Unassigned,new
15722037,Alvarez,Germany,Low,0.19308766511955686,Unassigned,new
15672930,Palerma,Spain,Low,0.022150831402472523,Unassigned,new
15668774,Chiemenam,Germany,Low,0.30331684023838196,Unassigned,new
15780966,Pritchard,France,Low,0.02870557465834233,Unassigned,new
15659694,Wallis,Germany,Low,0.3399643508539412,Unassigned,new
15624424,Palerma,Spain,Low,0.1167334731297341,Unassigned,new
15708713,Hill,France,Low,0.012612273127113346,Unassigned,new
15755405,Hudson,France,Low,0.27001546187398545,Unassigned,new
15647570,Chung,Germany,Medium,0.6940148931071574,Unassigned,new
15684348,Zhdanova,France,Low,0.03405867608014276,Unassigned,new
15702541,Fraser,France,High,0.9129520276211851,Unassigned,new
15646942,Meng,Spain,Low,0.048129931060647294,Unassigned,new
15748920,Cherkasova,France,Low,0.09780739125809935,Unassigned,new
15694581,Rawlings,Spain,Low,0.02823368419003322,Unassigned,new
15643215,Jen,Germany,Low,0.05300585104123558,Unassigned,new
15649060,Chien,Germany,Low,0.05709551332501921,Unassigned,new
15774258,Gorbunov,France,Low,0.03218841280513807,Unassigned,new
15731553,Lucas,France,Low,0.021662687142138513,Unassigned,new
15617029,Young,Spain,Low,0.029831324484446465,Unassigned,new
15780716,Colombo,Germany,Low,0.09393702289042243,Unassigned,new
15577018,Tsao,Germany,Low,0.2743879322161106,Unassigned,new
15809515,Lewis,Germany,Low,0.21481487551172865,Unassigned,new
15789924,Hussain,France,Low,0.24675428263199825,Unassigned,new
15725076,Anderson,Spain,Low,0.04222621057721706,Unassigned,new
15672481,Ulyanov,France,Low,0.021374510424531784,Unassigned,new
15574115,Shaw,Spain,Low,0.08702269553527016,Unassigned,new
15661830,Lucciano,Spain,Low,0.021463498945529538,Unassigned,new
15665879,Gordon,France,Low,0.03795843456883476,Unassigned,new
15673820,Woodward,France,Low,0.017718319312920998,Unassigned,new
15747772,Cunningham,Germany,Low,0.03430923691493795,Unassigned,new
15666197,Boni,Germany,Low,0.2882286265489342,Unassigned,new
15773639,Truscott,Germany,Low,0.23894812195674128,Unassigned,new
15581893,Ginikanwa,France,Low,0.15067306837441666,Unassigned,new
15672447,Bailey,Germany,Low,0.2771868192157586,Unassigned,new
15777830,Hutchinson,France,Low,0.10442664647984218,Unassigned,new
15713890,Maclean,France,Low,0.04765359657959892,Unassigned,new
15577598,Chiang,Spain,Low,0.05107127742291637,Unassigned,new
15786042,Willmore,Germany,Low,0.1377930305769379,Unassigned,new
15753462,Godson,Germany,Low,0.03069812688873188,Unassigned,new
15759690,Smith,France,Low,0.030285819493367557,Unassigned,new
15801414,Bitter,France,Low,0.041278892039205727,Unassigned,new
15656141,Ts'ao,France,Low,0.14310677106671443,Unassigned,new
15608701,Chialuka,Germany,Low,0.2464732702492951,Unassigned,new
15582892,Scott,France,Low,0.2169171578226605,Unassigned,new
15632967,Feng,France,Low,0.012836790682206497,Unassigned,new
15587573,Castiglione,Germany,Low,0.05906807447730338,Unassigned,new
15654891,He,France,Low,0.011809266986222157,Unassigned,new
15611365,Fanucci,France,Low,0.14114935308144028,Unassigned,new
15749103,Ginikanwa,Germany,Medium,0.6178788488170494,Unassigned,new
15810203,Manning,Germany,Low,0.1916967098282321,Unassigned,new
15813660,Forlonge,Spain,Low,0.1022607854397198,Unassigned,new
15605673,Liang,Spain,Low,0.02806323995009517,Unassigned,new
15669282,Uchechukwu,France,Low,0.10523840704491212,Unassigned,new
15792726,Sung,France,Low,0.043761251683583934,Unassigned,new
15593241,Tochukwu,France,Low,0.04933751857949798,Unassigned,new
15683053,Reyna,Spain,High,0.7961942530539345,Unassigned,new
15632736,Liang,Germany,Low,0.05802853079860736,Unassigned,new
15731865,Unwin,France,Low,0.015562749524764632,Unassigned,new
15760450,Rutherford,France,Low,0.045376986906478456,Unassigned,new
15787204,Howe,Spain,Low,0.3243835002897368,Unassigned,new
15650454,Tran,France,Low,0.051188352408403456,Unassigned,new
15573730,Thompson,Germany,Low,0.2069554168707076,Unassigned,new
15705050,Linger,France,Low,0.011312919167926334,Unassigned,new
15791342,Johnston,Spain,Low,0.05372344592895659,Unassigned,new
15684316,Udokamma,France,Low,0.11271927382870385,Unassigned,new
15700540,Barrera,Germany,Low,0.35965242410657383,Unassigned,new
15770631,Sutherland,Spain,Low,0.04339916965639215,Unassigned,new
15790594,Bednall,France,Low,0.01822682192311232,Unassigned,new
15604020,Otoole,Germany,Low,0.25236859311072235,Unassigned,new
15637599,Cremonesi,Germany,Medium,0.6746275832299754,Unassigned,new
15736578,Hamilton,France,Low,0.17162160286987024,Unassigned,new
15666332,Donaldson,Spain,Low,0.11055786787854034,Unassigned,new
15727291,McKay,France,Low,0.07121932953322982,Unassigned,new
15785920,Black,Germany,Low,0.051344712047084025,Unassigned,new
15658987,Kane,France,Low,0.20065683942536225,Unassigned,new
15687719,She,Spain,Low,0.02764534187998399,Unassigned,new
15799641,Bruno,Spain,Low,0.034574429854677735,Unassigned,new
15758702,Watson,France,Low,0.07591786009109014,Unassigned,new
15689526,Shih,Germany,Low,0.13995733368607194,Unassigned,new
15586848,Rose,France,Low,0.02760792171044732,Unassigned,new
15707637,Zikoranachukwudimma,France,High,0.9368285401495563,Unassigned,new
15719426,Cole,France,Low,0.03793046911489476,Unassigned,new
15639265,Isaacs,France,Medium,0.7196975523224906,Unassigned,new
15576124,Muravyova,France,Low,0.28907132360710247,Unassigned,new
15757829,Timperley,Germany,Low,0.346689433837748,Unassigned,new
15633227,Kenechukwu,France,Low,0.11848838252178048,Unassigned,new
15753092,He,Germany,Low,0.15220688347856123,Unassigned,new
15782939,Storey,France,Low,0.2844966878575967,Unassigned,new
15746338,Onyekachukwu,France,Low,0.04930927230824431,Unassigned,new
15590676,Kharlamova,France,Low,0.09736423785272182,Unassigned,new
15599329,Christopher,France,High,0.9974148946664486,Unassigned,new
15783097,Lombardo,Germany,Low,0.2419013336533714,Unassigned,new
15597885,Kerr,France,Low,0.03122177286606282,Unassigned,new
15597467,Duncan,France,Low,0.0400067280438614,Unassigned,new
15724764,Lawley,Germany,Low,0.11530294563168417,Unassigned,new
15778418,Burns,Germany,Low,0.2514478459483386,Unassigned,new
15684769,Whitson,France,Low,0.06363839384192858,Unassigned,new
15756167,Doyne,Spain,Low,0.18821527356174333,Unassigned,new
15632439,Pinto,France,Low,0.033045238356253746,Unassigned,new
15755138,Chin,France,Low,0.013400053326657073,Unassigned,new
15659092,Davide,France,Low,0.3992605962326804,Unassigned,new
15742116,Torres,Germany,Medium,0.5642735901195116,Unassigned,new
15801994,Buccho,France,Low,0.018373220823283035,Unassigned,new
15647572,Greece,Spain,Low,0.08145932722801305,Unassigned,new
15644551,Wimble,Spain,Low,0.08983497792535619,Unassigned,new
15709135,Pirozzi,Germany,Low,0.0679616543453116,Unassigned,new
15684469,Hsiung,Germany,Low,0.21098354708496422,Unassigned,new
15627637,Obioma,Germany,Low,0.03232421078924457,Unassigned,new
15667093,Onio,France,Low,0.12431694095349008,Unassigned,new
15690589,Udinesi,France,Low,0.13088320100402115,Unassigned,new
15595350,Fermin,France,Low,0.07346566003541413,Unassigned,new
15777586,Moss,Spain,Low,0.1720910806571206,Unassigned,new
15804064,Docherty,France,Low,0.10291888847219358,Unassigned,new
15717770,Marcelo,Spain,High,0.9446493524310399,Unassigned,new
15754443,Fadden,France,Low,0.14119674249819267,Unassigned,new
15776939,Zox,Germany,Medium,0.594911488411363,Unassigned,new
15713517,Otitodilinna,France,Low,0.07372022216496049,Unassigned,new
15683522,Kennedy,Germany,Low,0.24135303155511262,Unassigned,new
15673995,Tu,Spain,Medium,0.7159100141122136,Unassigned,new
15771054,Barnes,Spain,Low,0.028116368097698068,Unassigned,new
15578788,Bibi,Spain,Low,0.03685401107743563,Unassigned,new
15737408,L?,France,Low,0.2510678372336485,Unassigned,new
15750837,Landseer,Germany,Low,0.3681578130415936,Unassigned,new
15576022,Nwachinemelu,France,Low,0.019276976330306582,Unassigned,new
15635502,Ch'iu,France,Medium,0.5066365302506002,Unassigned,new
15627298,Vinogradova,France,Low,0.0474026245389285,Unassigned,new
15811415,Jenks,France,Low,0.10905199107613905,Unassigned,new
15645059,Crace,France,Low,0.02761520145666552,Unassigned,new
15689671,Packham,Spain,Low,0.08449867413908722,Unassigned,new
15718667,T'ien,France,Low,0.10118136127250042,Unassigned,new
15803202,Onyekachi,France,High,0.780567750665721,Unassigned,new
15593683,Solomina,Spain,Low,0.03205042431783428,Unassigned,new
15703394,Hawes,Spain,Low,0.017897448464938532,Unassigned,new
15570289,Benson,Germany,Medium,0.527413501209791,Unassigned,new
15567437,Emenike,Germany,Low,0.18220317482641682,Unassigned,new
15711687,Nero,France,Low,0.1232291078446134,Unassigned,new
15656592,Toscano,Germany,Low,0.12142238164897172,Unassigned,new
15634373,Yang,France,Low,0.010499872454556507,Unassigned,new
15769125,Palerma,Spain,Low,0.04095150682722964,Unassigned,new
15711386,Trentini,France,Low,0.016609678274276115,Unassigned,new
15714241,Haddon,Spain,Medium,0.707905878459409,Unassigned,new
15642530,Coates,Germany,High,0.7865865769244917,Unassigned,new
15713599,Castiglione,France,Low,0.04070332206909206,Unassigned,new
15744770,Stone,France,Low,0.06682241069546344,Unassigned,new
15780498,Maynard,France,Low,0.05921701990893336,Unassigned,new
15624397,Moore,France,Low,0.2086890841932956,Unassigned,new
15615219,Obielumani,France,Low,0.17520886824224774,Unassigned,new
15570908,Harding,Spain,Low,0.07733829356106026,Unassigned,new
15762855,Hill,Spain,Low,0.020908670608688576,Unassigned,new
15661827,Brown,Spain,Low,0.07503671395433811,Unassigned,new
15746035,Pagnotto,Spain,Low,0.02608794362449306,Unassigned,new
15691906,Esposito,Germany,Medium,0.5903981191593399,Unassigned,new
15793424,Tan,Spain,Low,0.04645830010512901,Unassigned,new
15577905,Hammond,France,Low,0.03733001558975543,Unassigned,new
15667216,Chung,France,Low,0.03253154166299872,Unassigned,new
15673971,Houghton,Germany,Medium,0.6281862527331342,Unassigned,new
15701238,Chia,France,Low,0.13294374068115902,Unassigned,new
15644849,Zikoranachidimma,France,Low,0.11715261535620893,Unassigned,new
15635531,Boag,Spain,Low,0.03920360384292184,Unassigned,new
15632263,Pagnotto,Spain,Low,0.08811850525165556,Unassigned,new
15720110,Oluchukwu,France,Low,0.04985385597946969,Unassigned,new
15619045,Baxter,France,Low,0.08012424890995601,Unassigned,new
15697510,Tien,Spain,High,0.8414926096127334,Unassigned,new
15784923,Chimezie,Germany,Low,0.2607241446657965,Unassigned,new
15567383,Slone,Germany,Low,0.23733748151823,Unassigned,new
15732621,Martin,France,Low,0.0712842146148341,Unassigned,new
15757981,Loggia,France,Low,0.13982273105610282,Unassigned,new
15727819,Hartley,Spain,Low,0.09256926485002492,Unassigned,new
15738088,Parkin,Spain,Medium,0.49618102164678707,Unassigned,new
15765173,Lin,France,High,0.9776668404149106,Unassigned,new
15665159,Brooks,France,Low,0.16532613819821074,Unassigned,new
15618203,Tien,Germany,Low,0.2935079894183129,Unassigned,new
15791452,Dann,France,Low,0.0306354866064022,Unassigned,new
15638159,Trentino,Spain,Low,0.15916656651904543,Unassigned,new
15585466,Russo,France,Low,0.013363341884860824,Unassigned,new
15677310,Christie,Germany,High,0.9343172191337942,Unassigned,new
15646262,Ross,France,Low,0.12875719312192804,Unassigned,new
15656901,Nnonso,France,Low,0.05651572450532212,Unassigned,new
15621093,Teng,Germany,Low,0.05795219155545291,Unassigned,new
15592123,Buccho,France,Low,0.011786470495219246,Unassigned,new
15589200,Madukaife,Spain,Low,0.018907843310738522,Unassigned,new
15602934,Dunn,France,Low,0.07954191571156659,Unassigned,new
15812720,Hooker,Germany,Low,0.05636017640966873,Unassigned,new
15695383,Griffin,Spain,Low,0.07084721926267089,Unassigned,new
15723064,Kistler,Spain,Low,0.055750702727214906,Unassigned,new
15761606,Law,Spain,Low,0.16873320935457653,Unassigned,new
15650322,Grigoryeva,France,Low,0.07428302265335052,Unassigned,new
15669782,Chu,Germany,Medium,0.4894025670825933,Unassigned,new
15751628,Onyemachukwu,France,Low,0.19159547820541184,Unassigned,new
15809057,Lu,Spain,Low,0.027129879657497444,Unassigned,new
15617052,Watson,France,Low,0.17110223864315663,Unassigned,new
15590810,Fallaci,Germany,Medium,0.49281583644929466,Unassigned,new
15801293,Ni,Germany,Low,0.0522357221843286,Unassigned,new
15770968,Leason,Germany,Low,0.09651755187569458,Unassigned,new
15572356,Tsai,Spain,Low,0.0232792573394139,Unassigned,new
15603247,Bruner,Germany,Low,0.2859408000801299,Unassigned,new
15619116,Wallace,France,Low,0.02789095327909089,Unassigned,new
15691792,Young,Spain,Medium,0.5783218567987531,Unassigned,new
15783276,Forbes,France,Low,0.021232283469019318,Unassigned,new
15766137,Muir,France,Low,0.012801931204139983,Unassigned,new
15574554,Pugh,Germany,Low,0.0893074863682168,Unassigned,new
15578671,Webb,Spain,Medium,0.663150927779615,Unassigned,new
15716608,Walker,Spain,Medium,0.5548401264388335,Unassigned,new
15690670,Cox,France,Low,0.011879880514144035,Unassigned,new
15630466,Maclean,France,Medium,0.4971658165268681,Unassigned,new
15630349,Hollis,Spain,Low,0.01788540077295648,Unassigned,new
15803801,Jamieson,France,Low,0.027575185543418215,Unassigned,new
15647890,Su,France,Low,0.04932809251827409,Unassigned,new
15606115,P'eng,France,Medium,0.6067763985052955,Unassigned,new
15714642,Hawkins,Spain,Low,0.44972930234168373,Unassigned,new
15741181,Ndubuagha,France,Low,0.10132118054640853,Unassigned,new
15773973,Hill,France,Low,0.041580377261523575,Unassigned,new
15758546,Norton,Spain,Low,0.017810941008511393,Unassigned,new
15598940,Achebe,Germany,Low,0.025683150927836334,Unassigned,new
15669783,Simpson,France,Low,0.09502909038267633,Unassigned,new
15624993,Chiang,France,Low,0.08735605208252707,Unassigned,new
15760568,Dalrymple,Germany,Low,0.10330326798487802,Unassigned,new
15699047,Chukwuemeka,France,Low,0.032140564455514053,Unassigned,new
15616168,Ojiofor,France,Low,0.09101166390459178,Unassigned,new
15773146,Rubeo,France,Low,0.03085102466841676,Unassigned,new
15770375,Fanucci,Germany,Low,0.29377130248016625,Unassigned,new
15589725,Zubarev,France,Low,0.1438545162969238,Unassigned,new
15710034,T'ao,Germany,Low,0.20308382419289567,Unassigned,new
15800806,Pai,Spain,Low,0.030797084210855283,Unassigned,new
15570485,Udegbunam,Spain,Low,0.18525556970989052,Unassigned,new
15575391,Claypool,France,Low,0.024099611504713684,Unassigned,new
15790750,Manfrin,Germany,Low,0.16579651179103608,Unassigned,new
15714832,Baker,Germany,Low,0.22232606878255734,Unassigned,new
15619953,Efremov,Spain,Low,0.27920461535206076,Unassigned,new
15673929,Chin,France,Low,0.03296399815689521,Unassigned,new
15578835,Brookes,Spain,Low,0.3896382576266956,Unassigned,new
15752388,Doyle,Spain,Low,0.021375187043693435,Unassigned,new
15797081,Ajuluchukwu,Germany,Low,0.38295697420941593,Unassigned,new
15570194,Ikemefuna,France,Low,0.022715051881264346,Unassigned,new
15580149,Fowler,Spain,Low,0.037852945848111066,Unassigned,new
15777708,Liao,Spain,Low,0.05258680320404696,Unassigned,new
15769955,Onuora,France,Low,0.05682227168593435,Unassigned,new
15810444,Aksenov,Germany,Low,0.4285911953080072,Unassigned,new
15645593,Trevisani,France,Low,0.2747194491037356,Unassigned,new
15765345,Wood,France,Low,0.01238718665968501,Unassigned,new
15760873,Lombardo,France,Low,0.33379703924305343,Unassigned,new
15794178,Walpole,France,Low,0.07874108812135604,Unassigned,new
15589361,Chikwendu,Spain,Low,0.08371106110339592,Unassigned,new
15662483,Ko,France,Low,0.03499067042346236,Unassigned,new
15809736,Steigrad,France,Low,0.38759762879732035,Unassigned,new
15731148,Isayeva,France,Low,0.03983233969990497,Unassigned,new
15774328,Boni,Germany,Low,0.10514606493360859,Unassigned,new
15646969,Anayolisa,Spain,Low,0.012368737132067827,Unassigned,new
15718769,Fallaci,Spain,Low,0.10263604848089747,Unassigned,new
15610226,Fenton,France,Low,0.059872074675987624,Unassigned,new
15616270,Chao,Spain,Low,0.13499668951422428,Unassigned,new
15790717,Osinachi,Spain,Low,0.020922944298948372,Unassigned,new
15635703,Chu,Germany,Low,0.2514646399156922,Unassigned,new
15616365,Obiuto,France,Low,0.38210668005820486,Unassigned,new
15630244,Chu,France,Low,0.09531126709656552,Unassigned,new
15734714,Nash,France,Low,0.14091270875537623,Unassigned,new
15721433,Hixson,France,Low,0.08949790242828859,Unassigned,new
15590201,Fiorentini,Spain,High,0.9599385416804833,Unassigned,new
15590828,Chidimma,Germany,Medium,0.5058727969827118,Unassigned,new
15752097,Chiazagomekpere,Spain,Low,0.12090077387047285,Unassigned,new
15800031,Laura,France,Low,0.20647157949052788,Unassigned,new
15630857,Wu,Spain,Low,0.031886098931697346,Unassigned,new
15689953,Toscani,Spain,Low,0.2338914589344036,Unassigned,new
15759733,McMillan,France,Low,0.01562932509478401,Unassigned,new
15810826,Chiekwugo,France,Low,0.01990219392255604,Unassigned,new
15668009,Hendley,Spain,Low,0.02392657840354131,Unassigned,new
15743456,Birnie,France,Low,0.025098444101603057,Unassigned,new
15725762,Kemp,France,Low,0.0918037232878952,Unassigned,new
15761713,Johnstone,France,Medium,0.5435553031763812,Unassigned,new
15769246,Lo Duca,Germany,High,0.8997863084725618,Unassigned,new
15781129,Montgomery,Spain,Low,0.02807136029243577,Unassigned,new
15599124,Miller,France,Low,0.03514040085160861,Unassigned,new
15639004,Chiemezie,France,Low,0.005549989033077538,Unassigned,new
15810995,Wright,Germany,Low,0.17485795204139942,Unassigned,new
15653773,Shaw,France,Low,0.13730939505350367,Unassigned,new
15708357,Chapman,Spain,Low,0.2905401438463389,Unassigned,new
15733597,Y?an,France,Low,0.12735106213067782,Unassigned,new
15789560,Clark,France,Low,0.2507869269476094,Unassigned,new
15699524,Howells,France,Low,0.33263661785399395,Unassigned,new
15626475,Gamble,France,Low,0.011074381766365524,Unassigned,new
15810839,Rogers,France,Low,0.06692589485980947,Unassigned,new
15684318,McMillan,Germany,Low,0.32687859793738233,Unassigned,new
15768120,Brown,Germany,Low,0.08119712737701834,Unassigned,new
15712807,Robertson,Spain,Low,0.18965366741119147,Unassigned,new
15696371,Thomas,Spain,Low,0.12603137595581265,Unassigned,new
15675794,Hsing,Germany,Medium,0.6576478338400713,Unassigned,new
15774277,Chiu,France,Low,0.030900039510652465,Unassigned,new
15603764,Chang,France,Low,0.4171300204993572,Unassigned,new
15618647,Kornilova,France,Low,0.057626807379236776,Unassigned,new
15614643,Chifo,Spain,Low,0.060364264301856645,Unassigned,new
15707696,Lu,Spain,Low,0.016668797065710953,Unassigned,new
15749583,Bellucci,Germany,High,0.858954259741142,Unassigned,new
15815125,Michael,Spain,Low,0.11821468945781335,Unassigned,new
15779620,Sinclair,France,Low,0.11187101107824088,Unassigned,new
15768233,Chukwuebuka,Germany,Low,0.2538398460629827,Unassigned,new
15637788,Schmidt,France,Low,0.08645306439182153,Unassigned,new
15777046,Parry,France,Low,0.19703866006217738,Unassigned,new
15788723,McIntyre,Germany,Low,0.36342968977125595,Unassigned,new
15790489,Lo Duca,Spain,Low,0.06860266127576434,Unassigned,new
15739476,Ferrari,France,Low,0.1421842073632831,Unassigned,new
15612670,Berry,Spain,Low,0.10876274125314672,Unassigned,new
15631222,Cattaneo,France,Low,0.16251768604309338,Unassigned,new
15658972,Foster,France,Low,0.2372153559835988,Unassigned,new
15724691,Gordon,France,Low,0.011458431986577757,Unassigned,new
15740442,May,France,Medium,0.7313439991650023,Unassigned,new
15760427,Cameron,France,Low,0.20344124277586698,Unassigned,new
15677939,Ch'eng,France,Low,0.061040175638207475,Unassigned,new
15611599,Curtis,France,Low,0.017276013730538182,Unassigned,new
15633474,Whitehead,France,Low,0.24498962120982914,Unassigned,new
15671973,Chukwuemeka,Spain,Low,0.019781301665262076,Unassigned,new
15790019,Onwughara,France,Low,0.0543483938628248,Unassigned,new
15737735,Grant,Spain,Low,0.1049176538153562,Unassigned,new
15661745,Browne,France,Low,0.12444139464915814,Unassigned,new
15797065,Goloubev,Spain,Low,0.024446655064097923,Unassigned,new
15710671,Gordon,France,Low,0.08793758953250787,Unassigned,new
15656522,Sutherland,Spain,Low,0.08902215003454213,Unassigned,new
15705085,Quesada,Spain,Low,0.02733486140792782,Unassigned,new
15744873,Wright,Germany,High,0.7876687144160422,Unassigned,new
15781914,Simmons,Germany,Low,0.02637792378004338,Unassigned,new
15637354,Yobachukwu,France,Low,0.046892145356620354,Unassigned,new
15717307,Read,France,Low,0.018489729293109665,Unassigned,new
15746695,Wunder,France,Low,0.2998470618116998,Unassigned,new
15804962,Nnaife,France,Low,0.0821697364917876,Unassigned,new
15665378,Shen,France,Low,0.14538517051955646,Unassigned,new
15757865,Powell,France,Low,0.03634898407296986,Unassigned,new
15578787,Goddard,France,High,0.8318359850660255,Unassigned,new
15794323,Buckley,France,Low,0.07748667849369435,Unassigned,new
15697546,McIntyre,France,Low,0.034358847407189155,Unassigned,new
15629519,Yen,France,Low,0.026016625798690813,Unassigned,new
15624703,Okonkwo,Germany,Low,0.060794131306956926,Unassigned,new
15570002,Burlingame,Germany,High,0.9978114646744863,Unassigned,new
15808566,Hs?,France,Low,0.07472064268125457,Unassigned,new
15805463,Board,Germany,Low,0.04651893804758182,Unassigned,new
15709136,Adams,France,Low,0.014536229677552614,Unassigned,new
15801605,Rizzo,France,Low,0.03956672069440618,Unassigned,new
15567855,Chukwufumnanya,France,Low,0.023154532077523503,Unassigned,new
15675141,Fraser,France,Low,0.1936721072472642,Unassigned,new
15665759,Russell,France,Low,0.08928410353086548,Unassigned,new
15761487,Yefimova,France,Medium,0.6259382620736498,Unassigned,new
15700394,Palermo,Spain,Low,0.0920233737108037,Unassigned,new
15631162,Bergamaschi,France,Low,0.01739469190442253,Unassigned,new
15630641,Shao,France,Low,0.09287562215406182,Unassigned,new
15585066,Chimaraoke,France,Low,0.35321955132056426,Unassigned,new
15722991,McGregor,France,High,0.7569989379396551,Unassigned,new
15737404,Kesteven,France,Low,0.0411327746672019,Unassigned,new
15722409,Ritchie,Spain,Low,0.1723085359934838,Unassigned,new
15806420,Jenks,France,Low,0.020056486850412558,Unassigned,new
15658148,Udokamma,France,Low,0.030996709563357504,Unassigned,new
15810660,Boyle,Germany,Low,0.05382503458097614,Unassigned,new
15709780,Azuka,France,Low,0.037996556765781085,Unassigned,new
15727350,Pai,France,Low,0.15838914863291165,Unassigned,new
15752312,Howells,Spain,Low,0.1716866358514459,Unassigned,new
15616745,Hs?,Spain,Low,0.08044833202546521,Unassigned,new
15572294,Kelly,France,Low,0.13035053099333377,Unassigned,new
15674110,Walton,France,Low,0.20112950121081843,Unassigned,new
15662501,Ebelechukwu,France,Medium,0.525333863050988,Unassigned,new
15649239,Vasilieva,Spain,Low,0.10435677586526104,Unassigned,new
15700424,Hsiao,France,Low,0.1275131785982534,Unassigned,new
15636388,Abrego,Germany,Low,0.2872606568428507,Unassigned,new
15713975,Gibson,Germany,High,0.8010949064897467,Unassigned,new
15592925,Giordano,Spain,High,0.9297760609262501,Unassigned,new
15581626,Mancini,France,Low,0.329296496991474,Unassigned,new
15641319,Afanasyeva,Spain,High,0.7856290893529555,Unassigned,new
15723481,Wright,Spain,Low,0.02913760806049655,Unassigned,new
15787825,Okwudiliolisa,Germany,Low,0.13517118091129904,Unassigned,new
15710726,Hughes,France,Low,0.11534980730061205,Unassigned,new
15627195,Parrott,Germany,Low,0.08330627140863901,Unassigned,new
15657957,Hughes,Germany,Low,0.3234738058367725,Unassigned,new
15676117,Zinachukwudi,France,Medium,0.46018620224863077,Unassigned,new
15607874,Keane,France,Low,0.07107263240954595,Unassigned,new
15796993,McCollum,France,Medium,0.5104535571438631,Unassigned,new
15649858,Simpson,Spain,Low,0.06539552207971772,Unassigned,new
15811032,Gambrell,Germany,Low,0.3957180159102195,Unassigned,new
15679963,Moretti,Germany,Medium,0.47484942834995064,Unassigned,new
15579131,Ricci,France,Low,0.008783642754166205,Unassigned,new
15572428,Rieke,Germany,Low,0.17471312286304713,Unassigned,new
15622461,Ndubuagha,France,Medium,0.5100970319316164,Unassigned,new
15636105,Chung,Spain,Low,0.052990578787947724,Unassigned,new
15583849,Ts'ai,France,Low,0.17351817486035695,Unassigned,new
15718780,Cox,Spain,Low,0.093545084638163,Unassigned,new
15739271,Lei,Germany,Low,0.17094133069003323,Unassigned,new
15697129,Ulyanova,Spain,Low,0.09026717778680064,Unassigned,new
15763415,Gray,Germany,Low,0.3015152834366777,Unassigned,new
15796617,McGregor,France,Low,0.015654287532626755,Unassigned,new
15626628,Tretiakova,Spain,Low,0.06730236528068788,Unassigned,new
15765857,Genovesi,Spain,Low,0.20658505441374955,Unassigned,new
15742511,Gordon,France,Low,0.11505580499482229,Unassigned,new
15786433,Aitken,Germany,Low,0.06469959218329809,Unassigned,new
15685805,Ginikanwa,Spain,Low,0.033929469964698825,Unassigned,new
15627971,Coates,France,Low,0.44548996486446074,Unassigned,new
15783025,Piazza,Germany,Low,0.09170136414292132,Unassigned,new
15726289,Cawood,France,Low,0.10569462536157938,Unassigned,new
15802118,Ignatieff,Spain,Low,0.09406935560621991,Unassigned,new
15607990,Gallo,Spain,Low,0.2192969407792002,Unassigned,new
15695932,Yelverton,Spain,Low,0.0793086416193895,Unassigned,new
15812279,William,France,Low,0.06952655619075715,Unassigned,new
15687558,Mault,Germany,Low,0.3114775054679254,Unassigned,new
15729065,Mackay,Germany,Low,0.046322346186390743,Unassigned,new
15698902,McIntyre,Germany,Medium,0.5110734689594693,Unassigned,new
15570192,Henry,Germany,Medium,0.49205609615165674,Unassigned,new
15809265,Kao,France,Low,0.1532080472474967,Unassigned,new
15745201,Frewin,France,Low,0.1370848474540815,Unassigned,new
15580623,Yefremova,Spain,Low,0.015393855112990766,Unassigned,new
15578156,Anenechukwu,Spain,Low,0.05230438895943414,Unassigned,new
15631063,Trentino,France,Low,0.029666989339189796,Unassigned,new
15692577,Tomlinson,Germany,Low,0.27535474943525523,Unassigned,new
15810910,Royston,Spain,Low,0.03535521703979118,Unassigned,new
15723217,Cremonesi,France,Low,0.20845687137018665,Unassigned,new
15733111,Yeh,Spain,Low,0.04322749023740154,Unassigned,new
15610727,Ch'in,France,Low,0.1059867706907418,Unassigned,new
15792720,Martinez,France,Low,0.14324470438215942,Unassigned,new
15723153,Wearing,Spain,Low,0.01935778380771088,Unassigned,new
15802823,Maclean,Spain,Low,0.034211420660144605,Unassigned,new
15756118,T'ao,Spain,Low,0.11852877404306818,Unassigned,new
15684934,Rose,France,Low,0.009813213937787515,Unassigned,new
15776936,Whitworth,France,Low,0.13501702052525266,Unassigned,new
15729087,Suttor,Germany,Low,0.23416526507391455,Unassigned,new
15786463,Hsing,Germany,High,0.881810444620759,Unassigned,new
15717498,Boni,France,Low,0.08013496475559563,Unassigned,new
15718406,Marshall,France,Low,0.044654072895427374,Unassigned,new
15799468,Catchpole,France,Low,0.11391969607757857,Unassigned,new
15626383,Tang,Spain,Low,0.16760605359202072,Unassigned,new
15597385,Siddons,Spain,Low,0.02793119205420068,Unassigned,new
15570271,Wan,Spain,Low,0.12647983404863053,Unassigned,new
15690330,Efimov,Germany,Low,0.2640660027502111,Unassigned,new
15680611,Rose,France,Low,0.34647683006782065,Unassigned,new
15810227,Fanucci,France,Low,0.018003505657821425,Unassigned,new
15807194,Iweobiegbulam,Spain,Low,0.046967529990989465,Unassigned,new
15712199,Ijendu,Germany,Low,0.10076781324395981,Unassigned,new
15694995,O'Sullivan,France,Low,0.010463652622553157,Unassigned,new
15723400,Hutchinson,France,Low,0.010848029210922608,Unassigned,new
15654772,Kwemto,France,Low,0.19396398018909577,Unassigned,new
15574743,Chiu,Spain,Low,0.09820764848161655,Unassigned,new
15807593,Berry,Spain,Low,0.17874054713426593,Unassigned,new
15686718,Hung,Germany,Low,0.18507058778992333,Unassigned,new
15695299,Mordvinova,France,Medium,0.48208701782242547,Unassigned,new
15722701,Bruno,Germany,Low,0.15337022556358368,Unassigned,new
15799635,Arbour,Spain,Medium,0.657294685012381,Unassigned,new
15742323,Barese,France,Low,0.028816857670633897,Unassigned,new
15658435,Hingston,France,Low,0.026447541633964112,Unassigned,new
15586029,Davis,Germany,Low,0.0545544654495823,Unassigned,new
15772337,Lawrence,Germany,Medium,0.5152786446150351,Unassigned,new
15807555,Chung,France,Low,0.10125655656750793,Unassigned,new
15603378,Padovano,France,Low,0.08942018911519846,Unassigned,new
15792862,Blinova,Germany,Medium,0.4848361015025064,Unassigned,new
15657349,Carter,Germany,High,0.903797629346293,Unassigned,new
15777614,Webb,Spain,Low,0.07723774876724901,Unassigned,new
15653952,T'an,Germany,Low,0.2681640218662951,Unassigned,new
15724336,Yates,Germany,Medium,0.6972610367939198,Unassigned,new
15689594,Su,France,Low,0.1996442794817262,Unassigned,new
15801920,Christian,Germany,Low,0.08999398946353518,Unassigned,new
15653347,Chiu,Spain,Medium,0.6779509272477141,Unassigned,new
15749951,Sacco,Germany,Low,0.24416436530950744,Unassigned,new
15648178,Lettiere,Germany,Low,0.19067708617261778,Unassigned,new
15738662,Daluchi,Germany,Low,0.3288855883664603,Unassigned,new
15640855,T'ien,Germany,Low,0.158210960198117,Unassigned,new
15584288,Hung,France,Low,0.017371376051113562,Unassigned,new
15760988,Liu,Germany,Low,0.08261150736367813,Unassigned,new
15569624,Feng,Germany,Low,0.1130489494611398,Unassigned,new
15597949,Gilbert,Germany,High,0.8057716626599873,Unassigned,new
15604551,Robb,France,Low,0.0349161552378937,Unassigned,new
15617476,Manfrin,France,Low,0.03543671727472162,Unassigned,new
15645323,Chinwenma,France,Low,0.3647975755493098,Unassigned,new
15793311,Smith,Germany,Low,0.3564050674328018,Unassigned,new
15764153,Rowe,France,Low,0.04738288694168871,Unassigned,new
15802560,Moran,Spain,Low,0.28653271835686916,Unassigned,new
15728608,Walker,Germany,Low,0.07897082719103049,Unassigned,new
15770474,Myers,France,Low,0.37427042998881294,Unassigned,new
15724444,Wall,France,Low,0.07620035793810684,Unassigned,new
15753110,McKay,Spain,Medium,0.4957606278554377,Unassigned,new
15711521,Egobudike,France,Low,0.08925860426844776,Unassigned,new
15632816,Williams,Germany,Medium,0.633457039892457,Unassigned,new
15693637,Ochoa,France,Low,0.02550212099649662,Unassigned,new
15725509,Otutodilinna,Germany,Low,0.04359572728018462,Unassigned,new
15684645,Ajuluchukwu,Germany,Low,0.07176784569796464,Unassigned,new
15692235,Bellucci,France,Low,0.04486196694882771,Unassigned,new
15777459,Gordon,Spain,Low,0.12246065889561643,Unassigned,new
15656937,Johnston,Spain,Low,0.09167769781126646,Unassigned,new
15610643,De Luca,Germany,Medium,0.46835402844691043,Unassigned,new
15777315,Hill,France,Low,0.13049804916159938,Unassigned,new
15611058,Eluemuno,Germany,Low,0.2501613774968521,Unassigned,new
15630413,Howarth,France,Low,0.039765953276798056,Unassigned,new
15635942,Thomson,France,Low,0.04090501201769114,Unassigned,new
15648858,King,France,Low,0.07633007854848997,Unassigned,new
15810732,Grant,France,Low,0.08321658131190993,Unassigned,new
15705448,Gilbert,Germany,Medium,0.5098712812724284,Unassigned,new
15730488,Richmond,Spain,Low,0.14564905865393332,Unassigned,new
15620443,Fiorentino,France,Low,0.007870245755209811,Unassigned,new
15741078,Greece,France,Low,0.14962851572128405,Unassigned,new
15753161,Dickson,France,Low,0.20131193654732848,Unassigned,new
15711396,Henderson,Spain,Low,0.038990784130539614,Unassigned,new
15593499,Stevens,Spain,Medium,0.7288680752270819,Unassigned,new
15579189,Mitchell,France,Low,0.05558258171500038,Unassigned,new
15743545,Nworie,Spain,Low,0.03583409939488601,Unassigned,new
15791316,Boni,France,Low,0.012572029758463846,Unassigned,new
15608246,Wentcher,Germany,Low,0.20095433611564356,Unassigned,new
15676526,Bentley,France,Low,0.10712403948977706,Unassigned,new
15813911,Hayes-Williams,France,Low,0.3259716952264564,Unassigned,new
15630195,Johnstone,France,Low,0.14845831944561716,Unassigned,new
15736250,Johnstone,France,Low,0.08067919985535793,Unassigned,new
15671334,Nixon,France,Low,0.19549158964353716,Unassigned,new
15574169,Trevisano,Germany,Low,0.2783317431920814,Unassigned,new
15718839,Tsui,Germany,Low,0.11882321973659289,Unassigned,new
15762331,Moss,France,Low,0.2096809767503894,Unassigned,new
15606901,Graham,France,Low,0.05614211104069757,Unassigned,new
15713559,Onyemauchechukwu,Germany,Low,0.06716078298996478,Unassigned,new
15768881,Saunders,France,Low,0.011742949366841504,Unassigned,new
15743075,Ko,France,Low,0.011398533894857553,Unassigned,new
15660980,Cairns,Spain,Low,0.04439719371243215,Unassigned,new
15810942,Chiemela,Germany,Medium,0.47699993316540074,Unassigned,new
15728362,Robertson,France,Low,0.035161810216047244,Unassigned,new
15683339,P'eng,Spain,Low,0.19598814456584424,Unassigned,new
15685476,Tseng,France,Low,0.043534356181477336,Unassigned,new
15663650,Russell,Germany,High,0.9870052510228364,Unassigned,new
15617434,Yen,Spain,Low,0.13749801341000462,Unassigned,new
15622470,Yeh,Spain,Low,0.09133909153132218,Unassigned,new
15703682,Kalinina,Spain,Low,0.1497890452257731,Unassigned,new
15727391,Collier,Germany,Low,0.06007571519727884,Unassigned,new
15711062,Thomas,Germany,Low,0.07922087020709809,Unassigned,new
15567339,Shaw,France,Low,0.037849256149218156,Unassigned,new
15760662,Francis,Germany,Low,0.14171217799985283,Unassigned,new
15605737,George,France,Low,0.021531490694975473,Unassigned,new
15692977,Ikenna,Germany,Low,0.12157226413867127,Unassigned,new
15672082,Schatz,France,Medium,0.52684382950242,Unassigned,new
15600280,Tao,France,Low,0.023369087732909345,Unassigned,new
15804052,Scott,Spain,Low,0.010414203498896562,Unassigned,new
15576065,Sims,Spain,Low,0.2209859265261391,Unassigned,new
15796838,Chibugo,Spain,Low,0.2194793565390168,Unassigned,new
15693526,Ku,France,Low,0.40258185650066464,Unassigned,new
15748595,Stanton,France,Low,0.03155087557089049,Unassigned,new
15679029,Kung,France,Low,0.07434906727738365,Unassigned,new
15753639,Gibson,France,Low,0.06437289158604961,Unassigned,new
15604138,Iheanacho,Spain,Low,0.21653978872837545,Unassigned,new
15666095,Costa,Spain,Low,0.15894555368690616,Unassigned,new
15643487,Sal,Spain,Low,0.14254620980958108,Unassigned,new
15764033,Lin,Germany,Medium,0.6154663167719294,Unassigned,new
15747288,Ferri,Spain,Low,0.2443069661379204,Unassigned,new
15790599,Yin,Germany,Low,0.09668006793090692,Unassigned,new
15737705,Avdeyeva,France,Low,0.11304761886655756,Unassigned,new
15737194,Tu,France,Low,0.030473893553789166,Unassigned,new
15726776,Donnelly,Spain,Low,0.06193267554431357,Unassigned,new
15804357,Loggia,France,Low,0.20171522384912435,Unassigned,new
15664432,Chao,Spain,Medium,0.6985676829567837,Unassigned,new
15688984,Belonwu,France,Low,0.079103469572959,Unassigned,new
15583026,Welch,France,Low,0.17616099495393273,Unassigned,new
15771668,Henderson,France,High,0.8878218061202974,Unassigned,new
15779904,Yobanna,France,Low,0.027119834805089556,Unassigned,new
15784323,Gallo,France,Low,0.04453291578650874,Unassigned,new
15756277,Wilson,Germany,Low,0.21690852484702342,Unassigned,new
15663312,Marino,France,Low,0.10785770667210909,Unassigned,new
15793197,Bailey,France,Low,0.11655763198009585,Unassigned,new
15731463,Gboliwe,Germany,Low,0.3068199815932665,Unassigned,new
15621768,Chukwuhaenye,Spain,Low,0.4030927539758538,Unassigned,new
15691323,Bianchi,Germany,Low,0.12658456029090145,Unassigned,new
15781326,Ford,France,Low,0.10650010454576272,Unassigned,new
15595640,Rizzo,France,Low,0.024460763839727822,Unassigned,new
15814331,Lung,Germany,Low,0.29104894418476573,Unassigned,new
15602030,Ramirez,France,Low,0.046370218162182154,Unassigned,new
15747974,Sabbatini,France,Low,0.25250106236608827,Unassigned,new
15611315,Ts'ao,Germany,Low,0.15230223721291586,Unassigned,new
15636977,Trevisan,Germany,High,0.8922662278074419,Unassigned,new
15690337,Chinwenma,France,Low,0.06813013415849281,Unassigned,new
15680666,Berry,Spain,Low,0.12360508561130858,Unassigned,new
15679551,Colombo,Spain,Low,0.36201496265943844,Unassigned,new
15778915,Harris,France,Low,0.05280690596600397,Unassigned,new
15568849,Bryan,Spain,Low,0.0892456715494577,Unassigned,new
15747762,Chigozie,France,Low,0.07773960093235899,Unassigned,new
15753679,Mullawirraburka,France,Low,0.010959579595459637,Unassigned,new
15750049,Steele,France,Low,0.2142407448304041,Unassigned,new
15606097,Zakharov,Germany,Low,0.36915781225956606,Unassigned,new
15802368,Ch'eng,France,Medium,0.4691848562887922,Unassigned,new
15767488,Berry,Spain,Low,0.01955966807383049,Unassigned,new
15669946,Jen,Germany,Medium,0.5323289413118731,Unassigned,new
15612103,Wang,Germany,Low,0.21478789754632518,Unassigned,new
15645353,Chubb,France,Low,0.11859268576916185,Unassigned,new
15650018,Chen,France,Low,0.30933521400915776,Unassigned,new
15659002,Mazzanti,France,Low,0.1649114603612644,Unassigned,new
15616028,T'ao,France,Low,0.26342941915966445,Unassigned,new
15660475,Ndubueze,France,Low,0.39811747493902744,Unassigned,new
15652615,Ferri,France,Low,0.07630773505369093,Unassigned,new
15653572,Thornton,Spain,Low,0.1388511129701958,Unassigned,new
15628059,DeRose,France,Low,0.08854613815784397,Unassigned,new
15703413,Montes,France,Low,0.2518826453859826,Unassigned,new
15610433,Kwemto,France,Low,0.01642021702639043,Unassigned,new
15770548,Lucchese,Germany,Low,0.24063634446037527,Unassigned,new
15645637,Huggins,Germany,Low,0.3052307690988466,Unassigned,new
15590888,Wade,Spain,Low,0.09415387177356657,Unassigned,new
15568326,Kenenna,France,Low,0.13040476830056077,Unassigned,new
15655368,Wheeler,France,Medium,0.6108666626331858,Unassigned,new
15665579,Cartwright,France,Low,0.11130623166080764,Unassigned,new
15676091,Iloerika,France,Low,0.21352078637311378,Unassigned,new
15716984,Palermo,Spain,Medium,0.5394477821007543,Unassigned,new
15715078,Nkemakolam,France,Low,0.03627582848664151,Unassigned,new
15569452,Butler,Germany,Low,0.35223472637767633,Unassigned,new
15628863,Calabresi,France,Low,0.10636934717589251,Unassigned,new
15778192,Nkemdilim,Spain,Low,0.013524032845645571,Unassigned,new
15793723,Ch'iu,Germany,Low,0.06416680133783455,Unassigned,new
15798943,Alexander,France,Low,0.16752808522054896,Unassigned,new
15764708,Chiabuotu,France,Low,0.07577977505760009,Unassigned,new
15791040,Vasilyeva,Spain,Low,0.12111958059350648,Unassigned,new
15631512,Schneider,France,Low,0.11569565042320673,Unassigned,new
15640106,Mason,France,Low,0.2081562057246792,Unassigned,new
15710315,Chukwukadibia,Germany,Low,0.2241809559055461,Unassigned,new
15771535,Tsui,Spain,Low,0.04010122064697614,Unassigned,new
15611947,Banks,France,Low,0.1007042228643055,Unassigned,new
15670266,Shih,France,Low,0.08038660810217169,Unassigned,new
15609083,Tretiakova,France,Low,0.19142101858577895,Unassigned,new
15567923,Barese,France,Low,0.20324161861934778,Unassigned,new
15788183,Longo,Germany,Low,0.27721855634482845,Unassigned,new
15735782,MacDonald,France,Low,0.08544820604991686,Unassigned,new
15774401,Chambers,Spain,Low,0.25165612036944307,Unassigned,new
15737971,Cowen,France,Low,0.024226088871061636,Unassigned,new
15758750,Iweobiegbunam,France,Low,0.03780727613430498,Unassigned,new
15611767,Mai,Germany,High,0.9087567736313668,Unassigned,new
15643770,Yu,France,Medium,0.72974023952495,Unassigned,new
15744717,Duffy,France,Low,0.0654238351361019,Unassigned,new
15570681,Chiang,France,Low,0.08067556382950518,Unassigned,new
15792650,Watts,Spain,Low,0.42139783838723976,Unassigned,new
15605531,Daly,Spain,Low,0.07119134718308977,Unassigned,new
15605339,Baker,France,Low,0.022415253921585932,Unassigned,new
15672216,Uvarov,France,Low,0.2715984942980851,Unassigned,new
15812893,Costa,France,Low,0.03714144368183929,Unassigned,new
15624180,Genovesi,Germany,High,0.9560396258960193,Unassigned,new
15701364,Doherty,France,Low,0.00841820240672798,Unassigned,new
15762588,Kaleski,France,Low,0.009737415546214042,Unassigned,new
15806318,Wright,Germany,High,0.8531549349059174,Unassigned,new
15712596,Huang,France,Low,0.1318866551805374,Unassigned,new
15600399,Trentino,France,High,0.9395091034520617,Unassigned,new
15576216,Chienezie,Germany,Low,0.3454455318899994,Unassigned,new
15620750,Sugden,France,Low,0.0547516633633282,Unassigned,new
15623489,Tu,France,Low,0.10849461157139961,Unassigned,new
15667944,Onuchukwu,France,Low,0.10026238021868202,Unassigned,new
15584928,Ugochukwutubelum,Germany,Low,0.08952260593112217,Unassigned,new
15779913,Davidson,France,Low,0.025120975801830276,Unassigned,new
15644977,Goddard,France,Low,0.02952347152544749,Unassigned,new
15749679,Beck,France,Low,0.09255390708638042,Unassigned,new
15629010,Beam,Germany,Low,0.20948484049479824,Unassigned,new
15768465,Sheppard,Germany,Low,0.06309096379529089,Unassigned,new
15767781,Godfrey,France,Low,0.13576536019368032,Unassigned,new
15635364,Gray,France,High,0.9327693037790136,Unassigned,new
15722004,Hsiung,France,Low,0.12609952581059872,Unassigned,new
15766044,Cameron,Germany,High,0.8243144364924043,Unassigned,new
15586680,Fleming,France,Low,0.16652006808662873,Unassigned,new
15635388,Austin,Spain,Medium,0.490654691108533,Unassigned,new
15655175,Wallace,Germany,Low,0.1627329945458263,Unassigned,new
15639133,Ku,France,Low,0.31553239475270334,Unassigned,new
15799653,Fiorentino,Germany,Low,0.05981338582205202,Unassigned,new
15723872,Buccho,Spain,Low,0.13751117424453685,Unassigned,new
15775627,Gordon,France,Low,0.012858134915864232,Unassigned,new
15630704,Haworth,Germany,Low,0.08211639919714826,Unassigned,new
15815534,Guidry,Spain,Low,0.06380803388657566,Unassigned,new
15697249,Lettiere,Germany,Low,0.2442560569800873,Unassigned,new
15681316,Tai,France,Low,0.16423493349656462,Unassigned,new
15682523,Chigozie,France,Low,0.0314253944102048,Unassigned,new
15650244,Bezrukov,Spain,Low,0.034523243513743286,Unassigned,new
15648638,Chia,Spain,Low,0.022313267656651488,Unassigned,new
15795747,Sheppard,Spain,Low,0.16255410008217153,Unassigned,new
15607330,Vasilyev,Spain,Low,0.12221564818693498,Unassigned,new
15624013,Maxwell,France,Low,0.21514080380421324,Unassigned,new
15800805,Maher,France,Low,0.0732311177453176,Unassigned,new
15667321,Cocci,Spain,Low,0.06317821887562604,Unassigned,new
15601116,P'an,France,Low,0.01310453049777177,Unassigned,new
15622033,Rapuluchukwu,Germany,High,0.9508530712480967,Unassigned,new
15758451,Azuka,Germany,Low,0.29925363202534166,Unassigned,new
15688689,Esposito,Germany,Low,0.09337545850333853,Unassigned,new
15652674,Hou,France,Low,0.04057782452365812,Unassigned,new
15806327,Cyril,France,Low,0.10949722789401724,Unassigned,new
15649618,Tomlinson,Germany,Low,0.09677837471845965,Unassigned,new
15677117,Crawford,France,Low,0.07681925349312176,Unassigned,new
15751445,Chikwado,Germany,Low,0.19469442632476347,Unassigned,new
15749669,Hargreaves,France,Low,0.019105777784641842,Unassigned,new
15656351,Laidley,Spain,Low,0.12681316404013915,Unassigned,new
15667438,Ferguson,France,Low,0.19265443217499184,Unassigned,new
15682273,Burns,France,Low,0.18318534443614956,Unassigned,new
15580912,McNeill,France,Low,0.02986570446074454,Unassigned,new
15785183,Chukwuebuka,Spain,Low,0.011806306107200184,Unassigned,new
15705383,Shen,France,Low,0.053333359721973526,Unassigned,new
15712903,Diaz,France,Low,0.14685109970030677,Unassigned,new
15774285,Kentish,Spain,Low,0.2737801892838981,Unassigned,new
15583138,Persse,France,Low,0.11561611133820356,Unassigned,new
15740160,Okwukwe,France,Low,0.010798493433066608,Unassigned,new
15793425,Watt,Spain,Low,0.21605793142169794,Unassigned,new
15749265,Carslaw,Germany,Low,0.16758649217139532,Unassigned,new
15623989,Griffin,France,High,0.8944459805696842,Unassigned,new
15604832,Hsia,France,Low,0.07669538682277986,Unassigned,new
15584580,Fyodorova,France,Low,0.0891886059792979,Unassigned,new
15573854,Chukwujekwu,France,Low,0.04341487852503476,Unassigned,new
15614847,Townsend,France,Low,0.3689579791198492,Unassigned,new
15679966,Marsh,France,Low,0.08361397039591323,Unassigned,new
15799435,Hayes,Spain,Low,0.15525247548276747,Unassigned,new
15752186,Padovano,France,Low,0.025100500283130524,Unassigned,new
15705544,Ma,France,Low,0.19505574670138923,Unassigned,new
15713632,Ham,Spain,Medium,0.5898165444864798,Unassigned,new
15586523,Paten,Germany,Low,0.17808904906813497,Unassigned,new
15609176,Cawthorne,France,Low,0.03132639251177729,Unassigned,new
15769308,Herbert,Germany,Low,0.07162219670308928,Unassigned,new
15676810,Jen,France,Low,0.030872449159426343,Unassigned,new
15634591,Saunders,France,Low,0.06762396823214586,Unassigned,new
15679804,Esquivel,France,Low,0.034580673305119096,Unassigned,new
15677764,Chao,Germany,Low,0.010719351767093996,Unassigned,new
15571917,Eluemuno,Germany,Low,0.1656022301206566,Unassigned,new
15574608,Sidorova,France,Low,0.046842240459268596,Unassigned,new
15740868,Pirogova,Germany,Medium,0.5158164831898491,Unassigned,new
15702442,Benson,Germany,Low,0.25296245211673785,Unassigned,new
15699797,Santana,France,Low,0.1536490127094603,Unassigned,new
15648047,Williamson,Germany,Low,0.0294479738780778,Unassigned,new
15766826,North,France,Low,0.13709073899676713,Unassigned,new
15591628,Davies,Germany,Low,0.3277237286631656,Unassigned,new
15583857,Siciliano,Spain,Low,0.24494771387193764,Unassigned,new
15752534,Mironov,France,Low,0.013193734590195256,Unassigned,new
15741403,Amechi,Spain,Low,0.18475618504364294,Unassigned,new
15783589,Toscano,France,Low,0.03923499427126053,Unassigned,new
15598046,Su,France,Low,0.12032163898858861,Unassigned,new
15643330,Chukwuemeka,France,Low,0.018915502734266995,Unassigned,new
15680405,P'eng,France,Low,0.08233893103198231,Unassigned,new
15728683,Lombardo,France,Low,0.010533994417483846,Unassigned,new
15621644,Lombardi,Germany,Low,0.05658364711054759,Unassigned,new
15733032,Butler,Spain,Low,0.0684309357428773,Unassigned,new
15608381,Dean,Germany,High,0.8536105202784683,Unassigned,new
15658946,Piccio,Germany,Low,0.05539580195261994,Unassigned,new
15757912,Bradley,Germany,Low,0.3818658978973171,Unassigned,new
15645371,Cameron,Germany,Medium,0.5628861853472027,Unassigned,new
15653110,Chan,France,Low,0.22242412017401791,Unassigned,new
15766355,Lettiere,Germany,High,0.9880906003044384,Unassigned,new
15585249,Mironova,France,Low,0.2625167369136538,Unassigned,new
15611786,Tsui,Spain,Low,0.17751780545063525,Unassigned,new
15575486,Okoli,France,Low,0.017456720208342727,Unassigned,new
15780215,Berry,France,Low,0.009505785910634725,Unassigned,new
15686099,Ruse,Spain,High,0.8836940208858621,Unassigned,new
15739042,Bogolyubov,France,Low,0.029350044362602527,Unassigned,new
15815316,Kennedy,France,High,0.986295367806449,Unassigned,new
15778489,Bolton,Germany,Low,0.06525320689663347,Unassigned,new
15786389,Chuang,Spain,Low,0.04845402899379721,Unassigned,new
15601787,Greco,Germany,Low,0.228683193272574,Unassigned,new
15624715,Ma,Spain,Low,0.28146962589942287,Unassigned,new
15763093,Nucci,Germany,Low,0.08962434362707232,Unassigned,new
15572073,Yao,Spain,Low,0.01248065680566304,Unassigned,new
15780256,Palfreyman,France,Low,0.011496889890722898,Unassigned,new
15659305,Webster,Germany,Low,0.07423783249241211,Unassigned,new
15638882,Cardell,Germany,High,0.9411402776471887,Unassigned,new
15714680,Bianchi,France,Low,0.02910705182660048,Unassigned,new
15777217,Somadina,Spain,Low,0.009829929422789128,Unassigned,new
15739123,Mellor,Germany,Medium,0.5501300626133007,Unassigned,new
15594450,Tomlinson,France,Medium,0.5565900720451755,Unassigned,new
15797751,Pai,Germany,Medium,0.5965301904238752,Unassigned,new
15691543,Lennox,Germany,Low,0.37805532308553236,Unassigned,new
15722845,Meldrum,Spain,Low,0.052200408265162375,Unassigned,new
15605804,Watson,France,Low,0.06632614167745911,Unassigned,new
15702061,Findlay,France,Low,0.010491383951766485,Unassigned,new
15694321,Su,France,Low,0.02811320718299489,Unassigned,new
15798749,Davidson,Germany,Low,0.16854289651157048,Unassigned,new
15720050,Barrett,France,Low,0.1174143474272986,Unassigned,new
15758048,Miah,France,Low,0.25841237508739506,Unassigned,new
15805681,Chamberlain,France,Low,0.16991174271276083,Unassigned,new
15802809,Vidal,Spain,Low,0.10752937077932974,Unassigned,new
15807239,Lung,France,Low,0.19311775173054244,Unassigned,new
15749093,Tretyakova,France,Low,0.1338498477978526,Unassigned,new
15689344,Montgomery,Spain,Medium,0.6372765154120547,Unassigned,new
15606076,Golubev,Germany,Low,0.4043418392474113,Unassigned,new
15610090,Han,France,Low,0.06371871813606991,Unassigned,new
15693926,Pan,Spain,Low,0.06816160139161603,Unassigned,new
15791501,Carroll,France,Low,0.03813643366178083,Unassigned,new
15621870,Hawkins,Spain,Medium,0.46934364633191317,Unassigned,new
15734711,Loggia,France,High,0.8206829730344913,Unassigned,new
15814405,Chesnokova,France,Medium,0.628197375851824,Unassigned,new
15729359,Chambers,France,Low,0.012945687358998967,Unassigned,new
15606944,Fleming,Germany,Medium,0.5329513708562829,Unassigned,new
15671934,Veale,Germany,Low,0.25252034810823426,Unassigned,new
15641773,Browne,Germany,Low,0.05904630724946952,Unassigned,new
15701972,Parsons,France,Low,0.054509375584747666,Unassigned,new
15749114,Bailey,Spain,Low,0.014351726044811114,Unassigned,new
15780362,Ferrari,France,Low,0.4368151368167123,Unassigned,new
15753229,Genovese,France,Low,0.038139459730123774,Unassigned,new
15656009,McIntyre,France,Low,0.2450182138241857,Unassigned,new
15785024,Warner,France,Low,0.29835784883785904,Unassigned,new
15670492,Gordon,France,Low,0.01685774964771856,Unassigned,new
15795458,McMillan,Spain,Low,0.21490223668671216,Unassigned,new
15732438,Cheng,France,High,0.8617867726044335,Unassigned,new
15781987,Akhtar,France,Low,0.04520875837545439,Unassigned,new
15775826,Iadanza,France,Low,0.06561361447018026,Unassigned,new
15807457,Abernathy,Spain,Low,0.03427009195533666,Unassigned,new
15632538,Watson,Spain,Low,0.07706219293331114,Unassigned,new
15641389,Shen,Germany,Medium,0.4797374461603337,Unassigned,new
15657306,Kershaw,France,Medium,0.7254053221418691,Unassigned,new
15709447,Reed,France,Low,0.11179098703868641,Unassigned,new
15762682,Mitchell,Spain,Low,0.09251729868011016,Unassigned,new
15626042,Webb,Spain,Low,0.019109875746001207,Unassigned,new
15597109,Vanzetti,France,Low,0.059602351814831436,Unassigned,new
15756148,Nnanna,Spain,Low,0.18365928202654502,Unassigned,new
15665634,Campbell,France,Low,0.18199832433669635,Unassigned,new
15739997,Capon,France,Low,0.06045452783109041,Unassigned,new
15686242,Otutodilichukwu,France,High,0.9291149074671515,Unassigned,new
15759244,Boone,Germany,Low,0.16074701512168943,Unassigned,new
15672027,McIntyre,Germany,Low,0.11432397835995875,Unassigned,new
15594576,Zhdanov,France,Low,0.09113591092377572,Unassigned,new
15707138,Nagy,Spain,Low,0.02188785745851247,Unassigned,new
15756954,Lombardo,France,Low,0.12094810798449811,Unassigned,new
15619130,Simpson,Germany,Low,0.1049903293477754,Unassigned,new
15639665,Herbert,Spain,Low,0.05626670482095863,Unassigned,new
15571065,Lehr,Spain,Low,0.06394000556381477,Unassigned,new
15686060,Chou,Germany,Medium,0.5342835173773112,Unassigned,new
15615753,Upchurch,Germany,Low,0.23146001252786813,Unassigned,new
15800961,Ugorji,Germany,Low,0.22495425294119348,Unassigned,new
15763065,Palerma,Spain,Low,0.07376320641306856,Unassigned,new
15672467,Coles,France,Low,0.2235418646560199,Unassigned,new
15752915,Hsueh,France,Low,0.03474047619095126,Unassigned,new
15744695,Tu,France,Low,0.10258947741720104,Unassigned,new
15584897,Kuo,France,Low,0.11225542668894334,Unassigned,new
15601857,Woodhouse,Germany,High,0.7627140226676727,Unassigned,new
15674156,Tretiakova,Germany,Low,0.07026522892070744,Unassigned,new
15695465,Gibson,France,Low,0.282435764695132,Unassigned,new
15792232,Moss,Spain,Low,0.08553054932941506,Unassigned,new
15807900,Chineze,France,Low,0.09544268424083721,Unassigned,new
15743760,Davidson,France,Low,0.0271620972877953,Unassigned,new
15652835,Liang,Spain,Low,0.18348163324658712,Unassigned,new
15767818,Graham,France,High,0.7663717200353792,Unassigned,new
15591150,Nwebube,Spain,Low,0.015439005250999407,Unassigned,new
15734659,Sozonov,Germany,Medium,0.47787405110320874,Unassigned,new
15796115,Forbes,Germany,High,0.9078636368198294,Unassigned,new
15724648,Chikezie,France,Low,0.07468785087098678,Unassigned,new
15737732,Onwuemelie,France,Low,0.1418767573022808,Unassigned,new
15632280,Toth,Spain,High,0.8812926278601481,Unassigned,new
15750407,Hunt,Germany,Low,0.3230777240705332,Unassigned,new
15795370,Mazure,Germany,Low,0.27439571706011806,Unassigned,new
15656829,Hughes,Spain,Low,0.028006561209015863,Unassigned,new
15643794,Bennett,Spain,Low,0.13099233506382194,Unassigned,new
15798605,Tien,Germany,Low,0.04311766222315045,Unassigned,new
15637324,Kay,France,Low,0.015724040360656145,Unassigned,new
15589589,Bryan,France,Low,0.10077413201873808,Unassigned,new
15778936,Ingamells,France,Low,0.09041522160930857,Unassigned,new
15757385,Milne,Spain,Low,0.18105207269311835,Unassigned,new
15666200,Lombardo,France,Low,0.04669442534463406,Unassigned,new
15683977,Owens,Spain,Low,0.01177239539015826,Unassigned,new
15675518,Charlton,Spain,Medium,0.6733135215307984,Unassigned,new
15584812,Overby,Spain,Low,0.05164131230431148,Unassigned,new
15752984,Chifley,France,Low,0.039505632885669655,Unassigned,new
15577913,Oliver,France,Low,0.07156476912089733,Unassigned,new
15591980,Hill,France,Low,0.024659060241520103,Unassigned,new
15598948,DeRose,Spain,Low,0.16760965893431434,Unassigned,new
15574142,Chuang,Germany,Low,0.03482859528150956,Unassigned,new
15582903,Edwards,France,Low,0.022251840707176732,Unassigned,new
15733229,Rodriguez,Spain,Low,0.027197059457882842,Unassigned,new
15635752,Lo,Germany,Low,0.08245203516372204,Unassigned,new
15771000,Powell,France,Medium,0.5052924077627615,Unassigned,new
15804864,Chu,France,Low,0.08034844014187757,Unassigned,new
15641175,Munro,Germany,High,0.9942517870818309,Unassigned,new
15692226,Onwumelu,France,Low,0.07720434624704572,Unassigned,new
15584156,Siciliani,Spain,Medium,0.4790475781759879,Unassigned,new
15702656,Yobachi,France,Low,0.12126284248050678,Unassigned,new
15606552,Akabueze,France,Low,0.03323841450694131,Unassigned,new
15687001,Chiemenam,Germany,Medium,0.5169652427542916,Unassigned,new
15781903,Odinakachukwu,Germany,Low,0.1355325188754426,Unassigned,new
15731951,Reilly,Spain,Low,0.14086695628796314,Unassigned,new
15580953,Forbes,France,Low,0.06328625996475062,Unassigned,new
15810390,Amadi,France,Low,0.04730364501302487,Unassigned,new
15628274,Ferri,Germany,Low,0.06695466205507764,Unassigned,new
15615444,Y?an,Germany,Low,0.04502276987697033,Unassigned,new
15784010,Williamson,Germany,Low,0.22796818474493383,Unassigned,new
15571586,Briggs,Spain,Low,0.1080326618003076,Unassigned,new
15748616,Napolitani,France,Low,0.014759215808052981,Unassigned,new
15769402,Carpenter,France,Low,0.04788516944148935,Unassigned,new
15739248,Lin,France,Low,0.08009337261806215,Unassigned,new
15603481,Robinson,Spain,Low,0.08350583651827499,Unassigned,new
15723604,Collins,France,Low,0.14635282566662255,Unassigned,new
15797822,Kingsley,France,Low,0.0460363184938233,Unassigned,new
15665064,Harvey,France,Low,0.06689868208544365,Unassigned,new
15640580,Obiora,France,High,0.7772589954513042,Unassigned,new
15581089,Knight,Spain,Low,0.011617670682419794,Unassigned,new
15728605,Hung,France,Low,0.025524800529337335,Unassigned,new
15737385,Curtis,Spain,Low,0.20709981198911143,Unassigned,new
15714789,Perez,France,Low,0.07173037841356932,Unassigned,new
15786035,Gosnell,France,Low,0.027718751745683057,Unassigned,new
15815259,Fang,France,Low,0.067612325531396,Unassigned,new
15592716,Clarke,France,High,0.7939471817446376,Unassigned,new
15734850,Milanesi,Spain,Low,0.12078679268820268,Unassigned,new
15638047,Chia,Germany,Low,0.3585094404738219,Unassigned,new
15674573,Gearhart,France,Low,0.06371351455162426,Unassigned,new
15694859,McLean,Germany,Low,0.07545875579837645,Unassigned,new
15776404,Williamson,France,Low,0.04376686458730911,Unassigned,new
15579345,Murphy,Germany,Low,0.08362009800975921,Unassigned,new
15690733,Angelo,Spain,Low,0.08013542863642321,Unassigned,new
15631481,Thomson,France,Low,0.12785394352463716,Unassigned,new
15620988,Murray,France,Low,0.12337024965489937,Unassigned,new
15571529,Kirby,Germany,High,0.8106598568925358,Unassigned,new
15592104,Lane,France,Low,0.3634892768266141,Unassigned,new
15651900,Bergamaschi,Germany,High,0.8393508248270625,Unassigned,new
15596212,Yang,Spain,Low,0.020075681606740163,Unassigned,new
15710687,Mills,France,Low,0.126980945681854,Unassigned,new
15613787,Chidubem,Spain,Low,0.08842534937618045,Unassigned,new
15599211,Findlay,France,Low,0.039467352014659875,Unassigned,new
15675983,Wood,France,Low,0.16670801248842612,Unassigned,new
15622370,Boyle,Germany,Low,0.1212952364762471,Unassigned,new
15656319,Toscano,Spain,Low,0.13471806453267268,Unassigned,new
15605130,Seccombe,France,Low,0.09064509926592643,Unassigned,new
15672574,Uspenskaya,Spain,Low,0.13936946313475435,Unassigned,new
15659355,McKenzie,Spain,Low,0.027720616730795376,Unassigned,new
15777907,Liang,France,Low,0.1430053745851058,Unassigned,new
15655171,Yermakova,France,Low,0.027029746233050118,Unassigned,new
15619674,White,France,Low,0.11034869815583297,Unassigned,new
15775192,Rounsevell,Germany,High,0.8314990807982588,Unassigned,new
15617657,Ts'ai,France,Low,0.08695328978503451,Unassigned,new
15688951,Stoneman,Germany,Low,0.15271822949459146,Unassigned,new
15763460,Yao,France,Low,0.16985524422743395,Unassigned,new
15756992,Chukwukere,France,Low,0.02475109224752034,Unassigned,new
15617454,Ifeatu,France,Low,0.019838464188764456,Unassigned,new
15701932,Millar,France,Low,0.3310743112092781,Unassigned,new
15700813,Igwebuike,Germany,Low,0.0814911668240695,Unassigned,new
15645600,Obidimkpa,Spain,Low,0.06561050798038637,Unassigned,new
15634146,Hou,Germany,Low,0.08518527606000612,Unassigned,new
15686743,Moody,Spain,Low,0.01561602967516675,Unassigned,new
15698792,Keldie,France,Low,0.341037790153173,Unassigned,new
15591724,Liu,France,Low,0.3747975838824347,Unassigned,new
15571281,Ts'ao,France,Low,0.047917758584119514,Unassigned,new
15661380,Walker,France,Low,0.01489256584471766,Unassigned,new
15728885,Defalco,France,Low,0.15060919507922021,Unassigned,new
15618950,Lo Duca,Spain,Low,0.027339398844027103,Unassigned,new
15609804,Hyde,France,Low,0.014464465106190016,Unassigned,new
15735849,Kanayochukwu,France,Low,0.07746123246140256,Unassigned,new
15652948,Yen,France,Low,0.0906146731420306,Unassigned,new
15618155,Ts'ui,France,Low,0.2010635483184295,Unassigned,new
15566378,Tillman,France,Low,0.2824677122951787,Unassigned,new
15565879,Riley,France,Low,0.013466532327161296,Unassigned,new
15792922,Tu,Spain,Low,0.06512837165131634,Unassigned,new
15770567,Ruiz,France,Low,0.07479877707898595,Unassigned,new
15738042,Goliwe,Germany,Low,0.05887106416104666,Unassigned,new
15714920,Balashov,Germany,Low,0.31017524218264103,Unassigned,new
15782121,Leonard,France,Low,0.025846404467666454,Unassigned,new
15673180,Onyekaozulu,Germany,Low,0.07540342775166467,Unassigned,new
15660636,Carpenter,Spain,Low,0.05594325364272842,Unassigned,new
15664504,Beede,France,Low,0.01919732923222076,Unassigned,new
15790322,Beneventi,France,Low,0.11357595269115961,Unassigned,new
15739847,Sadlier,Germany,Low,0.2986835479106529,Unassigned,new
15699415,Lewis,France,Medium,0.49275395587016385,Unassigned,new
15665521,Chiazagomekpele,Germany,Low,0.045967752406447765,Unassigned,new
15682868,Elliott,France,Low,0.1601040614468268,Unassigned,new
15584462,Liang,France,Low,0.14142796963910587,Unassigned,new
15661708,She,France,Low,0.04752269506782219,Unassigned,new
15584452,Bozeman,France,Low,0.04652185580541508,Unassigned,new
15717010,Yu,France,Low,0.3754746014667746,Unassigned,new
15643828,Teng,France,Low,0.010856374812987278,Unassigned,new
15733361,Davide,Germany,Medium,0.5931478149032853,Unassigned,new
15795488,Beneventi,Spain,Low,0.25276569765099666,Unassigned,new
15581551,Yobachukwu,Spain,Low,0.08956064793968785,Unassigned,new
15632051,Douglas,Germany,Medium,0.5725123745127291,Unassigned,new
15780409,Egobudike,France,Low,0.03865134208484231,Unassigned,new
15572767,Shelby,France,Low,0.017113986931281702,Unassigned,new
15590337,Golubov,France,Low,0.045790871810162594,Unassigned,new
15634551,Williamson,Germany,High,0.9894116439394239,Unassigned,new
15669290,Fan,France,Low,0.14453205530815746,Unassigned,new
15621140,Nwebube,Spain,Low,0.01642701068125405,Unassigned,new
15613518,Bellucci,France,Low,0.08493572121941097,Unassigned,new
15728043,Udinese,Germany,Low,0.13967937991672574,Unassigned,new
15570073,Marian,Spain,Low,0.43601569823460434,Unassigned,new
15777033,Chizoba,France,Low,0.011014274591318169,Unassigned,new
15682454,McFarland,France,Low,0.01797173979738916,Unassigned,new
15758513,McDonald,France,Low,0.05190890966456609,Unassigned,new
15772604,Chiemezie,Spain,Low,0.05767121449807074,Unassigned,new
15721715,Fane,France,Low,0.14445589552204896,Unassigned,new
15688563,Marchesi,Germany,Low,0.07716678378372763,Unassigned,new
15772009,Scott,France,Low,0.2943584924261914,Unassigned,new
15809585,H?,France,Low,0.022357620953139406,Unassigned,new
15593778,Craig,France,Medium,0.6452847473878568,Unassigned,new
15655360,Chikelu,Germany,Medium,0.666590920978683,Unassigned,new
15780909,Caffyn,Germany,Low,0.2583260079147706,Unassigned,new
15757310,Otitodilichukwu,Germany,Low,0.1386045567897314,Unassigned,new
15801411,Green,Spain,Medium,0.6116697726728018,Unassigned,new
15761706,Y?an,Spain,Low,0.11601097544495893,Unassigned,new
15658409,Mao,France,High,0.8767534353387357,Unassigned,new
15810010,Dahlenburg,Germany,Low,0.0972478230460585,Unassigned,new
15627027,Shih,France,Low,0.019879517204428824,Unassigned,new
15624374,Maclean,France,Low,0.00830374420649408,Unassigned,new
15720083,Fiorentino,Spain,Low,0.055398645603459806,Unassigned,new
15752294,Long,France,High,0.9611227735158195,Unassigned,new
15743193,Olson,France,Low,0.057058784767205786,Unassigned,new
15696733,McKenzie,France,Low,0.12624316956465284,Unassigned,new
15677522,Rossi,France,Low,0.014942757892234693,Unassigned,new
15643523,Power,Spain,Low,0.02709706944162387,Unassigned,new
15624936,Yen,France,Low,0.05121236786133064,Unassigned,new
15716085,Norris,Spain,Medium,0.5181271556059414,Unassigned,new
15641688,Collier,Spain,Low,0.08861657789234899,Unassigned,new
15796834,Rivers,Germany,Low,0.05486830568710427,Unassigned,new
15720123,Hudson,Spain,Low,0.028461555760188925,Unassigned,new
15604732,Milani,France,Low,0.03427326690285331,Unassigned,new
15723484,Hunt,Germany,Medium,0.5588857824430437,Unassigned,new
15807120,Oluchukwu,Germany,High,0.867052471488771,Unassigned,new
15810891,Lorenzo,France,Low,0.03170957161384714,Unassigned,new
15640407,Chidiegwu,Germany,Low,0.17567722303122854,Unassigned,new
15778838,Warren,France,Low,0.12185000269792706,Unassigned,new
15709256,Glover,France,Low,0.019732223648445187,Unassigned,new
15742285,Andersen,France,Low,0.17473313797574366,Unassigned,new
15729019,Arcuri,Spain,Low,0.0788450424889805,Unassigned,new
15608588,Mackinlay,Germany,Low,0.3376853449655873,Unassigned,new
15610557,McCarthy,Spain,Low,0.04142309541234369,Unassigned,new
15786418,Chiu,France,Low,0.1041687163220259,Unassigned,new
15653050,Norriss,Germany,Medium,0.4609140937186283,Unassigned,new
15744914,Moore,Germany,Low,0.16906491777120589,Unassigned,new
15669611,Mott,France,Low,0.05681246474219648,Unassigned,new
15594786,Ts'ai,Germany,Low,0.11964795916131592,Unassigned,new
15649211,Fokina,Spain,Low,0.21996292722709432,Unassigned,new
15766066,Nikitina,Germany,Low,0.28315635464582967,Unassigned,new
15772216,Henry,France,Low,0.1455595734084272,Unassigned,new
15619898,Chiefo,France,Low,0.04969189112981568,Unassigned,new
15724543,Mao,France,Low,0.041960678882939174,Unassigned,new
15755084,Bezrukova,France,Low,0.12351343542413049,Unassigned,new
15730441,Dodd,France,Low,0.008796383567121752,Unassigned,new
15666767,Lori,France,Low,0.09814821818595285,Unassigned,new
15690456,Yudina,Germany,Low,0.11296159808390116,Unassigned,new
15570533,Conti,Germany,Medium,0.5562171102015577,Unassigned,new
15797692,Volkova,France,Low,0.14080230827108123,Unassigned,new
15603135,Boni,Germany,High,0.9531470281449168,Unassigned,new
15698927,Ritchie,France,Low,0.019014241730805216,Unassigned,new
15687363,McMillan,France,Low,0.029017297929223168,Unassigned,new
15733444,Phillips,France,Low,0.048939590330799795,Unassigned,new
15678057,Lombardi,France,Low,0.15657260981487026,Unassigned,new
15806918,Ireland,France,Low,0.076718514254122,Unassigned,new
15638247,Boan,Spain,Low,0.07177833153276741,Unassigned,new
15674833,Shao,France,Low,0.03217380745451409,Unassigned,new
15812534,Chiemenam,France,Medium,0.6141198933501444,Unassigned,new
15586522,Hunter,Spain,Low,0.12158911184121207,Unassigned,new
15794297,McKay,France,Low,0.019698196470993305,Unassigned,new
15737025,Roberts,France,Medium,0.5684547487436876,Unassigned,new
15615931,Aitken,France,Low,0.044688824431869494,Unassigned,new
15664860,Chao,Spain,Low,0.24767589793802977,Unassigned,new
15664539,Bruce,Spain,Low,0.13097765202594047,Unassigned,new
15583692,Chan,Germany,Low,0.0973770403388977,Unassigned,new
15693131,Watts,France,Low,0.06364259118523746,Unassigned,new
15779973,Gibbons,Germany,Low,0.1569037799902824,Unassigned,new
15620557,Ni,Spain,Low,0.06491345623904163,Unassigned,new
15639549,Jen,Germany,Low,0.16360259464867477,Unassigned,new
15618750,Phillips,France,Low,0.0822721751828494,Unassigned,new
15796790,Amaechi,France,Medium,0.5219296606388761,Unassigned,new
15668309,Maslow,France,Medium,0.45239313905350353,Unassigned,new
15732437,Rowley,Germany,Low,0.3149126044088874,Unassigned,new
15665158,Chukwuemeka,Spain,Low,0.04414823272533139,Unassigned,new
15689322,Bevan,Spain,Low,0.08426364143032879,Unassigned,new
15596624,Topp,France,Low,0.015725185515464604,Unassigned,new
15601977,Burgoyne,Spain,Low,0.16385401458280915,Unassigned,new
15801462,Yermakov,France,Low,0.023398119024508668,Unassigned,new
15566139,Ts'ui,France,Low,0.2386883697440639,Unassigned,new
15791006,Kodilinyechukwu,Germany,Low,0.14724986271358328,Unassigned,new
15668057,K?,France,Low,0.1294985529958447,Unassigned,new
15580805,Marino,France,Low,0.013919054712017126,Unassigned,new
15658768,Lucas,France,High,0.7650836790730795,Unassigned,new
15613048,Anderson,Germany,Low,0.3493907395959335,Unassigned,new
15803654,Wei,France,Low,0.06718035106830703,Unassigned,new
15662337,Baldwin,Germany,Medium,0.4566995236259242,Unassigned,new
15650924,Foster,Spain,Low,0.05290638605567826,Unassigned,new
15647203,Gebhart,France,Low,0.33762717853387547,Unassigned,new
15682778,Fedorov,France,Low,0.010667144141640857,Unassigned,new
15579820,Robertson,Spain,Low,0.134520336025416,Unassigned,new
15709354,Tudawali,France,Low,0.05281731466961121,Unassigned,new
15728480,Iloerika,France,Low,0.030178192768440925,Unassigned,new
15641091,Onyemauchechukwu,France,Low,0.11269649095125701,Unassigned,new
15603111,Muir,Spain,Medium,0.6886079480543044,Unassigned,new
15679693,Walker,France,Low,0.010631627696672363,Unassigned,new
15797190,Charlton,Germany,Medium,0.5126940242850506,Unassigned,new
15788025,Tseng,France,Low,0.04055468054392266,Unassigned,new
15646168,Ifeatu,Spain,Low,0.020135275525305512,Unassigned,new
15580493,Chin,France,Low,0.0805531772588756,Unassigned,new
15726720,Blinova,France,Medium,0.4934068787821128,Unassigned,new
15735799,Maconochie,Germany,Low,0.39361762560878344,Unassigned,new
15773098,Ch'in,Spain,Low,0.019028586825716017,Unassigned,new
15668971,Nicholson,France,Low,0.07470900743712303,Unassigned,new
15603221,Burgess,Germany,Low,0.07833740758312975,Unassigned,new
15740043,Young,France,Low,0.05324650623525677,Unassigned,new
15712264,Plumb,France,Low,0.03427206604430966,Unassigned,new
15751926,Trentino,Germany,Low,0.08580479603672725,Unassigned,new
15589401,Allen,France,Low,0.02787398716317492,Unassigned,new
15742019,Benford,France,Low,0.04492873156443883,Unassigned,new
15660611,Gallo,Spain,Low,0.02158600753413774,Unassigned,new
15607634,Cobb,Germany,Low,0.11085893998674927,Unassigned,new
15595036,Doherty,Germany,Low,0.17571442003237137,Unassigned,new
15745794,Cocci,France,Low,0.009334104193889319,Unassigned,new
15781689,Macadam,Spain,Low,0.021623807723049608,Unassigned,new
15696054,Tychonoff,France,Low,0.13581323738024131,Unassigned,new
15752467,Johnson,Spain,Low,0.011101892809579694,Unassigned,new
15597739,Tu,France,Low,0.19851826626589442,Unassigned,new
15651336,Chidiebere,France,Low,0.03691323652658255,Unassigned,new
15636061,Pope,Germany,Low,0.011811179000024125,Unassigned,new
15723013,Sutherland,Germany,Low,0.02467586762780163,Unassigned,new
15784148,Beneventi,France,Medium,0.5170324562085731,Unassigned,new
15578098,Jamieson,France,Low,0.010706776154158585,Unassigned,new
15638621,Simmons,Spain,Low,0.23302844050388663,Unassigned,new
15720924,Chijioke,France,Low,0.12463965857816794,Unassigned,new
15566531,Iloerika,Germany,Low,0.14367161259764014,Unassigned,new
15718064,Chia,Spain,Low,0.017527406173477086,Unassigned,new
15605067,Nwachinemelu,France,Low,0.010584812299013651,Unassigned,new
15655335,Becher,France,Low,0.019581222425984215,Unassigned,new
15607301,Romano,Spain,Low,0.18416916358172505,Unassigned,new
15694628,Walker,Germany,Low,0.145756926684015,Unassigned,new
15607112,Chiawuotu,France,Low,0.010069365610193814,Unassigned,new
15635775,Watt,France,Low,0.09242117629196969,Unassigned,new
15644280,Udegbunam,France,Low,0.3577318034429957,Unassigned,new
15708362,Watson,France,Low,0.104162443670779,Unassigned,new
15771997,Bryant,France,Low,0.1534241404660998,Unassigned,new
15730579,Ward,France,Low,0.10428828417190653,Unassigned,new
15728005,Urban,France,Medium,0.7272616406083156,Unassigned,new
15791674,Sutherland,France,Low,0.04261717207947563,Unassigned,new
15754599,K'ung,France,Low,0.07154546587114717,Unassigned,new
15693690,Iweobiegbunam,Spain,Medium,0.6149116993685974,Unassigned,new
15728963,Wei,Germany,High,0.8537406087433017,Unassigned,new
15659710,Lascelles,France,Low,0.029130594284016417,Unassigned,new
15658675,Ts'ao,Germany,Low,0.1958703704792971,Unassigned,new
15638788,Mack,France,Low,0.05576989087470369,Unassigned,new
15609735,Campbell,Germany,Medium,0.5883044967117033,Unassigned,new
15771477,Fiorentini,France,Medium,0.5168006827922041,Unassigned,new
15570145,Long,France,Low,0.036290227712755654,Unassigned,new
15797149,Lloyd,Spain,Low,0.05536673765397399,Unassigned,new
15636912,Sneddon,Spain,Low,0.1214437661053717,Unassigned,new
15687828,Gorshkov,Spain,Low,0.08424361281540341,Unassigned,new
15667424,Forbes,Germany,Low,0.22050681169977016,Unassigned,new
15759872,L?,France,Low,0.01887547845493757,Unassigned,new
15572374,Hopetoun,Spain,Low,0.015267231459852905,Unassigned,new
15754926,Lucchesi,France,Low,0.029605924653755243,Unassigned,new
15687431,Faria,France,Low,0.15316729338602397,Unassigned,new
15604515,Yefremov,Germany,Low,0.11499741143959398,Unassigned,new
15682839,Genovesi,France,Low,0.20883256126692815,Unassigned,new
15624677,Marquez,Germany,Low,0.13693153376128792,Unassigned,new
15646366,Trevisani,Germany,Low,0.3500754371035706,Unassigned,new
15701768,Tung,France,Low,0.01397411942093773,Unassigned,new
15623566,Barnhill,France,Low,0.15034050305032473,Unassigned,new
15681274,Marshall,Spain,Low,0.2667139441920284,Unassigned,new
15762573,Bednall,Spain,Low,0.030432284925895503,Unassigned,new
15706458,Pan,Germany,High,0.8656010438871191,Unassigned,new
15654222,Ogg,Spain,Low,0.04273399776565322,Unassigned,new
15704053,T'ang,Spain,Medium,0.6886332748038084,Unassigned,new
15724321,Baresi,Germany,High,0.8359143457854297,Unassigned,new
15621815,Obiajulu,France,Low,0.3498792248081794,Unassigned,new
15724876,McGregor,France,Low,0.12519012749475006,Unassigned,new
15696588,Lung,France,Low,0.0219910381178173,Unassigned,new
15612832,Jamieson,France,Low,0.08355060991763683,Unassigned,new
15804295,Pinto,France,Low,0.07367757479666952,Unassigned,new
15712536,Fallaci,France,Low,0.0333451736178414,Unassigned,new
15662494,Goliwe,Spain,Low,0.11972619172291303,Unassigned,new
15807728,Ferri,France,Medium,0.6664224391450235,Unassigned,new
15764916,Rowley,Germany,Low,0.4376372772182494,Unassigned,new
15615330,Tretiakova,France,Low,0.011929492549164616,Unassigned,new
15638487,She,Germany,Low,0.21430189231223,Unassigned,new
15627859,Nebeolisa,Germany,Low,0.19953296137613993,Unassigned,new
15622192,Young,Spain,Low,0.02262318917672124,Unassigned,new
15789413,Fitzgerald,France,Low,0.0322603912800872,Unassigned,new
15583221,Arnold,Germany,Low,0.03226028136842144,Unassigned,new
15768495,Chidimma,France,Low,0.05305128809826792,Unassigned,new
15644103,Wells,Spain,Low,0.018029649842688268,Unassigned,new
15741197,Calzada,Spain,Low,0.44548262012381484,Unassigned,new
15664547,Black,France,Low,0.18967071292069798,Unassigned,new
15797293,Sopuluchukwu,France,Low,0.03476735887539671,Unassigned,new
15572021,Ts'ao,Germany,Low,0.053606397523154416,Unassigned,new
15637461,Ukaegbunam,France,Low,0.01933272949509563,Unassigned,new
15620577,Wood,France,Low,0.04260597849163334,Unassigned,new
15609643,Furneaux,Germany,Low,0.049190059855346226,Unassigned,new
15785358,Gresswell,Germany,Low,0.4361478018627952,Unassigned,new
15603883,Ch'in,France,Low,0.013103721555300341,Unassigned,new
15782550,Ma,Germany,Low,0.3127632501641986,Unassigned,new
15775761,Iweobiegbunam,Germany,High,0.9811868676470143,Unassigned,new
15680201,Marcelo,Germany,Low,0.07666954933334326,Unassigned,new
15767594,Azubuike,France,Low,0.03708680814865055,Unassigned,new
15591985,Stewart,France,Low,0.40239726433131445,Unassigned,new
15789339,Yen,France,Low,0.20546380203334713,Unassigned,new
15781530,Hsieh,France,Low,0.008807704039136005,Unassigned,new
15705174,Chiedozie,Germany,Low,0.11121039113503225,Unassigned,new
15572114,Shih,Spain,Low,0.12071676556809059,Unassigned,new
15804009,Amechi,Germany,Low,0.031778349243688615,Unassigned,new
15662698,Ko,Spain,Low,0.27958356308078813,Unassigned,new
15696047,Chimezie,France,Low,0.051079689126175526,Unassigned,new
15701160,Azubuike,Germany,Low,0.4400524439143089,Unassigned,new
15790093,Aguirre,France,Low,0.029684933625099802,Unassigned,new
15632143,Lung,France,Low,0.07937383821983302,Unassigned,new
15736778,Adams,Germany,Low,0.19961232786130745,Unassigned,new
15734917,Castiglione,Germany,Low,0.06437205419480337,Unassigned,new
15643903,Yao,France,Low,0.08966879407056108,Unassigned,new
15569526,Morales,France,Low,0.07410151426118576,Unassigned,new
15777067,Thomas,France,Low,0.12403930701010071,Unassigned,new
15795511,Vasiliev,Germany,Low,0.357581012129016,Unassigned,new
15610419,Chukwueloka,France,Low,0.05326469058715728,Unassigned,new
15644994,Ko,Germany,Low,0.2779600998010126,Unassigned,new
15703707,Atkins,France,Low,0.26143739518569115,Unassigned,new
15659327,Moffitt,France,Medium,0.5920085669433335,Unassigned,new
15771323,Panicucci,Spain,Low,0.07441981653164847,Unassigned,new
15750549,Akobundu,Germany,Low,0.02388798445924011,Unassigned,new
15698462,Chiu,France,Low,0.016054267779247747,Unassigned,new
15739692,Tsui,France,Low,0.04361875692784089,Unassigned,new
15744041,Yobanna,France,Low,0.12523403669128447,Unassigned,new
15700714,Hollis,France,Low,0.009955913446976149,Unassigned,new
15777743,Cattaneo,France,Low,0.12565041333887592,Unassigned,new
15623143,Lung,France,Low,0.11574784920303548,Unassigned,new
15712568,Angelo,Spain,Low,0.1770374207326856,Unassigned,new
15617432,Folliero,Germany,Low,0.3182516133088187,Unassigned,new
15650424,Bryant,France,Low,0.38539828076355315,Unassigned,new
15728829,Weigel,France,Low,0.0713907357418336,Unassigned,new
15680430,Ajuluchukwu,Germany,Medium,0.5512122289992625,Unassigned,new
15687626,Zhirov,France,Low,0.04200615150573668,Unassigned,new
15609187,Cox,France,Low,0.06481026186590774,Unassigned,new
15609521,Chimaraoke,Germany,Low,0.039940812996914044,Unassigned,new
15752626,Genovese,France,Low,0.06393202755664834,Unassigned,new
15571756,Ohearn,France,Low,0.19806195607898167,Unassigned,new
15814040,Munroe,France,Low,0.10218200098098648,Unassigned,new
15658211,Morrison,Spain,Low,0.038843709236228076,Unassigned,new
15742091,Parkhill,Germany,Medium,0.4741706374050997,Unassigned,new
15787168,Y?,Spain,Low,0.10183751748461199,Unassigned,new
15772363,Hilton,Germany,Medium,0.5387080104483807,Unassigned,new
15659364,Thompson,Spain,Low,0.1131508814315165,Unassigned,new
15738980,Yobanna,France,Low,0.06965903786641144,Unassigned,new
15794236,Thorpe,Germany,Low,0.04501195313894311,Unassigned,new
15721383,Harvey,Spain,Low,0.03240402372882127,Unassigned,new
15652981,Robinson,Germany,Low,0.1614304039159106,Unassigned,new
15722731,Manna,France,Low,0.3893410926585509,Unassigned,new
15640507,Li,Spain,High,0.7933916783305819,Unassigned,new
15578878,Hancock,Spain,Low,0.07904832949865535,Unassigned,new
15744295,Hao,France,Low,0.18738789308223278,Unassigned,new
15776558,Nicholls,France,Low,0.04458118535623999,Unassigned,new
15596136,Folliero,France,Low,0.10101182291233525,Unassigned,new
15704597,Trumbull,France,Low,0.09834102973022162,Unassigned,new
15648272,Medvedeva,Spain,Low,0.0732754111696979,Unassigned,new
15594915,Crist,France,Low,0.02422501698408747,Unassigned,new
15581115,Middleton,France,Low,0.22611509033382413,Unassigned,new
15763907,Watts,France,Low,0.20956019587807753,Unassigned,new
15705994,Udinese,Spain,Low,0.1446588848809084,Unassigned,new
15772421,Tretiakov,Germany,Low,0.21907536385433696,Unassigned,new
15711572,O'Kane,Germany,Low,0.12893085239149477,Unassigned,new
15691170,Vasilyeva,Spain,Low,0.07542704245224235,Unassigned,new
15600106,Wei,France,Low,0.020391024782983096,Unassigned,new
15745431,Chinonyelum,France,Low,0.014139996496257684,Unassigned,new
15649508,Chin,Spain,Low,0.16990352955505725,Unassigned,new
15812611,Lorimer,Spain,Low,0.0188779279884024,Unassigned,new
15619699,Yeh,France,Low,0.19684770973541035,Unassigned,new
15813946,Duffy,Germany,High,0.8682480119615122,Unassigned,new
15762762,Onyekachukwu,Germany,Medium,0.7132648556993915,Unassigned,new
15629793,Banks,Spain,Low,0.031128675097917148,Unassigned,new
15781298,Hughes,Germany,Low,0.25093846997635855,Unassigned,new
15622658,Lai,France,Low,0.1336803047136086,Unassigned,new
15658980,Matthews,Germany,Low,0.24244267760179453,Unassigned,new
15701936,Bell,Germany,Low,0.2664615103284781,Unassigned,new
15686917,Tu,Spain,Low,0.07440291981650511,Unassigned,new
15807312,Hsia,Spain,Low,0.012044973252714081,Unassigned,new
15574523,Cheng,France,Low,0.0229146890457722,Unassigned,new
15724200,Cheng,France,Low,0.10438320849687878,Unassigned,new
15738224,Lin,France,Low,0.07819751743692427,Unassigned,new
15593283,Higgins,Germany,Low,0.2954867945938206,Unassigned,new
15814690,Chukwujekwu,Germany,Low,0.3534352561002243,Unassigned,new
15807245,McKay,Germany,Low,0.2593748142227304,Unassigned,new
15799358,Vincent,France,Medium,0.5605860798556022,Unassigned,new
15616172,Ubanwa,France,Low,0.01588638300009829,Unassigned,new
15777958,Ch'ien,France,Low,0.02181078495151761,Unassigned,new
15809124,T'ien,France,Low,0.06321015831691902,Unassigned,new
15616367,Ricci,Germany,Low,0.38679081199014453,Unassigned,new
15687385,McDowell,France,Low,0.19000268011249088,Unassigned,new
15607877,Maclean,Spain,Low,0.0099410299509616,Unassigned,new
15736327,Manna,Germany,Low,0.1699149937898,Unassigned,new
15746704,Jibunoh,Spain,Low,0.032830030350433075,Unassigned,new
15778304,Fan,Germany,Low,0.10740492505774685,Unassigned,new
15588456,Hsieh,France,Low,0.17553712339354918,Unassigned,new
15664035,Parsons,Spain,Low,0.038400652460148774,Unassigned,new
15596405,Udinese,Spain,Low,0.02427962327933688,Unassigned,new
15815097,Root,France,Low,0.039594736177660884,Unassigned,new
15762708,Chiemezie,Spain,Low,0.12166435628986193,Unassigned,new
15776211,Toscani,France,Low,0.018974292125567033,Unassigned,new
15626012,Obidimkpa,France,Low,0.08151796220457146,Unassigned,new
15792077,Degtyaryov,Germany,Low,0.06862716704590754,Unassigned,new
15718765,Maclean,Spain,Low,0.2228230976990675,Unassigned,new
15576615,Giordano,Spain,Low,0.10159165645856676,Unassigned,new
15752650,Saad,Spain,Low,0.10037048086832627,Unassigned,new
15797502,Lord,Spain,Low,0.05317579686179944,Unassigned,new
15687329,Hope,Germany,Low,0.12625392294986923,Unassigned,new
15779423,K?,France,Low,0.032177748764398044,Unassigned,new
15619514,Bull,Germany,Low,0.4175476311478441,Unassigned,new
15615430,Adams,Germany,Medium,0.46631857178210406,Unassigned,new
15716431,Brookes,France,Low,0.12688893719362176,Unassigned,new
15798341,Victor,France,Low,0.13310470463099025,Unassigned,new
15651958,Giles,France,Low,0.010109944964172876,Unassigned,new
15726179,Ferrari,Germany,Low,0.23723450842102822,Unassigned,new
15652999,Milne,Germany,Low,0.14921027683660082,Unassigned,new
15691950,Parry,France,Low,0.16496849575811068,Unassigned,new
15632446,Allan,France,Low,0.025622815678516972,Unassigned,new
15620936,Warren,France,Low,0.009750473554389535,Unassigned,new
15587640,Rowntree,France,Low,0.3911130824917894,Unassigned,new
15782231,Andrejew,France,Low,0.02788011161942213,Unassigned,new
15580462,Corby,Spain,Low,0.12476702589149906,Unassigned,new
15736371,Kennedy,France,Low,0.049531163821105735,Unassigned,new
15648032,Young,Spain,Low,0.028034192180296447,Unassigned,new
15610454,Poole,Germany,Low,0.2110573106968257,Unassigned,new
15671358,Fletcher,France,Low,0.07500315134035851,Unassigned,new
15747130,Tsao,France,Low,0.023408222270598102,Unassigned,new
15578374,Gilroy,Spain,Low,0.1349890765598213,Unassigned,new
15572182,Onwuamaeze,Germany,High,0.8796186940962066,Unassigned,new
15770041,Manna,Spain,Low,0.2079106801083292,Unassigned,new
15669414,Pisano,Germany,High,0.8020430607760286,Unassigned,new
15777054,Thorpe,Germany,Medium,0.5067464760213963,Unassigned,new
15621021,Dwyer,Spain,Low,0.06960873770534183,Unassigned,new
15785490,Okeke,France,Low,0.30098453320687985,Unassigned,new
15577695,Zito,France,Low,0.22123728510574342,Unassigned,new
15686974,Sergeyeva,France,Medium,0.4978605142915927,Unassigned,new
15574584,Fang,France,Low,0.04672342242277218,Unassigned,new
15719541,Flannagan,Spain,Low,0.04115038869577504,Unassigned,new
15646310,Mao,Spain,Low,0.04825001427268906,Unassigned,new
15697606,Sturdee,France,Low,0.15808068961658994,Unassigned,new
15711489,Azikiwe,Spain,Low,0.12596123397809714,Unassigned,new
15670427,Chidi,Spain,Low,0.10279433925463594,Unassigned,new
15731755,Hull,France,Low,0.17627350904064412,Unassigned,new
15796370,Shah,Spain,Low,0.1153525247334297,Unassigned,new
15598331,Morgan,France,Low,0.261104335205289,Unassigned,new
15704795,Vagin,France,Low,0.007715497929246852,Unassigned,new
15796764,Bruno,Germany,High,0.9697426953355578,Unassigned,new
15589420,Osinachi,France,Low,0.16318091143029106,Unassigned,new
15810563,Ho,Spain,Low,0.08897733740407954,Unassigned,new
15746569,Tsui,France,Low,0.2263728893949995,Unassigned,new
15811594,Gordon,Spain,Low,0.07343845964564925,Unassigned,new
15645896,Duncan,Germany,Low,0.10924180001773144,Unassigned,new
15802909,Hu,Germany,Medium,0.4940130694455509,Unassigned,new
15797665,Docherty,France,Low,0.036153641544341905,Unassigned,new
15778959,Brookes,France,Low,0.035243773319386607,Unassigned,new
15722532,Angelo,Spain,Low,0.08897210335416579,Unassigned,new
15784124,Emenike,Germany,Low,0.3803486009762728,Unassigned,new
15776518,Pugh,France,Low,0.21693847316232684,Unassigned,new
15611247,McKenzie,France,Low,0.04005880155789857,Unassigned,new
15721469,Mach,Germany,Low,0.1607249981345506,Unassigned,new
15773338,Endrizzi,France,Low,0.20880501862579684,Unassigned,new
15784042,L?,France,Low,0.18732651700876526,Unassigned,new
15776229,MacPherson,France,Low,0.307301735270945,Unassigned,new
15655903,Michael,Spain,Low,0.06734589650364611,Unassigned,new
15590177,Chiedozie,France,Low,0.24486762022805655,Unassigned,new
15568876,Hughes,France,Low,0.08220534003446155,Unassigned,new
15813140,Taylor,Spain,Low,0.033699348623739606,Unassigned,new
15770516,Evdokimov,Spain,Low,0.3325496638224311,Unassigned,new
15755731,Davis,Germany,Medium,0.5188344906795975,Unassigned,new
15574480,Ubanwa,Spain,Low,0.07696402406139494,Unassigned,new
15798084,Murray,France,Low,0.015496318453271095,Unassigned,new
15673020,Smith,France,High,0.8982331949586188,Unassigned,new
15643575,Evseev,Germany,Low,0.12261522184439892,Unassigned,new
15596811,Mitchell,France,Low,0.09973131677526118,Unassigned,new
15786789,Ni,France,Low,0.02394267799563687,Unassigned,new
15578865,Palerma,Germany,Medium,0.6349625232872185,Unassigned,new
15605672,Yuan,France,Low,0.36287394547831103,Unassigned,new
15603674,Knight,France,Low,0.01051257215419382,Unassigned,new
15759915,Rapuokwu,France,Low,0.16771790181151594,Unassigned,new
15686219,Wan,France,Low,0.04075391940269648,Unassigned,new
15696388,Artamonova,Germany,Low,0.23038202228680896,Unassigned,new
15713604,Rossi,Germany,Low,0.10301991993565295,Unassigned,new
15647800,Greco,France,Low,0.13321138174144384,Unassigned,new
15813451,Fleetwood-Smith,Spain,Low,0.02529739423200318,Unassigned,new
15765375,Butusov,France,Medium,0.7338791778164666,Unassigned,new
15774586,West,Germany,Medium,0.4592001293817121,Unassigned,new
15603454,Sanders,Germany,Low,0.04087244110433606,Unassigned,new
15653037,Parks,France,Low,0.03759481456754429,Unassigned,new
15782475,Edith,France,Low,0.04635460425712453,Unassigned,new
15593496,Korovin,Spain,Low,0.14913693999928604,Unassigned,new
15808971,Lajoie,Spain,Low,0.08763721392461837,Unassigned,new
15791972,Bergamaschi,France,Low,0.02072205838043587,Unassigned,new
15676869,T'ien,Spain,Low,0.01427283922104842,Unassigned,new
15683007,Torode,Germany,Low,0.2623590457116141,Unassigned,new
15659495,Fu,Spain,Low,0.0911366116034425,Unassigned,new
15703923,Cameron,Germany,Low,0.03433836789349421,Unassigned,new
15674000,Cattaneo,France,Low,0.045521760818358924,Unassigned,new
15618171,James,France,Low,0.019533785695339027,Unassigned,new
15732202,Abramovich,France,Low,0.02411575273236041,Unassigned,new
15735078,Onwughara,Germany,Low,0.35791201184871124,Unassigned,new
15798615,Wan,France,Medium,0.5562740877304944,Unassigned,new
15638494,Salinas,Germany,Low,0.31216232982103226,Unassigned,new
15763874,Ho,Spain,Low,0.05200714526359253,Unassigned,new
15696355,Cleveland,Germany,Low,0.2806717351914085,Unassigned,new
15655952,Burke,France,Low,0.0698863658136758,Unassigned,new
15739850,Trentino,France,Low,0.19744323475484063,Unassigned,new
15611338,Kashiwagi,Spain,Low,0.010267590544662517,Unassigned,new
15707861,Nucci,France,Medium,0.612613052717019,Unassigned,new
15672237,Oluchi,France,Low,0.11218643974858943,Unassigned,new
15657771,Ts'ui,France,Low,0.12383110865855809,Unassigned,new
15677783,Graham,Spain,Low,0.1216375814443232,Unassigned,new
15681026,Lucciano,Germany,Low,0.17771286572899425,Unassigned,new
15566543,Aldridge,Spain,Low,0.07469024422908914,Unassigned,new
15594612,Flynn,Spain,Low,0.4388732182360941,Unassigned,new
15814664,Scott,Germany,Low,0.2245499146441746,Unassigned,new
15642785,Douglas,France,Low,0.04116765104846015,Unassigned,new
15690164,Shao,Germany,Low,0.22618508812248805,Unassigned,new
15590213,Ch'en,Spain,Low,0.055939761182358265,Unassigned,new
15603794,Pugliesi,France,Low,0.2541775192952691,Unassigned,new
15733491,McGregor,Germany,Low,0.15733298681866353,Unassigned,new
15806360,Hou,France,Low,0.20487233798466864,Unassigned,new
15587133,Thompson,France,Low,0.11489143812808054,Unassigned,new
15721377,Chou,France,Low,0.13284099549915088,Unassigned,new
15747927,Ch'in,France,Low,0.08953818873175669,Unassigned,new
15806455,Miller,France,Low,0.011573393254897367,Unassigned,new
15695474,Barker,France,Low,0.08786729527531244,Unassigned,new
15666295,Smith,Germany,Medium,0.5634042127622665,Unassigned,new
15656062,Azikiwe,France,Low,0.11779389226174193,Unassigned,new
15579969,Mancini,France,Low,0.015469453783592792,Unassigned,new
15703563,P'eng,France,Low,0.08662529553892531,Unassigned,new
15692664,Diribe,France,Low,0.31120957646958586,Unassigned,new
15719276,T'ao,Spain,Low,0.12311970824085286,Unassigned,new
15672754,Burbidge,Germany,Low,0.3133070127607716,Unassigned,new
15768163,Griffin,Germany,Medium,0.726766598628339,Unassigned,new
15656710,Cocci,France,Low,0.350123973571205,Unassigned,new
15696175,Echezonachukwu,Germany,Low,0.044401332693897365,Unassigned,new
15586914,Nepean,France,Low,0.04995890165405455,Unassigned,new
15581736,Bartlett,Germany,Low,0.08713669886725836,Unassigned,new
15588839,Mancini,Spain,Low,0.0490836634462006,Unassigned,new
15589329,Pirozzi,France,Low,0.01614942590365985,Unassigned,new
15605622,McMillan,Spain,Low,0.011306056684429827,Unassigned,new
15798964,Nkemakonam,Germany,Low,0.10227943750484035,Unassigned,new
15769959,Ajuluchukwu,France,High,0.7833417362332467,Unassigned,new
15657105,Chukwualuka,Spain,Low,0.22999372764310658,Unassigned,new
15569266,Rahman,France,Low,0.08739130558165857,Unassigned,new
15719294,Wood,France,Low,0.03777534498157987,Unassigned,new
15606229,Obijiaku,France,Low,0.03187259465657644,Unassigned,new
15569892,Johnstone,France,Low,0.08201023421814063,Unassigned,new
15584532,Liu,France,Low,0.14444877798761918,Unassigned,new
15682355,Sabbatini,Germany,Low,0.09666093424819426,Unassigned,new
15628319,Walker,France,Low,0.13833323222549604,Unassigned,new
